datetime,open,high,low,close,volume,histogram,previoushistogram,percentagehistogram,previousclose,percentageclose
2025-01-01 09:15:00,886.95,890.95,885.53,886.38,169884,0.0000,0.0000,0.00,0.0000,100.00
2025-01-01 09:20:00,886.5,886.95,884.7,885,95648,0.0000,0.0000,0.00,0.0000,100.00
2025-01-01 09:25:00,885,886.7,884.93,885.78,45024,0.0000,0.0000,0.00,0.0000,100.00
2025-01-01 09:30:00,885.73,886.53,884.25,884.25,56854,0.0000,0.0000,0.00,0.0000,100.00
2025-01-01 09:35:00,884.25,884.5,882.85,884.05,81740,0.0000,0.0000,0.00,0.0000,100.00
2025-01-01 09:40:00,884.25,884.38,881.78,883.28,161602,0.0000,0.0000,0.00,0.0000,100.00
2025-01-01 09:45:00,883,883.33,880.55,882.33,135278,0.0000,0.0000,0.00,0.0000,100.00
2025-01-01 09:50:00,882.43,883.03,881.9,882.5,102406,0.0000,0.0000,0.00,0.0000,100.00
2025-01-01 09:55:00,882.5,884,882.08,883.4,107100,0.0000,0.0000,0.00,0.0000,100.00
2025-01-01 10:00:00,883.7,884.5,883,883,82582,0.0000,0.0000,0.00,0.0000,100.00
2025-01-01 10:05:00,883.15,884.4,883,884.2,83976,0.0000,0.0000,0.00,0.0000,100.00
2025-01-01 10:10:00,884.18,887.38,884,886.48,184462,0.0000,0.0000,0.00,0.0000,100.00
2025-01-01 10:15:00,886.5,886.95,885.18,886.55,69272,0.0000,0.0000,0.00,0.0000,100.00
2025-01-01 10:20:00,886.55,887.88,886.25,887.18,146398,0.0000,0.0000,0.00,0.0000,100.00
2025-01-01 10:25:00,887.25,888.95,887.08,888.83,104452,0.0000,0.0000,0.00,0.0000,100.00
2025-01-01 10:30:00,888.9,889.88,888.13,889.13,160072,0.0000,0.0000,0.00,0.0000,100.00
2025-01-01 10:35:00,889.08,889.13,887.2,888.58,68418,0.0000,0.0000,0.00,0.0000,100.00
2025-01-01 10:40:00,888.5,888.98,886.93,887.5,31242,0.0000,0.0000,0.00,0.0000,100.00
2025-01-01 10:45:00,887.4,891.35,887.4,890.9,80010,0.0000,0.0000,0.00,0.0000,100.00
2025-01-01 10:50:00,890.8,893.5,890.8,892.13,101722,0.0000,0.0000,0.00,0.0000,100.00
2025-01-01 10:55:00,892.13,893,891.88,892.2,63172,0.0000,0.0000,0.00,0.0000,100.00
2025-01-01 11:00:00,892.15,893,891.2,891.63,77604,0.0000,0.0000,0.00,0.0000,100.00
2025-01-01 11:05:00,891.5,892.83,891,892.28,44818,0.0000,0.0000,0.00,0.0000,100.00
2025-01-01 11:10:00,892.28,892.73,891.25,891.75,58862,0.0000,0.0000,0.00,0.0000,100.00
2025-01-01 11:15:00,891.68,893.03,891,892.43,70404,0.0000,0.0000,0.00,0.0000,100.00
2025-01-01 11:20:00,892.4,892.65,891.03,891.35,66666,0.0000,0.0000,0.00,0.0000,100.00
2025-01-01 11:25:00,891.4,893.4,889.75,890.75,143170,0.0000,0.0000,0.00,0.0000,100.00
2025-01-01 11:30:00,890.83,891.18,889.5,889.5,36324,0.0000,0.0000,0.00,0.0000,100.00
2025-01-01 11:35:00,889.5,889.9,889.08,889.38,124514,0.0000,0.0000,0.00,0.0000,100.00
2025-01-01 11:40:00,889.48,890.8,889.3,890.65,24160,0.0000,0.0000,0.00,0.0000,100.00
2025-01-01 11:45:00,890.68,891.65,890.2,890.38,48692,0.0000,0.0000,0.00,0.0000,100.00
2025-01-01 11:50:00,890.43,891,889.5,889.7,72650,0.0000,0.0000,0.00,0.0000,100.00
2025-01-01 11:55:00,889.73,890.85,889.05,890.25,116908,0.0000,0.0000,0.00,0.0000,100.00
2025-01-01 12:00:00,890.23,891.75,890.15,891.68,42332,-0.5615,0.0000,-100.00,0.0000,100.00
2025-01-01 12:05:00,891.68,892.18,891.38,891.8,48884,-0.4614,0.0000,-100.00,0.0000,100.00
2025-01-01 12:10:00,891.93,892,891.13,891.6,39706,-0.4065,0.0000,-100.00,0.0000,100.00
2025-01-01 12:15:00,891.55,892.63,891.33,892.53,62082,-0.3099,0.0000,-100.00,0.0000,100.00
2025-01-01 12:20:00,892.63,893.8,892.48,893.03,106476,-0.2188,0.0000,-100.00,0.0000,100.00
2025-01-01 12:25:00,893.3,893.5,892.1,892.35,26836,-0.2108,0.0000,-100.00,0.0000,100.00
2025-01-01 12:30:00,892.28,893.25,891.55,891.55,50184,-0.2625,0.0000,-100.00,0.0000,100.00
2025-01-01 12:35:00,891.65,891.98,890.98,891.53,35722,-0.2985,0.0000,-100.00,0.0000,100.00
2025-01-01 12:40:00,891.53,892,890.78,891.15,49850,-0.3451,0.0000,-100.00,0.0000,100.00
2025-01-01 12:45:00,891.13,892.48,890.93,891.78,86876,-0.3306,0.0000,-100.00,0.0000,100.00
2025-01-01 12:50:00,891.8,894.4,891.18,892.5,137118,-0.2722,0.0000,-100.00,0.0000,100.00
2025-01-01 12:55:00,892.6,892.88,891.28,891.6,49778,-0.2919,0.0000,-100.00,0.0000,100.00
2025-01-01 13:00:00,891.78,892.1,891.28,891.88,17376,-0.2837,0.0000,-100.00,0.0000,100.00
2025-01-01 13:05:00,891.88,891.98,891.5,891.73,14900,-0.2852,0.0000,-100.00,0.0000,100.00
2025-01-01 13:10:00,891.58,891.85,891,891.08,52878,-0.3240,0.0000,-100.00,0.0000,100.00
2025-01-01 13:15:00,891.08,891.73,890.98,891.5,32542,-0.3151,0.0000,-100.00,0.0000,100.00
2025-01-01 13:20:00,891.38,892.48,891.33,892.08,19284,-0.2658,0.0000,-100.00,0.0000,100.00
2025-01-01 13:25:00,892.1,892.45,891.95,892.43,24756,-0.2078,0.0000,-100.00,0.0000,100.00
2025-01-01 13:30:00,892.45,892.8,891.93,892.15,41380,-0.1873,0.0000,-100.00,0.0000,100.00
2025-01-01 13:35:00,892.15,892.75,891.55,892.53,46042,-0.1486,0.0000,-100.00,0.0000,100.00
2025-01-01 13:40:00,892.63,893.5,892.28,892.6,195254,-0.1201,0.0000,-100.00,0.0000,100.00
2025-01-01 13:45:00,892.53,893.53,892.5,893.35,93676,-0.0558,0.0000,-100.00,0.0000,100.00
2025-01-01 13:50:00,893.35,894.28,892.95,893.88,98358,0.0136,0.0000,100.00,0.0000,100.00
2025-01-01 13:55:00,893.88,895.25,893.7,895.25,159034,0.1363,0.0000,100.00,0.0000,100.00
2025-01-01 14:00:00,895.25,897,895.23,896.23,182426,0.2606,0.0000,100.00,0.0000,100.00
2025-01-01 14:05:00,895.98,896.25,895.5,895.98,166934,0.3004,0.0000,100.00,0.0000,100.00
2025-01-01 14:10:00,895.98,895.98,894.6,895.08,141272,0.2429,0.0000,100.00,0.0000,100.00
2025-01-01 14:15:00,895.13,895.18,894,894.38,101272,0.1398,0.0000,100.00,0.0000,100.00
2025-01-01 14:20:00,894.35,895,894,894.95,87664,0.0940,0.0000,100.00,0.0000,100.00
2025-01-01 14:25:00,894.9,895,894,894.28,102576,0.0074,0.0000,100.00,0.0000,100.00
2025-01-01 14:30:00,894.25,894.75,893.58,893.85,101838,-0.0850,0.0000,-100.00,0.0000,100.00
2025-01-01 14:35:00,893.85,894.55,893.63,893.98,95140,-0.1403,0.0000,-100.00,0.0000,100.00
2025-01-01 14:40:00,893.98,894.08,893.2,893.23,110244,-0.2253,0.0000,-100.00,0.0000,100.00
2025-01-01 14:45:00,893.25,893.33,892.3,892.78,192984,-0.3048,0.0000,-100.00,0.0000,100.00
2025-01-01 14:50:00,892.78,892.93,891.48,891.53,143540,-0.4269,0.0000,-100.00,0.0000,100.00
2025-01-01 14:55:00,891.68,891.75,890.7,890.88,117938,-0.5302,0.0000,-100.00,0.0000,100.00
2025-01-01 15:00:00,890.98,891.98,889.68,891.03,178710,-0.5640,0.0000,-100.00,0.0000,100.00
2025-01-01 15:05:00,891.03,891.23,889.7,890.68,212468,-0.5831,0.0000,-100.00,0.0000,100.00
2025-01-01 15:10:00,890.75,892,890.63,891.03,199942,-0.5459,0.0000,-100.00,0.0000,100.00
2025-01-01 15:15:00,891.1,891.73,890.43,891.43,208708,-0.4711,0.0000,-100.00,0.0000,100.00
2025-01-01 15:20:00,891.43,893.23,891.08,892.85,192798,-0.3103,0.0000,-100.00,0.0000,100.00
2025-01-01 15:25:00,893,893.23,891.63,892.48,178810,-0.2176,0.0000,-100.00,0.0000,100.00
2025-01-02 09:15:00,888.58,890.63,886.5,890.23,790650,-0.2920,-0.2176,34.19,892.4800,-0.25
2025-01-02 09:20:00,890.1,890.1,888.5,889.83,128764,-0.3485,-0.2176,60.16,892.4800,-0.30
2025-01-02 09:25:00,889.83,891.1,889.1,889.18,75346,-0.4059,-0.2176,86.53,892.4800,-0.37
2025-01-02 09:30:00,889.23,890.83,888.53,890.1,117190,-0.3598,-0.2176,65.35,892.4800,-0.27
2025-01-02 09:35:00,890.1,892.93,890.03,891.9,152228,-0.1942,-0.2176,-10.75,892.4800,-0.06
2025-01-02 09:40:00,892,892.6,890.83,890.88,89426,-0.1420,-0.2176,-34.74,892.4800,-0.18
2025-01-02 09:45:00,891.03,892.08,890.2,890.5,74340,-0.1223,-0.2176,-43.80,892.4800,-0.22
2025-01-02 09:50:00,890.48,891.23,889.6,890.93,76394,-0.0722,-0.2176,-66.82,892.4800,-0.17
2025-01-02 09:55:00,891.05,893.05,891.05,891.7,177856,0.0163,-0.2176,-107.49,892.4800,-0.09
2025-01-02 10:00:00,891.6,892.9,891.5,892.7,130744,0.1388,-0.2176,-163.79,892.4800,0.02
2025-01-02 10:05:00,892.7,893.5,892.68,893.23,86528,0.2460,-0.2176,-213.05,892.4800,0.08
2025-01-02 10:10:00,893.28,894.5,893,893.38,180798,0.3130,-0.2176,-243.84,892.4800,0.10
2025-01-02 10:15:00,893.38,894.88,893.13,894.88,120320,0.4369,-0.2176,-300.78,892.4800,0.27
2025-01-02 10:20:00,894.88,895.9,894.25,895.18,180856,0.5123,-0.2176,-335.43,892.4800,0.30
2025-01-02 10:25:00,895.23,895.88,894.75,895.88,139718,0.5777,-0.2176,-365.49,892.4800,0.38
2025-01-02 10:30:00,895.8,896,894.48,895.13,114344,0.5396,-0.2176,-347.98,892.4800,0.30
2025-01-02 10:35:00,895.1,896,894.35,895.25,117884,0.4929,-0.2176,-326.52,892.4800,0.31
2025-01-02 10:40:00,895.13,896,894.75,895.23,92052,0.4332,-0.2176,-299.08,892.4800,0.31
2025-01-02 10:45:00,895.08,896,894.13,895.55,222684,0.3891,-0.2176,-278.81,892.4800,0.34
2025-01-02 10:50:00,895.55,896.55,894.78,895,234636,0.3009,-0.2176,-238.28,892.4800,0.28
2025-01-02 10:55:00,895.1,896.05,894.8,895.73,139094,0.2705,-0.2176,-224.31,892.4800,0.36
2025-01-02 11:00:00,895.63,896,894.88,895.2,123744,0.1969,-0.2176,-190.49,892.4800,0.30
2025-01-02 11:05:00,895.18,895.85,893.83,895.28,180688,0.1386,-0.2176,-163.69,892.4800,0.31
2025-01-02 11:10:00,895.23,895.78,894.7,894.85,105462,0.0602,-0.2176,-127.67,892.4800,0.27
2025-01-02 11:15:00,894.85,895.98,894.78,895.15,88910,0.0196,-0.2176,-109.01,892.4800,0.30
2025-01-02 11:20:00,895.23,895.23,894.08,894.65,105678,-0.0463,-0.2176,-78.72,892.4800,0.24
2025-01-02 11:25:00,894.55,896,894.55,896,160016,-0.0063,-0.2176,-97.10,892.4800,0.39
2025-01-02 11:30:00,895.98,896.4,895.23,896.15,218734,0.0214,-0.2176,-109.83,892.4800,0.41
2025-01-02 11:35:00,896.15,896.38,893.95,894.78,157310,-0.0572,-0.2176,-73.71,892.4800,0.26
2025-01-02 11:40:00,894.7,894.9,894.13,894.48,177262,-0.1299,-0.2176,-40.30,892.4800,0.22
2025-01-02 11:45:00,894.48,894.55,893.18,893.55,123572,-0.2349,-0.2176,7.95,892.4800,0.12
2025-01-02 11:50:00,893.55,893.9,892.5,893,99032,-0.3299,-0.2176,51.61,892.4800,0.06
2025-01-02 11:55:00,893,893.13,892.5,892.7,52234,-0.3970,-0.2176,82.44,892.4800,0.02
2025-01-02 12:00:00,892.68,894,892.68,892.78,63778,-0.4179,-0.2176,92.05,892.4800,0.03
2025-01-02 12:05:00,892.78,893.1,892.5,892.55,50690,-0.4275,-0.2176,96.46,892.4800,0.01
2025-01-02 12:10:00,892.6,892.95,892,892.6,98754,-0.4108,-0.2176,88.79,892.4800,0.01
2025-01-02 12:15:00,892.58,892.78,891.15,892.05,206916,-0.4158,-0.2176,91.08,892.4800,-0.05
2025-01-02 12:20:00,892.05,892.85,892,892.6,92630,-0.3629,-0.2176,66.77,892.4800,0.01
2025-01-02 12:25:00,892.6,894.7,892.55,894.43,282238,-0.1941,-0.2176,-10.80,892.4800,0.22
2025-01-02 12:30:00,894.2,896.08,893.85,894.7,457144,-0.0606,-0.2176,-72.15,892.4800,0.25
2025-01-02 12:35:00,894.78,895.18,893.83,895.1,298068,0.0523,-0.2176,-124.03,892.4800,0.29
2025-01-02 12:40:00,895.1,895.25,894,894.58,380936,0.0875,-0.2176,-140.21,892.4800,0.24
2025-01-02 12:45:00,894.83,895.23,893.73,894.13,363364,0.0763,-0.2176,-135.06,892.4800,0.18
2025-01-02 12:50:00,894.1,894.58,892.8,894.13,164696,0.0653,-0.2176,-130.01,892.4800,0.18
2025-01-02 12:55:00,894.13,895.05,893.75,894.95,124308,0.1072,-0.2176,-149.26,892.4800,0.28
2025-01-02 13:00:00,894.88,896.1,894.25,895.13,288634,0.1389,-0.2176,-163.83,892.4800,0.30
2025-01-02 13:05:00,895.13,896.25,894.78,895.88,153750,0.1986,-0.2176,-191.27,892.4800,0.38
2025-01-02 13:10:00,895.88,896.35,895.3,895.7,137544,0.2129,-0.2176,-197.84,892.4800,0.36
2025-01-02 13:15:00,895.43,896.48,895.08,896.33,328286,0.2492,-0.2176,-214.52,892.4800,0.43
2025-01-02 13:20:00,896.28,898.38,895.95,898.13,573570,0.3716,-0.2176,-270.77,892.4800,0.63
2025-01-02 13:25:00,898.1,899.55,897.5,898.63,781740,0.4576,-0.2176,-310.29,892.4800,0.69
2025-01-02 13:30:00,898.63,899.35,898.08,898.1,188396,0.4496,-0.2176,-306.62,892.4800,0.63
2025-01-02 13:35:00,898.25,898.58,897.08,897.93,326688,0.4050,-0.2176,-286.12,892.4800,0.61
2025-01-02 13:40:00,897.93,899.9,897,899.4,516730,0.4435,-0.2176,-303.81,892.4800,0.78
2025-01-02 13:45:00,899.5,901.55,899.4,899.95,667552,0.4724,-0.2176,-317.10,892.4800,0.84
2025-01-02 13:50:00,899.95,900.13,897.58,898.38,190904,0.3574,-0.2176,-264.25,892.4800,0.66
2025-01-02 13:55:00,898.43,898.58,897.03,897.23,164154,0.1843,-0.2176,-184.70,892.4800,0.53
2025-01-02 14:00:00,897.23,897.33,896.18,896.6,176398,0.0164,-0.2176,-107.54,892.4800,0.46
2025-01-02 14:05:00,896.83,897.75,896.25,897.43,131918,-0.0461,-0.2176,-78.81,892.4800,0.55
2025-01-02 14:10:00,897.45,898,896.9,897.05,94044,-0.1164,-0.2176,-46.51,892.4800,0.51
2025-01-02 14:15:00,897.05,898.05,896.98,897.73,179354,-0.1201,-0.2176,-44.81,892.4800,0.59
2025-01-02 14:20:00,897.83,898.68,897.4,897.8,279068,-0.1204,-0.2176,-44.67,892.4800,0.60
2025-01-02 14:25:00,897.88,897.95,896.88,897.28,145400,-0.1560,-0.2176,-28.31,892.4800,0.54
2025-01-02 14:30:00,897.28,900.55,897.2,900.5,295720,0.0272,-0.2176,-112.50,892.4800,0.90
2025-01-02 14:35:00,900.48,901.5,900.05,900.6,442344,0.1387,-0.2176,-163.74,892.4800,0.91
2025-01-02 14:40:00,900.35,901.73,899.9,900.25,258480,0.1705,-0.2176,-178.35,892.4800,0.87
2025-01-02 14:45:00,900.25,900.83,899.75,900.73,189708,0.2031,-0.2176,-193.34,892.4800,0.92
2025-01-02 14:50:00,900.7,900.78,899.9,899.98,164550,0.1557,-0.2176,-171.55,892.4800,0.84
2025-01-02 14:55:00,900,900.48,898.98,899.73,351682,0.0921,-0.2176,-142.33,892.4800,0.81
2025-01-02 15:00:00,899.68,899.73,896.65,897.2,916808,-0.1240,-0.2176,-43.01,892.4800,0.53
2025-01-02 15:05:00,897.2,897.5,895.75,896.83,625408,-0.2862,-0.2176,31.53,892.4800,0.49
2025-01-02 15:10:00,896.85,896.95,896.08,896.15,583274,-0.4253,-0.2176,95.45,892.4800,0.41
2025-01-02 15:15:00,896.1,896.93,896.08,896.43,707822,-0.4804,-0.2176,120.77,892.4800,0.44
2025-01-02 15:20:00,896.4,896.85,896.03,896.23,492678,-0.5095,-0.2176,134.15,892.4800,0.42
2025-01-02 15:25:00,896.35,896.78,896.1,896.18,377892,-0.5100,-0.2176,134.38,892.4800,0.41
2025-01-03 09:15:00,895.18,897.63,893.08,896.25,528070,-0.4837,-0.5100,-5.16,896.1800,0.01
2025-01-03 09:20:00,895.73,896.73,893.55,893.78,238068,-0.6031,-0.5100,18.25,896.1800,-0.27
2025-01-03 09:25:00,893.78,894.05,891.55,891.65,184528,-0.7844,-0.5100,53.80,896.1800,-0.51
2025-01-03 09:30:00,891.65,892.2,889.95,890.2,269180,-0.9498,-0.5100,86.24,896.1800,-0.67
2025-01-03 09:35:00,890.1,890.53,888.98,889.5,354342,-1.0466,-0.5100,105.22,896.1800,-0.75
2025-01-03 09:40:00,889.55,890.38,887.83,888,168100,-1.1439,-0.5100,124.29,896.1800,-0.91
2025-01-03 09:45:00,888,889.05,887.3,887.85,154838,-1.1477,-0.5100,125.04,896.1800,-0.93
2025-01-03 09:50:00,887.85,888.48,886.88,887.05,160614,-1.1316,-0.5100,121.88,896.1800,-1.02
2025-01-03 09:55:00,887.13,887.23,884.85,885.28,505608,-1.1632,-0.5100,128.08,896.1800,-1.22
2025-01-03 10:00:00,885.28,885.78,884.8,885.5,228768,-1.0933,-0.5100,114.37,896.1800,-1.19
2025-01-03 10:05:00,885.5,886,883.63,884.25,258074,-1.0549,-0.5100,106.84,896.1800,-1.33
2025-01-03 10:10:00,884.25,884.5,883.13,883.53,159518,-1.0019,-0.5100,96.45,896.1800,-1.41
2025-01-03 10:15:00,883.5,884.48,883.13,883.7,94962,-0.8835,-0.5100,73.24,896.1800,-1.39
2025-01-03 10:20:00,883.7,884.75,883.6,884.35,102270,-0.6977,-0.5100,36.80,896.1800,-1.32
2025-01-03 10:25:00,884.35,884.38,882,882.3,270402,-0.6500,-0.5100,27.45,896.1800,-1.55
2025-01-03 10:30:00,882.25,882.35,879.05,879.5,446628,-0.7379,-0.5100,44.69,896.1800,-1.86
2025-01-03 10:35:00,879.45,879.75,877.35,878.73,392212,-0.7749,-0.5100,51.94,896.1800,-1.95
2025-01-03 10:40:00,878.73,879.33,878.1,878.73,215016,-0.7271,-0.5100,42.57,896.1800,-1.95
2025-01-03 10:45:00,878.75,879.85,877.78,879.83,291840,-0.5568,-0.5100,9.18,896.1800,-1.82
2025-01-03 10:50:00,879.85,879.95,878.23,878.38,179790,-0.4801,-0.5100,-5.86,896.1800,-1.99
2025-01-03 10:55:00,878.5,879.48,877.73,878.18,318408,-0.3853,-0.5100,-24.45,896.1800,-2.01
2025-01-03 11:00:00,878.18,878.35,876.78,877.5,386180,-0.3138,-0.5100,-38.47,896.1800,-2.08
2025-01-03 11:05:00,877.5,880.35,877.5,879.4,318860,-0.0954,-0.5100,-81.29,896.1800,-1.87
2025-01-03 11:10:00,879.43,880.35,878.35,880.05,297438,0.1242,-0.5100,-124.35,896.1800,-1.80
2025-01-03 11:15:00,879.85,881.45,879,881.3,303626,0.3710,-0.5100,-172.75,896.1800,-1.66
2025-01-03 11:20:00,881.38,883.75,881,883.48,337306,0.6804,-0.5100,-233.41,896.1800,-1.42
2025-01-03 11:25:00,883.65,884,881.33,882.03,192444,0.7796,-0.5100,-252.86,896.1800,-1.58
2025-01-03 11:30:00,882.03,882.63,880.15,880.95,181024,0.7637,-0.5100,-249.75,896.1800,-1.70
2025-01-03 11:35:00,881.08,882.7,880.85,881.5,265510,0.7788,-0.5100,-252.71,896.1800,-1.64
2025-01-03 11:40:00,881.75,882.48,880.88,881.58,371898,0.7807,-0.5100,-253.08,896.1800,-1.63
2025-01-03 11:45:00,881.8,882.13,880.53,881.15,263620,0.7400,-0.5100,-245.10,896.1800,-1.68
2025-01-03 11:50:00,881.15,881.78,880.53,881.15,232332,0.7004,-0.5100,-237.33,896.1800,-1.68
2025-01-03 11:55:00,881.45,881.83,880.53,881.4,283506,0.6780,-0.5100,-232.94,896.1800,-1.65
2025-01-03 12:00:00,881.4,881.75,880.63,881.5,145162,0.6564,-0.5100,-228.71,896.1800,-1.64
2025-01-03 12:05:00,881.53,881.53,879.3,879.9,173048,0.5264,-0.5100,-203.22,896.1800,-1.82
2025-01-03 12:10:00,879.9,880.45,879.68,880.05,106628,0.4458,-0.5100,-187.41,896.1800,-1.80
2025-01-03 12:15:00,880.28,880.3,878.75,879.03,223934,0.3247,-0.5100,-163.67,896.1800,-1.91
2025-01-03 12:20:00,879.03,879.18,878.03,878.23,111796,0.1979,-0.5100,-138.80,896.1800,-2.00
2025-01-03 12:25:00,878.33,878.85,877,877.05,208396,0.0494,-0.5100,-109.69,896.1800,-2.13
2025-01-03 12:30:00,877.05,877.95,877,877.53,125910,0.0010,-0.5100,-100.20,896.1800,-2.08
2025-01-03 12:35:00,877.53,877.63,877,877.18,159350,-0.0352,-0.5100,-93.10,896.1800,-2.12
2025-01-03 12:40:00,877.2,878.25,877,877.5,156722,-0.0190,-0.5100,-96.27,896.1800,-2.08
2025-01-03 12:45:00,877.5,878.25,875.25,877.63,1538736,0.0172,-0.5100,-103.37,896.1800,-2.07
2025-01-03 12:50:00,877.68,878,877.28,877.95,155704,0.0761,-0.5100,-114.92,896.1800,-2.03
2025-01-03 12:55:00,877.98,879.45,877.5,879.2,170740,0.2052,-0.5100,-140.24,896.1800,-1.89
2025-01-03 13:00:00,879.25,880.95,879,880.68,212184,0.3859,-0.5100,-175.67,896.1800,-1.73
2025-01-03 13:05:00,880.68,881,879.7,880.73,216346,0.4973,-0.5100,-197.51,896.1800,-1.72
2025-01-03 13:10:00,880.73,880.98,879.6,879.8,152338,0.4956,-0.5100,-197.18,896.1800,-1.83
2025-01-03 13:15:00,879.8,880.15,878.75,880.08,227688,0.4994,-0.5100,-197.92,896.1800,-1.80
2025-01-03 13:20:00,880.08,880.43,879.3,879.75,133290,0.4662,-0.5100,-191.41,896.1800,-1.83
2025-01-03 13:25:00,879.7,879.93,878.75,878.95,115426,0.3806,-0.5100,-174.63,896.1800,-1.92
2025-01-03 13:30:00,878.95,879.33,878.48,878.65,144268,0.2977,-0.5100,-158.37,896.1800,-1.96
2025-01-03 13:35:00,878.65,878.88,878.25,878.25,165962,0.2137,-0.5100,-141.90,896.1800,-2.00
2025-01-03 13:40:00,878.28,878.75,877.7,877.9,226180,0.1362,-0.5100,-126.71,896.1800,-2.04
2025-01-03 13:45:00,877.9,878,877.15,877.75,164044,0.0792,-0.5100,-115.53,896.1800,-2.06
2025-01-03 13:50:00,877.75,877.8,877.25,877.45,134746,0.0283,-0.5100,-105.55,896.1800,-2.09
2025-01-03 13:55:00,877.43,877.43,875.3,875.68,261976,-0.1099,-0.5100,-78.45,896.1800,-2.29
2025-01-03 14:00:00,875.68,876.18,875,875.55,398244,-0.1907,-0.5100,-62.61,896.1800,-2.30
2025-01-03 14:05:00,875.55,876.45,875.15,875.78,212722,-0.2079,-0.5100,-59.24,896.1800,-2.28
2025-01-03 14:10:00,875.78,877,875.3,876.45,291956,-0.1558,-0.5100,-69.45,896.1800,-2.20
2025-01-03 14:15:00,876.48,877.45,876.05,877.3,189906,-0.0511,-0.5100,-89.98,896.1800,-2.11
2025-01-03 14:20:00,877.35,878.15,876.8,877.5,315222,0.0396,-0.5100,-107.76,896.1800,-2.08
2025-01-03 14:25:00,877.78,878.43,877.03,877.08,185876,0.0773,-0.5100,-115.16,896.1800,-2.13
2025-01-03 14:30:00,877.08,877.33,875.73,876.63,217082,0.0776,-0.5100,-115.22,896.1800,-2.18
2025-01-03 14:35:00,876.63,877.55,876.5,877.03,257274,0.1085,-0.5100,-121.27,896.1800,-2.14
2025-01-03 14:40:00,877.3,877.88,876.55,876.55,227962,0.1006,-0.5100,-119.73,896.1800,-2.19
2025-01-03 14:45:00,876.7,877.65,876.48,876.48,285288,0.0947,-0.5100,-118.57,896.1800,-2.20
2025-01-03 14:50:00,876.53,877.03,876.03,876.75,425634,0.1118,-0.5100,-121.92,896.1800,-2.17
2025-01-03 14:55:00,876.73,877.13,875.3,875.75,395100,0.0612,-0.5100,-112.00,896.1800,-2.28
2025-01-03 15:00:00,875.48,875.73,874.1,874.4,1339506,-0.0517,-0.5100,-89.86,896.1800,-2.43
2025-01-03 15:05:00,874.4,875.25,873.15,875.25,1226632,-0.0572,-0.5100,-88.78,896.1800,-2.34
2025-01-03 15:10:00,875.25,875.45,874.08,874.45,936752,-0.1002,-0.5100,-80.35,896.1800,-2.42
2025-01-03 15:15:00,874.45,875.7,874.08,874.68,1179748,-0.0986,-0.5100,-80.67,896.1800,-2.40
2025-01-03 15:20:00,874.6,875.48,874,874.13,859056,-0.1187,-0.5100,-76.73,896.1800,-2.46
2025-01-03 15:25:00,874.1,874.5,873.5,874.2,686936,-0.1114,-0.5100,-78.16,896.1800,-2.45
2025-01-06 09:15:00,870.25,875.83,868.15,870.85,2013588,-0.3053,-0.1114,174.06,874.2000,-0.38
2025-01-06 09:20:00,870.85,878.6,869.65,877.83,1043608,0.0447,-0.1114,-140.13,874.2000,0.42
2025-01-06 09:25:00,877.83,878.6,873.9,874,369674,0.0273,-0.1114,-124.51,874.2000,-0.02
2025-01-06 09:30:00,874.03,875.83,871.5,872.48,191842,-0.0721,-0.1114,-35.28,874.2000,-0.20
2025-01-06 09:35:00,872.48,873.03,870.48,872.48,185474,-0.1205,-0.1114,8.17,874.2000,-0.20
2025-01-06 09:40:00,872.5,874.43,871.5,873.3,371842,-0.0818,-0.1114,-26.57,874.2000,-0.10
2025-01-06 09:45:00,873.3,874.33,871.55,874.08,392962,0.0071,-0.1114,-106.37,874.2000,-0.01
2025-01-06 09:50:00,874.08,874.5,872.63,873.05,268144,0.0073,-0.1114,-106.55,874.2000,-0.13
2025-01-06 09:55:00,873.33,874,871.85,872.03,154950,-0.0476,-0.1114,-57.27,874.2000,-0.25
2025-01-06 10:00:00,872.05,874.2,871.43,871.73,198738,-0.0879,-0.1114,-21.10,874.2000,-0.28
2025-01-06 10:05:00,871.73,872.5,870.6,871.65,166570,-0.1029,-0.1114,-7.63,874.2000,-0.29
2025-01-06 10:10:00,871.65,872.33,870.38,871.23,101562,-0.1226,-0.1114,10.05,874.2000,-0.34
2025-01-06 10:15:00,871,872.1,870.73,871.28,58406,-0.1140,-0.1114,2.33,874.2000,-0.33
2025-01-06 10:20:00,871.45,871.53,869.55,869.83,85904,-0.1835,-0.1114,64.72,874.2000,-0.50
2025-01-06 10:25:00,869.6,870.25,868.5,868.58,85474,-0.2852,-0.1114,156.01,874.2000,-0.64
2025-01-06 10:30:00,868.5,868.7,867.08,867.53,199358,-0.3883,-0.1114,248.56,874.2000,-0.76
2025-01-06 10:35:00,867.58,868,865.6,866.4,111756,-0.4911,-0.1114,340.84,874.2000,-0.89
2025-01-06 10:40:00,866.4,866.5,863.8,864.25,202248,-0.6523,-0.1114,485.55,874.2000,-1.14
2025-01-06 10:45:00,864.45,866.73,864,865.75,105340,-0.6072,-0.1114,445.06,874.2000,-0.97
2025-01-06 10:50:00,865.75,866.15,864.5,864.5,114954,-0.6094,-0.1114,447.04,874.2000,-1.11
2025-01-06 10:55:00,864.5,865,864,864.55,91766,-0.5566,-0.1114,399.64,874.2000,-1.10
2025-01-06 11:00:00,864.58,865.75,864.55,864.78,102816,-0.4595,-0.1114,312.48,874.2000,-1.08
2025-01-06 11:05:00,864.78,865.43,864.08,864.13,82182,-0.3947,-0.1114,254.31,874.2000,-1.15
2025-01-06 11:10:00,864.18,864.18,861.53,862.43,205532,-0.4197,-0.1114,276.75,874.2000,-1.35
2025-01-06 11:15:00,862.48,863.73,861.7,863.25,164376,-0.3380,-0.1114,203.41,874.2000,-1.25
2025-01-06 11:20:00,863.55,864.25,862.25,863.2,139322,-0.2483,-0.1114,122.89,874.2000,-1.26
2025-01-06 11:25:00,863.2,863.78,862.28,862.83,102260,-0.1782,-0.1114,59.96,874.2000,-1.30
2025-01-06 11:30:00,862.83,863.55,861.53,861.53,102508,-0.1831,-0.1114,64.36,874.2000,-1.45
2025-01-06 11:35:00,861.53,862.25,860.5,861,218436,-0.1850,-0.1114,66.07,874.2000,-1.51
2025-01-06 11:40:00,861.03,861.15,859.08,859.4,306598,-0.2530,-0.1114,127.11,874.2000,-1.69
2025-01-06 11:45:00,859.38,860.8,856.85,857.55,465466,-0.3741,-0.1114,235.82,874.2000,-1.90
2025-01-06 11:50:00,857.53,858.8,857.33,858.25,271446,-0.3585,-0.1114,221.81,874.2000,-1.82
2025-01-06 11:55:00,858.05,858.5,857.03,857.93,300796,-0.3225,-0.1114,189.50,874.2000,-1.86
2025-01-06 12:00:00,857.78,860.23,857.65,859.25,286708,-0.1701,-0.1114,52.69,874.2000,-1.71
2025-01-06 12:05:00,859.2,859.98,858.5,858.5,97212,-0.0844,-0.1114,-24.24,874.2000,-1.80
2025-01-06 12:10:00,858.5,859.88,858.5,858.75,124724,0.0190,-0.1114,-117.06,874.2000,-1.77
2025-01-06 12:15:00,858.93,860,857.13,857.23,196052,0.0150,-0.1114,-113.46,874.2000,-1.94
2025-01-06 12:20:00,857.23,858.58,857.23,857.53,88068,0.0600,-0.1114,-153.86,874.2000,-1.91
2025-01-06 12:25:00,857.55,858,856.53,856.95,117926,0.0771,-0.1114,-169.21,874.2000,-1.97
2025-01-06 12:30:00,856.75,857.13,855.73,856.45,144580,0.0808,-0.1114,-172.53,874.2000,-2.03
2025-01-06 12:35:00,856.4,858.45,856.25,857.58,197116,0.1797,-0.1114,-261.31,874.2000,-1.90
2025-01-06 12:40:00,857.58,859.25,857.25,857.6,171326,0.2618,-0.1114,-335.01,874.2000,-1.90
2025-01-06 12:45:00,857.6,858.7,857.3,858.2,140186,0.3655,-0.1114,-428.10,874.2000,-1.83
2025-01-06 12:50:00,858.28,858.93,857.5,857.63,141132,0.4018,-0.1114,-460.68,874.2000,-1.90
2025-01-06 12:55:00,857.8,858.83,857.1,858.73,150918,0.4997,-0.1114,-548.56,874.2000,-1.77
2025-01-06 13:00:00,858.73,859.25,857.63,857.75,203118,0.4971,-0.1114,-546.23,874.2000,-1.88
2025-01-06 13:05:00,857.98,858.93,857.33,858.4,147386,0.5345,-0.1114,-579.80,874.2000,-1.81
2025-01-06 13:10:00,858.5,858.9,856.75,857.65,202978,0.5046,-0.1114,-552.96,874.2000,-1.89
2025-01-06 13:15:00,857.45,857.5,855.58,855.58,175274,0.3486,-0.1114,-412.93,874.2000,-2.13
2025-01-06 13:20:00,855.83,856.3,855.2,855.65,166856,0.2575,-0.1114,-331.15,874.2000,-2.12
2025-01-06 13:25:00,855.7,856.48,855.5,855.98,161254,0.2278,-0.1114,-304.49,874.2000,-2.08
2025-01-06 13:30:00,855.78,856.3,855.03,855.65,175130,0.1957,-0.1114,-275.67,874.2000,-2.12
2025-01-06 13:35:00,855.48,856.98,855.35,856.83,183284,0.2595,-0.1114,-332.94,874.2000,-1.99
2025-01-06 13:40:00,856.6,857.73,856.5,857.2,150152,0.3279,-0.1114,-394.34,874.2000,-1.94
2025-01-06 13:45:00,856.98,857.5,856.2,856.5,123688,0.3265,-0.1114,-393.09,874.2000,-2.02
2025-01-06 13:50:00,856.28,856.58,855,855.1,161442,0.2361,-0.1114,-311.94,874.2000,-2.18
2025-01-06 13:55:00,855,856.1,854.6,855.93,129144,0.2363,-0.1114,-312.12,874.2000,-2.09
2025-01-06 14:00:00,855.7,856.5,855.35,855.6,138540,0.2188,-0.1114,-296.41,874.2000,-2.13
2025-01-06 14:05:00,855.6,856.38,855,855.98,160522,0.2359,-0.1114,-311.76,874.2000,-2.08
2025-01-06 14:10:00,855.75,856,853.03,853.45,220062,0.0875,-0.1114,-178.55,874.2000,-2.37
2025-01-06 14:15:00,853.18,854.73,852.9,853.55,332122,0.0109,-0.1114,-109.78,874.2000,-2.36
2025-01-06 14:20:00,853.63,854.53,853.5,853.88,143180,-0.0021,-0.1114,-98.11,874.2000,-2.32
2025-01-06 14:25:00,853.63,854.45,853.5,853.65,145088,-0.0103,-0.1114,-90.75,874.2000,-2.35
2025-01-06 14:30:00,853.65,854.78,853.5,854.68,227708,0.0654,-0.1114,-158.71,874.2000,-2.23
2025-01-06 14:35:00,854.43,855.3,853.75,853.85,309818,0.0709,-0.1114,-163.64,874.2000,-2.33
2025-01-06 14:40:00,853.88,855,853.5,854.75,234864,0.1423,-0.1114,-227.74,874.2000,-2.22
2025-01-06 14:45:00,854.55,855.25,853.75,854.9,195250,0.2031,-0.1114,-282.32,874.2000,-2.21
2025-01-06 14:50:00,854.78,855.25,854.5,854.83,193660,0.2395,-0.1114,-314.99,874.2000,-2.22
2025-01-06 14:55:00,854.8,855,853.25,854.75,207898,0.2576,-0.1114,-331.24,874.2000,-2.22
2025-01-06 15:00:00,854.75,855.28,854,854.5,345344,0.2518,-0.1114,-326.03,874.2000,-2.25
2025-01-06 15:05:00,854.48,855.05,854.05,854.95,383992,0.2755,-0.1114,-347.31,874.2000,-2.20
2025-01-06 15:10:00,854.95,855.28,854.03,854.5,483612,0.2583,-0.1114,-331.87,874.2000,-2.25
2025-01-06 15:15:00,854.55,856.43,854.38,855.75,641770,0.3243,-0.1114,-391.11,874.2000,-2.11
2025-01-06 15:20:00,855.68,856.78,855.35,856,467190,0.3744,-0.1114,-436.09,874.2000,-2.08
2025-01-06 15:25:00,855.98,856.3,855,855.5,327120,0.3632,-0.1114,-426.03,874.2000,-2.14
2025-01-07 09:15:00,857.5,860.5,855.75,858.63,1140506,0.5450,0.3632,50.06,855.5000,0.37
2025-01-07 09:20:00,858.5,858.63,855,856.65,340854,0.5109,0.3632,40.67,855.5000,0.13
2025-01-07 09:25:00,856.48,858.63,855.65,858.1,259840,0.5610,0.3632,54.46,855.5000,0.30
2025-01-07 09:30:00,858.03,858.6,856.4,857.35,193136,0.5196,0.3632,43.06,855.5000,0.22
2025-01-07 09:35:00,857.35,857.5,855.85,856.1,115946,0.3899,0.3632,7.35,855.5000,0.07
2025-01-07 09:40:00,856.23,856.88,855.6,855.85,133768,0.2745,0.3632,-24.42,855.5000,0.04
2025-01-07 09:45:00,855.75,855.85,852,852.18,298420,-0.0446,0.3632,-112.28,855.5000,-0.39
2025-01-07 09:50:00,852.18,854.63,852.03,853.6,118746,-0.1499,0.3632,-141.27,855.5000,-0.22
2025-01-07 09:55:00,853.6,854.6,853.08,853.5,88576,-0.2122,0.3632,-158.43,855.5000,-0.23
2025-01-07 10:00:00,853.5,853.8,851.58,851.6,175870,-0.3587,0.3632,-198.76,855.5000,-0.46
2025-01-07 10:05:00,851.6,852.25,850.03,850.15,332478,-0.5208,0.3632,-243.39,855.5000,-0.63
2025-01-07 10:10:00,850.15,855.7,850,855.7,305240,-0.2362,0.3632,-165.03,855.5000,0.02
2025-01-07 10:15:00,855.7,856.5,854.5,855.6,138650,-0.0467,0.3632,-112.86,855.5000,0.01
2025-01-07 10:20:00,855.78,855.8,854.38,854.8,93440,0.0288,0.3632,-92.07,855.5000,-0.08
2025-01-07 10:25:00,854.8,856.48,854.38,856.25,135934,0.1725,0.3632,-52.51,855.5000,0.09
2025-01-07 10:30:00,856.03,856.3,854.68,854.95,156468,0.1753,0.3632,-51.73,855.5000,-0.06
2025-01-07 10:35:00,855.23,855.83,853.53,853.53,84366,0.0817,0.3632,-77.51,855.5000,-0.23
2025-01-07 10:40:00,853.63,854.68,853.4,854.6,94434,0.0914,0.3632,-74.83,855.5000,-0.11
2025-01-07 10:45:00,854.58,855.93,854.3,855.3,92532,0.1413,0.3632,-61.10,855.5000,-0.02
2025-01-07 10:50:00,855.28,855.3,853.5,854.05,83626,0.0892,0.3632,-75.44,855.5000,-0.17
2025-01-07 10:55:00,854.03,855.4,853.75,855.4,109840,0.1416,0.3632,-61.01,855.5000,-0.01
2025-01-07 11:00:00,855.38,856.35,855,856.1,177246,0.2148,0.3632,-40.86,855.5000,0.07
2025-01-07 11:05:00,856.13,856.4,855.18,855.63,125022,0.2222,0.3632,-38.82,855.5000,0.02
2025-01-07 11:10:00,855.63,856,855.25,855.8,159262,0.2283,0.3632,-37.14,855.5000,0.04
2025-01-07 11:15:00,855.8,855.8,854.55,855.03,145498,0.1726,0.3632,-52.48,855.5000,-0.05
2025-01-07 11:20:00,855.08,856.25,854.98,856.1,83244,0.1983,0.3632,-45.40,855.5000,0.07
2025-01-07 11:25:00,856.23,858,855.73,857.85,194726,0.3165,0.3632,-12.86,855.5000,0.27
2025-01-07 11:30:00,857.85,858.88,857.1,858.53,247078,0.4176,0.3632,14.98,855.5000,0.35
2025-01-07 11:35:00,858.5,859.43,857.8,857.83,116144,0.4135,0.3632,13.85,855.5000,0.27
2025-01-07 11:40:00,857.83,858.45,857.5,857.5,48486,0.3665,0.3632,0.91,855.5000,0.23
2025-01-07 11:45:00,857.55,858.03,857.28,857.53,192346,0.3171,0.3632,-12.69,855.5000,0.24
2025-01-07 11:50:00,857.5,858.35,857.35,857.98,53286,0.2949,0.3632,-18.81,855.5000,0.29
2025-01-07 11:55:00,857.9,858.23,857.3,857.55,53246,0.2341,0.3632,-35.55,855.5000,0.24
2025-01-07 12:00:00,857.55,857.8,856.6,856.83,62112,0.1332,0.3632,-63.33,855.5000,0.16
2025-01-07 12:05:00,856.88,857.5,856.5,856.93,64574,0.0646,0.3632,-82.21,855.5000,0.17
2025-01-07 12:10:00,857,857.48,856.63,857.1,60710,0.0240,0.3632,-93.39,855.5000,0.19
2025-01-07 12:15:00,857.13,858,856.93,857.43,56898,0.0134,0.3632,-96.31,855.5000,0.23
2025-01-07 12:20:00,857.43,857.68,857.03,857.68,60576,0.0169,0.3632,-95.35,855.5000,0.25
2025-01-07 12:25:00,857.68,857.9,857.23,857.58,73660,0.0067,0.3632,-98.16,855.5000,0.24
2025-01-07 12:30:00,857.53,858.25,857.13,857.48,148708,-0.0115,0.3632,-103.17,855.5000,0.23
2025-01-07 12:35:00,857.48,858.43,857.13,857.43,111992,-0.0306,0.3632,-108.43,855.5000,0.23
2025-01-07 12:40:00,857.45,857.98,857.25,857.28,92288,-0.0556,0.3632,-115.31,855.5000,0.21
2025-01-07 12:45:00,857.38,858.05,856.88,857.2,114514,-0.0783,0.3632,-121.56,855.5000,0.20
2025-01-07 12:50:00,857.23,857.4,856.5,856.83,106614,-0.1168,0.3632,-132.16,855.5000,0.16
2025-01-07 12:55:00,856.75,857.25,856.38,856.58,127018,-0.1552,0.3632,-142.73,855.5000,0.13
2025-01-07 13:00:00,856.6,857.15,856.18,856.43,92308,-0.1848,0.3632,-150.88,855.5000,0.11
2025-01-07 13:05:00,856.53,857.45,856.38,856.63,88520,-0.1846,0.3632,-150.83,855.5000,0.13
2025-01-07 13:10:00,856.65,857.28,856.43,856.95,83100,-0.1576,0.3632,-143.39,855.5000,0.17
2025-01-07 13:15:00,856.98,857.35,856.6,856.75,93050,-0.1481,0.3632,-140.78,855.5000,0.15
2025-01-07 13:20:00,856.78,857.7,856.63,857.08,80446,-0.1159,0.3632,-131.91,855.5000,0.18
2025-01-07 13:25:00,857.33,857.65,856.98,857.4,97618,-0.0715,0.3632,-119.69,855.5000,0.22
2025-01-07 13:30:00,857.2,858.7,857.2,858.65,173106,0.0377,0.3632,-89.62,855.5000,0.37
2025-01-07 13:35:00,858.63,858.63,857.4,857.5,97708,0.0286,0.3632,-92.13,855.5000,0.23
2025-01-07 13:40:00,857.53,857.85,857.28,857.53,82208,0.0210,0.3632,-94.22,855.5000,0.24
2025-01-07 13:45:00,857.53,857.9,856.73,856.8,95512,-0.0338,0.3632,-109.31,855.5000,0.15
2025-01-07 13:50:00,856.93,857.3,856,856.15,120850,-0.1101,0.3632,-130.31,855.5000,0.08
2025-01-07 13:55:00,856.33,856.8,855.55,855.83,109966,-0.1746,0.3632,-148.07,855.5000,0.04
2025-01-07 14:00:00,855.85,856.5,855.75,856.18,84612,-0.1851,0.3632,-150.96,855.5000,0.08
2025-01-07 14:05:00,856.13,856.88,855.6,856.23,104050,-0.1800,0.3632,-149.56,855.5000,0.09
2025-01-07 14:10:00,856.33,857.43,856.15,857.15,105600,-0.1094,0.3632,-130.12,855.5000,0.19
2025-01-07 14:15:00,857.15,857.43,856.78,857.23,78418,-0.0549,0.3632,-115.12,855.5000,0.20
2025-01-07 14:20:00,857.3,857.5,856.38,856.63,107782,-0.0565,0.3632,-115.56,855.5000,0.13
2025-01-07 14:25:00,856.6,857.2,856.15,856.8,84564,-0.0440,0.3632,-112.11,855.5000,0.15
2025-01-07 14:30:00,856.75,857.23,856.38,857.2,84644,-0.0085,0.3632,-102.34,855.5000,0.20
2025-01-07 14:35:00,857.15,857.2,856.05,856.33,158498,-0.0414,0.3632,-111.40,855.5000,0.10
2025-01-07 14:40:00,856.33,856.98,856.18,856.23,134672,-0.0664,0.3632,-118.28,855.5000,0.09
2025-01-07 14:45:00,856.18,856.9,855.05,855.95,429200,-0.0963,0.3632,-126.51,855.5000,0.05
2025-01-07 14:50:00,855.68,856.65,855.63,856.4,188334,-0.0810,0.3632,-122.30,855.5000,0.11
2025-01-07 14:55:00,856.4,856.9,855.6,856.3,187104,-0.0730,0.3632,-120.10,855.5000,0.09
2025-01-07 15:00:00,856.03,857,855.83,856.03,603320,-0.0807,0.3632,-122.22,855.5000,0.06
2025-01-07 15:05:00,856.1,856.83,856,856.45,585070,-0.0537,0.3632,-114.79,855.5000,0.11
2025-01-07 15:10:00,856.58,857.1,856.23,857,505166,0.0021,0.3632,-99.42,855.5000,0.18
2025-01-07 15:15:00,856.98,857.75,856.63,857.1,658616,0.0443,0.3632,-87.80,855.5000,0.19
2025-01-07 15:20:00,857.2,857.2,855.9,856.38,464516,0.0234,0.3632,-93.56,855.5000,0.10
2025-01-07 15:25:00,856.25,857.05,855.55,856.48,328796,0.0162,0.3632,-95.54,855.5000,0.11
2025-01-08 09:15:00,854.15,855.83,851.78,853.1,750264,-0.2040,0.0162,-1359.26,856.4800,-0.39
2025-01-08 09:20:00,853.1,853.18,850.53,851,482040,-0.4642,0.0162,-2965.43,856.4800,-0.64
2025-01-08 09:25:00,851,851.23,849.78,850.4,356684,-0.6389,0.0162,-4043.83,856.4800,-0.71
2025-01-08 09:30:00,850.33,851.1,849.13,849.13,211862,-0.7922,0.0162,-4990.12,856.4800,-0.86
2025-01-08 09:35:00,849.13,852.05,848.78,852.03,290836,-0.6561,0.0162,-4150.00,856.4800,-0.52
2025-01-08 09:40:00,852.03,852.23,851.23,851.3,288190,-0.5760,0.0162,-3655.56,856.4800,-0.60
2025-01-08 09:45:00,851.33,851.35,850.15,850.38,196728,-0.5459,0.0162,-3469.75,856.4800,-0.71
2025-01-08 09:50:00,850.38,851.75,849.63,851.2,269008,-0.4365,0.0162,-2794.44,856.4800,-0.62
2025-01-08 09:55:00,851.2,852,851.03,851.58,225404,-0.3102,0.0162,-2014.81,856.4800,-0.57
2025-01-08 10:00:00,851.55,852.03,850,850.3,275688,-0.2851,0.0162,-1859.88,856.4800,-0.72
2025-01-08 10:05:00,850.3,850.35,848.03,848.08,367390,-0.3842,0.0162,-2471.60,856.4800,-0.98
2025-01-08 10:10:00,848.03,849,847.83,848.4,267270,-0.3929,0.0162,-2525.31,856.4800,-0.94
2025-01-08 10:15:00,848.4,849.8,848.35,849.35,230938,-0.3033,0.0162,-1972.22,856.4800,-0.83
2025-01-08 10:20:00,849.38,849.38,846.4,846.6,367834,-0.3924,0.0162,-2522.22,856.4800,-1.15
2025-01-08 10:25:00,846.58,846.75,845.25,845.88,325466,-0.4583,0.0162,-2929.01,856.4800,-1.24
2025-01-08 10:30:00,845.88,846.4,845.45,846,155574,-0.4515,0.0162,-2887.04,856.4800,-1.22
2025-01-08 10:35:00,846,846.48,845.45,845.55,165254,-0.4350,0.0162,-2785.19,856.4800,-1.28
2025-01-08 10:40:00,845.55,845.93,842.73,843,290340,-0.5461,0.0162,-3470.99,856.4800,-1.57
2025-01-08 10:45:00,842.75,844.68,842.68,844.23,232016,-0.4890,0.0162,-3118.52,856.4800,-1.43
2025-01-08 10:50:00,844.3,845.03,843.58,844.4,160164,-0.3960,0.0162,-2544.44,856.4800,-1.41
2025-01-08 10:55:00,844.48,845.65,843.78,845.58,192774,-0.2200,0.0162,-1458.02,856.4800,-1.27
2025-01-08 11:00:00,845.58,846.05,844.95,845.98,191310,-0.0505,0.0162,-411.73,856.4800,-1.23
2025-01-08 11:05:00,845.98,846.9,845.78,846.5,161706,0.1139,0.0162,603.09,856.4800,-1.17
2025-01-08 11:10:00,846.5,846.88,845.75,846,169740,0.2010,0.0162,1140.74,856.4800,-1.22
2025-01-08 11:15:00,846,846.93,844.58,846.53,366944,0.3004,0.0162,1754.32,856.4800,-1.16
2025-01-08 11:20:00,846.53,846.65,844.9,845.65,406598,0.3117,0.0162,1824.07,856.4800,-1.26
2025-01-08 11:25:00,845.65,846.85,845.5,846.55,117892,0.3801,0.0162,2246.30,856.4800,-1.16
2025-01-08 11:30:00,846.55,847.55,846.43,847.18,195636,0.4624,0.0162,2754.32,856.4800,-1.09
2025-01-08 11:35:00,847.18,847.6,846.23,846.28,129016,0.4506,0.0162,2681.48,856.4800,-1.19
2025-01-08 11:40:00,846.38,846.8,845.63,845.95,194150,0.4157,0.0162,2466.05,856.4800,-1.23
2025-01-08 11:45:00,845.83,846.23,845.5,846,97802,0.3915,0.0162,2316.67,856.4800,-1.22
2025-01-08 11:50:00,846,846.23,845.18,845.33,107806,0.3284,0.0162,1927.16,856.4800,-1.30
2025-01-08 11:55:00,845.4,846.08,844.83,845.2,227564,0.2780,0.0162,1616.05,856.4800,-1.32
2025-01-08 12:00:00,845.2,845.2,844.08,844.28,141196,0.1871,0.0162,1054.94,856.4800,-1.42
2025-01-08 12:05:00,844.28,844.58,843.68,844.58,150524,0.1530,0.0162,844.44,856.4800,-1.39
2025-01-08 12:10:00,844.55,844.98,843.55,843.78,152582,0.0857,0.0162,429.01,856.4800,-1.48
2025-01-08 12:15:00,843.6,844.58,843.6,844.5,187700,0.0981,0.0162,505.56,856.4800,-1.40
2025-01-08 12:20:00,844.4,844.75,843.58,844,147252,0.0815,0.0162,403.09,856.4800,-1.46
2025-01-08 12:25:00,843.8,844.08,843.13,843.58,127738,0.0527,0.0162,225.31,856.4800,-1.51
2025-01-08 12:30:00,843.5,843.83,842.5,842.8,305700,-0.0055,0.0162,-133.95,856.4800,-1.60
2025-01-08 12:35:00,842.93,843.1,841.68,842.8,309098,-0.0291,0.0162,-279.63,856.4800,-1.60
2025-01-08 12:40:00,842.75,843.75,842.23,843.65,192270,0.0244,0.0162,50.62,856.4800,-1.50
2025-01-08 12:45:00,843.65,843.85,842.55,843.23,112776,0.0423,0.0162,161.11,856.4800,-1.55
2025-01-08 12:50:00,843.23,844.08,843.15,843.48,106040,0.0797,0.0162,391.98,856.4800,-1.52
2025-01-08 12:55:00,843.48,844.13,843.1,843.93,135088,0.1399,0.0162,763.58,856.4800,-1.47
2025-01-08 13:00:00,843.78,843.93,842.73,843.5,458692,0.1548,0.0162,855.56,856.4800,-1.52
2025-01-08 13:05:00,843.5,843.73,842.58,843.18,350100,0.1471,0.0162,808.02,856.4800,-1.55
2025-01-08 13:10:00,843.18,843.55,842.6,842.8,169100,0.1216,0.0162,650.62,856.4800,-1.60
2025-01-08 13:15:00,842.8,842.88,842.03,842.58,211634,0.0961,0.0162,493.21,856.4800,-1.62
2025-01-08 13:20:00,842.58,844,842.4,843.95,179126,0.1732,0.0162,969.14,856.4800,-1.46
2025-01-08 13:25:00,843.93,845,843.88,844.2,172784,0.2388,0.0162,1374.07,856.4800,-1.43
2025-01-08 13:30:00,844.23,845.5,844.18,845.03,186766,0.3301,0.0162,1937.65,856.4800,-1.34
2025-01-08 13:35:00,845.03,845.5,844.5,844.83,184730,0.3663,0.0162,2161.11,856.4800,-1.36
2025-01-08 13:40:00,844.88,846.38,844.15,846.05,311980,0.4559,0.0162,2714.20,856.4800,-1.22
2025-01-08 13:45:00,846.1,846.95,845.55,846.75,259098,0.5399,0.0162,3232.72,856.4800,-1.14
2025-01-08 13:50:00,846.73,847.5,846.43,846.68,265424,0.5658,0.0162,3392.59,856.4800,-1.14
2025-01-08 13:55:00,846.68,846.93,845.78,846.65,271690,0.5550,0.0162,3325.93,856.4800,-1.15
2025-01-08 14:00:00,846.65,847.33,845.7,846.25,306006,0.4970,0.0162,2967.90,856.4800,-1.19
2025-01-08 14:05:00,846.25,847.5,845.9,847.2,212212,0.4975,0.0162,2970.99,856.4800,-1.08
2025-01-08 14:10:00,847.2,848.28,847.08,847.7,195982,0.5047,0.0162,3015.43,856.4800,-1.03
2025-01-08 14:15:00,847.58,848.18,847.5,847.95,166386,0.4987,0.0162,2978.40,856.4800,-1.00
2025-01-08 14:20:00,847.95,849,847.83,848.7,297846,0.5155,0.0162,3082.10,856.4800,-0.91
2025-01-08 14:25:00,848.68,849,846.33,846.73,351542,0.3709,0.0162,2189.51,856.4800,-1.14
2025-01-08 14:30:00,846.73,848.05,846.43,847.63,272152,0.3151,0.0162,1845.06,856.4800,-1.03
2025-01-08 14:35:00,847.63,848.1,847.1,847.78,231332,0.2692,0.0162,1561.73,856.4800,-1.02
2025-01-08 14:40:00,847.78,848.48,847.68,848.25,172684,0.2518,0.0162,1454.32,856.4800,-0.96
2025-01-08 14:45:00,848.2,848.48,847.58,847.85,164818,0.1971,0.0162,1116.67,856.4800,-1.01
2025-01-08 14:50:00,847.78,848.5,847.23,847.88,244122,0.1488,0.0162,818.52,856.4800,-1.00
2025-01-08 14:55:00,847.9,848.15,846.8,847,252880,0.0487,0.0162,200.62,856.4800,-1.11
2025-01-08 15:00:00,847,847.53,846.38,847.1,467068,-0.0163,0.0162,-200.62,856.4800,-1.10
2025-01-08 15:05:00,847.1,847.98,846.5,847.18,655514,-0.0570,0.0162,-451.85,856.4800,-1.09
2025-01-08 15:10:00,847.28,847.58,846.88,847.13,482056,-0.0885,0.0162,-646.30,856.4800,-1.09
2025-01-08 15:15:00,847.13,847.78,846.55,847.28,580140,-0.0997,0.0162,-715.43,856.4800,-1.07
2025-01-08 15:20:00,847.33,847.58,846.93,847.35,440704,-0.1025,0.0162,-732.72,856.4800,-1.07
2025-01-08 15:25:00,847.33,848.23,846.1,847.1,401510,-0.1199,0.0162,-840.12,856.4800,-1.10
2025-01-09 09:15:00,842.5,844.5,839.1,840.88,1421968,-0.5265,-0.1199,339.12,847.1000,-0.73
2025-01-09 09:20:00,840.85,843.75,840.85,843.1,604574,-0.6157,-0.1199,413.51,847.1000,-0.47
2025-01-09 09:25:00,843.1,843.25,842.2,842.53,615912,-0.6780,-0.1199,465.47,847.1000,-0.54
2025-01-09 09:30:00,842.5,843,839.63,840,357558,-0.8437,-0.1199,603.67,847.1000,-0.84
2025-01-09 09:35:00,839.9,841,839.8,840.63,195902,-0.8620,-0.1199,618.93,847.1000,-0.76
2025-01-09 09:40:00,840.58,841.25,840.23,840.38,239218,-0.8411,-0.1199,601.50,847.1000,-0.79
2025-01-09 09:45:00,840.28,841.73,839.85,841.48,350350,-0.7087,-0.1199,491.08,847.1000,-0.66
2025-01-09 09:50:00,841.48,841.88,840,840.5,279456,-0.6444,-0.1199,437.45,847.1000,-0.78
2025-01-09 09:55:00,840.3,841.25,839.68,839.9,217822,-0.6005,-0.1199,400.83,847.1000,-0.85
2025-01-09 10:00:00,840,840.08,838.25,838.48,333436,-0.6226,-0.1199,419.27,847.1000,-1.02
2025-01-09 10:05:00,838.43,838.5,837.2,837.38,354004,-0.6631,-0.1199,453.04,847.1000,-1.15
2025-01-09 10:10:00,837.35,839.45,837.33,838.68,366286,-0.5583,-0.1199,365.64,847.1000,-0.99
2025-01-09 10:15:00,838.68,839,837.65,837.93,506612,-0.4975,-0.1199,314.93,847.1000,-1.08
2025-01-09 10:20:00,837.93,838.25,837.25,838.05,299460,-0.4109,-0.1199,242.70,847.1000,-1.07
2025-01-09 10:25:00,838.05,838.8,837,837,295990,-0.3862,-0.1199,222.10,847.1000,-1.19
2025-01-09 10:30:00,837,837.5,836.2,836.83,359408,-0.3447,-0.1199,187.49,847.1000,-1.21
2025-01-09 10:35:00,836.8,837.93,836.75,837.65,258002,-0.2309,-0.1199,92.58,847.1000,-1.12
2025-01-09 10:40:00,837.65,838.35,836.83,836.83,232128,-0.1818,-0.1199,51.63,847.1000,-1.21
2025-01-09 10:45:00,836.83,837.18,834.33,834.6,656068,-0.2654,-0.1199,121.35,847.1000,-1.48
2025-01-09 10:50:00,834.58,835.25,834.13,834.88,344280,-0.2671,-0.1199,122.77,847.1000,-1.44
2025-01-09 10:55:00,834.88,835.5,833.48,833.8,566910,-0.3034,-0.1199,153.04,847.1000,-1.57
2025-01-09 11:00:00,833.8,834.38,833.2,833.6,356474,-0.3028,-0.1199,152.54,847.1000,-1.59
2025-01-09 11:05:00,833.6,834.25,833,833.25,384554,-0.2879,-0.1199,140.12,847.1000,-1.63
2025-01-09 11:10:00,833.18,834.03,833,834,353692,-0.1939,-0.1199,61.72,847.1000,-1.55
2025-01-09 11:15:00,834,834.83,833.68,834,234142,-0.1028,-0.1199,-14.26,847.1000,-1.55
2025-01-09 11:20:00,834,834.33,833.28,834.13,305320,-0.0097,-0.1199,-91.91,847.1000,-1.53
2025-01-09 11:25:00,834,835,833.9,834.35,208606,0.0855,-0.1199,-171.31,847.1000,-1.51
2025-01-09 11:30:00,834.3,835.5,833.68,835.08,314720,0.2095,-0.1199,-274.73,847.1000,-1.42
2025-01-09 11:35:00,835.05,835.9,834.33,835.45,208302,0.3214,-0.1199,-368.06,847.1000,-1.38
2025-01-09 11:40:00,835.38,836,834.68,834.68,271372,0.3466,-0.1199,-389.07,847.1000,-1.47
2025-01-09 11:45:00,834.65,835.1,833.6,833.98,307640,0.3196,-0.1199,-366.56,847.1000,-1.55
2025-01-09 11:50:00,833.88,834.58,833.53,834.35,291182,0.3290,-0.1199,-374.40,847.1000,-1.51
2025-01-09 11:55:00,834.25,835,833.95,835,327270,0.3777,-0.1199,-415.01,847.1000,-1.43
2025-01-09 12:00:00,835,835.4,833.78,833.85,244432,0.3329,-0.1199,-377.65,847.1000,-1.56
2025-01-09 12:05:00,833.95,834,831.05,832.08,1092576,0.1914,-0.1199,-259.63,847.1000,-1.77
2025-01-09 12:10:00,832.08,834.25,832.03,833.95,493844,0.2287,-0.1199,-290.74,847.1000,-1.55
2025-01-09 12:15:00,834,836.38,833.7,836.35,687140,0.4093,-0.1199,-441.37,847.1000,-1.27
2025-01-09 12:20:00,836.35,836.35,833.85,833.88,504698,0.3585,-0.1199,-399.00,847.1000,-1.56
2025-01-09 12:25:00,833.9,835.25,833.8,833.88,317248,0.3223,-0.1199,-368.81,847.1000,-1.56
2025-01-09 12:30:00,833.78,834.25,833.15,833.53,288506,0.2739,-0.1199,-328.44,847.1000,-1.60
2025-01-09 12:35:00,833.5,833.68,832.1,832.15,214116,0.1541,-0.1199,-228.52,847.1000,-1.76
2025-01-09 12:40:00,832.15,832.75,832,832.15,213374,0.0836,-0.1199,-169.72,847.1000,-1.76
2025-01-09 12:45:00,832.13,832.35,830.8,831.6,313156,0.0124,-0.1199,-110.34,847.1000,-1.83
2025-01-09 12:50:00,831.58,832.15,830,830,453080,-0.1227,-0.1199,2.34,847.1000,-2.02
2025-01-09 12:55:00,830.03,830.48,829.05,829.4,607900,-0.2265,-0.1199,88.91,847.1000,-2.09
2025-01-09 13:00:00,829.4,830.6,829.25,830.25,539460,-0.2122,-0.1199,76.98,847.1000,-1.99
2025-01-09 13:05:00,830.23,831.3,829.98,831.13,319830,-0.1223,-0.1199,2.00,847.1000,-1.89
2025-01-09 13:10:00,831.13,831.48,830.68,831.1,301258,-0.0475,-0.1199,-60.38,847.1000,-1.89
2025-01-09 13:15:00,831.08,831.45,830.15,831.23,455870,0.0242,-0.1199,-120.18,847.1000,-1.87
2025-01-09 13:20:00,831.1,831.9,830.25,830.45,640254,0.0322,-0.1199,-126.86,847.1000,-1.97
2025-01-09 13:25:00,830.45,830.85,829.63,830.23,506214,0.0354,-0.1199,-129.52,847.1000,-1.99
2025-01-09 13:30:00,830.2,830.58,829.5,829.98,376130,0.0334,-0.1199,-127.86,847.1000,-2.02
2025-01-09 13:35:00,829.98,830.43,829.5,830.05,434140,0.0487,-0.1199,-140.62,847.1000,-2.01
2025-01-09 13:40:00,830.05,831,829.63,830.08,534184,0.0713,-0.1199,-159.47,847.1000,-2.01
2025-01-09 13:45:00,830,830.88,829.65,830.03,541252,0.0920,-0.1199,-176.73,847.1000,-2.02
2025-01-09 13:50:00,830.03,830.58,829.6,830,465902,0.1116,-0.1199,-193.08,847.1000,-2.02
2025-01-09 13:55:00,830,831,829.43,830.58,633216,0.1681,-0.1199,-240.20,847.1000,-1.95
2025-01-09 14:00:00,830.5,831.4,830.18,830.7,722376,0.2150,-0.1199,-279.32,847.1000,-1.94
2025-01-09 14:05:00,830.68,832.05,830.63,831.2,850818,0.2772,-0.1199,-331.19,847.1000,-1.88
2025-01-09 14:10:00,831.2,831.95,830.75,831.78,403364,0.3502,-0.1199,-392.08,847.1000,-1.81
2025-01-09 14:15:00,831.78,832.5,831.15,831.4,570664,0.3641,-0.1199,-403.67,847.1000,-1.85
2025-01-09 14:20:00,831.3,831.8,830.6,831.5,426172,0.3700,-0.1199,-408.59,847.1000,-1.84
2025-01-09 14:25:00,831.63,831.98,831.13,831.35,585214,0.3539,-0.1199,-395.16,847.1000,-1.86
2025-01-09 14:30:00,831.45,832,830.83,831.28,715640,0.3290,-0.1199,-374.40,847.1000,-1.87
2025-01-09 14:35:00,831.18,832.25,830.83,832.23,768400,0.3642,-0.1199,-403.75,847.1000,-1.76
2025-01-09 14:40:00,832.15,832.5,831.25,831.75,757948,0.3433,-0.1199,-386.32,847.1000,-1.81
2025-01-09 14:45:00,831.73,831.78,830.85,831.5,787280,0.3021,-0.1199,-351.96,847.1000,-1.84
2025-01-09 14:50:00,831.5,832.2,831.18,831.88,774802,0.2900,-0.1199,-341.87,847.1000,-1.80
2025-01-09 14:55:00,831.88,833.15,831.35,832.95,814772,0.3400,-0.1199,-383.57,847.1000,-1.67
2025-01-09 15:00:00,832.95,833.5,832.03,833.25,1177306,0.3764,-0.1199,-413.93,847.1000,-1.63
2025-01-09 15:05:00,833.33,834.35,832.68,834.05,1243804,0.4335,-0.1199,-461.55,847.1000,-1.54
2025-01-09 15:10:00,834.08,834.5,833.73,834.38,1538448,0.4695,-0.1199,-491.58,847.1000,-1.50
2025-01-09 15:15:00,834.38,834.75,833.78,834.05,1648222,0.4473,-0.1199,-473.06,847.1000,-1.54
2025-01-09 15:20:00,834.05,834.5,833.7,833.95,1552046,0.4034,-0.1199,-436.45,847.1000,-1.55
2025-01-09 15:25:00,834,834.4,833,834.4,759210,0.3824,-0.1199,-418.93,847.1000,-1.50
2025-01-10 09:15:00,835,837.05,832.93,835.75,821948,0.4333,0.3824,13.31,834.4000,0.16
2025-01-10 09:20:00,835.9,836.83,834.65,836.38,1638794,0.4798,0.3824,25.47,834.4000,0.24
2025-01-10 09:25:00,836.28,837.45,835.4,835.8,487468,0.4428,0.3824,15.79,834.4000,0.17
2025-01-10 09:30:00,835.98,836.48,832.58,832.83,303630,0.2018,0.3824,-47.23,834.4000,-0.19
2025-01-10 09:35:00,832.83,833.68,831.65,833.4,209756,0.0710,0.3824,-81.43,834.4000,-0.12
2025-01-10 09:40:00,833.4,835,833.03,834.95,163834,0.0786,0.3824,-79.45,834.4000,0.07
2025-01-10 09:45:00,834.9,834.95,833.73,834.35,98236,0.0351,0.3824,-90.82,834.4000,-0.01
2025-01-10 09:50:00,834.35,834.4,832.93,833.1,99486,-0.0797,0.3824,-120.84,834.4000,-0.16
2025-01-10 09:55:00,833,834.25,831.43,831.7,126618,-0.2426,0.3824,-163.44,834.4000,-0.32
2025-01-10 10:00:00,831.8,832.35,831.13,831.45,91940,-0.3531,0.3824,-192.34,834.4000,-0.35
2025-01-10 10:05:00,831.4,832.38,830.13,832.15,202582,-0.3635,0.3824,-195.06,834.4000,-0.27
2025-01-10 10:10:00,832.03,833.98,831.75,833.73,93020,-0.2538,0.3824,-166.37,834.4000,-0.08
2025-01-10 10:15:00,833.73,835,833.43,834.68,208764,-0.1140,0.3824,-129.81,834.4000,0.03
2025-01-10 10:20:00,834.63,835.5,834.48,835.33,191376,0.0183,0.3824,-95.21,834.4000,0.11
2025-01-10 10:25:00,835.28,835.33,833.78,834.38,111050,0.0369,0.3824,-90.35,834.4000,-0.00
2025-01-10 10:30:00,834.38,834.5,833.2,833.93,157532,0.0151,0.3824,-96.05,834.4000,-0.06
2025-01-10 10:35:00,833.78,834.75,832.6,832.6,73498,-0.0871,0.3824,-122.78,834.4000,-0.22
2025-01-10 10:40:00,832.6,834.03,832.1,833.88,90170,-0.0676,0.3824,-117.68,834.4000,-0.06
2025-01-10 10:45:00,833.93,835,832.88,833.85,114768,-0.0563,0.3824,-114.72,834.4000,-0.07
2025-01-10 10:50:00,833.7,834.1,833.15,834.1,72400,-0.0327,0.3824,-108.55,834.4000,-0.04
2025-01-10 10:55:00,834.05,834.95,833.95,834.73,124942,0.0217,0.3824,-94.33,834.4000,0.04
2025-01-10 11:00:00,834.7,835.55,834.2,834.9,345312,0.0632,0.3824,-83.47,834.4000,0.06
2025-01-10 11:05:00,834.85,835.5,834.28,834.4,254800,0.0514,0.3824,-86.56,834.4000,0.00
2025-01-10 11:10:00,834.28,835.4,834,835.23,194872,0.0917,0.3824,-76.02,834.4000,0.10
2025-01-10 11:15:00,835.23,837.35,835.13,836,844162,0.1584,0.3824,-58.58,834.4000,0.19
2025-01-10 11:20:00,835.93,836,834.25,834.8,134078,0.1121,0.3824,-70.69,834.4000,0.05
2025-01-10 11:25:00,834.78,834.95,833.6,834.48,81238,0.0534,0.3824,-86.04,834.4000,0.01
2025-01-10 11:30:00,834.5,836,834.5,835.25,240782,0.0593,0.3824,-84.49,834.4000,0.10
2025-01-10 11:35:00,835.33,835.5,834.6,834.88,60118,0.0326,0.3824,-91.47,834.4000,0.06
2025-01-10 11:40:00,834.75,834.93,832.85,833.4,62640,-0.0841,0.3824,-121.99,834.4000,-0.12
2025-01-10 11:45:00,833.4,834.3,833.03,833.88,59172,-0.1258,0.3824,-132.90,834.4000,-0.06
2025-01-10 11:50:00,833.88,834.38,833.63,833.83,35452,-0.1518,0.3824,-139.70,834.4000,-0.07
2025-01-10 11:55:00,833.8,834.5,833.25,834.45,55072,-0.1236,0.3824,-132.32,834.4000,0.01
2025-01-10 12:00:00,834.15,835,834,834.48,66990,-0.1002,0.3824,-126.20,834.4000,0.01
2025-01-10 12:05:00,834.3,834.8,834.05,834.15,45776,-0.1037,0.3824,-127.12,834.4000,-0.03
2025-01-10 12:10:00,834.13,835.35,833.7,834.98,163512,-0.0498,0.3824,-113.02,834.4000,0.07
2025-01-10 12:15:00,834.98,835.48,834.63,835,704212,-0.0142,0.3824,-103.71,834.4000,0.07
2025-01-10 12:20:00,834.95,835.25,833.93,834.38,106280,-0.0328,0.3824,-108.58,834.4000,-0.00
2025-01-10 12:25:00,834.25,834.75,833.68,834.28,60032,-0.0511,0.3824,-113.36,834.4000,-0.01
2025-01-10 12:30:00,834.4,834.9,833.5,833.83,82404,-0.0905,0.3824,-123.67,834.4000,-0.07
2025-01-10 12:35:00,833.83,834.35,833.3,833.75,63412,-0.1172,0.3824,-130.65,834.4000,-0.08
2025-01-10 12:40:00,833.68,834.5,833.53,834.4,67528,-0.0878,0.3824,-122.96,834.4000,0.00
2025-01-10 12:45:00,834.33,834.5,833.68,834.35,82348,-0.0691,0.3824,-118.07,834.4000,-0.01
2025-01-10 12:50:00,834.23,834.5,833.43,833.75,83296,-0.0931,0.3824,-124.35,834.4000,-0.08
2025-01-10 12:55:00,833.63,833.85,832.5,832.78,99490,-0.1660,0.3824,-143.41,834.4000,-0.19
2025-01-10 13:00:00,832.5,833.18,832.15,832.48,95574,-0.2226,0.3824,-158.21,834.4000,-0.23
2025-01-10 13:05:00,832.33,833.38,832.25,833.2,66772,-0.2004,0.3824,-152.41,834.4000,-0.14
2025-01-10 13:10:00,833,833.28,831.7,832,89992,-0.2521,0.3824,-165.93,834.4000,-0.29
2025-01-10 13:15:00,832.23,832.3,831,831.45,120594,-0.3053,0.3824,-179.84,834.4000,-0.35
2025-01-10 13:20:00,831.43,832.25,831,832.25,116678,-0.2698,0.3824,-170.55,834.4000,-0.26
2025-01-10 13:25:00,832.23,832.5,830.3,830.6,125048,-0.3363,0.3824,-187.94,834.4000,-0.46
2025-01-10 13:30:00,830.6,831.45,830.2,831.18,84576,-0.3202,0.3824,-183.73,834.4000,-0.39
2025-01-10 13:35:00,831.15,831.95,830.93,831.25,114664,-0.2849,0.3824,-174.50,834.4000,-0.38
2025-01-10 13:40:00,831.23,832.5,830.88,832.08,110314,-0.1904,0.3824,-149.79,834.4000,-0.28
2025-01-10 13:45:00,832.08,833.28,831.73,832.68,162646,-0.0779,0.3824,-120.37,834.4000,-0.21
2025-01-10 13:50:00,832.53,833,831.8,832.45,106946,-0.0129,0.3824,-103.37,834.4000,-0.23
2025-01-10 13:55:00,832.4,832.9,831.85,832.5,77936,0.0370,0.3824,-90.32,834.4000,-0.23
2025-01-10 14:00:00,832.75,832.95,832,832.15,81178,0.0490,0.3824,-87.19,834.4000,-0.27
2025-01-10 14:05:00,832.05,832.78,831.55,832.5,89040,0.0813,0.3824,-78.74,834.4000,-0.23
2025-01-10 14:10:00,832.5,832.55,830.5,830.5,158168,-0.0255,0.3824,-106.67,834.4000,-0.47
2025-01-10 14:15:00,830.75,831,830.25,830.55,140130,-0.0831,0.3824,-121.73,834.4000,-0.46
2025-01-10 14:20:00,830.58,830.7,829.33,829.78,235874,-0.1590,0.3824,-141.58,834.4000,-0.55
2025-01-10 14:25:00,830.08,830.08,827.5,828.98,246670,-0.2438,0.3824,-163.76,834.4000,-0.65
2025-01-10 14:30:00,829,829.55,828.38,829.5,167860,-0.2451,0.3824,-164.10,834.4000,-0.59
2025-01-10 14:35:00,829.5,829.98,828,829.05,1976622,-0.2552,0.3824,-166.74,834.4000,-0.64
2025-01-10 14:40:00,829.1,829.4,827.78,829.03,200042,-0.2424,0.3824,-163.39,834.4000,-0.64
2025-01-10 14:45:00,829.03,829.6,828.15,828.28,147704,-0.2618,0.3824,-168.46,834.4000,-0.73
2025-01-10 14:50:00,828.48,828.98,828.15,828.6,154684,-0.2316,0.3824,-160.56,834.4000,-0.70
2025-01-10 14:55:00,828.68,829.38,827,827.8,305692,-0.2428,0.3824,-163.49,834.4000,-0.79
2025-01-10 15:00:00,827.8,828.7,827.35,827.45,405536,-0.2501,0.3824,-165.40,834.4000,-0.83
2025-01-10 15:05:00,827.45,829.08,827.43,828.88,591910,-0.1404,0.3824,-136.72,834.4000,-0.66
2025-01-10 15:10:00,828.8,828.88,827.15,827.3,320434,-0.1549,0.3824,-140.51,834.4000,-0.85
2025-01-10 15:15:00,827.28,829.4,827.28,829.18,500970,-0.0253,0.3824,-106.62,834.4000,-0.63
2025-01-10 15:20:00,829.15,829.5,827.6,827.75,408812,-0.0234,0.3824,-106.12,834.4000,-0.80
2025-01-10 15:25:00,827.9,830,827.18,828.5,387994,0.0376,0.3824,-90.17,834.4000,-0.71
2025-01-13 09:15:00,819.5,821.65,816.63,818.1,1395694,-0.5792,0.0376,-1640.43,828.5000,-1.26
2025-01-13 09:20:00,818.1,819.5,816.35,818.7,464568,-0.8853,0.0376,-2454.52,828.5000,-1.18
2025-01-13 09:25:00,818.75,819.15,818,818.78,178638,-1.0117,0.0376,-2790.69,828.5000,-1.17
2025-01-13 09:30:00,818.55,818.95,815.93,817.35,227362,-1.1129,0.0376,-3059.84,828.5000,-1.35
2025-01-13 09:35:00,817.35,817.45,814.78,815.25,234550,-1.2332,0.0376,-3379.79,828.5000,-1.60
2025-01-13 09:40:00,815.25,815.68,813,814.7,241176,-1.2575,0.0376,-3444.41,828.5000,-1.67
2025-01-13 09:45:00,814.65,814.83,812.5,812.65,197422,-1.3131,0.0376,-3592.29,828.5000,-1.91
2025-01-13 09:50:00,812.78,813.75,812.15,812.73,163370,-1.2466,0.0376,-3415.43,828.5000,-1.90
2025-01-13 09:55:00,812.68,813.95,812.53,813.1,112268,-1.0857,0.0376,-2987.50,828.5000,-1.86
2025-01-13 10:00:00,813.1,818.73,813.1,818.38,390828,-0.5582,0.0376,-1584.57,828.5000,-1.22
2025-01-13 10:05:00,818.33,818.4,816.98,817.58,172900,-0.2153,0.0376,-672.61,828.5000,-1.32
2025-01-13 10:10:00,817.58,818.5,816.65,818.5,132014,0.1041,0.0376,176.86,828.5000,-1.21
2025-01-13 10:15:00,818.5,819.5,817.23,817.88,208218,0.2936,0.0376,680.85,828.5000,-1.28
2025-01-13 10:20:00,817.88,819.7,817.45,819.45,280894,0.5308,0.0376,1311.70,828.5000,-1.09
2025-01-13 10:25:00,819.45,820.93,818.85,820.8,233254,0.7702,0.0376,1948.40,828.5000,-0.93
2025-01-13 10:30:00,820.8,821.95,820,821.28,249892,0.9412,0.0376,2403.19,828.5000,-0.87
2025-01-13 10:35:00,821.3,821.45,819.03,819.53,235786,0.9158,0.0376,2335.64,828.5000,-1.08
2025-01-13 10:40:00,819.53,820.18,817.5,819.2,155458,0.8573,0.0376,2180.05,828.5000,-1.12
2025-01-13 10:45:00,819.1,820,818.5,818.68,355740,0.7670,0.0376,1939.89,828.5000,-1.19
2025-01-13 10:50:00,818.5,818.95,817.25,818.5,150356,0.6814,0.0376,1712.23,828.5000,-1.21
2025-01-13 10:55:00,818.5,818.65,817.5,817.8,139472,0.5685,0.0376,1411.97,828.5000,-1.29
2025-01-13 11:00:00,817.65,818.43,817.38,817.68,167632,0.4802,0.0376,1177.13,828.5000,-1.31
2025-01-13 11:05:00,817.68,819.7,817.5,819.5,181472,0.5346,0.0376,1321.81,828.5000,-1.09
2025-01-13 11:10:00,819.4,821.48,819.28,820.85,332450,0.6443,0.0376,1613.56,828.5000,-0.92
2025-01-13 11:15:00,820.98,823.38,820.55,821.25,280112,0.7210,0.0376,1817.55,828.5000,-0.88
2025-01-13 11:20:00,821.25,822.05,820.95,821.68,220322,0.7731,0.0376,1956.12,828.5000,-0.82
2025-01-13 11:25:00,821.83,822.25,820.75,821,178436,0.7346,0.0376,1853.72,828.5000,-0.91
2025-01-13 11:30:00,821,821.28,820,820.48,139980,0.6497,0.0376,1627.93,828.5000,-0.97
2025-01-13 11:35:00,820.53,820.53,818.45,818.83,213156,0.4667,0.0376,1141.22,828.5000,-1.17
2025-01-13 11:40:00,818.83,819.5,818.4,819.03,188452,0.3488,0.0376,827.66,828.5000,-1.14
2025-01-13 11:45:00,818.9,819.08,817.85,818.28,147452,0.2164,0.0376,475.53,828.5000,-1.23
2025-01-13 11:50:00,818.15,819.85,817.7,817.93,204652,0.1069,0.0376,184.31,828.5000,-1.28
2025-01-13 11:55:00,817.9,818.15,817.15,817.6,361728,0.0186,0.0376,-50.53,828.5000,-1.32
2025-01-13 12:00:00,817.43,818.8,817.43,818.25,107602,0.0106,0.0376,-71.81,828.5000,-1.24
2025-01-13 12:05:00,818.15,818.98,817.6,817.95,128088,-0.0072,0.0376,-119.15,828.5000,-1.27
2025-01-13 12:10:00,817.93,819.08,817.5,818.75,120956,0.0399,0.0376,6.12,828.5000,-1.18
2025-01-13 12:15:00,818.75,819.23,818.2,818.7,144790,0.0710,0.0376,88.83,828.5000,-1.18
2025-01-13 12:20:00,818.88,819.6,818.7,819.13,136580,0.1208,0.0376,221.28,828.5000,-1.13
2025-01-13 12:25:00,819.33,819.65,818.63,819.08,120866,0.1489,0.0376,296.01,828.5000,-1.14
2025-01-13 12:30:00,819.08,819.75,818.83,819.58,121192,0.1966,0.0376,422.87,828.5000,-1.08
2025-01-13 12:35:00,819.58,820.4,818.98,820.23,164068,0.2632,0.0376,600.00,828.5000,-1.00
2025-01-13 12:40:00,820.23,820.25,819.18,819.78,144450,0.2675,0.0376,611.44,828.5000,-1.05
2025-01-13 12:45:00,819.5,820.23,819.15,820.15,132380,0.2841,0.0376,655.59,828.5000,-1.01
2025-01-13 12:50:00,820.15,820.15,819.1,819.48,192048,0.2405,0.0376,539.63,828.5000,-1.09
2025-01-13 12:55:00,819.33,819.98,818,818.18,199950,0.1209,0.0376,221.54,828.5000,-1.25
2025-01-13 13:00:00,818.15,818.5,817.6,817.8,197462,0.0181,0.0376,-51.86,828.5000,-1.29
2025-01-13 13:05:00,817.63,818.85,817.25,818.15,184296,-0.0220,0.0376,-158.51,828.5000,-1.25
2025-01-13 13:10:00,818,818.43,817.5,817.95,135104,-0.0559,0.0376,-248.67,828.5000,-1.27
2025-01-13 13:15:00,817.95,818.25,817.5,817.58,118872,-0.0948,0.0376,-352.13,828.5000,-1.32
2025-01-13 13:20:00,817.58,818.18,817.5,817.65,127418,-0.1065,0.0376,-383.24,828.5000,-1.31
2025-01-13 13:25:00,817.6,818.6,817.5,818.58,143826,-0.0454,0.0376,-220.74,828.5000,-1.20
2025-01-13 13:30:00,818.5,819.45,818.3,818.83,121524,0.0148,0.0376,-60.64,828.5000,-1.17
2025-01-13 13:35:00,818.73,818.95,817.55,818.28,152814,0.0203,0.0376,-46.01,828.5000,-1.23
2025-01-13 13:40:00,818.28,818.5,817.55,818.13,129162,0.0165,0.0376,-56.12,828.5000,-1.25
2025-01-13 13:45:00,818.1,818.98,817.73,817.75,137210,-0.0075,0.0376,-119.95,828.5000,-1.30
2025-01-13 13:50:00,817.73,818.15,817.5,817.7,194506,-0.0218,0.0376,-157.98,828.5000,-1.30
2025-01-13 13:55:00,817.53,817.93,817.03,817.53,242090,-0.0370,0.0376,-198.40,828.5000,-1.32
2025-01-13 14:00:00,817.63,817.98,816.85,817.53,171058,-0.0409,0.0376,-208.78,828.5000,-1.32
2025-01-13 14:05:00,817.53,817.73,816.9,816.93,181908,-0.0758,0.0376,-301.60,828.5000,-1.40
2025-01-13 14:10:00,816.93,817.23,815.5,815.98,233338,-0.1504,0.0376,-500.00,828.5000,-1.51
2025-01-13 14:15:00,815.98,816.2,814.33,814.5,764434,-0.2796,0.0376,-843.62,828.5000,-1.69
2025-01-13 14:20:00,814.5,814.98,814.33,814.88,200174,-0.3167,0.0376,-942.29,828.5000,-1.64
2025-01-13 14:25:00,814.88,816.15,814.5,815.83,469034,-0.2572,0.0376,-784.04,828.5000,-1.53
2025-01-13 14:30:00,815.83,816.6,815.1,816.25,399300,-0.1734,0.0376,-561.17,828.5000,-1.48
2025-01-13 14:35:00,816.25,816.95,815.7,816.25,575196,-0.1052,0.0376,-379.79,828.5000,-1.48
2025-01-13 14:40:00,816.25,816.9,815.35,815.5,300244,-0.0980,0.0376,-360.64,828.5000,-1.57
2025-01-13 14:45:00,815.5,816,814.33,815.4,278586,-0.0877,0.0376,-333.24,828.5000,-1.58
2025-01-13 14:50:00,815.4,815.98,814.25,815.7,207944,-0.0503,0.0376,-233.78,828.5000,-1.54
2025-01-13 14:55:00,815.7,816.13,815.15,816,236332,0.0023,0.0376,-93.88,828.5000,-1.51
2025-01-13 15:00:00,815.98,816,814.23,814.5,635684,-0.0532,0.0376,-241.49,828.5000,-1.69
2025-01-13 15:05:00,814.5,815.98,814.03,815.63,795616,-0.0057,0.0376,-115.16,828.5000,-1.55
2025-01-13 15:10:00,815.63,816.65,815.38,816.18,694708,0.0670,0.0376,78.19,828.5000,-1.49
2025-01-13 15:15:00,816.18,816.78,814.5,815.48,1801328,0.0717,0.0376,90.69,828.5000,-1.57
2025-01-13 15:20:00,815.48,816.25,814.6,815.3,643794,0.0666,0.0376,77.13,828.5000,-1.59
2025-01-13 15:25:00,815.3,817.65,815,816.05,568782,0.1147,0.0376,205.05,828.5000,-1.50
2025-01-14 09:15:00,819.1,823.2,818.5,822.73,566786,0.5720,0.1147,398.69,816.0500,0.82
2025-01-14 09:20:00,822.73,822.73,820.63,820.95,320608,0.7204,0.1147,528.07,816.0500,0.60
2025-01-14 09:25:00,820.85,822.5,820.2,822.38,312160,0.8707,0.1147,659.11,816.0500,0.78
2025-01-14 09:30:00,822.4,823.5,822,822.48,318168,0.9275,0.1147,708.63,816.0500,0.79
2025-01-14 09:35:00,822.48,823.03,821.63,822.73,299682,0.9302,0.1147,710.99,816.0500,0.82
2025-01-14 09:40:00,822.58,823.85,821.95,822.85,432974,0.8883,0.1147,674.46,816.0500,0.83
2025-01-14 09:45:00,822.83,827.03,822.5,826.48,1907476,1.0427,0.1147,809.07,816.0500,1.28
2025-01-14 09:50:00,826.6,827.98,825.18,825.7,260214,1.0282,0.1147,796.43,816.0500,1.18
2025-01-14 09:55:00,825.5,825.73,824.1,824.3,175938,0.8668,0.1147,655.71,816.0500,1.01
2025-01-14 10:00:00,824.3,824.85,823.1,823.6,215838,0.6643,0.1147,479.16,816.0500,0.93
2025-01-14 10:05:00,823.43,823.6,822.65,823.5,163156,0.4835,0.1147,321.53,816.0500,0.91
2025-01-14 10:10:00,823.5,823.58,822.33,822.48,176786,0.2661,0.1147,132.00,816.0500,0.79
2025-01-14 10:15:00,822.38,822.5,821.45,821.73,219446,0.0536,0.1147,-53.27,816.0500,0.70
2025-01-14 10:20:00,821.6,823.08,821.3,822.73,185088,-0.0331,0.1147,-128.86,816.0500,0.82
2025-01-14 10:25:00,822.75,823.58,822.43,823.25,202738,-0.0669,0.1147,-158.33,816.0500,0.88
2025-01-14 10:30:00,823.25,824.65,823.13,823.28,390180,-0.0969,0.1147,-184.48,816.0500,0.89
2025-01-14 10:35:00,823.5,824.9,823.2,824.65,193478,-0.0372,0.1147,-132.43,816.0500,1.05
2025-01-14 10:40:00,824.6,825.5,824.58,825.13,154868,0.0188,0.1147,-83.61,816.0500,1.11
2025-01-14 10:45:00,825.13,826.6,824.75,826.6,161786,0.1328,0.1147,15.78,816.0500,1.29
2025-01-14 10:50:00,826.5,827.23,826.05,826.18,374996,0.1561,0.1147,36.09,816.0500,1.24
2025-01-14 10:55:00,826.18,826.85,824.83,824.9,426236,0.0663,0.1147,-42.20,816.0500,1.08
2025-01-14 11:00:00,825.15,826.18,824.65,825.5,549044,0.0300,0.1147,-73.84,816.0500,1.16
2025-01-14 11:05:00,825.63,826.9,825.5,826.38,420394,0.0469,0.1147,-59.11,816.0500,1.27
2025-01-14 11:10:00,826.38,827.43,826.03,826.45,464258,0.0446,0.1147,-61.12,816.0500,1.27
2025-01-14 11:15:00,826.35,826.83,824.05,824.15,148784,-0.1211,0.1147,-205.58,816.0500,0.99
2025-01-14 11:20:00,824.15,824.53,823.53,824.4,143036,-0.2174,0.1147,-289.54,816.0500,1.02
2025-01-14 11:25:00,824.5,824.95,824.3,824.63,96798,-0.2660,0.1147,-331.91,816.0500,1.05
2025-01-14 11:30:00,824.65,824.68,822.55,822.55,128466,-0.4290,0.1147,-474.02,816.0500,0.80
2025-01-14 11:35:00,822.58,823.38,822.5,823.23,205552,-0.4779,0.1147,-516.65,816.0500,0.88
2025-01-14 11:40:00,823.2,823.33,821.63,821.98,619368,-0.5750,0.1147,-601.31,816.0500,0.73
2025-01-14 11:45:00,821.98,822.08,820.1,820.1,450990,-0.7360,0.1147,-741.67,816.0500,0.50
2025-01-14 11:50:00,820.1,820.8,819.55,820.28,782976,-0.7954,0.1147,-793.46,816.0500,0.52
2025-01-14 11:55:00,819.98,822,819.85,821.48,589338,-0.7213,0.1147,-728.86,816.0500,0.67
2025-01-14 12:00:00,821.45,822,820.88,821.1,150904,-0.6664,0.1147,-680.99,816.0500,0.62
2025-01-14 12:05:00,821.28,821.93,820.83,820.9,217598,-0.6135,0.1147,-634.87,816.0500,0.59
2025-01-14 12:10:00,821,821.25,820.3,821,142920,-0.5441,0.1147,-574.37,816.0500,0.61
2025-01-14 12:15:00,821,821.38,820.7,821.33,183656,-0.4520,0.1147,-494.07,816.0500,0.65
2025-01-14 12:20:00,821.2,821.33,820.13,820.5,132330,-0.4236,0.1147,-469.31,816.0500,0.55
2025-01-14 12:25:00,820.38,821.8,820.25,821.48,115940,-0.3201,0.1147,-379.08,816.0500,0.67
2025-01-14 12:30:00,821.43,822.15,821.4,821.9,143648,-0.2099,0.1147,-283.00,816.0500,0.72
2025-01-14 12:35:00,821.85,822.75,821.43,821.85,188000,-0.1308,0.1147,-214.04,816.0500,0.71
2025-01-14 12:40:00,821.9,822.55,821.8,821.83,131894,-0.0732,0.1147,-163.82,816.0500,0.71
2025-01-14 12:45:00,821.83,822.75,821.78,822.55,158960,0.0153,0.1147,-86.66,816.0500,0.80
2025-01-14 12:50:00,822.55,822.55,821.93,822.28,141516,0.0553,0.1147,-51.79,816.0500,0.76
2025-01-14 12:55:00,822.25,823.48,821.8,823.05,174574,0.1292,0.1147,12.64,816.0500,0.86
2025-01-14 13:00:00,823.08,823.4,822.48,822.5,218560,0.1358,0.1147,18.40,816.0500,0.79
2025-01-14 13:05:00,822.6,823.15,822.35,822.73,222790,0.1493,0.1147,30.17,816.0500,0.82
2025-01-14 13:10:00,822.73,823.15,822.45,823.05,167332,0.1720,0.1147,49.96,816.0500,0.86
2025-01-14 13:15:00,823.13,823.83,823.05,823.58,156078,0.2121,0.1147,84.92,816.0500,0.92
2025-01-14 13:20:00,823.58,823.9,823.23,823.8,137040,0.2408,0.1147,109.94,816.0500,0.95
2025-01-14 13:25:00,823.8,824.43,823.55,824.25,169364,0.2750,0.1147,139.76,816.0500,1.00
2025-01-14 13:30:00,824.25,824.43,823.58,823.75,167076,0.2496,0.1147,117.61,816.0500,0.94
2025-01-14 13:35:00,823.68,823.75,822.48,822.75,225506,0.1557,0.1147,35.75,816.0500,0.82
2025-01-14 13:40:00,822.78,823.25,822.7,822.9,161150,0.0968,0.1147,-15.61,816.0500,0.84
2025-01-14 13:45:00,822.85,822.9,822.2,822.63,247508,0.0360,0.1147,-68.61,816.0500,0.81
2025-01-14 13:50:00,822.6,823.58,821.9,823.5,259716,0.0497,0.1147,-56.67,816.0500,0.91
2025-01-14 13:55:00,823.5,823.7,822.93,823.08,195478,0.0270,0.1147,-76.46,816.0500,0.86
2025-01-14 14:00:00,823.08,823.93,822.6,823.38,268704,0.0287,0.1147,-74.98,816.0500,0.90
2025-01-14 14:05:00,823.4,824.73,823.35,824.48,312644,0.0964,0.1147,-15.95,816.0500,1.03
2025-01-14 14:10:00,824.48,827.15,824.25,826.9,523210,0.2860,0.1147,149.35,816.0500,1.33
2025-01-14 14:15:00,826.9,828.1,826.8,827.03,650332,0.3953,0.1147,244.64,816.0500,1.35
2025-01-14 14:20:00,827.03,827.75,826.25,826.53,630096,0.4074,0.1147,255.19,816.0500,1.28
2025-01-14 14:25:00,826.53,826.9,825.35,825.7,411106,0.3360,0.1147,192.94,816.0500,1.18
2025-01-14 14:30:00,825.73,826.5,824.35,824.4,214738,0.1852,0.1147,61.46,816.0500,1.02
2025-01-14 14:35:00,824.43,824.43,823.35,824.03,380872,0.0515,0.1147,-55.10,816.0500,0.98
2025-01-14 14:40:00,824.03,824.08,822.63,823.25,354128,-0.0907,0.1147,-179.08,816.0500,0.88
2025-01-14 14:45:00,823.28,824,822.25,822.45,349280,-0.2320,0.1147,-302.27,816.0500,0.78
2025-01-14 14:50:00,822.48,822.7,821.43,822.55,384158,-0.3072,0.1147,-367.83,816.0500,0.80
2025-01-14 14:55:00,822.7,823.6,821.73,822.85,465822,-0.3237,0.1147,-382.21,816.0500,0.83
2025-01-14 15:00:00,822.93,823.08,820.9,821.83,1031642,-0.3860,0.1147,-436.53,816.0500,0.71
2025-01-14 15:05:00,821.83,823.5,821.5,823.33,956536,-0.3120,0.1147,-372.01,816.0500,0.89
2025-01-14 15:10:00,823.38,824,822.5,823.35,952600,-0.2502,0.1147,-318.13,816.0500,0.89
2025-01-14 15:15:00,823.48,824.23,823.3,823.8,897634,-0.1713,0.1147,-249.35,816.0500,0.95
2025-01-14 15:20:00,823.83,825.28,823.75,824.98,833720,-0.0388,0.1147,-133.83,816.0500,1.09
2025-01-14 15:25:00,825.08,826.9,824.5,825.38,530336,0.0706,0.1147,-38.45,816.0500,1.14
2025-01-15 09:15:00,827.5,828.5,824.28,825.23,560778,0.1246,0.0706,76.49,825.3800,-0.02
2025-01-15 09:20:00,825.25,825.28,822.3,822.53,357294,-0.0221,0.0706,-131.30,825.3800,-0.35
2025-01-15 09:25:00,822.6,823.55,822.5,822.83,268770,-0.0952,0.0706,-234.84,825.3800,-0.31
2025-01-15 09:30:00,822.93,825.08,822.5,824.95,223942,-0.0022,0.0706,-103.12,825.3800,-0.05
2025-01-15 09:35:00,824.95,824.95,822.63,823.18,205332,-0.0580,0.0706,-182.15,825.3800,-0.27
2025-01-15 09:40:00,823.18,825.15,823.1,825.15,179204,0.0345,0.0706,-51.13,825.3800,-0.03
2025-01-15 09:45:00,825.1,825.9,824.78,825.1,225370,0.0862,0.0706,22.10,825.3800,-0.03
2025-01-15 09:50:00,825.1,827.53,825.08,827.35,317584,0.2562,0.0706,262.89,825.3800,0.24
2025-01-15 09:55:00,827.38,827.48,825.1,825.1,497088,0.2036,0.0706,188.39,825.3800,-0.03
2025-01-15 10:00:00,825.13,825.83,824.5,825.48,214122,0.1817,0.0706,157.37,825.3800,0.01
2025-01-15 10:05:00,825.48,827.05,825.13,827.05,258444,0.2557,0.0706,262.18,825.3800,0.20
2025-01-15 10:10:00,827.05,827.83,826.5,827.25,232814,0.2979,0.0706,321.95,825.3800,0.23
2025-01-15 10:15:00,827.03,827.63,826.85,827.1,351530,0.2950,0.0706,317.85,825.3800,0.21
2025-01-15 10:20:00,827.1,828.13,827.08,827.63,106674,0.3066,0.0706,334.28,825.3800,0.27
2025-01-15 10:25:00,827.9,828.53,827.5,827.68,124698,0.2954,0.0706,318.41,825.3800,0.28
2025-01-15 10:30:00,827.9,829.58,827.05,829.45,144700,0.3796,0.0706,437.68,825.3800,0.49
2025-01-15 10:35:00,829.43,831.35,829.43,830.33,230038,0.4615,0.0706,553.68,825.3800,0.60
2025-01-15 10:40:00,830.33,830.65,830,830.33,188520,0.4805,0.0706,580.59,825.3800,0.60
2025-01-15 10:45:00,830.35,830.65,829.75,830.35,113802,0.4592,0.0706,550.42,825.3800,0.60
2025-01-15 10:50:00,830.33,830.38,829.58,830,212904,0.3891,0.0706,451.13,825.3800,0.56
2025-01-15 10:55:00,830.05,830.1,829,829.15,119718,0.2593,0.0706,267.28,825.3800,0.46
2025-01-15 11:00:00,829.15,829.68,826.78,827.1,125520,0.0218,0.0706,-69.12,825.3800,0.21
2025-01-15 11:05:00,826.98,827.05,826,826.4,93814,-0.1848,0.0706,-361.76,825.3800,0.12
2025-01-15 11:10:00,826.4,827.08,826.2,826.75,92454,-0.2936,0.0706,-515.86,825.3800,0.17
2025-01-15 11:15:00,826.75,827.35,826.08,826.8,68332,-0.3540,0.0706,-601.42,825.3800,0.17
2025-01-15 11:20:00,826.8,827.03,826.05,826.83,48956,-0.3814,0.0706,-640.23,825.3800,0.18
2025-01-15 11:25:00,826.88,827.03,826.13,826.28,51786,-0.4227,0.0706,-698.73,825.3800,0.11
2025-01-15 11:30:00,826.2,826.28,823.93,824.45,155946,-0.5514,0.0706,-881.02,825.3800,-0.11
2025-01-15 11:35:00,824.43,824.78,823.5,824.5,85550,-0.6067,0.0706,-959.35,825.3800,-0.11
2025-01-15 11:40:00,824.5,824.98,823.8,823.95,61490,-0.6502,0.0706,-1020.96,825.3800,-0.17
2025-01-15 11:45:00,823.95,824.58,823.63,824.23,57378,-0.6295,0.0706,-991.64,825.3800,-0.14
2025-01-15 11:50:00,824.15,825.7,824,825.7,72570,-0.4923,0.0706,-797.31,825.3800,0.04
2025-01-15 11:55:00,825.55,826.78,825.5,826.05,92992,-0.3596,0.0706,-609.35,825.3800,0.08
2025-01-15 12:00:00,826.08,826.08,825,825.15,52938,-0.3156,0.0706,-547.03,825.3800,-0.03
2025-01-15 12:05:00,825.13,826.43,825.13,825.85,48492,-0.2267,0.0706,-421.10,825.3800,0.06
2025-01-15 12:10:00,825.83,825.85,825.23,825.68,61812,-0.1694,0.0706,-339.94,825.3800,0.04
2025-01-15 12:15:00,825.65,825.78,825.05,825.33,80174,-0.1459,0.0706,-306.66,825.3800,-0.01
2025-01-15 12:20:00,825.33,825.48,823.9,823.93,117046,-0.2115,0.0706,-399.58,825.3800,-0.18
2025-01-15 12:25:00,823.95,824.83,823.75,824.25,97024,-0.2193,0.0706,-410.62,825.3800,-0.14
2025-01-15 12:30:00,824.15,824.68,823.85,824,73506,-0.2263,0.0706,-420.54,825.3800,-0.17
2025-01-15 12:35:00,824,824.98,823.98,824.33,84546,-0.1950,0.0706,-376.20,825.3800,-0.13
2025-01-15 12:40:00,824.33,825.48,824.23,824.9,73716,-0.1255,0.0706,-277.76,825.3800,-0.06
2025-01-15 12:45:00,824.9,825,824.5,824.6,71042,-0.0909,0.0706,-228.75,825.3800,-0.09
2025-01-15 12:50:00,824.55,824.85,824.05,824.58,98162,-0.0620,0.0706,-187.82,825.3800,-0.10
2025-01-15 12:55:00,824.55,824.58,824,824.15,68544,-0.0641,0.0706,-190.79,825.3800,-0.15
2025-01-15 13:00:00,824.03,824.5,823.3,823.7,153898,-0.0868,0.0706,-222.95,825.3800,-0.20
2025-01-15 13:05:00,823.7,823.8,823.3,823.4,72938,-0.1113,0.0706,-257.65,825.3800,-0.24
2025-01-15 13:10:00,823.38,823.5,822.83,823.1,96232,-0.1355,0.0706,-291.93,825.3800,-0.28
2025-01-15 13:15:00,823.1,823.13,821.1,821.5,169386,-0.2408,0.0706,-441.08,825.3800,-0.47
2025-01-15 13:20:00,821.4,821.5,820.63,821.33,179128,-0.2997,0.0706,-524.50,825.3800,-0.49
2025-01-15 13:25:00,821.33,822.08,819.33,819.75,142300,-0.4157,0.0706,-688.81,825.3800,-0.68
2025-01-15 13:30:00,819.55,819.73,818.48,819.33,185992,-0.4864,0.0706,-788.95,825.3800,-0.73
2025-01-15 13:35:00,819.23,819.68,818.15,819.68,122618,-0.4748,0.0706,-772.52,825.3800,-0.69
2025-01-15 13:40:00,819.53,820.45,819.3,819.63,129632,-0.4366,0.0706,-718.41,825.3800,-0.70
2025-01-15 13:45:00,819.53,819.9,818.85,819.45,84222,-0.3911,0.0706,-653.97,825.3800,-0.72
2025-01-15 13:50:00,819.45,820.03,819.18,819.3,75358,-0.3406,0.0706,-582.44,825.3800,-0.74
2025-01-15 13:55:00,819.2,820.35,819.18,819.8,99062,-0.2473,0.0706,-450.28,825.3800,-0.68
2025-01-15 14:00:00,819.8,820.4,819.55,820.08,70988,-0.1456,0.0706,-306.23,825.3800,-0.64
2025-01-15 14:05:00,820.08,820.63,819.88,820.53,87282,-0.0327,0.0706,-146.32,825.3800,-0.59
2025-01-15 14:10:00,820.63,820.65,819.7,820.25,62858,0.0347,0.0706,-50.85,825.3800,-0.62
2025-01-15 14:15:00,820.45,820.88,820.25,820.78,79062,0.1217,0.0706,72.38,825.3800,-0.56
2025-01-15 14:20:00,820.88,821.45,820.5,820.5,74370,0.1644,0.0706,132.86,825.3800,-0.59
2025-01-15 14:25:00,820.53,821.23,820.25,820.75,130682,0.2106,0.0706,198.30,825.3800,-0.56
2025-01-15 14:30:00,820.93,821.5,820.38,821.3,91560,0.2753,0.0706,289.94,825.3800,-0.49
2025-01-15 14:35:00,821.3,822.65,821.25,822.55,101374,0.3921,0.0706,455.38,825.3800,-0.34
2025-01-15 14:40:00,822.53,823.18,822.23,823,161298,0.4836,0.0706,584.99,825.3800,-0.29
2025-01-15 14:45:00,823.03,823.43,822.65,823,152764,0.5246,0.0706,643.06,825.3800,-0.29
2025-01-15 14:50:00,823,823.98,822.7,823.93,203466,0.5899,0.0706,735.55,825.3800,-0.18
2025-01-15 14:55:00,823.93,824.75,823.48,823.55,149622,0.5821,0.0706,724.50,825.3800,-0.22
2025-01-15 15:00:00,823.53,823.65,821.63,822.4,600654,0.4784,0.0706,577.62,825.3800,-0.36
2025-01-15 15:05:00,822.43,822.6,821.8,821.85,488728,0.3573,0.0706,406.09,825.3800,-0.43
2025-01-15 15:10:00,821.85,821.88,820.28,820.75,682746,0.1957,0.0706,177.20,825.3800,-0.56
2025-01-15 15:15:00,820.75,821.1,820.18,820.95,567292,0.0997,0.0706,41.22,825.3800,-0.54
2025-01-15 15:20:00,820.95,822.2,820.78,821.98,461584,0.1025,0.0706,45.18,825.3800,-0.41
2025-01-15 15:25:00,821.93,824.2,821.88,822.85,388620,0.1568,0.0706,122.10,825.3800,-0.31
2025-01-16 09:15:00,826.25,830.28,824.05,827.83,1018298,0.5023,0.1568,220.34,822.8500,0.61
2025-01-16 09:20:00,827.78,829.95,826.85,827.3,297440,0.6595,0.1568,320.60,822.8500,0.54
2025-01-16 09:25:00,827.38,827.6,825.4,826.25,93168,0.6558,0.1568,318.24,822.8500,0.41
2025-01-16 09:30:00,826.23,828.93,826.23,828.08,189320,0.7337,0.1568,367.92,822.8500,0.64
2025-01-16 09:35:00,828.08,828.2,825.65,826.03,154898,0.6093,0.1568,288.58,822.8500,0.39
2025-01-16 09:40:00,825.85,826.88,824.9,825.25,289038,0.4444,0.1568,183.42,822.8500,0.29
2025-01-16 09:45:00,825.25,825.65,824.55,824.83,142562,0.2847,0.1568,81.57,822.8500,0.24
2025-01-16 09:50:00,824.83,824.98,824.33,824.33,122544,0.1309,0.1568,-16.52,822.8500,0.18
2025-01-16 09:55:00,824.33,824.43,823.55,823.78,175944,-0.0148,0.1568,-109.44,822.8500,0.11
2025-01-16 10:00:00,823.78,825.05,823.75,825.05,226502,-0.0314,0.1568,-120.03,822.8500,0.27
2025-01-16 10:05:00,825.03,825.33,824.48,824.6,130576,-0.0760,0.1568,-148.47,822.8500,0.21
2025-01-16 10:10:00,824.5,824.65,823.45,824.45,119336,-0.1165,0.1568,-174.30,822.8500,0.19
2025-01-16 10:15:00,824.45,825.4,824.23,825,178188,-0.1073,0.1568,-168.43,822.8500,0.26
2025-01-16 10:20:00,825,825.15,824.48,824.85,149672,-0.1119,0.1568,-171.36,822.8500,0.24
2025-01-16 10:25:00,824.88,824.9,823.6,823.78,164442,-0.1834,0.1568,-216.96,822.8500,0.11
2025-01-16 10:30:00,823.78,823.9,822.93,823.63,245482,-0.2339,0.1568,-249.17,822.8500,0.09
2025-01-16 10:35:00,823.63,824.58,823.5,824.03,205306,-0.2330,0.1568,-248.60,822.8500,0.14
2025-01-16 10:40:00,824.05,824.93,823.63,824,243874,-0.2268,0.1568,-244.64,822.8500,0.14
2025-01-16 10:45:00,824,824.53,823.85,824.3,155682,-0.1961,0.1568,-225.06,822.8500,0.18
2025-01-16 10:50:00,824.3,824.78,823.13,823.88,336400,-0.1971,0.1568,-225.70,822.8500,0.13
2025-01-16 10:55:00,823.88,825.23,823.53,825.23,281658,-0.1045,0.1568,-166.65,822.8500,0.29
2025-01-16 11:00:00,825,825.93,824.53,825.6,328852,-0.0204,0.1568,-113.01,822.8500,0.33
2025-01-16 11:05:00,825.6,826.05,824.5,824.68,214638,-0.0283,0.1568,-118.05,822.8500,0.22
2025-01-16 11:10:00,824.6,825,824.15,824.45,164036,-0.0494,0.1568,-131.51,822.8500,0.19
2025-01-16 11:15:00,824.4,824.43,823.1,823.4,216822,-0.1298,0.1568,-182.78,822.8500,0.07
2025-01-16 11:20:00,823.38,823.65,822.5,822.9,230618,-0.2079,0.1568,-232.59,822.8500,0.01
2025-01-16 11:25:00,822.9,823.13,822.08,822.55,157000,-0.2703,0.1568,-272.39,822.8500,-0.04
2025-01-16 11:30:00,822.55,823.25,822.35,823.1,105810,-0.2616,0.1568,-266.84,822.8500,0.03
2025-01-16 11:35:00,823.1,824.9,823.08,824.85,167014,-0.1315,0.1568,-183.86,822.8500,0.24
2025-01-16 11:40:00,824.85,826,824.5,825.73,193602,0.0125,0.1568,-92.03,822.8500,0.35
2025-01-16 11:45:00,825.8,826,825.08,825.45,107532,0.0837,0.1568,-46.62,822.8500,0.32
2025-01-16 11:50:00,825.33,826,825.25,825.3,127460,0.1136,0.1568,-27.55,822.8500,0.30
2025-01-16 11:55:00,825.48,826.48,825.13,826.3,166326,0.1892,0.1568,20.66,822.8500,0.42
2025-01-16 12:00:00,826.28,826.5,825.28,826,118656,0.2061,0.1568,31.44,822.8500,0.38
2025-01-16 12:05:00,825.9,826,825.08,825.35,183968,0.1625,0.1568,3.64,822.8500,0.30
2025-01-16 12:10:00,825.35,826.15,825.05,826.15,127778,0.1754,0.1568,11.86,822.8500,0.40
2025-01-16 12:15:00,826.15,826.48,825.25,825.55,281794,0.1333,0.1568,-14.99,822.8500,0.33
2025-01-16 12:20:00,825.73,826.33,825.23,826.13,138488,0.1340,0.1568,-14.54,822.8500,0.40
2025-01-16 12:25:00,825.88,826.35,825.45,825.85,178066,0.1062,0.1568,-32.27,822.8500,0.36
2025-01-16 12:30:00,825.85,826.95,825.75,826.95,172028,0.1499,0.1568,-4.40,822.8500,0.50
2025-01-16 12:35:00,826.95,827,826.1,826.5,117236,0.1369,0.1568,-12.69,822.8500,0.44
2025-01-16 12:40:00,826.5,827.2,826.2,826.98,120158,0.1480,0.1568,-5.61,822.8500,0.50
2025-01-16 12:45:00,826.98,827.5,826.75,827.28,134224,0.1618,0.1568,3.19,822.8500,0.54
2025-01-16 12:50:00,827.38,827.6,826.5,826.8,125974,0.1264,0.1568,-19.39,822.8500,0.48
2025-01-16 12:55:00,826.63,828.18,826.6,827.8,156948,0.1563,0.1568,-0.32,822.8500,0.60
2025-01-16 13:00:00,827.8,829.18,827.58,828.63,226708,0.2142,0.1568,36.61,822.8500,0.70
2025-01-16 13:05:00,828.53,828.65,827.6,828.1,156010,0.1995,0.1568,27.23,822.8500,0.64
2025-01-16 13:10:00,827.8,828.25,827.08,827.95,129562,0.1637,0.1568,4.40,822.8500,0.62
2025-01-16 13:15:00,827.95,827.95,827.13,827.45,92754,0.0940,0.1568,-40.05,822.8500,0.56
2025-01-16 13:20:00,827.45,827.7,826.85,827.43,134164,0.0370,0.1568,-76.40,822.8500,0.56
2025-01-16 13:25:00,827.25,827.93,827,827.63,141492,0.0049,0.1568,-96.88,822.8500,0.58
2025-01-16 13:30:00,827.6,828.15,827.18,828.03,130948,0.0030,0.1568,-98.09,822.8500,0.63
2025-01-16 13:35:00,828,828.08,826.9,827.25,94500,-0.0554,0.1568,-135.33,822.8500,0.53
2025-01-16 13:40:00,827.15,828.5,827.13,828.08,132558,-0.0431,0.1568,-127.49,822.8500,0.64
2025-01-16 13:45:00,828.2,828.5,826.8,827.23,223692,-0.0944,0.1568,-160.20,822.8500,0.53
2025-01-16 13:50:00,827.23,827.33,826.08,826.48,195820,-0.1761,0.1568,-212.31,822.8500,0.44
2025-01-16 13:55:00,826.48,827.33,826.3,827,370342,-0.1913,0.1568,-222.00,822.8500,0.50
2025-01-16 14:00:00,826.98,827.33,826.08,826.2,220566,-0.2477,0.1568,-257.97,822.8500,0.41
2025-01-16 14:05:00,826.2,826.78,825.1,825.63,433914,-0.3118,0.1568,-298.85,822.8500,0.34
2025-01-16 14:10:00,825.63,825.75,824.73,824.93,274184,-0.3849,0.1568,-345.47,822.8500,0.25
2025-01-16 14:15:00,824.8,825,822.55,822.85,539350,-0.5470,0.1568,-448.85,822.8500,0.00
2025-01-16 14:20:00,822.83,823.25,821.43,822.28,442918,-0.6588,0.1568,-520.15,822.8500,-0.07
2025-01-16 14:25:00,822.33,823.53,822.23,823.13,264368,-0.6411,0.1568,-508.86,822.8500,0.03
2025-01-16 14:30:00,823.1,823.75,822.8,823.08,271750,-0.5991,0.1568,-482.08,822.8500,0.03
2025-01-16 14:35:00,823.03,823.85,822.7,823.78,154846,-0.4949,0.1568,-415.63,822.8500,0.11
2025-01-16 14:40:00,823.65,824,822.95,823.28,348078,-0.4326,0.1568,-375.89,822.8500,0.05
2025-01-16 14:45:00,823.08,824.43,822.9,824.25,445024,-0.3050,0.1568,-294.52,822.8500,0.17
2025-01-16 14:50:00,824.15,824.43,822.43,822.63,495614,-0.3077,0.1568,-296.24,822.8500,-0.03
2025-01-16 14:55:00,822.58,824.63,822,824.5,480426,-0.1687,0.1568,-207.59,822.8500,0.20
2025-01-16 15:00:00,824.45,826.18,823.95,826,1111712,0.0288,0.1568,-81.63,822.8500,0.38
2025-01-16 15:05:00,825.98,826.48,824.78,825.98,1107652,0.1555,0.1568,-0.83,822.8500,0.38
2025-01-16 15:10:00,825.98,827.33,825.3,827.28,962808,0.3150,0.1568,100.89,822.8500,0.54
2025-01-16 15:15:00,827.23,827.5,826.55,827.25,940726,0.4011,0.1568,155.80,822.8500,0.53
2025-01-16 15:20:00,827.25,827.28,825.5,826.73,962906,0.4046,0.1568,158.04,822.8500,0.47
2025-01-16 15:25:00,826.7,827.9,825.63,827.43,632516,0.4330,0.1568,176.15,822.8500,0.56
2025-01-17 09:15:00,821.9,825.25,821,824,961842,0.2109,0.4330,-51.29,827.4300,-0.41
2025-01-17 09:20:00,824,824,822.35,822.65,308170,-0.0242,0.4330,-105.59,827.4300,-0.58
2025-01-17 09:25:00,822.7,822.78,819.73,821.2,258742,-0.2614,0.4330,-160.37,827.4300,-0.75
2025-01-17 09:30:00,821.2,822.8,820.08,822.43,388350,-0.3160,0.4330,-172.98,827.4300,-0.60
2025-01-17 09:35:00,822.45,822.93,818.28,818.33,268580,-0.5926,0.4330,-236.86,827.4300,-1.10
2025-01-17 09:40:00,818.33,818.33,817.1,817.35,156046,-0.7935,0.4330,-283.26,827.4300,-1.22
2025-01-17 09:45:00,817.35,818.73,817.25,818.58,103544,-0.7935,0.4330,-283.26,827.4300,-1.07
2025-01-17 09:50:00,818.53,820.2,818.5,819.43,84084,-0.6900,0.4330,-259.35,827.4300,-0.97
2025-01-17 09:55:00,819.35,820.63,818.68,819.75,110348,-0.5593,0.4330,-229.17,827.4300,-0.93
2025-01-17 10:00:00,819.88,820.03,818.7,818.75,78986,-0.5015,0.4330,-215.82,827.4300,-1.05
2025-01-17 10:05:00,818.9,819.63,818.58,819.43,43948,-0.3839,0.4330,-188.66,827.4300,-0.97
2025-01-17 10:10:00,819.33,819.78,818.78,819.28,67402,-0.2872,0.4330,-166.33,827.4300,-0.98
2025-01-17 10:15:00,819.28,820.38,819.23,819.95,91094,-0.1556,0.4330,-135.94,827.4300,-0.90
2025-01-17 10:20:00,819.95,820.43,818.58,818.58,188578,-0.1389,0.4330,-132.08,827.4300,-1.07
2025-01-17 10:25:00,818.58,819.2,817.85,819.08,160338,-0.0754,0.4330,-117.41,827.4300,-1.01
2025-01-17 10:30:00,818.98,819,818,818.43,127224,-0.0591,0.4330,-113.65,827.4300,-1.09
2025-01-17 10:35:00,818.2,818.45,816.08,817.23,164456,-0.1083,0.4330,-125.01,827.4300,-1.23
2025-01-17 10:40:00,817.23,818.25,817.08,817.65,131746,-0.0923,0.4330,-121.32,827.4300,-1.18
2025-01-17 10:45:00,817.5,818.2,816.2,816.2,223182,-0.1553,0.4330,-135.87,827.4300,-1.36
2025-01-17 10:50:00,816.35,816.35,815,816.2,241700,-0.1718,0.4330,-139.68,827.4300,-1.36
2025-01-17 10:55:00,816.2,816.23,814.25,815.18,214338,-0.2229,0.4330,-151.48,827.4300,-1.48
2025-01-17 11:00:00,815.18,815.93,814.93,815.5,156784,-0.2069,0.4330,-147.78,827.4300,-1.44
2025-01-17 11:05:00,815.4,816.43,815.28,816.2,172836,-0.1251,0.4330,-128.89,827.4300,-1.36
2025-01-17 11:10:00,816.08,816.2,815.13,815.33,87362,-0.1062,0.4330,-124.53,827.4300,-1.46
2025-01-17 11:15:00,815.38,816.88,815.33,816.88,102892,0.0270,0.4330,-93.76,827.4300,-1.28
2025-01-17 11:20:00,816.73,817.1,816,817.1,206088,0.1398,0.4330,-67.71,827.4300,-1.25
2025-01-17 11:25:00,817.13,817.63,816.73,817.03,146512,0.2152,0.4330,-50.30,827.4300,-1.26
2025-01-17 11:30:00,817,818.75,816.65,818.3,110408,0.3482,0.4330,-19.58,827.4300,-1.10
2025-01-17 11:35:00,818.35,818.45,817.8,817.95,85396,0.4062,0.4330,-6.19,827.4300,-1.15
2025-01-17 11:40:00,817.95,818.45,817.7,817.75,70368,0.4227,0.4330,-2.38,827.4300,-1.17
2025-01-17 11:45:00,818.05,818.13,816.43,816.9,109204,0.3699,0.4330,-14.57,827.4300,-1.27
2025-01-17 11:50:00,816.9,817.23,816.68,816.85,109378,0.3267,0.4330,-24.55,827.4300,-1.28
2025-01-17 11:55:00,816.85,817.2,816.28,816.93,321442,0.2993,0.4330,-30.88,827.4300,-1.27
2025-01-17 12:00:00,816.93,818.35,816.2,817.93,116300,0.3412,0.4330,-21.20,827.4300,-1.15
2025-01-17 12:05:00,817.75,818.25,814.9,818.2,3182210,0.3771,0.4330,-12.91,827.4300,-1.12
2025-01-17 12:10:00,817.93,818.35,816.93,817.75,176906,0.3605,0.4330,-16.74,827.4300,-1.17
2025-01-17 12:15:00,817.85,819.45,817.1,819.13,246970,0.4278,0.4330,-1.20,827.4300,-1.00
2025-01-17 12:20:00,819.13,819.75,817.93,818.48,193880,0.4136,0.4330,-4.48,827.4300,-1.08
2025-01-17 12:25:00,818.48,818.95,816.83,818.08,181188,0.3642,0.4330,-15.89,827.4300,-1.13
2025-01-17 12:30:00,818.08,819.28,817.93,819.15,126496,0.3882,0.4330,-10.35,827.4300,-1.00
2025-01-17 12:35:00,819.03,819.7,818.1,819.55,119766,0.4133,0.4330,-4.55,827.4300,-0.95
2025-01-17 12:40:00,819.63,819.63,816.13,818.35,3452430,0.3348,0.4330,-22.68,827.4300,-1.10
2025-01-17 12:45:00,818.28,818.8,817.53,818.4,122672,0.2745,0.4330,-36.61,827.4300,-1.09
2025-01-17 12:50:00,818.4,819.38,818.1,819.35,236562,0.2855,0.4330,-34.06,827.4300,-0.98
2025-01-17 12:55:00,819.1,819.5,818.75,818.93,107168,0.2525,0.4330,-41.69,827.4300,-1.03
2025-01-17 13:00:00,818.98,819.23,818.33,818.6,265336,0.1990,0.4330,-54.04,827.4300,-1.07
2025-01-17 13:05:00,818.33,818.98,817.5,817.6,146344,0.0920,0.4330,-78.75,827.4300,-1.19
2025-01-17 13:10:00,817.53,817.98,817.03,817.5,313698,0.0145,0.4330,-96.65,827.4300,-1.20
2025-01-17 13:15:00,817.5,817.75,817.03,817.38,121994,-0.0418,0.4330,-109.65,827.4300,-1.21
2025-01-17 13:20:00,817.38,817.58,816.73,817.2,126270,-0.0857,0.4330,-119.79,827.4300,-1.24
2025-01-17 13:25:00,817.1,817.78,816.7,817.33,110270,-0.0994,0.4330,-122.96,827.4300,-1.22
2025-01-17 13:30:00,817.53,818.2,817.28,817.7,78552,-0.0780,0.4330,-118.01,827.4300,-1.18
2025-01-17 13:35:00,817.65,818.05,817.15,818,75426,-0.0400,0.4330,-109.24,827.4300,-1.14
2025-01-17 13:40:00,818,818.23,817,817.55,131844,-0.0413,0.4330,-109.54,827.4300,-1.19
2025-01-17 13:45:00,817.55,817.83,817.1,817.5,105178,-0.0417,0.4330,-109.63,827.4300,-1.20
2025-01-17 13:50:00,817.53,817.98,817.28,817.5,94572,-0.0380,0.4330,-108.78,827.4300,-1.20
2025-01-17 13:55:00,817.5,818.5,817.25,818.05,111080,0.0031,0.4330,-99.28,827.4300,-1.13
2025-01-17 14:00:00,818.05,819.45,817.9,818.38,142098,0.0514,0.4330,-88.13,827.4300,-1.09
2025-01-17 14:05:00,818.33,818.4,817.15,817.78,130346,0.0424,0.4330,-90.21,827.4300,-1.17
2025-01-17 14:10:00,817.78,818.43,817.53,818.43,208552,0.0775,0.4330,-82.10,827.4300,-1.09
2025-01-17 14:15:00,818.4,818.65,817.4,817.58,232006,0.0425,0.4330,-90.18,827.4300,-1.19
2025-01-17 14:20:00,817.65,818.4,817.53,817.93,198326,0.0419,0.4330,-90.32,827.4300,-1.15
2025-01-17 14:25:00,817.9,818.68,817.78,818.55,151694,0.0801,0.4330,-81.50,827.4300,-1.07
2025-01-17 14:30:00,818.55,818.93,817.83,818.15,153738,0.0752,0.4330,-82.63,827.4300,-1.12
2025-01-17 14:35:00,818,818.78,817.68,818.48,176566,0.0901,0.4330,-79.19,827.4300,-1.08
2025-01-17 14:40:00,818.48,819.45,818.38,819.18,164848,0.1399,0.4330,-67.69,827.4300,-1.00
2025-01-17 14:45:00,819.18,819.3,818.58,819.05,207368,0.1558,0.4330,-64.02,827.4300,-1.01
2025-01-17 14:50:00,819.05,819.13,817.95,818.08,194988,0.0956,0.4330,-77.92,827.4300,-1.13
2025-01-17 14:55:00,818.03,818.93,817.75,818.93,150018,0.1067,0.4330,-75.36,827.4300,-1.03
2025-01-17 15:00:00,818.95,819.03,817.25,817.55,784132,0.0195,0.4330,-95.50,827.4300,-1.19
2025-01-17 15:05:00,817.75,818.63,817.4,818.35,830916,0.0143,0.4330,-96.70,827.4300,-1.10
2025-01-17 15:10:00,818.35,818.45,818,818.15,618436,-0.0031,0.4330,-100.72,827.4300,-1.12
2025-01-17 15:15:00,818.18,819.23,818,818.93,921084,0.0353,0.4330,-91.85,827.4300,-1.03
2025-01-17 15:20:00,818.93,819.45,818.7,819.23,731914,0.0759,0.4330,-82.47,827.4300,-0.99
2025-01-17 15:25:00,819.2,819.28,815.48,818.35,727250,0.0404,0.4330,-90.67,827.4300,-1.10
2025-01-20 09:15:00,813.5,816.98,813.05,815.95,1175304,-0.1381,0.0404,-441.83,818.3500,-0.29
2025-01-20 09:20:00,815.88,817.28,815.65,816.13,293296,-0.2319,0.0404,-674.01,818.3500,-0.27
2025-01-20 09:25:00,816.28,819.95,815.75,819.23,451548,-0.0809,0.0404,-300.25,818.3500,0.11
2025-01-20 09:30:00,819.23,819.5,817.33,817.8,225762,-0.0732,0.0404,-281.19,818.3500,-0.07
2025-01-20 09:35:00,817.8,820.4,817.53,819.68,168144,0.0557,0.0404,37.87,818.3500,0.16
2025-01-20 09:40:00,819.68,821,819.33,819.65,199066,0.1317,0.0404,225.99,818.3500,0.16
2025-01-20 09:45:00,819.65,820.3,818.28,820.2,115684,0.2074,0.0404,413.37,818.3500,0.23
2025-01-20 09:50:00,820,820.8,819.7,820.38,152494,0.2548,0.0404,530.69,818.3500,0.25
2025-01-20 09:55:00,820.13,821.4,820.05,820.55,217228,0.2807,0.0404,594.80,818.3500,0.27
2025-01-20 10:00:00,820.55,820.83,819.83,820.75,118218,0.2931,0.0404,625.50,818.3500,0.29
2025-01-20 10:05:00,820.75,821.15,820.08,820.33,120876,0.2561,0.0404,533.91,818.3500,0.24
2025-01-20 10:10:00,820.33,820.78,819.85,820.48,84468,0.2259,0.0404,459.16,818.3500,0.26
2025-01-20 10:15:00,820.43,822.45,820.3,822.13,192162,0.2968,0.0404,634.65,818.3500,0.46
2025-01-20 10:20:00,822.4,822.98,821.78,822.6,134744,0.3514,0.0404,769.80,818.3500,0.52
2025-01-20 10:25:00,822.6,822.9,821.2,821.93,98848,0.3192,0.0404,690.10,818.3500,0.44
2025-01-20 10:30:00,821.8,822.15,821,821.4,65510,0.2426,0.0404,500.50,818.3500,0.37
2025-01-20 10:35:00,821.4,823.25,821.13,823.15,144472,0.2872,0.0404,610.89,818.3500,0.59
2025-01-20 10:40:00,823.08,823.2,821.4,822.2,166732,0.2324,0.0404,475.25,818.3500,0.47
2025-01-20 10:45:00,822.2,822.2,820.65,821,110960,0.1016,0.0404,151.49,818.3500,0.32
2025-01-20 10:50:00,821,823,820.93,822.2,247514,0.0831,0.0404,105.69,818.3500,0.47
2025-01-20 10:55:00,822.28,822.75,821.73,822.48,161426,0.0770,0.0404,90.59,818.3500,0.50
2025-01-20 11:00:00,822.48,822.5,821.5,821.88,81106,0.0226,0.0404,-44.06,818.3500,0.43
2025-01-20 11:05:00,821.83,822.4,821.5,822.25,63460,0.0027,0.0404,-93.32,818.3500,0.48
2025-01-20 11:10:00,822.25,822.83,821.98,822.83,86428,0.0188,0.0404,-53.47,818.3500,0.55
2025-01-20 11:15:00,822.83,828.28,822.75,827.93,369262,0.3451,0.0404,754.21,818.3500,1.17
2025-01-20 11:20:00,828,830.48,827.45,828.48,454752,0.5576,0.0404,1280.20,818.3500,1.24
2025-01-20 11:25:00,828.48,829.15,826.9,827.88,730978,0.6128,0.0404,1416.83,818.3500,1.16
2025-01-20 11:30:00,827.88,828.93,827.45,827.85,92884,0.6017,0.0404,1389.36,818.3500,1.16
2025-01-20 11:35:00,827.65,828.23,827.35,827.85,106680,0.5500,0.0404,1261.39,818.3500,1.16
2025-01-20 11:40:00,827.83,828,826.95,827.55,158190,0.4553,0.0404,1026.98,818.3500,1.12
2025-01-20 11:45:00,827.5,827.8,826.2,827.08,78554,0.3266,0.0404,708.42,818.3500,1.07
2025-01-20 11:50:00,827.15,827.78,826.65,827.2,105242,0.2204,0.0404,445.54,818.3500,1.08
2025-01-20 11:55:00,827.3,827.48,826.08,826.33,86282,0.0700,0.0404,73.27,818.3500,0.98
2025-01-20 12:00:00,826.43,827.5,826.03,826.3,1042986,-0.0466,0.0404,-215.35,818.3500,0.97
2025-01-20 12:05:00,826.3,826.3,824.9,825.03,64712,-0.2151,0.0404,-632.43,818.3500,0.82
2025-01-20 12:10:00,825.03,825.75,824.88,825.58,79372,-0.2905,0.0404,-819.06,818.3500,0.88
2025-01-20 12:15:00,825.7,826,825.08,825.63,94948,-0.3349,0.0404,-928.96,818.3500,0.89
2025-01-20 12:20:00,825.98,827.5,825.58,827.28,117500,-0.2547,0.0404,-730.45,818.3500,1.09
2025-01-20 12:25:00,827.43,827.43,825.5,826.18,86858,-0.2755,0.0404,-781.93,818.3500,0.96
2025-01-20 12:30:00,826.05,826.08,824.78,825,538790,-0.3630,0.0404,-998.51,818.3500,0.81
2025-01-20 12:35:00,825.3,826.4,825,826.18,67292,-0.3363,0.0404,-932.43,818.3500,0.96
2025-01-20 12:40:00,826.2,827,825.83,826.48,78014,-0.2947,0.0404,-829.46,818.3500,0.99
2025-01-20 12:45:00,826.48,827.5,826.1,827.5,82276,-0.1995,0.0404,-593.81,818.3500,1.12
2025-01-20 12:50:00,827.28,827.75,826.15,826.18,77692,-0.2245,0.0404,-655.69,818.3500,0.96
2025-01-20 12:55:00,826.35,826.53,825.05,825.48,103072,-0.2834,0.0404,-801.49,818.3500,0.87
2025-01-20 13:00:00,825.48,825.88,825,825.7,137798,-0.3011,0.0404,-845.30,818.3500,0.90
2025-01-20 13:05:00,825.83,828.5,825.55,827.85,177568,-0.1683,0.0404,-516.58,818.3500,1.16
2025-01-20 13:10:00,828,828.38,826.98,827.85,181814,-0.0848,0.0404,-309.90,818.3500,1.16
2025-01-20 13:15:00,827.83,829.43,827.35,827.75,488776,-0.0429,0.0404,-206.19,818.3500,1.15
2025-01-20 13:20:00,827.7,828.05,826.63,826.88,76290,-0.0783,0.0404,-293.81,818.3500,1.04
2025-01-20 13:25:00,826.88,826.95,826,826.03,122090,-0.1588,0.0404,-493.07,818.3500,0.94
2025-01-20 13:30:00,826,826.38,825.28,825.93,137274,-0.2151,0.0404,-632.43,818.3500,0.93
2025-01-20 13:35:00,825.73,826.13,825.25,825.45,116624,-0.2771,0.0404,-785.89,818.3500,0.87
2025-01-20 13:40:00,825.35,825.88,825.05,825.48,104264,-0.3062,0.0404,-857.92,818.3500,0.87
2025-01-20 13:45:00,825.63,825.75,825.03,825.48,80144,-0.3144,0.0404,-878.22,818.3500,0.87
2025-01-20 13:50:00,825.45,826.18,825.18,825.9,100666,-0.2815,0.0404,-796.78,818.3500,0.92
2025-01-20 13:55:00,825.88,826.13,825.05,825.4,106392,-0.2827,0.0404,-799.75,818.3500,0.86
2025-01-20 14:00:00,825.4,825.83,824.2,825,308834,-0.2981,0.0404,-837.87,818.3500,0.81
2025-01-20 14:05:00,825,825.55,824.78,825.15,143704,-0.2859,0.0404,-807.67,818.3500,0.83
2025-01-20 14:10:00,825.15,826,825,825.98,1217148,-0.2130,0.0404,-627.23,818.3500,0.93
2025-01-20 14:15:00,825.98,826.63,825.73,825.93,96488,-0.1615,0.0404,-499.75,818.3500,0.93
2025-01-20 14:20:00,825.93,826.5,825.73,826.28,88934,-0.1002,0.0404,-348.02,818.3500,0.97
2025-01-20 14:25:00,826.28,826.45,825.25,825.6,113434,-0.1015,0.0404,-351.24,818.3500,0.89
2025-01-20 14:30:00,825.6,825.8,825,825.28,120634,-0.1188,0.0404,-394.06,818.3500,0.85
2025-01-20 14:35:00,825.4,826.4,825.15,825.55,148888,-0.1072,0.0404,-365.35,818.3500,0.88
2025-01-20 14:40:00,825.6,825.7,825,825.18,127324,-0.1188,0.0404,-394.06,818.3500,0.83
2025-01-20 14:45:00,825.3,825.5,824.95,825.45,147174,-0.1032,0.0404,-355.45,818.3500,0.87
2025-01-20 14:50:00,825.45,826.15,825.23,825.88,188902,-0.0609,0.0404,-250.74,818.3500,0.92
2025-01-20 14:55:00,825.9,826,825,825.05,143144,-0.0843,0.0404,-308.66,818.3500,0.82
2025-01-20 15:00:00,825.13,825.88,825.05,825.25,299366,-0.0818,0.0404,-302.48,818.3500,0.84
2025-01-20 15:05:00,825.23,826.03,825,826,368874,-0.0279,0.0404,-169.06,818.3500,0.93
2025-01-20 15:10:00,826.03,826.65,825.88,826.08,291732,0.0127,0.0404,-68.56,818.3500,0.94
2025-01-20 15:15:00,826.08,826.18,825,825.48,507474,-0.0006,0.0404,-101.49,818.3500,0.87
2025-01-20 15:20:00,825.5,825.93,825,825.85,328160,0.0150,0.0404,-62.87,818.3500,0.92
2025-01-20 15:25:00,825.83,826.5,825,826.43,419388,0.0611,0.0404,51.24,818.3500,0.99
2025-01-21 09:15:00,829,830.53,827,827.5,427030,0.1552,0.0611,154.01,826.4300,0.13
2025-01-21 09:20:00,827.35,828,826.5,827.65,216116,0.2153,0.0611,252.37,826.4300,0.15
2025-01-21 09:25:00,827.63,827.95,825,827.5,290948,0.2313,0.0611,278.56,826.4300,0.13
2025-01-21 09:30:00,827.45,827.9,824.08,824.83,397908,0.0575,0.0611,-5.89,826.4300,-0.19
2025-01-21 09:35:00,824.75,825.9,823.95,824.8,192730,-0.0578,0.0611,-194.60,826.4300,-0.20
2025-01-21 09:40:00,824.8,826.93,824.63,826.23,142998,-0.0371,0.0611,-160.72,826.4300,-0.02
2025-01-21 09:45:00,826.23,827.5,825.45,827.38,184932,0.0499,0.0611,-18.33,826.4300,0.11
2025-01-21 09:50:00,827.4,827.95,826.1,826.5,131260,0.0444,0.0611,-27.33,826.4300,0.01
2025-01-21 09:55:00,826.5,826.95,823.75,823.93,192308,-0.1269,0.0611,-307.69,826.4300,-0.30
2025-01-21 10:00:00,823.75,824.25,822.15,822.7,196518,-0.3072,0.0611,-602.78,826.4300,-0.45
2025-01-21 10:05:00,822.85,823.33,821.5,821.85,76798,-0.4589,0.0611,-851.06,826.4300,-0.55
2025-01-21 10:10:00,821.7,822.68,821.13,822.63,71856,-0.4795,0.0611,-884.78,826.4300,-0.46
2025-01-21 10:15:00,822.63,823.13,821.28,822,82666,-0.5058,0.0611,-927.82,826.4300,-0.54
2025-01-21 10:20:00,822.03,822.08,819.5,820.05,2317614,-0.6174,0.0611,-1110.47,826.4300,-0.77
2025-01-21 10:25:00,820.1,821.25,818.83,819.18,303994,-0.7063,0.0611,-1255.97,826.4300,-0.88
2025-01-21 10:30:00,818.9,820.33,818.6,819.85,97976,-0.6763,0.0611,-1206.87,826.4300,-0.80
2025-01-21 10:35:00,819.85,822.28,819.75,822,763376,-0.4775,0.0611,-881.51,826.4300,-0.54
2025-01-21 10:40:00,822.23,822.23,820.48,820.53,40322,-0.4132,0.0611,-776.27,826.4300,-0.71
2025-01-21 10:45:00,820.53,821.38,820,820.75,51066,-0.3278,0.0611,-636.50,826.4300,-0.69
2025-01-21 10:50:00,820.75,821.1,820,820.58,53214,-0.2577,0.0611,-521.77,826.4300,-0.71
2025-01-21 10:55:00,820.65,820.65,818.08,818.08,85808,-0.3491,0.0611,-671.36,826.4300,-1.01
2025-01-21 11:00:00,818.1,819.25,817.63,818.4,77388,-0.3561,0.0611,-682.82,826.4300,-0.97
2025-01-21 11:05:00,818.4,819.1,817.5,817.55,92970,-0.3837,0.0611,-727.99,826.4300,-1.07
2025-01-21 11:10:00,817.55,817.93,816.53,817.68,75810,-0.3594,0.0611,-688.22,826.4300,-1.06
2025-01-21 11:15:00,817.55,819.5,817.2,818.95,231968,-0.2302,0.0611,-476.76,826.4300,-0.91
2025-01-21 11:20:00,818.98,819.63,818.5,819.05,128824,-0.1162,0.0611,-290.18,826.4300,-0.89
2025-01-21 11:25:00,819.05,819.73,818.38,818.85,95296,-0.0365,0.0611,-159.74,826.4300,-0.92
2025-01-21 11:30:00,818.63,819.98,818.6,819.18,502296,0.0513,0.0611,-16.04,826.4300,-0.88
2025-01-21 11:35:00,819.18,820.3,819.08,819.78,224368,0.1567,0.0611,156.46,826.4300,-0.80
2025-01-21 11:40:00,819.78,821.95,819.5,821.45,189578,0.3356,0.0611,449.26,826.4300,-0.60
2025-01-21 11:45:00,821.3,829.58,821.3,827.23,3053236,0.8127,0.0611,1230.11,826.4300,0.10
2025-01-21 11:50:00,827.23,830.28,826.33,828.33,676912,1.1512,0.0611,1784.12,826.4300,0.23
2025-01-21 11:55:00,828.35,829.83,826.65,826.65,1647312,1.2050,0.0611,1872.18,826.4300,0.03
2025-01-21 12:00:00,826.65,827.35,825.78,826.3,191498,1.1597,0.0611,1798.04,826.4300,-0.02
2025-01-21 12:05:00,826.3,826.45,823,824.3,308898,0.9467,0.0611,1449.43,826.4300,-0.26
2025-01-21 12:10:00,824.33,825.08,823.08,823.7,266988,0.7269,0.0611,1089.69,826.4300,-0.33
2025-01-21 12:15:00,823.85,823.9,818.8,819.53,875302,0.2849,0.0611,366.28,826.4300,-0.83
2025-01-21 12:20:00,819.63,819.95,817.63,817.95,566872,-0.1085,0.0611,-277.58,826.4300,-1.03
2025-01-21 12:25:00,818.03,818.7,817.08,817.55,243618,-0.3753,0.0611,-714.24,826.4300,-1.07
2025-01-21 12:30:00,817.55,818.58,816.6,817.58,187992,-0.5205,0.0611,-951.88,826.4300,-1.07
2025-01-21 12:35:00,817.58,818,816.8,817.43,112412,-0.5921,0.0611,-1069.07,826.4300,-1.09
2025-01-21 12:40:00,817.63,818.5,817.28,818.05,133408,-0.5634,0.0611,-1022.09,826.4300,-1.01
2025-01-21 12:45:00,818.05,819.93,817.58,819.03,127572,-0.4491,0.0611,-835.02,826.4300,-0.90
2025-01-21 12:50:00,818.73,820,818.5,819.98,129282,-0.2879,0.0611,-571.19,826.4300,-0.78
2025-01-21 12:55:00,819.83,823.68,819.45,823.13,372226,0.0351,0.0611,-42.55,826.4300,-0.40
2025-01-21 13:00:00,823.05,824.85,822.38,824.08,247422,0.3023,0.0611,394.76,826.4300,-0.28
2025-01-21 13:05:00,823.95,824.23,822.58,823.18,104566,0.4017,0.0611,557.45,826.4300,-0.39
2025-01-21 13:10:00,823.18,823.4,822.35,823.4,72804,0.4612,0.0611,654.83,826.4300,-0.37
2025-01-21 13:15:00,823.4,823.73,820.03,820.15,136234,0.2702,0.0611,342.23,826.4300,-0.76
2025-01-21 13:20:00,820.15,821.5,819.1,821.3,238156,0.2123,0.0611,247.46,826.4300,-0.62
2025-01-21 13:25:00,821.25,825.08,820.9,824.3,1118010,0.3584,0.0611,486.58,826.4300,-0.26
2025-01-21 13:30:00,824.3,826.1,823.25,823.85,217504,0.4038,0.0611,560.88,826.4300,-0.31
2025-01-21 13:35:00,823.8,824.38,822.65,823.75,107916,0.4051,0.0611,563.01,826.4300,-0.32
2025-01-21 13:40:00,823.58,824.2,823.28,823.93,137124,0.3957,0.0611,547.63,826.4300,-0.30
2025-01-21 13:45:00,823.8,824.23,823.38,823.98,91074,0.3707,0.0611,506.71,826.4300,-0.30
2025-01-21 13:50:00,823.95,824,821.53,822.13,142522,0.2153,0.0611,252.37,826.4300,-0.52
2025-01-21 13:55:00,822.13,822.78,820.3,822.68,207388,0.1390,0.0611,127.50,826.4300,-0.45
2025-01-21 14:00:00,822.68,823.73,822.15,823.55,119616,0.1363,0.0611,123.08,826.4300,-0.35
2025-01-21 14:05:00,823.55,823.55,821.65,823.28,122314,0.1068,0.0611,74.80,826.4300,-0.38
2025-01-21 14:10:00,823.28,823.48,822.05,822.15,136728,0.0070,0.0611,-88.54,826.4300,-0.52
2025-01-21 14:15:00,822.1,822.7,821.08,821.93,270854,-0.0737,0.0611,-220.62,826.4300,-0.54
2025-01-21 14:20:00,821.93,822.8,821.33,822.43,284954,-0.0919,0.0611,-250.41,826.4300,-0.48
2025-01-21 14:25:00,822.25,823.5,822.03,823.48,251706,-0.0348,0.0611,-156.96,826.4300,-0.36
2025-01-21 14:30:00,823.48,824,821.1,821.88,497568,-0.1025,0.0611,-267.76,826.4300,-0.55
2025-01-21 14:35:00,821.88,822.18,820.15,820.95,685794,-0.2019,0.0611,-430.44,826.4300,-0.66
2025-01-21 14:40:00,820.95,821.08,817.6,819.13,729790,-0.3723,0.0611,-709.33,826.4300,-0.88
2025-01-21 14:45:00,819.23,820.33,818.38,820.13,555800,-0.3974,0.0611,-750.41,826.4300,-0.76
2025-01-21 14:50:00,820,820.93,819.48,819.78,562098,-0.4154,0.0611,-779.87,826.4300,-0.80
2025-01-21 14:55:00,819.78,820.63,818.93,819.78,1143424,-0.4047,0.0611,-762.36,826.4300,-0.80
2025-01-21 15:00:00,819.5,820.4,818.83,820.03,1565368,-0.3597,0.0611,-688.71,826.4300,-0.77
2025-01-21 15:05:00,820.03,821.33,819.45,821.1,1152494,-0.2424,0.0611,-496.73,826.4300,-0.64
2025-01-21 15:10:00,821.13,822.85,820.63,822,982504,-0.0963,0.0611,-257.61,826.4300,-0.54
2025-01-21 15:15:00,822.13,823.55,821.03,821.9,810222,-0.0033,0.0611,-105.40,826.4300,-0.55
2025-01-21 15:20:00,821.7,822.85,821.5,822.65,598974,0.1057,0.0611,73.00,826.4300,-0.46
2025-01-21 15:25:00,822.6,824.15,822.05,822.88,848990,0.1856,0.0611,203.76,826.4300,-0.43
2025-01-22 09:15:00,821.55,827.4,819.5,826.45,913972,0.4559,0.1856,145.64,822.8800,0.43
2025-01-22 09:20:00,826.25,827.45,821.95,823.75,332390,0.4301,0.1856,131.73,822.8800,0.11
2025-01-22 09:25:00,823.7,825.9,823.5,825.58,238892,0.5082,0.1856,173.81,822.8800,0.33
2025-01-22 09:30:00,825.5,827,824.45,826.98,215670,0.6187,0.1856,233.35,822.8800,0.50
2025-01-22 09:35:00,826.8,827.13,825.5,827,272692,0.6543,0.1856,252.53,822.8800,0.50
2025-01-22 09:40:00,826.95,827.08,822.63,822.95,401802,0.3798,0.1856,104.63,822.8800,0.01
2025-01-22 09:45:00,822.98,823.9,821.93,823.13,331076,0.1944,0.1856,4.74,822.8800,0.03
2025-01-22 09:50:00,823.3,823.88,820.13,821.9,382778,-0.0158,0.1856,-108.51,822.8800,-0.12
2025-01-22 09:55:00,821.9,824.75,821.68,823.3,224168,-0.0626,0.1856,-133.73,822.8800,0.05
2025-01-22 10:00:00,823.3,825.5,822.63,825.35,136090,0.0369,0.1856,-80.12,822.8800,0.30
2025-01-22 10:05:00,825.35,826.25,825,826.23,124176,0.1483,0.1856,-20.10,822.8800,0.41
2025-01-22 10:10:00,826.05,826.5,825,826,95426,0.1901,0.1856,2.42,822.8800,0.38
2025-01-22 10:15:00,826,826.38,824.88,825.48,70954,0.1671,0.1856,-9.97,822.8800,0.32
2025-01-22 10:20:00,825.38,825.98,824.53,825.48,120884,0.1376,0.1856,-25.86,822.8800,0.32
2025-01-22 10:25:00,825.73,826.7,822.23,822.73,2155990,-0.0704,0.1856,-137.93,822.8800,-0.02
2025-01-22 10:30:00,822.73,823.5,822,822.73,95820,-0.2036,0.1856,-209.70,822.8800,-0.02
2025-01-22 10:35:00,822.73,822.75,820,820.1,147750,-0.4503,0.1856,-342.62,822.8800,-0.34
2025-01-22 10:40:00,820.13,821.45,820.1,820.93,111084,-0.5335,0.1856,-387.45,822.8800,-0.24
2025-01-22 10:45:00,820.9,823.38,820.63,822.43,150214,-0.4657,0.1856,-350.92,822.8800,-0.05
2025-01-22 10:50:00,822.28,823.45,821.68,823.45,62584,-0.3365,0.1856,-281.30,822.8800,0.07
2025-01-22 10:55:00,823.4,825,823.08,824.63,91750,-0.1646,0.1856,-188.69,822.8800,0.21
2025-01-22 11:00:00,824.63,825.5,823.35,823.35,90602,-0.1316,0.1856,-170.91,822.8800,0.06
2025-01-22 11:05:00,823.35,823.73,822.35,822.5,91942,-0.1595,0.1856,-185.94,822.8800,-0.05
2025-01-22 11:10:00,822.55,822.55,820.78,821.25,162076,-0.2495,0.1856,-234.43,822.8800,-0.20
2025-01-22 11:15:00,821.03,821.98,820.53,821.78,207822,-0.2593,0.1856,-239.71,822.8800,-0.13
2025-01-22 11:20:00,821.6,822.4,821.25,821.5,88342,-0.2696,0.1856,-245.26,822.8800,-0.17
2025-01-22 11:25:00,821.53,822.65,821.25,822.15,62242,-0.2196,0.1856,-218.32,822.8800,-0.09
2025-01-22 11:30:00,822.08,822.98,820,820.53,89332,-0.2789,0.1856,-250.27,822.8800,-0.29
2025-01-22 11:35:00,820.35,821.45,820,820.15,94800,-0.3237,0.1856,-274.41,822.8800,-0.33
2025-01-22 11:40:00,820.18,820.8,819.03,820.08,145060,-0.3366,0.1856,-281.36,822.8800,-0.34
2025-01-22 11:45:00,820.08,821,819.13,820.18,167434,-0.3173,0.1856,-270.96,822.8800,-0.33
2025-01-22 11:50:00,820,820.73,819.5,820.48,165386,-0.2652,0.1856,-242.89,822.8800,-0.29
2025-01-22 11:55:00,820.45,822.43,819.55,822.43,308568,-0.0894,0.1856,-148.17,822.8800,-0.05
2025-01-22 12:00:00,822.43,822.98,821.93,822.4,88276,0.0285,0.1856,-84.64,822.8800,-0.06
2025-01-22 12:05:00,822.4,822.58,821.5,822.4,134724,0.1058,0.1856,-43.00,822.8800,-0.06
2025-01-22 12:10:00,822.4,823.18,821.95,822.9,272258,0.1853,0.1856,-0.16,822.8800,0.00
2025-01-22 12:15:00,822.63,823.58,821.58,822.08,223022,0.1773,0.1856,-4.47,822.8800,-0.10
2025-01-22 12:20:00,822.25,824.08,822.23,822.63,197060,0.2019,0.1856,8.78,822.8800,-0.03
2025-01-22 12:25:00,822.53,823.8,822.25,822.68,92020,0.2134,0.1856,14.98,822.8800,-0.02
2025-01-22 12:30:00,822.68,823.5,822.25,822.68,149430,0.2122,0.1856,14.33,822.8800,-0.02
2025-01-22 12:35:00,822.75,826,822.58,824,278216,0.2871,0.1856,54.69,822.8800,0.14
2025-01-22 12:40:00,824.08,824.3,822.3,823.13,110806,0.2651,0.1856,42.83,822.8800,0.03
2025-01-22 12:45:00,823.05,823.23,821.5,822.08,102404,0.1716,0.1856,-7.54,822.8800,-0.10
2025-01-22 12:50:00,821.95,822.65,821.6,821.85,92808,0.0901,0.1856,-51.45,822.8800,-0.13
2025-01-22 12:55:00,821.95,822.33,821.53,821.78,90636,0.0304,0.1856,-83.62,822.8800,-0.13
2025-01-22 13:00:00,821.8,822.15,820.13,820.45,159672,-0.0930,0.1856,-150.11,822.8800,-0.30
2025-01-22 13:05:00,820.45,820.75,815.35,817.28,325002,-0.3671,0.1856,-297.79,822.8800,-0.68
2025-01-22 13:10:00,817.3,817.98,812.73,817.18,346014,-0.5245,0.1856,-382.60,822.8800,-0.69
2025-01-22 13:15:00,816.98,818.43,816.5,817.05,149512,-0.6012,0.1856,-423.92,822.8800,-0.71
2025-01-22 13:20:00,816.7,817.33,815.4,815.68,112354,-0.7012,0.1856,-477.80,822.8800,-0.87
2025-01-22 13:25:00,815.5,816.4,815.15,815.8,103850,-0.7137,0.1856,-484.54,822.8800,-0.86
2025-01-22 13:30:00,815.75,817.48,815.68,816.05,126770,-0.6608,0.1856,-456.03,822.8800,-0.83
2025-01-22 13:35:00,816.08,818,815.5,817.03,145106,-0.5217,0.1856,-381.09,822.8800,-0.71
2025-01-22 13:40:00,817.03,817.15,814.43,815,135888,-0.5266,0.1856,-383.73,822.8800,-0.96
2025-01-22 13:45:00,815,815.63,813.65,814.75,106710,-0.5069,0.1856,-373.11,822.8800,-0.99
2025-01-22 13:50:00,814.63,815.8,814,815,188704,-0.4396,0.1856,-336.85,822.8800,-0.96
2025-01-22 13:55:00,815,815.75,814.45,815.13,127934,-0.3527,0.1856,-290.03,822.8800,-0.94
2025-01-22 14:00:00,815.05,816.68,814.58,815.95,189798,-0.2133,0.1856,-214.92,822.8800,-0.84
2025-01-22 14:05:00,815.85,819.7,814.13,818.5,739898,0.0627,0.1856,-66.22,822.8800,-0.53
2025-01-22 14:10:00,818.35,827.55,818.13,826.5,1961098,0.7575,0.1856,308.14,822.8800,0.44
2025-01-22 14:15:00,826.38,830.48,824.65,829.65,1365496,1.3671,0.1856,636.58,822.8800,0.82
2025-01-22 14:20:00,829.65,831.7,827.8,828.63,888144,1.6221,0.1856,773.98,822.8800,0.70
2025-01-22 14:25:00,828.8,833.75,828.65,832.48,1843010,1.9485,0.1856,949.84,822.8800,1.17
2025-01-22 14:30:00,832.48,832.78,825.5,827.98,911006,1.7654,0.1856,851.19,822.8800,0.62
2025-01-22 14:35:00,827.98,832,826.18,830.25,699610,1.7004,0.1856,816.16,822.8800,0.90
2025-01-22 14:40:00,830.23,833.28,828.9,830.78,678194,1.5980,0.1856,760.99,822.8800,0.96
2025-01-22 14:45:00,830.78,833,829.63,832.03,870990,1.5199,0.1856,718.91,822.8800,1.11
2025-01-22 14:50:00,832.18,834.7,831.8,833,565438,1.4396,0.1856,675.65,822.8800,1.23
2025-01-22 14:55:00,832.98,835.4,832.45,834.73,752470,1.4075,0.1856,658.35,822.8800,1.44
2025-01-22 15:00:00,834.73,835.93,833.83,835.2,1066746,1.3237,0.1856,613.20,822.8800,1.50
2025-01-22 15:05:00,835.23,835.23,831.1,831.23,1657176,0.9254,0.1856,398.60,822.8800,1.01
2025-01-22 15:10:00,831.13,833.93,830.95,832.88,935818,0.7075,0.1856,281.20,822.8800,1.22
2025-01-22 15:15:00,832.78,833.18,830.78,830.95,903280,0.3840,0.1856,106.90,822.8800,0.98
2025-01-22 15:20:00,830.98,833.55,830.75,833.15,1019638,0.2739,0.1856,47.58,822.8800,1.25
2025-01-22 15:25:00,833.1,835.95,833,835.95,912094,0.3410,0.1856,83.73,822.8800,1.59
2025-01-23 09:15:00,843,843,834.5,835.1,2661996,0.2820,0.3410,-17.30,835.9500,-0.10
2025-01-23 09:20:00,835.08,835.4,831.75,834.63,1103420,0.1706,0.3410,-49.97,835.9500,-0.16
2025-01-23 09:25:00,834.58,836.63,832.5,833,724680,-0.0421,0.3410,-112.35,835.9500,-0.35
2025-01-23 09:30:00,833,835.45,832.8,835.15,445670,-0.0660,0.3410,-119.35,835.9500,-0.10
2025-01-23 09:35:00,835.1,836.2,833.73,835.68,518728,-0.0734,0.3410,-121.52,835.9500,-0.03
2025-01-23 09:40:00,835.6,836,833.25,834.58,571404,-0.1740,0.3410,-151.03,835.9500,-0.16
2025-01-23 09:45:00,834.35,837.3,833.98,836.25,364162,-0.1505,0.3410,-144.13,835.9500,0.04
2025-01-23 09:50:00,836.23,837.85,835.43,836.2,274190,-0.1600,0.3410,-146.92,835.9500,0.03
2025-01-23 09:55:00,836.43,837.75,836,836.48,578074,-0.1681,0.3410,-149.30,835.9500,0.06
2025-01-23 10:00:00,836.4,837.93,835.05,837.73,484602,-0.1127,0.3410,-133.05,835.9500,0.21
2025-01-23 10:05:00,837.7,838.23,836.98,837.2,267468,-0.1338,0.3410,-139.24,835.9500,0.15
2025-01-23 10:10:00,837.2,837.85,836,836.68,903948,-0.2007,0.3410,-158.86,835.9500,0.09
2025-01-23 10:15:00,836.83,836.83,835,835.23,177012,-0.3517,0.3410,-203.14,835.9500,-0.09
2025-01-23 10:20:00,835.23,835.4,834.15,834.55,208192,-0.4976,0.3410,-245.92,835.9500,-0.17
2025-01-23 10:25:00,834.65,835.48,833.73,835,320018,-0.5594,0.3410,-264.05,835.9500,-0.11
2025-01-23 10:30:00,835,835.28,833.8,834.93,204758,-0.5971,0.3410,-275.10,835.9500,-0.12
2025-01-23 10:35:00,834.93,834.93,832.98,833.4,227270,-0.7096,0.3410,-308.09,835.9500,-0.31
2025-01-23 10:40:00,833.5,834,832.75,833,160984,-0.7893,0.3410,-331.47,835.9500,-0.35
2025-01-23 10:45:00,833.1,833.63,832,833.03,243370,-0.8151,0.3410,-339.03,835.9500,-0.35
2025-01-23 10:50:00,833.1,833.15,828.95,829.5,597986,-1.0310,0.3410,-402.35,835.9500,-0.77
2025-01-23 10:55:00,829.5,830.3,828.1,830,307256,-1.0953,0.3410,-421.20,835.9500,-0.71
2025-01-23 11:00:00,830.03,830.48,828.33,828.9,373320,-1.1608,0.3410,-440.41,835.9500,-0.84
2025-01-23 11:05:00,829,831.15,828.23,830.53,433444,-1.0467,0.3410,-406.95,835.9500,-0.65
2025-01-23 11:10:00,830.55,830.78,829.8,830.33,245986,-0.9404,0.3410,-375.78,835.9500,-0.67
2025-01-23 11:15:00,830.45,830.6,829.33,830.3,674112,-0.8316,0.3410,-343.87,835.9500,-0.68
2025-01-23 11:20:00,830.5,830.68,829.03,829.38,552642,-0.7819,0.3410,-329.30,835.9500,-0.79
2025-01-23 11:25:00,829.58,829.63,826.88,828.53,466310,-0.7655,0.3410,-324.49,835.9500,-0.89
2025-01-23 11:30:00,828.68,829.18,827.75,828.38,175652,-0.7244,0.3410,-312.43,835.9500,-0.91
2025-01-23 11:35:00,828.4,828.48,827.23,828.3,381564,-0.6640,0.3410,-294.72,835.9500,-0.92
2025-01-23 11:40:00,828.43,828.43,825.63,826.38,364314,-0.7104,0.3410,-308.33,835.9500,-1.14
2025-01-23 11:45:00,826.38,828.38,825.95,826.4,344820,-0.6961,0.3410,-304.13,835.9500,-1.14
2025-01-23 11:50:00,826.43,827.13,826.1,826.98,203092,-0.6069,0.3410,-277.98,835.9500,-1.07
2025-01-23 11:55:00,826.98,828,826.88,827.1,200968,-0.5037,0.3410,-247.71,835.9500,-1.06
2025-01-23 12:00:00,827.1,827.65,826.7,826.9,224176,-0.4162,0.3410,-222.05,835.9500,-1.08
2025-01-23 12:05:00,827,827.43,826.58,826.9,211768,-0.3295,0.3410,-196.63,835.9500,-1.08
2025-01-23 12:10:00,826.93,828.35,826.75,828,201554,-0.1768,0.3410,-151.85,835.9500,-0.95
2025-01-23 12:15:00,828,830.43,827.8,830.15,257930,0.0765,0.3410,-77.57,835.9500,-0.69
2025-01-23 12:20:00,830.18,830.95,829.63,830.7,299866,0.2775,0.3410,-18.62,835.9500,-0.63
2025-01-23 12:25:00,830.8,831.23,829.55,829.95,169960,0.3514,0.3410,3.05,835.9500,-0.72
2025-01-23 12:30:00,829.85,830.95,829.78,830.85,218876,0.4464,0.3410,30.91,835.9500,-0.61
2025-01-23 12:35:00,830.73,830.85,829.43,830.18,383016,0.4483,0.3410,31.47,835.9500,-0.69
2025-01-23 12:40:00,830.13,830.18,829,829.33,404494,0.3794,0.3410,11.26,835.9500,-0.79
2025-01-23 12:45:00,829.33,830.15,829,829.63,286496,0.3421,0.3410,0.32,835.9500,-0.76
2025-01-23 12:50:00,829.65,830.95,828.63,828.73,337200,0.2493,0.3410,-26.89,835.9500,-0.86
2025-01-23 12:55:00,828.78,830.05,828.55,829.73,271450,0.2472,0.3410,-27.51,835.9500,-0.74
2025-01-23 13:00:00,829.68,831.03,829.55,830.18,1863994,0.2665,0.3410,-21.85,835.9500,-0.69
2025-01-23 13:05:00,830.18,830.5,830,830.25,285094,0.2732,0.3410,-19.88,835.9500,-0.68
2025-01-23 13:10:00,830.25,832.28,830.18,831.7,440256,0.3592,0.3410,5.34,835.9500,-0.51
2025-01-23 13:15:00,831.68,832.28,831.55,831.6,293296,0.3907,0.3410,14.57,835.9500,-0.52
2025-01-23 13:20:00,831.6,833.73,831.55,832.55,659880,0.4524,0.3410,32.67,835.9500,-0.41
2025-01-23 13:25:00,832.55,832.9,831.88,832.7,214552,0.4777,0.3410,40.09,835.9500,-0.39
2025-01-23 13:30:00,832.73,832.83,831.28,831.6,298558,0.3981,0.3410,16.74,835.9500,-0.52
2025-01-23 13:35:00,831.6,832.7,831.35,832.53,242610,0.3855,0.3410,13.05,835.9500,-0.41
2025-01-23 13:40:00,832.53,833.9,832.43,833.2,260528,0.3981,0.3410,16.74,835.9500,-0.33
2025-01-23 13:45:00,833.23,833.5,832.6,833.4,242310,0.3949,0.3410,15.81,835.9500,-0.31
2025-01-23 13:50:00,833.38,833.9,832.78,833,315794,0.3429,0.3410,0.56,835.9500,-0.35
2025-01-23 13:55:00,833,833.25,832.3,833.18,304634,0.2991,0.3410,-12.29,835.9500,-0.33
2025-01-23 14:00:00,833.18,833.43,830.88,831.43,218964,0.1390,0.3410,-59.24,835.9500,-0.54
2025-01-23 14:05:00,831.45,832.28,830.6,831,169858,-0.0018,0.3410,-100.53,835.9500,-0.59
2025-01-23 14:10:00,831.15,832.15,830.13,831.65,299670,-0.0540,0.3410,-115.84,835.9500,-0.51
2025-01-23 14:15:00,831.5,831.9,830.83,831.48,314120,-0.1003,0.3410,-129.41,835.9500,-0.53
2025-01-23 14:20:00,831.43,831.78,830.55,830.85,212972,-0.1696,0.3410,-149.74,835.9500,-0.61
2025-01-23 14:25:00,830.75,833.93,830.65,832.5,811648,-0.1037,0.3410,-130.41,835.9500,-0.41
2025-01-23 14:30:00,832.43,833.28,832.28,833.13,278062,-0.0214,0.3410,-106.28,835.9500,-0.34
2025-01-23 14:35:00,833.13,833.38,832.7,833.25,269956,0.0343,0.3410,-89.94,835.9500,-0.32
2025-01-23 14:40:00,833.23,833.5,832.75,832.75,353388,0.0309,0.3410,-90.94,835.9500,-0.38
2025-01-23 14:45:00,832.78,833.4,832.68,832.85,388010,0.0287,0.3410,-91.58,835.9500,-0.37
2025-01-23 14:50:00,832.83,833,832.23,832.28,435676,-0.0154,0.3410,-104.52,835.9500,-0.44
2025-01-23 14:55:00,832.28,832.65,831.28,831.88,483936,-0.0725,0.3410,-121.26,835.9500,-0.49
2025-01-23 15:00:00,831.93,833.05,831.88,832.65,910144,-0.0600,0.3410,-117.60,835.9500,-0.39
2025-01-23 15:05:00,832.6,833.08,832.25,832.5,899824,-0.0631,0.3410,-118.50,835.9500,-0.41
2025-01-23 15:10:00,832.53,833.2,832.48,832.5,848372,-0.0661,0.3410,-119.38,835.9500,-0.41
2025-01-23 15:15:00,832.6,832.85,831.8,832.1,1027870,-0.0942,0.3410,-127.62,835.9500,-0.46
2025-01-23 15:20:00,832.13,832.95,832,832.58,1041334,-0.0802,0.3410,-123.52,835.9500,-0.40
2025-01-23 15:25:00,832.55,832.68,831.3,832.5,504814,-0.0762,0.3410,-122.35,835.9500,-0.41
2025-01-24 09:15:00,829.95,832.38,827.18,830.45,995346,-0.2041,-0.0762,167.85,832.5000,-0.25
2025-01-24 09:20:00,830.43,833.33,829.35,832.95,519060,-0.1172,-0.0762,53.81,832.5000,0.05
2025-01-24 09:25:00,833,833.18,831.95,832.05,509746,-0.1169,-0.0762,53.41,832.5000,-0.05
2025-01-24 09:30:00,832.03,832.58,830.5,831.95,400014,-0.1196,-0.0762,56.96,832.5000,-0.07
2025-01-24 09:35:00,831.83,832.93,830.2,830.6,700484,-0.2035,-0.0762,167.06,832.5000,-0.23
2025-01-24 09:40:00,830.3,832.3,830.28,831.68,216310,-0.1784,-0.0762,134.12,832.5000,-0.10
2025-01-24 09:45:00,831.65,831.98,829.35,829.35,290920,-0.3035,-0.0762,298.29,832.5000,-0.38
2025-01-24 09:50:00,829.45,829.9,828.5,829.1,501840,-0.3828,-0.0762,402.36,832.5000,-0.41
2025-01-24 09:55:00,828.83,830.28,828.58,829.75,468256,-0.3708,-0.0762,386.61,832.5000,-0.33
2025-01-24 10:00:00,829.75,831.43,829.5,830.7,134208,-0.2823,-0.0762,270.47,832.5000,-0.22
2025-01-24 10:05:00,830.7,831.95,830.63,831.9,100684,-0.1339,-0.0762,75.72,832.5000,-0.07
2025-01-24 10:10:00,831.88,832.38,831.28,831.45,256852,-0.0607,-0.0762,-20.34,832.5000,-0.13
2025-01-24 10:15:00,831.5,831.9,830.55,830.68,184346,-0.0588,-0.0762,-22.83,832.5000,-0.22
2025-01-24 10:20:00,830.7,832.43,829.58,832.08,252098,0.0370,-0.0762,-148.56,832.5000,-0.05
2025-01-24 10:25:00,832.33,833.83,831.93,832.88,230970,0.1482,-0.0762,-294.49,832.5000,0.05
2025-01-24 10:30:00,832.88,833.25,830.65,831.1,168892,0.0983,-0.0762,-229.00,832.5000,-0.17
2025-01-24 10:35:00,830.88,833.45,830.53,832.55,152734,0.1559,-0.0762,-304.59,832.5000,0.01
2025-01-24 10:40:00,832.58,833.18,832.38,832.5,243430,0.1818,-0.0762,-338.58,832.5000,0.00
2025-01-24 10:45:00,832.5,833.05,832.15,832.53,162496,0.1911,-0.0762,-350.79,832.5000,0.00
2025-01-24 10:50:00,832.53,832.98,831.6,832.85,335550,0.2076,-0.0762,-372.44,832.5000,0.04
2025-01-24 10:55:00,832.85,834,831.78,833.93,300466,0.2759,-0.0762,-462.07,832.5000,0.17
2025-01-24 11:00:00,833.93,834.25,832.65,834.05,262650,0.3110,-0.0762,-508.14,832.5000,0.19
2025-01-24 11:05:00,834,834.3,833.18,833.88,283082,0.3044,-0.0762,-499.48,832.5000,0.17
2025-01-24 11:10:00,833.63,835.15,833.28,834.28,259966,0.3076,-0.0762,-503.67,832.5000,0.21
2025-01-24 11:15:00,834.28,834.83,832.58,832.98,281168,0.2076,-0.0762,-372.44,832.5000,0.06
2025-01-24 11:20:00,832.98,833.2,832.25,832.85,198550,0.1224,-0.0762,-260.63,832.5000,0.04
2025-01-24 11:25:00,832.85,833.28,832.5,832.95,228458,0.0653,-0.0762,-185.70,832.5000,0.05
2025-01-24 11:30:00,832.95,833.23,832.25,832.38,388536,-0.0141,-0.0762,-81.50,832.5000,-0.01
2025-01-24 11:35:00,832.38,832.48,831.73,832.1,352130,-0.0848,-0.0762,11.29,832.5000,-0.05
2025-01-24 11:40:00,832.03,834.25,831.75,833.78,113912,-0.0211,-0.0762,-72.31,832.5000,0.15
2025-01-24 11:45:00,833.78,833.95,832.53,833.33,111580,-0.0122,-0.0762,-83.99,832.5000,0.10
2025-01-24 11:50:00,833.03,833.73,833,833.13,125536,-0.0223,-0.0762,-70.73,832.5000,0.08
2025-01-24 11:55:00,833.13,833.23,832.13,832.85,204972,-0.0488,-0.0762,-35.96,832.5000,0.04
2025-01-24 12:00:00,832.85,833.5,832.63,833.08,104552,-0.0515,-0.0762,-32.41,832.5000,0.07
2025-01-24 12:05:00,833,833.18,832.25,832.58,147380,-0.0857,-0.0762,12.47,832.5000,0.01
2025-01-24 12:10:00,832.58,833.35,832.5,832.95,118990,-0.0820,-0.0762,7.61,832.5000,0.05
2025-01-24 12:15:00,832.95,833.88,832.63,833.6,139070,-0.0368,-0.0762,-51.71,832.5000,0.13
2025-01-24 12:20:00,833.58,833.9,832.93,833.23,228070,-0.0329,-0.0762,-56.82,832.5000,0.09
2025-01-24 12:25:00,833.23,833.83,832.5,832.98,289394,-0.0473,-0.0762,-37.93,832.5000,0.06
2025-01-24 12:30:00,832.98,833.25,832.25,832.6,470874,-0.0808,-0.0762,6.04,832.5000,0.01
2025-01-24 12:35:00,832.6,832.85,830.68,831.33,385750,-0.1809,-0.0762,137.40,832.5000,-0.14
2025-01-24 12:40:00,831.35,831.75,830.38,830.63,378414,-0.2809,-0.0762,268.64,832.5000,-0.22
2025-01-24 12:45:00,830.63,831.63,830.03,830.88,332938,-0.3142,-0.0762,312.34,832.5000,-0.19
2025-01-24 12:50:00,830.88,831.38,830.05,830.6,240774,-0.3371,-0.0762,342.39,832.5000,-0.23
2025-01-24 12:55:00,830.6,830.83,830.05,830.25,365900,-0.3560,-0.0762,367.19,832.5000,-0.27
2025-01-24 13:00:00,830.25,830.48,828.73,829.03,381170,-0.4261,-0.0762,459.19,832.5000,-0.42
2025-01-24 13:05:00,829.03,829.33,828.28,829.05,258900,-0.4445,-0.0762,483.33,832.5000,-0.41
2025-01-24 13:10:00,829.03,829.38,827.68,827.85,295316,-0.5063,-0.0762,564.44,832.5000,-0.56
2025-01-24 13:15:00,827.75,828.23,826.73,827.08,324074,-0.5636,-0.0762,639.63,832.5000,-0.65
2025-01-24 13:20:00,827.08,827.55,826.1,826.38,179488,-0.6093,-0.0762,699.61,832.5000,-0.74
2025-01-24 13:25:00,826.38,827.15,826.2,826.8,193308,-0.5724,-0.0762,651.18,832.5000,-0.68
2025-01-24 13:30:00,826.8,827.3,825.35,825.78,195270,-0.5763,-0.0762,656.30,832.5000,-0.81
2025-01-24 13:35:00,825.78,827.58,825.25,826.83,926388,-0.4721,-0.0762,519.55,832.5000,-0.68
2025-01-24 13:40:00,826.83,827.33,826.33,827.05,153082,-0.3576,-0.0762,369.29,832.5000,-0.65
2025-01-24 13:45:00,826.98,827.2,826.15,826.58,254388,-0.2858,-0.0762,275.07,832.5000,-0.71
2025-01-24 13:50:00,826.58,828.43,826.43,827.88,165454,-0.1309,-0.0762,71.78,832.5000,-0.55
2025-01-24 13:55:00,827.88,828.23,826.83,827.48,155722,-0.0403,-0.0762,-47.11,832.5000,-0.60
2025-01-24 14:00:00,827.38,828.85,827,828.55,227998,0.0992,-0.0762,-230.18,832.5000,-0.47
2025-01-24 14:05:00,828.55,830.05,827.23,827.38,452652,0.1189,-0.0762,-256.04,832.5000,-0.62
2025-01-24 14:10:00,827.38,827.6,826.25,826.55,208712,0.0838,-0.0762,-209.97,832.5000,-0.71
2025-01-24 14:15:00,826.55,827.45,825.55,826.58,1314504,0.0710,-0.0762,-193.18,832.5000,-0.71
2025-01-24 14:20:00,826.58,826.93,825.03,825.18,208118,-0.0186,-0.0762,-75.59,832.5000,-0.88
2025-01-24 14:25:00,825.18,826.23,824.65,825.85,161458,-0.0196,-0.0762,-74.28,832.5000,-0.80
2025-01-24 14:30:00,825.88,827.03,825.58,827.03,324318,0.0677,-0.0762,-188.85,832.5000,-0.66
2025-01-24 14:35:00,827,827.08,825.5,825.65,174590,0.0422,-0.0762,-155.38,832.5000,-0.82
2025-01-24 14:40:00,825.5,826.3,824.58,825.83,347638,0.0468,-0.0762,-161.42,832.5000,-0.80
2025-01-24 14:45:00,825.8,825.95,825,825.25,155754,0.0214,-0.0762,-128.08,832.5000,-0.87
2025-01-24 14:50:00,825.33,825.63,824.03,824.2,260970,-0.0515,-0.0762,-32.41,832.5000,-1.00
2025-01-24 14:55:00,824.18,825.4,823.78,825,209352,-0.0322,-0.0762,-57.74,832.5000,-0.90
2025-01-24 15:00:00,825.03,825.48,824.18,824.28,442000,-0.0530,-0.0762,-30.45,832.5000,-0.99
2025-01-24 15:05:00,824.33,826.3,824.28,825.28,605962,0.0120,-0.0762,-115.75,832.5000,-0.87
2025-01-24 15:10:00,825.28,825.9,824.53,825.08,769486,0.0508,-0.0762,-166.67,832.5000,-0.89
2025-01-24 15:15:00,825.08,825.75,825,825.08,509974,0.0837,-0.0762,-209.84,832.5000,-0.89
2025-01-24 15:20:00,825.25,825.58,823.5,823.53,699310,0.0122,-0.0762,-116.01,832.5000,-1.08
2025-01-24 15:25:00,823.55,824.33,822.25,822.5,292800,-0.0879,-0.0762,15.35,832.5000,-1.20
2025-01-27 09:15:00,820.55,821.8,814.4,815.05,1313164,-0.6102,-0.0879,594.20,822.5000,-0.91
2025-01-27 09:20:00,814.7,817.4,814,816.5,589386,-0.8003,-0.0879,810.47,822.5000,-0.73
2025-01-27 09:25:00,816.68,818.23,815.1,816.28,473504,-0.8771,-0.0879,897.84,822.5000,-0.76
2025-01-27 09:30:00,816.28,818.45,815.03,818.25,391556,-0.7370,-0.0879,738.45,822.5000,-0.52
2025-01-27 09:35:00,818.43,819.95,817.5,817.53,380594,-0.6383,-0.0879,626.17,822.5000,-0.60
2025-01-27 09:40:00,817.6,818.73,816.1,818.68,424490,-0.4500,-0.0879,411.95,822.5000,-0.46
2025-01-27 09:45:00,818.58,818.73,816.75,817.75,433446,-0.3470,-0.0879,294.77,822.5000,-0.58
2025-01-27 09:50:00,817.75,819.23,817.55,817.6,361298,-0.2524,-0.0879,187.14,822.5000,-0.60
2025-01-27 09:55:00,817.6,818.1,816.05,817.03,370126,-0.1942,-0.0879,120.93,822.5000,-0.67
2025-01-27 10:00:00,817.03,817.8,815.65,816.2,224016,-0.1780,-0.0879,102.50,822.5000,-0.77
2025-01-27 10:05:00,816.2,818.23,816.18,816.63,202324,-0.1082,-0.0879,23.09,822.5000,-0.71
2025-01-27 10:10:00,816.7,817.6,815.75,816.88,195090,-0.0197,-0.0879,-77.59,822.5000,-0.68
2025-01-27 10:15:00,816.85,817.5,815,815.33,238822,-0.0390,-0.0879,-55.63,822.5000,-0.87
2025-01-27 10:20:00,815.13,816.03,814.58,815.3,365996,-0.0276,-0.0879,-68.60,822.5000,-0.88
2025-01-27 10:25:00,815.3,815.8,814.1,814.43,200388,-0.0513,-0.0879,-41.64,822.5000,-0.98
2025-01-27 10:30:00,814.4,814.45,813,813.73,190162,-0.0846,-0.0879,-3.75,822.5000,-1.07
2025-01-27 10:35:00,813.73,814.63,813.73,814.35,191164,-0.0379,-0.0879,-56.88,822.5000,-0.99
2025-01-27 10:40:00,814.35,815,814,814.2,218958,0.0075,-0.0879,-108.53,822.5000,-1.01
2025-01-27 10:45:00,814.18,816.45,814.13,816.15,196478,0.1838,-0.0879,-309.10,822.5000,-0.77
2025-01-27 10:50:00,816.15,816.8,815.25,815.33,212718,0.2555,-0.0879,-390.67,822.5000,-0.87
2025-01-27 10:55:00,815.38,817.48,815.38,816.8,224462,0.4036,-0.0879,-559.16,822.5000,-0.69
2025-01-27 11:00:00,816.88,817.15,815.85,815.98,158262,0.4448,-0.0879,-606.03,822.5000,-0.79
2025-01-27 11:05:00,816.03,817,815.93,816.58,186794,0.5063,-0.0879,-676.00,822.5000,-0.72
2025-01-27 11:10:00,816.58,816.7,816,816.6,194976,0.5392,-0.0879,-713.42,822.5000,-0.72
2025-01-27 11:15:00,816.6,817.33,816.5,816.95,105242,0.5723,-0.0879,-751.08,822.5000,-0.67
2025-01-27 11:20:00,816.95,818,816.68,817.35,357776,0.6057,-0.0879,-789.08,822.5000,-0.63
2025-01-27 11:25:00,817.38,817.38,816,816.43,260752,0.5518,-0.0879,-727.76,822.5000,-0.74
2025-01-27 11:30:00,816.43,816.65,815.45,816.2,349622,0.4889,-0.0879,-656.20,822.5000,-0.77
2025-01-27 11:35:00,816.2,816.33,815.5,815.53,78122,0.3944,-0.0879,-548.69,822.5000,-0.85
2025-01-27 11:40:00,815.53,815.93,815,815.05,265534,0.2963,-0.0879,-437.09,822.5000,-0.91
2025-01-27 11:45:00,815.05,815.88,815.05,815.33,292942,0.2489,-0.0879,-383.16,822.5000,-0.87
2025-01-27 11:50:00,815.33,815.78,815.13,815.55,252366,0.2314,-0.0879,-363.25,822.5000,-0.84
2025-01-27 11:55:00,815.55,815.88,815.08,815.85,175518,0.2381,-0.0879,-370.88,822.5000,-0.81
2025-01-27 12:00:00,815.85,816.23,815.45,815.75,362554,0.2335,-0.0879,-365.64,822.5000,-0.82
2025-01-27 12:05:00,815.88,816.15,815.5,815.78,253090,0.2299,-0.0879,-361.55,822.5000,-0.82
2025-01-27 12:10:00,815.78,816.43,815,815.63,333688,0.2151,-0.0879,-344.71,822.5000,-0.84
2025-01-27 12:15:00,815.55,815.68,814.75,815.53,330502,0.1968,-0.0879,-323.89,822.5000,-0.85
2025-01-27 12:20:00,815.53,817.38,815.43,817.3,378898,0.2960,-0.0879,-436.75,822.5000,-0.63
2025-01-27 12:25:00,817.23,817.35,816.35,816.95,209912,0.3278,-0.0879,-472.92,822.5000,-0.67
2025-01-27 12:30:00,816.83,817.2,816.5,816.73,101386,0.3232,-0.0879,-467.69,822.5000,-0.70
2025-01-27 12:35:00,816.73,817.5,816.53,817.28,147862,0.3445,-0.0879,-491.92,822.5000,-0.63
2025-01-27 12:40:00,817.45,817.9,816.55,816.98,374114,0.3258,-0.0879,-470.65,822.5000,-0.67
2025-01-27 12:45:00,816.98,817.6,816.6,816.68,426458,0.2823,-0.0879,-421.16,822.5000,-0.71
2025-01-27 12:50:00,816.75,816.9,816.18,816.53,357748,0.2344,-0.0879,-366.67,822.5000,-0.73
2025-01-27 12:55:00,816.55,817.1,816,816.9,348638,0.2190,-0.0879,-349.15,822.5000,-0.68
2025-01-27 13:00:00,816.8,817.1,816.53,816.73,155510,0.1898,-0.0879,-315.93,822.5000,-0.70
2025-01-27 13:05:00,816.68,817.4,816.63,817.3,192446,0.2002,-0.0879,-327.76,822.5000,-0.63
2025-01-27 13:10:00,817.33,817.5,816.58,817.08,197042,0.1841,-0.0879,-309.44,822.5000,-0.66
2025-01-27 13:15:00,817.08,817.45,816.98,817.05,166892,0.1639,-0.0879,-286.46,822.5000,-0.66
2025-01-27 13:20:00,817,817.5,816.98,817.08,188902,0.1456,-0.0879,-265.64,822.5000,-0.66
2025-01-27 13:25:00,817.08,817.2,815.75,816,237600,0.0584,-0.0879,-166.44,822.5000,-0.79
2025-01-27 13:30:00,816,816.98,815.73,816.5,183726,0.0331,-0.0879,-137.66,822.5000,-0.73
2025-01-27 13:35:00,816.5,816.95,815.75,816.08,265468,-0.0107,-0.0879,-87.83,822.5000,-0.78
2025-01-27 13:40:00,816.1,817.1,816,816.83,217584,0.0108,-0.0879,-112.29,822.5000,-0.69
2025-01-27 13:45:00,817.1,817.48,816.45,816.7,172024,0.0160,-0.0879,-118.20,822.5000,-0.71
2025-01-27 13:50:00,816.7,817,816.13,816.13,145876,-0.0175,-0.0879,-80.09,822.5000,-0.77
2025-01-27 13:55:00,816.13,817,816.08,816.33,196688,-0.0242,-0.0879,-72.47,822.5000,-0.75
2025-01-27 14:00:00,816.28,816.93,816.08,816.35,200478,-0.0253,-0.0879,-71.22,822.5000,-0.75
2025-01-27 14:05:00,816.23,816.5,815.58,816.35,367526,-0.0240,-0.0879,-72.70,822.5000,-0.75
2025-01-27 14:10:00,816.35,816.5,815.3,816,140184,-0.0436,-0.0879,-50.40,822.5000,-0.79
2025-01-27 14:15:00,815.95,816.5,815.1,815.58,162304,-0.0795,-0.0879,-9.56,822.5000,-0.84
2025-01-27 14:20:00,815.73,815.98,815.18,815.28,98388,-0.1161,-0.0879,32.08,822.5000,-0.88
2025-01-27 14:25:00,815.28,815.5,814.98,815.33,331436,-0.1284,-0.0879,46.08,822.5000,-0.87
2025-01-27 14:30:00,815.33,815.43,814.3,814.85,259434,-0.1585,-0.0879,80.32,822.5000,-0.93
2025-01-27 14:35:00,814.9,815.33,814.53,814.95,430108,-0.1608,-0.0879,82.94,822.5000,-0.92
2025-01-27 14:40:00,814.95,815.9,814.78,815.55,275768,-0.1132,-0.0879,28.78,822.5000,-0.84
2025-01-27 14:45:00,815.58,816.23,814.98,815.13,268758,-0.1017,-0.0879,15.70,822.5000,-0.90
2025-01-27 14:50:00,815.2,815.73,814.75,815.43,436232,-0.0673,-0.0879,-23.44,822.5000,-0.86
2025-01-27 14:55:00,815.43,815.45,814.25,814.55,267494,-0.0954,-0.0879,8.53,822.5000,-0.97
2025-01-27 15:00:00,814.55,815,814.23,814.63,475290,-0.0998,-0.0879,13.54,822.5000,-0.96
2025-01-27 15:05:00,814.63,816.2,814.5,816.2,597464,0.0062,-0.0879,-107.05,822.5000,-0.77
2025-01-27 15:10:00,816.2,816.53,814.93,815.23,574798,0.0138,-0.0879,-115.70,822.5000,-0.88
2025-01-27 15:15:00,815.18,815.3,814.5,814.88,600724,-0.0012,-0.0879,-98.63,822.5000,-0.93
2025-01-27 15:20:00,814.88,815.18,813.7,814.13,629162,-0.0550,-0.0879,-37.43,822.5000,-1.02
2025-01-27 15:25:00,814.13,815,814,814.75,315284,-0.0429,-0.0879,-51.19,822.5000,-0.94
2025-01-28 09:15:00,823.83,827.93,823.5,826.2,1719726,0.7012,-0.0429,-1734.50,814.7500,1.41
2025-01-28 09:20:00,825.95,827.65,825.28,826.45,462522,1.1487,-0.0429,-2777.62,814.7500,1.44
2025-01-28 09:25:00,826.48,827.73,825.85,826.78,426834,1.3894,-0.0429,-3338.69,814.7500,1.48
2025-01-28 09:30:00,826.73,827.45,824.5,825,544946,1.3500,-0.0429,-3246.85,814.7500,1.26
2025-01-28 09:35:00,824.85,826.83,824,826.4,521028,1.3369,-0.0429,-3216.32,814.7500,1.43
2025-01-28 09:40:00,826.15,828.9,825.85,827.7,632652,1.3317,-0.0429,-3204.20,814.7500,1.59
2025-01-28 09:45:00,827.7,831.2,827.55,830.83,489772,1.4453,-0.0429,-3469.00,814.7500,1.97
2025-01-28 09:50:00,830.58,832.2,830,832,351494,1.4992,-0.0429,-3594.64,814.7500,2.12
2025-01-28 09:55:00,831.95,832.73,830.75,831.83,407314,1.4238,-0.0429,-3418.88,814.7500,2.10
2025-01-28 10:00:00,831.53,833.5,830.78,833.33,555910,1.3746,-0.0429,-3304.20,814.7500,2.28
2025-01-28 10:05:00,833.4,835.28,832.98,834.98,991688,1.3510,-0.0429,-3249.18,814.7500,2.48
2025-01-28 10:10:00,834.98,835.83,834.5,834.9,691518,1.2311,-0.0429,-2969.70,814.7500,2.47
2025-01-28 10:15:00,835,835.5,833.03,833.25,555460,0.9541,-0.0429,-2324.01,814.7500,2.27
2025-01-28 10:20:00,833.25,835.15,833.25,834.38,452044,0.7685,-0.0429,-1891.38,814.7500,2.41
2025-01-28 10:25:00,834.15,835.58,833.8,835.13,636350,0.6238,-0.0429,-1554.08,814.7500,2.50
2025-01-28 10:30:00,835.13,835.45,834,834.5,318744,0.4229,-0.0429,-1085.78,814.7500,2.42
2025-01-28 10:35:00,834.3,836.5,834.1,836.5,458472,0.3641,-0.0429,-948.72,814.7500,2.67
2025-01-28 10:40:00,836.35,836.93,835.53,836.7,438990,0.2819,-0.0429,-757.11,814.7500,2.69
2025-01-28 10:45:00,836.5,837.45,836.03,836.4,385128,0.1566,-0.0429,-465.03,814.7500,2.66
2025-01-28 10:50:00,836.38,836.85,835.85,836.65,146618,0.0458,-0.0429,-206.76,814.7500,2.69
2025-01-28 10:55:00,836.5,838.25,836.45,838.13,616850,0.0281,-0.0429,-165.50,814.7500,2.87
2025-01-28 11:00:00,838.05,840.5,837.5,840.1,1059164,0.1010,-0.0429,-335.43,814.7500,3.11
2025-01-28 11:05:00,840.1,840.83,838.78,839.5,498204,0.0626,-0.0429,-245.92,814.7500,3.04
2025-01-28 11:10:00,839.28,839.5,838.05,838.33,254208,-0.0801,-0.0429,86.71,814.7500,2.89
2025-01-28 11:15:00,838.33,839.15,838.05,838.5,301654,-0.1949,-0.0429,354.31,814.7500,2.92
2025-01-28 11:20:00,838.45,839.03,837.1,839.03,571534,-0.2629,-0.0429,512.82,814.7500,2.98
2025-01-28 11:25:00,839.03,840.5,838.83,840,468122,-0.2692,-0.0429,527.51,814.7500,3.10
2025-01-28 11:30:00,840,840.35,839.25,839.38,256686,-0.3375,-0.0429,686.71,814.7500,3.02
2025-01-28 11:35:00,839.45,841,839.3,840.75,417502,-0.3132,-0.0429,630.07,814.7500,3.19
2025-01-28 11:40:00,840.75,841.25,839.1,840,553282,-0.3667,-0.0429,754.78,814.7500,3.10
2025-01-28 11:45:00,840.03,840.13,838.38,839.25,349496,-0.4654,-0.0429,984.85,814.7500,3.01
2025-01-28 11:50:00,839.13,840,838.93,838.93,322932,-0.5588,-0.0429,1202.56,814.7500,2.97
2025-01-28 11:55:00,838.93,839.95,838,839.2,246078,-0.6049,-0.0429,1310.02,814.7500,3.00
2025-01-28 12:00:00,838.95,839.95,838.2,839.75,85878,-0.5998,-0.0429,1298.14,814.7500,3.07
2025-01-28 12:05:00,839.75,839.75,838.5,838.6,151932,-0.6699,-0.0429,1461.54,814.7500,2.93
2025-01-28 12:10:00,838.5,839.03,838.2,838.75,98576,-0.6991,-0.0429,1529.60,814.7500,2.95
2025-01-28 12:15:00,838.85,839.3,837.75,838.25,101720,-0.7410,-0.0429,1627.27,814.7500,2.88
2025-01-28 12:20:00,838.05,838.85,837.55,838.85,163306,-0.7167,-0.0429,1570.63,814.7500,2.96
2025-01-28 12:25:00,838.63,839.75,838.63,839.35,179294,-0.6569,-0.0429,1431.24,814.7500,3.02
2025-01-28 12:30:00,839.4,840,838.98,839.4,181072,-0.6053,-0.0429,1310.96,814.7500,3.03
2025-01-28 12:35:00,839.4,840,839.13,839.53,245924,-0.5551,-0.0429,1193.94,814.7500,3.04
2025-01-28 12:40:00,839.53,840.35,839.33,839.75,182668,-0.5013,-0.0429,1068.53,814.7500,3.07
2025-01-28 12:45:00,839.75,840.9,839.63,840.38,229114,-0.4207,-0.0429,880.65,814.7500,3.15
2025-01-28 12:50:00,840.28,842.15,839.78,841.88,397040,-0.2712,-0.0429,532.17,814.7500,3.33
2025-01-28 12:55:00,841.58,842.15,840.48,840.75,231654,-0.2535,-0.0429,490.91,814.7500,3.19
2025-01-28 13:00:00,840.75,841,840,840.3,171208,-0.2754,-0.0429,541.96,814.7500,3.14
2025-01-28 13:05:00,840.3,840.43,839.88,840,212100,-0.3107,-0.0429,624.24,814.7500,3.10
2025-01-28 13:10:00,840.23,840.43,839.4,840,180886,-0.3327,-0.0429,675.52,814.7500,3.10
2025-01-28 13:15:00,840,840.25,839.3,839.33,121768,-0.3873,-0.0429,802.80,814.7500,3.02
2025-01-28 13:20:00,839.4,839.7,838.63,838.78,186682,-0.4509,-0.0429,951.05,814.7500,2.95
2025-01-28 13:25:00,839.03,839.95,838.63,839.33,222620,-0.4455,-0.0429,938.46,814.7500,3.02
2025-01-28 13:30:00,839.35,839.4,838.5,839.28,173462,-0.4345,-0.0429,912.82,814.7500,3.01
2025-01-28 13:35:00,839.2,839.3,838.1,838.6,119038,-0.4597,-0.0429,971.56,814.7500,2.93
2025-01-28 13:40:00,838.6,838.68,837.78,838.1,151746,-0.4938,-0.0429,1051.05,814.7500,2.87
2025-01-28 13:45:00,838.1,838.43,837.75,837.98,140954,-0.5063,-0.0429,1080.19,814.7500,2.85
2025-01-28 13:50:00,837.98,838.15,836.88,837.28,166158,-0.5405,-0.0429,1159.91,814.7500,2.77
2025-01-28 13:55:00,837.28,838.2,837,837.78,162208,-0.5086,-0.0429,1085.55,814.7500,2.83
2025-01-28 14:00:00,838.03,838.43,837.3,837.8,156460,-0.4665,-0.0429,987.41,814.7500,2.83
2025-01-28 14:05:00,837.78,838.35,837.2,838,177882,-0.4077,-0.0429,850.35,814.7500,2.85
2025-01-28 14:10:00,838.15,838.25,837.2,837.35,283076,-0.3947,-0.0429,820.05,814.7500,2.77
2025-01-28 14:15:00,837.4,838.98,837.25,838.58,216870,-0.2903,-0.0429,576.69,814.7500,2.92
2025-01-28 14:20:00,838.58,839.88,838.35,839.43,305476,-0.1576,-0.0429,267.37,814.7500,3.03
2025-01-28 14:25:00,839.5,840.93,838.98,839.73,422046,-0.0490,-0.0429,14.22,814.7500,3.07
2025-01-28 14:30:00,839.73,840.35,839.1,840,236448,0.0371,-0.0429,-186.48,814.7500,3.10
2025-01-28 14:35:00,840.1,840.4,839.2,839.78,216942,0.0733,-0.0429,-270.86,814.7500,3.07
2025-01-28 14:40:00,839.93,840,839.23,839.5,228114,0.0722,-0.0429,-268.30,814.7500,3.04
2025-01-28 14:45:00,839.5,839.65,835.93,836.75,878168,-0.1100,-0.0429,156.41,814.7500,2.70
2025-01-28 14:50:00,836.75,837,834.5,835.73,865452,-0.2855,-0.0429,565.50,814.7500,2.58
2025-01-28 14:55:00,835.73,837,835.25,836.2,818258,-0.3518,-0.0429,720.05,814.7500,2.63
2025-01-28 15:00:00,836.2,836.3,834,834.33,1222888,-0.4947,-0.0429,1053.15,814.7500,2.40
2025-01-28 15:05:00,834.33,834.43,832.8,833.55,666628,-0.6075,-0.0429,1316.08,814.7500,2.31
2025-01-28 15:10:00,833.58,835,833.18,834.78,452680,-0.5659,-0.0429,1219.11,814.7500,2.46
2025-01-28 15:15:00,834.8,837.25,834.28,837.18,448748,-0.3536,-0.0429,724.24,814.7500,2.75
2025-01-28 15:20:00,837.18,837.53,835.73,836.38,399022,-0.2490,-0.0429,480.42,814.7500,2.65
2025-01-28 15:25:00,836.58,837.53,835.08,836.65,455646,-0.1485,-0.0429,246.15,814.7500,2.69
2025-01-29 09:15:00,837,840.58,836.2,836.5,796878,-0.0822,-0.1485,-44.65,836.6500,-0.02
2025-01-29 09:20:00,836.48,837.5,835.18,837.2,460096,0.0135,-0.1485,-109.09,836.6500,0.07
2025-01-29 09:25:00,837,837.2,834.43,836,265576,0.0014,-0.1485,-100.94,836.6500,-0.08
2025-01-29 09:30:00,836,837,835.03,836.5,197736,0.0308,-0.1485,-120.74,836.6500,-0.02
2025-01-29 09:35:00,836.43,836.83,834.75,836.23,215886,0.0355,-0.1485,-123.91,836.6500,-0.05
2025-01-29 09:40:00,836.23,836.38,834.75,835.23,147440,-0.0222,-0.1485,-85.05,836.6500,-0.17
2025-01-29 09:45:00,835.2,836.43,834.55,836,160082,-0.0030,-0.1485,-97.98,836.6500,-0.08
2025-01-29 09:50:00,836,836.08,835.13,835.7,86106,-0.0049,-0.1485,-96.70,836.6500,-0.11
2025-01-29 09:55:00,835.68,836.75,835.25,836.75,95308,0.0663,-0.1485,-144.65,836.6500,0.01
2025-01-29 10:00:00,836.73,837.5,835.23,835.43,392232,0.0281,-0.1485,-118.92,836.6500,-0.15
2025-01-29 10:05:00,835.28,837.35,835.28,837.18,316764,0.1193,-0.1485,-180.34,836.6500,0.06
2025-01-29 10:10:00,837.18,838.85,836.98,838.7,278284,0.2718,-0.1485,-283.03,836.6500,0.25
2025-01-29 10:15:00,838.7,839.53,836.88,837.5,416840,0.2805,-0.1485,-288.89,836.6500,0.10
2025-01-29 10:20:00,837.68,838.68,837.5,838.28,162558,0.3244,-0.1485,-318.45,836.6500,0.19
2025-01-29 10:25:00,838.25,838.73,837.6,838.05,136874,0.3228,-0.1485,-317.37,836.6500,0.17
2025-01-29 10:30:00,837.8,838.5,837.7,838.33,79982,0.3247,-0.1485,-318.65,836.6500,0.20
2025-01-29 10:35:00,838.33,838.98,838,838.73,180288,0.3355,-0.1485,-325.93,836.6500,0.25
2025-01-29 10:40:00,838.68,839.68,838.55,838.98,142100,0.3410,-0.1485,-329.63,836.6500,0.28
2025-01-29 10:45:00,838.8,839.15,837.98,838.73,106402,0.3102,-0.1485,-308.89,836.6500,0.25
2025-01-29 10:50:00,838.73,840,838.3,839.28,279430,0.3086,-0.1485,-307.81,836.6500,0.31
2025-01-29 10:55:00,839.25,839.83,838.13,839.73,164888,0.3183,-0.1485,-314.34,836.6500,0.37
2025-01-29 11:00:00,839.73,839.73,838.58,838.6,73902,0.2331,-0.1485,-256.97,836.6500,0.23
2025-01-29 11:05:00,838.6,838.63,837.78,838.33,140580,0.1471,-0.1485,-199.06,836.6500,0.20
2025-01-29 11:10:00,838.25,838.8,837.03,837.45,315088,0.0259,-0.1485,-117.44,836.6500,0.10
2025-01-29 11:15:00,837.4,837.75,836.98,837.43,132434,-0.0561,-0.1485,-62.22,836.6500,0.09
2025-01-29 11:20:00,837.35,837.88,834.63,835.13,329374,-0.2547,-0.1485,71.52,836.6500,-0.18
2025-01-29 11:25:00,834.98,837.5,834.88,837.25,171802,-0.2333,-0.1485,57.10,836.6500,0.07
2025-01-29 11:30:00,837.23,839.98,837.23,837.68,202250,-0.1825,-0.1485,22.90,836.6500,0.12
2025-01-29 11:35:00,837.55,838.03,836.75,837.3,57748,-0.1671,-0.1485,12.53,836.6500,0.08
2025-01-29 11:40:00,837.2,837.6,836.58,837.23,58054,-0.1546,-0.1485,4.11,836.6500,0.07
2025-01-29 11:45:00,837.23,838,836.73,837.98,70718,-0.0919,-0.1485,-38.11,836.6500,0.16
2025-01-29 11:50:00,837.98,837.98,837,837.78,64264,-0.0614,-0.1485,-58.65,836.6500,0.14
2025-01-29 11:55:00,837.63,837.88,837.28,837.58,65634,-0.0526,-0.1485,-64.58,836.6500,0.11
2025-01-29 12:00:00,837.65,838.33,837.43,837.65,54226,-0.0404,-0.1485,-72.79,836.6500,0.12
2025-01-29 12:05:00,837.65,837.93,836.93,837.75,95598,-0.0249,-0.1485,-83.23,836.6500,0.13
2025-01-29 12:10:00,837.88,838.25,837.58,837.88,43130,-0.0059,-0.1485,-96.03,836.6500,0.15
2025-01-29 12:15:00,837.8,839.83,837.58,838.53,145124,0.0472,-0.1485,-131.78,836.6500,0.22
2025-01-29 12:20:00,838.53,838.83,837.9,838.4,50114,0.0693,-0.1485,-146.67,836.6500,0.21
2025-01-29 12:25:00,838.38,838.7,837.78,838.33,82256,0.0742,-0.1485,-149.97,836.6500,0.20
2025-01-29 12:30:00,838.33,838.6,837.75,837.98,93792,0.0502,-0.1485,-133.80,836.6500,0.16
2025-01-29 12:35:00,837.75,838.38,837.63,837.93,49606,0.0284,-0.1485,-119.12,836.6500,0.15
2025-01-29 12:40:00,837.7,838.23,836.98,838.18,149378,0.0281,-0.1485,-118.92,836.6500,0.18
2025-01-29 12:45:00,838.18,838.48,837.68,838.18,63866,0.0253,-0.1485,-117.04,836.6500,0.18
2025-01-29 12:50:00,838.03,838.5,837.5,837.53,70492,-0.0205,-0.1485,-86.20,836.6500,0.11
2025-01-29 12:55:00,837.55,838.33,837.03,837.5,93914,-0.0511,-0.1485,-65.59,836.6500,0.10
2025-01-29 13:00:00,837.5,837.93,836.18,837.28,155470,-0.0827,-0.1485,-44.31,836.6500,0.08
2025-01-29 13:05:00,837.3,837.9,836.85,837.9,65498,-0.0595,-0.1485,-59.93,836.6500,0.15
2025-01-29 13:10:00,837.78,838,837.1,837.53,131318,-0.0661,-0.1485,-55.49,836.6500,0.11
2025-01-29 13:15:00,837.5,837.9,836.83,837.73,271510,-0.0545,-0.1485,-63.30,836.6500,0.13
2025-01-29 13:20:00,837.73,838.5,837.18,838.33,271542,-0.0066,-0.1485,-95.56,836.6500,0.20
2025-01-29 13:25:00,838.33,839.03,838.05,838.8,186962,0.0534,-0.1485,-135.96,836.6500,0.26
2025-01-29 13:30:00,838.8,838.8,837.5,837.83,186506,0.0258,-0.1485,-117.37,836.6500,0.14
2025-01-29 13:35:00,837.83,838.58,837.53,838.43,97810,0.0448,-0.1485,-130.17,836.6500,0.21
2025-01-29 13:40:00,838.13,838.7,837.5,837.75,79156,0.0103,-0.1485,-106.94,836.6500,0.13
2025-01-29 13:45:00,838,838.73,837.5,838.25,98476,0.0193,-0.1485,-113.00,836.6500,0.19
2025-01-29 13:50:00,838.25,838.6,837.5,837.9,229314,0.0008,-0.1485,-100.54,836.6500,0.15
2025-01-29 13:55:00,837.9,838.58,836.88,837.65,217324,-0.0275,-0.1485,-81.48,836.6500,0.12
2025-01-29 14:00:00,837.65,838.45,837.3,838.3,129990,-0.0030,-0.1485,-97.98,836.6500,0.20
2025-01-29 14:05:00,838.28,838.3,837.5,838.05,117688,-0.0042,-0.1485,-97.17,836.6500,0.17
2025-01-29 14:10:00,838,838.4,837.5,838.05,111366,-0.0054,-0.1485,-96.36,836.6500,0.17
2025-01-29 14:15:00,838.05,838.45,837.35,837.75,77700,-0.0256,-0.1485,-82.76,836.6500,0.13
2025-01-29 14:20:00,837.75,838,837,837.43,107640,-0.0580,-0.1485,-60.94,836.6500,0.09
2025-01-29 14:25:00,837.43,838.25,837.03,838.18,74446,-0.0279,-0.1485,-81.21,836.6500,0.18
2025-01-29 14:30:00,838.2,838.25,837.18,837.18,69704,-0.0718,-0.1485,-51.65,836.6500,0.06
2025-01-29 14:35:00,837.48,837.93,837,837.45,118476,-0.0786,-0.1485,-47.07,836.6500,0.10
2025-01-29 14:40:00,837.68,838.5,837.33,838.48,127286,-0.0130,-0.1485,-91.25,836.6500,0.22
2025-01-29 14:45:00,838.48,838.95,837.68,837.93,153258,-0.0064,-0.1485,-95.69,836.6500,0.15
2025-01-29 14:50:00,837.93,838.65,837.5,838.45,106204,0.0312,-0.1485,-121.01,836.6500,0.22
2025-01-29 14:55:00,838.6,838.73,837.93,838.6,87430,0.0626,-0.1485,-142.15,836.6500,0.23
2025-01-29 15:00:00,838.6,838.6,837.63,838.03,147306,0.0424,-0.1485,-128.55,836.6500,0.16
2025-01-29 15:05:00,838.03,839.18,837.85,838.38,282424,0.0495,-0.1485,-133.33,836.6500,0.21
2025-01-29 15:10:00,838.38,838.83,838.05,838.5,251272,0.0586,-0.1485,-139.46,836.6500,0.22
2025-01-29 15:15:00,838.53,839.43,838.5,839.03,327744,0.0944,-0.1485,-163.57,836.6500,0.28
2025-01-29 15:20:00,839.03,839.65,838.58,839.35,226202,0.1316,-0.1485,-188.62,836.6500,0.32
2025-01-29 15:25:00,839.35,839.5,837.38,838,229360,0.0607,-0.1485,-140.88,836.6500,0.16
2025-01-30 09:15:00,840,841.95,836.28,838.08,1211694,0.0170,0.0607,-71.99,838.0000,0.01
2025-01-30 09:20:00,838.3,840.38,837.83,839.95,689802,0.1067,0.0607,75.78,838.0000,0.23
2025-01-30 09:25:00,839.98,840.88,839.53,839.78,393810,0.1450,0.0607,138.88,838.0000,0.21
2025-01-30 09:30:00,839.65,840.8,838.15,838.38,746444,0.0702,0.0607,15.65,838.0000,0.05
2025-01-30 09:35:00,838.25,840.23,837.88,839.73,374414,0.1038,0.0607,71.00,838.0000,0.21
2025-01-30 09:40:00,839.73,839.9,838.25,838.4,483052,0.0323,0.0607,-46.79,838.0000,0.05
2025-01-30 09:45:00,838.5,839.53,838.2,838.53,413958,-0.0083,0.0607,-113.67,838.0000,0.06
2025-01-30 09:50:00,838.65,838.73,838.18,838.5,369618,-0.0375,0.0607,-161.78,838.0000,0.06
2025-01-30 09:55:00,838.5,838.98,837.98,838.5,181638,-0.0560,0.0607,-192.26,838.0000,0.06
2025-01-30 10:00:00,838.5,839.43,838.43,839.28,123868,-0.0170,0.0607,-128.01,838.0000,0.15
2025-01-30 10:05:00,839.28,840.48,839.13,840,185884,0.0522,0.0607,-14.00,838.0000,0.24
2025-01-30 10:10:00,840.03,840.9,839.28,839.53,185236,0.0607,0.0607,0.00,838.0000,0.18
2025-01-30 10:15:00,839.55,840,838.75,839.35,199636,0.0490,0.0607,-19.28,838.0000,0.16
2025-01-30 10:20:00,839.35,840.45,839.03,840.35,185688,0.1006,0.0607,65.73,838.0000,0.28
2025-01-30 10:25:00,840.4,842.73,840.3,842.5,297682,0.2621,0.0607,331.80,838.0000,0.54
2025-01-30 10:30:00,842.5,843.2,842,842.08,208516,0.3196,0.0607,426.52,838.0000,0.49
2025-01-30 10:35:00,842.23,842.5,841.5,841.63,101428,0.3062,0.0607,404.45,838.0000,0.43
2025-01-30 10:40:00,841.5,842.85,841.5,841.95,128680,0.2975,0.0607,390.12,838.0000,0.47
2025-01-30 10:45:00,842.28,842.65,841.55,842.5,111432,0.3062,0.0607,404.45,838.0000,0.54
2025-01-30 10:50:00,842.5,842.5,841.28,841.85,74078,0.2480,0.0607,308.57,838.0000,0.46
2025-01-30 10:55:00,841.63,842,839.5,840.95,348818,0.1345,0.0607,121.58,838.0000,0.35
2025-01-30 11:00:00,840.95,841.45,840.43,840.95,250380,0.0494,0.0607,-18.62,838.0000,0.35
2025-01-30 11:05:00,841.25,842.3,840.6,842.2,462166,0.0662,0.0607,9.06,838.0000,0.50
2025-01-30 11:10:00,842.18,842.9,841.98,842.9,395426,0.1108,0.0607,82.54,838.0000,0.58
2025-01-30 11:15:00,842.85,843.78,842.58,843.45,403096,0.1606,0.0607,164.58,838.0000,0.65
2025-01-30 11:20:00,843.45,844.4,843.25,844.03,761574,0.2126,0.0607,250.25,838.0000,0.72
2025-01-30 11:25:00,844.03,844.28,843.78,844.1,278474,0.2302,0.0607,279.24,838.0000,0.73
2025-01-30 11:30:00,844.1,844.18,842.5,842.8,391788,0.1374,0.0607,126.36,838.0000,0.57
2025-01-30 11:35:00,842.8,843.18,841.1,841.78,258218,-0.0022,0.0607,-103.62,838.0000,0.45
2025-01-30 11:40:00,841.88,842.8,841.53,842.68,272202,-0.0413,0.0607,-168.04,838.0000,0.56
2025-01-30 11:45:00,842.68,843.95,842.23,843.93,211412,0.0072,0.0607,-88.14,838.0000,0.71
2025-01-30 11:50:00,843.9,844.05,842.35,842.53,144176,-0.0612,0.0607,-200.82,838.0000,0.54
2025-01-30 11:55:00,842.63,843.1,842.25,842.55,98366,-0.1085,0.0607,-278.75,838.0000,0.54
2025-01-30 12:00:00,842.58,842.73,842.13,842.63,130674,-0.1360,0.0607,-324.05,838.0000,0.55
2025-01-30 12:05:00,842.6,843.48,842.25,843.23,134376,-0.1162,0.0607,-291.43,838.0000,0.62
2025-01-30 12:10:00,843.23,843.5,842.55,843.05,133880,-0.1173,0.0607,-293.25,838.0000,0.60
2025-01-30 12:15:00,843,844.25,843,843.33,222666,-0.1017,0.0607,-267.55,838.0000,0.64
2025-01-30 12:20:00,843.33,843.85,843,843,77508,-0.1153,0.0607,-289.95,838.0000,0.60
2025-01-30 12:25:00,843.2,844,843,843.63,78868,-0.0848,0.0607,-239.70,838.0000,0.67
2025-01-30 12:30:00,843.63,845.38,843.5,845,238710,0.0190,0.0607,-68.70,838.0000,0.84
2025-01-30 12:35:00,845.03,845.2,844.6,845,163954,0.0759,0.0607,25.04,838.0000,0.84
2025-01-30 12:40:00,845.03,845.73,844.73,845.3,146582,0.1194,0.0607,96.71,838.0000,0.87
2025-01-30 12:45:00,845.53,845.83,845,845.53,310708,0.1474,0.0607,142.83,838.0000,0.90
2025-01-30 12:50:00,845.5,845.93,845.03,845.5,152984,0.1474,0.0607,142.83,838.0000,0.89
2025-01-30 12:55:00,845.6,845.7,844,844.7,115664,0.0804,0.0607,32.45,838.0000,0.80
2025-01-30 13:00:00,844.7,845.38,844.6,844.7,121962,0.0257,0.0607,-57.66,838.0000,0.80
2025-01-30 13:05:00,844.9,845,843.98,843.98,90710,-0.0645,0.0607,-206.26,838.0000,0.71
2025-01-30 13:10:00,844,844.4,843.75,844.1,130426,-0.1183,0.0607,-294.89,838.0000,0.73
2025-01-30 13:15:00,844.1,844.5,843.6,843.9,148712,-0.1667,0.0607,-374.63,838.0000,0.70
2025-01-30 13:20:00,844,844.35,843.73,843.83,131068,-0.2005,0.0607,-430.31,838.0000,0.70
2025-01-30 13:25:00,843.85,844.23,843.15,843.35,242564,-0.2491,0.0607,-510.38,838.0000,0.64
2025-01-30 13:30:00,843.45,844,842.95,843.55,314598,-0.2604,0.0607,-529.00,838.0000,0.66
2025-01-30 13:35:00,843.63,844.4,842.45,843.63,1333550,-0.2549,0.0607,-519.93,838.0000,0.67
2025-01-30 13:40:00,843.65,844.3,842.85,843,469948,-0.2838,0.0607,-567.55,838.0000,0.60
2025-01-30 13:45:00,843.33,843.75,842.1,842.93,549648,-0.2964,0.0607,-588.30,838.0000,0.59
2025-01-30 13:50:00,842.93,843.48,842.2,843.13,346892,-0.2802,0.0607,-561.61,838.0000,0.61
2025-01-30 13:55:00,843.4,843.48,842.48,843.25,387636,-0.2513,0.0607,-514.00,838.0000,0.63
2025-01-30 14:00:00,842.98,844.05,842.95,843.9,224526,-0.1815,0.0607,-399.01,838.0000,0.70
2025-01-30 14:05:00,843.9,844.9,843.4,844.4,381304,-0.0989,0.0607,-262.93,838.0000,0.76
2025-01-30 14:10:00,844.43,845.13,844.13,844.2,265972,-0.0571,0.0607,-194.07,838.0000,0.74
2025-01-30 14:15:00,844.23,845.13,843.75,844,264410,-0.0429,0.0607,-170.68,838.0000,0.72
2025-01-30 14:20:00,844,844.6,843.68,843.85,200276,-0.0434,0.0607,-171.50,838.0000,0.70
2025-01-30 14:25:00,843.85,844.18,843.33,843.7,232614,-0.0531,0.0607,-187.48,838.0000,0.68
2025-01-30 14:30:00,843.7,843.78,842.8,843.15,422272,-0.0934,0.0607,-253.87,838.0000,0.61
2025-01-30 14:35:00,843.13,843.55,842.5,843.45,500342,-0.0963,0.0607,-258.65,838.0000,0.65
2025-01-30 14:40:00,843.25,844.75,843.05,844.2,329414,-0.0467,0.0607,-176.94,838.0000,0.74
2025-01-30 14:45:00,844.2,845.3,844.18,844.7,298192,0.0174,0.0607,-71.33,838.0000,0.80
2025-01-30 14:50:00,844.43,844.93,843.65,844.58,311150,0.0476,0.0607,-21.58,838.0000,0.79
2025-01-30 14:55:00,844.58,845,844.15,844.8,257094,0.0765,0.0607,26.03,838.0000,0.81
2025-01-30 15:00:00,844.8,845.78,843.98,845.68,930200,0.1451,0.0607,139.04,838.0000,0.92
2025-01-30 15:05:00,845.73,846.15,845.03,845.03,786354,0.1370,0.0607,125.70,838.0000,0.84
2025-01-30 15:10:00,845.05,845.9,844.5,844.75,895808,0.1045,0.0607,72.16,838.0000,0.81
2025-01-30 15:15:00,844.75,846.35,843.85,846.03,863232,0.1578,0.0607,159.97,838.0000,0.96
2025-01-30 15:20:00,846.05,847.5,845.98,847.28,692128,0.2597,0.0607,327.84,838.0000,1.11
2025-01-30 15:25:00,847.25,848.95,845.98,846.55,573538,0.2599,0.0607,328.17,838.0000,1.02
2025-01-31 09:15:00,844,845.95,842.5,844.98,524378,0.1421,0.2599,-45.33,846.5500,-0.19
2025-01-31 09:20:00,844.95,845.28,843.25,843.35,136264,-0.0477,0.2599,-118.35,846.5500,-0.38
2025-01-31 09:25:00,843.35,843.8,842.6,842.88,137802,-0.1985,0.2599,-176.38,846.5500,-0.43
2025-01-31 09:30:00,843,844,842.75,843.63,99960,-0.2386,0.2599,-191.80,846.5500,-0.34
2025-01-31 09:35:00,843.58,843.68,841.98,842.93,111000,-0.2992,0.2599,-215.12,846.5500,-0.43
2025-01-31 09:40:00,843.08,845,842.73,844.55,120398,-0.2208,0.2599,-184.96,846.5500,-0.24
2025-01-31 09:45:00,844.55,845.18,843.98,844.43,191332,-0.1699,0.2599,-165.37,846.5500,-0.25
2025-01-31 09:50:00,844.43,844.6,843.23,843.3,73672,-0.2030,0.2599,-178.11,846.5500,-0.38
2025-01-31 09:55:00,843.3,844.5,843.23,844.13,106348,-0.1614,0.2599,-162.10,846.5500,-0.29
2025-01-31 10:00:00,844.05,844.95,843.78,844,164514,-0.1361,0.2599,-152.37,846.5500,-0.30
2025-01-31 10:05:00,843.95,843.98,842.6,843.13,72218,-0.1693,0.2599,-165.14,846.5500,-0.40
2025-01-31 10:10:00,843.18,844.18,843.03,843.73,64530,-0.1431,0.2599,-155.06,846.5500,-0.33
2025-01-31 10:15:00,843.73,844.98,843.5,844.98,104584,-0.0394,0.2599,-115.16,846.5500,-0.19
2025-01-31 10:20:00,844.98,845.58,844.38,845,240522,0.0291,0.2599,-88.80,846.5500,-0.18
2025-01-31 10:25:00,845,845.08,844.5,844.95,68052,0.0675,0.2599,-74.03,846.5500,-0.19
2025-01-31 10:30:00,844.95,845.25,844.65,845.03,61756,0.0931,0.2599,-64.18,846.5500,-0.18
2025-01-31 10:35:00,845.03,845.5,845,845.05,72948,0.1052,0.2599,-59.52,846.5500,-0.18
2025-01-31 10:40:00,845.05,845.7,845,845.7,57086,0.1483,0.2599,-42.94,846.5500,-0.10
2025-01-31 10:45:00,845.7,847.13,843.4,845.53,669872,0.1559,0.2599,-40.02,846.5500,-0.12
2025-01-31 10:50:00,845.75,846.25,845.03,846.1,166608,0.1876,0.2599,-27.82,846.5500,-0.05
2025-01-31 10:55:00,846.1,846.43,845.55,846.08,98248,0.1948,0.2599,-25.05,846.5500,-0.06
2025-01-31 11:00:00,846.05,846.25,845.23,845.98,82916,0.1806,0.2599,-30.51,846.5500,-0.07
2025-01-31 11:05:00,845.93,846.43,845.55,845.63,83474,0.1375,0.2599,-47.10,846.5500,-0.11
2025-01-31 11:10:00,845.88,846.65,845.28,845.93,201836,0.1196,0.2599,-53.98,846.5500,-0.07
2025-01-31 11:15:00,845.83,847.43,845.83,847.13,71154,0.1756,0.2599,-32.44,846.5500,0.07
2025-01-31 11:20:00,847.13,847.8,846.75,847.45,153378,0.2185,0.2599,-15.93,846.5500,0.11
2025-01-31 11:25:00,847.5,847.5,845,845.25,136314,0.0896,0.2599,-65.53,846.5500,-0.15
2025-01-31 11:30:00,845,846.55,844.65,846.35,159304,0.0701,0.2599,-73.03,846.5500,-0.02
2025-01-31 11:35:00,846.4,847.5,846.35,847.25,178686,0.1073,0.2599,-58.71,846.5500,0.08
2025-01-31 11:40:00,847.25,847.48,846.85,847.4,121734,0.1301,0.2599,-49.94,846.5500,0.10
2025-01-31 11:45:00,847.35,847.6,846.98,847.28,118410,0.1250,0.2599,-51.90,846.5500,0.09
2025-01-31 11:50:00,847.28,847.75,847.1,847.48,81714,0.1228,0.2599,-52.75,846.5500,0.11
2025-01-31 11:55:00,847.5,847.75,847.33,847.45,57658,0.1077,0.2599,-58.56,846.5500,0.11
2025-01-31 12:00:00,847.5,848.43,847.3,847.78,155828,0.1080,0.2599,-58.45,846.5500,0.15
2025-01-31 12:05:00,847.75,847.78,847.05,847.75,43814,0.0947,0.2599,-63.56,846.5500,0.14
2025-01-31 12:10:00,847.78,848.55,847.38,847.58,47928,0.0644,0.2599,-75.22,846.5500,0.12
2025-01-31 12:15:00,847.58,848,847.5,847.7,40404,0.0434,0.2599,-83.30,846.5500,0.14
2025-01-31 12:20:00,847.78,847.83,847.4,847.68,43196,0.0203,0.2599,-92.19,846.5500,0.13
2025-01-31 12:25:00,847.7,848.5,847.7,847.78,44576,0.0047,0.2599,-98.19,846.5500,0.15
2025-01-31 12:30:00,847.78,849.48,847.63,848.98,114080,0.0648,0.2599,-75.07,846.5500,0.29
2025-01-31 12:35:00,848.9,850.23,848.83,850,381876,0.1577,0.2599,-39.32,846.5500,0.41
2025-01-31 12:40:00,849.95,850.6,849.75,850,221588,0.2006,0.2599,-22.82,846.5500,0.41
2025-01-31 12:45:00,849.95,850.5,849.58,850,320184,0.2096,0.2599,-19.35,846.5500,0.41
2025-01-31 12:50:00,850,851.2,849.78,850.4,280728,0.2219,0.2599,-14.62,846.5500,0.45
2025-01-31 12:55:00,850.4,851.43,850.03,850.95,380934,0.2447,0.2599,-5.85,846.5500,0.52
2025-01-31 13:00:00,850.9,852,850.78,851,259750,0.2404,0.2599,-7.50,846.5500,0.53
2025-01-31 13:05:00,851,851.53,850.33,851.38,138690,0.2399,0.2599,-7.70,846.5500,0.57
2025-01-31 13:10:00,851.2,851.98,850.88,851.55,245864,0.2278,0.2599,-12.35,846.5500,0.59
2025-01-31 13:15:00,851.45,852,850.58,851.83,288302,0.2156,0.2599,-17.05,846.5500,0.62
2025-01-31 13:20:00,851.85,852,851.38,851.85,134600,0.1869,0.2599,-28.09,846.5500,0.63
2025-01-31 13:25:00,851.85,851.98,851.13,851.58,131110,0.1304,0.2599,-49.83,846.5500,0.59
2025-01-31 13:30:00,851.58,851.83,850.35,850.68,286600,0.0189,0.2599,-92.73,846.5500,0.49
2025-01-31 13:35:00,850.7,850.83,849.28,849.85,327154,-0.1167,0.2599,-144.90,846.5500,0.39
2025-01-31 13:40:00,849.8,850.23,849.3,850,170894,-0.1976,0.2599,-176.03,846.5500,0.41
2025-01-31 13:45:00,850,850.5,849.6,850.5,153658,-0.2171,0.2599,-183.53,846.5500,0.47
2025-01-31 13:50:00,850.5,851.18,850,850.5,153388,-0.2286,0.2599,-187.96,846.5500,0.47
2025-01-31 13:55:00,850.5,850.78,849.1,849.88,197632,-0.2734,0.2599,-205.19,846.5500,0.39
2025-01-31 14:00:00,849.65,850,848.83,849.33,179334,-0.3317,0.2599,-227.63,846.5500,0.33
2025-01-31 14:05:00,849.38,849.48,847.08,847.5,273678,-0.4764,0.2599,-283.30,846.5500,0.11
2025-01-31 14:10:00,847.5,848.15,847.08,847.75,105612,-0.5338,0.2599,-305.39,846.5500,0.14
2025-01-31 14:15:00,848,848.18,846.5,847.18,158282,-0.5845,0.2599,-324.89,846.5500,0.07
2025-01-31 14:20:00,847.18,848.05,847.1,847.53,173470,-0.5684,0.2599,-318.70,846.5500,0.12
2025-01-31 14:25:00,847.58,847.65,846.58,847.43,200516,-0.5387,0.2599,-307.27,846.5500,0.10
2025-01-31 14:30:00,847.45,848.85,847.4,848.65,123644,-0.4165,0.2599,-260.25,846.5500,0.25
2025-01-31 14:35:00,848.73,849.23,848.53,849.03,131554,-0.2954,0.2599,-213.66,846.5500,0.29
2025-01-31 14:40:00,849.05,850.2,849,850,290238,-0.1431,0.2599,-155.06,846.5500,0.41
2025-01-31 14:45:00,850,850.73,848.73,848.83,313888,-0.1153,0.2599,-144.36,846.5500,0.27
2025-01-31 14:50:00,848.93,850,848.85,849.25,88570,-0.0654,0.2599,-125.16,846.5500,0.32
2025-01-31 14:55:00,849.3,849.95,848.8,849.65,82886,-0.0054,0.2599,-102.08,846.5500,0.37
2025-01-31 15:00:00,849.83,849.83,847.85,849.18,666150,0.0024,0.2599,-99.08,846.5500,0.31
2025-01-31 15:05:00,849.2,849.2,847.85,848.53,691828,-0.0345,0.2599,-113.27,846.5500,0.23
2025-01-31 15:10:00,848.58,849.78,848.5,849.73,650278,0.0206,0.2599,-92.07,846.5500,0.38
2025-01-31 15:15:00,849.73,850.08,849.05,850.05,724360,0.0744,0.2599,-71.37,846.5500,0.41
2025-01-31 15:20:00,850.03,851,849.88,849.9,838154,0.0943,0.2599,-63.72,846.5500,0.40
2025-01-31 15:25:00,849.88,852.35,849.25,849.75,697024,0.0917,0.2599,-64.72,846.5500,0.38
2025-02-01 09:15:00,848.93,852.2,847.58,848.08,106358,-0.0220,0.0917,-123.99,849.7500,-0.20
2025-02-01 09:20:00,848.35,848.35,846.03,846.75,82198,-0.1777,0.0917,-293.78,849.7500,-0.35
2025-02-01 09:25:00,846.6,847.5,846.1,847.5,65014,-0.2184,0.0917,-338.17,849.7500,-0.26
2025-02-01 09:30:00,847.5,850.23,846.78,848.83,87248,-0.1474,0.0917,-260.74,849.7500,-0.11
2025-02-01 09:35:00,848.55,849.4,848,848.43,51606,-0.1201,0.0917,-230.97,849.7500,-0.16
2025-02-01 09:40:00,848.43,850,848.43,849.35,57704,-0.0372,0.0917,-140.57,849.7500,-0.05
2025-02-01 09:45:00,849.35,850.48,849.2,850.1,86154,0.0655,0.0917,-28.57,849.7500,0.04
2025-02-01 09:50:00,850.1,851.53,850,850.95,132310,0.1815,0.0917,97.93,849.7500,0.14
2025-02-01 09:55:00,850.53,851.5,849.05,849.6,61302,0.1588,0.0917,73.17,849.7500,-0.02
2025-02-01 10:00:00,849.6,849.95,849,849.38,19694,0.1222,0.0917,33.26,849.7500,-0.04
2025-02-01 10:05:00,849.4,851,849.38,850.3,31594,0.1513,0.0917,64.99,849.7500,0.06
2025-02-01 10:10:00,850.3,850.38,849,849.65,35966,0.1195,0.0917,30.32,849.7500,-0.01
2025-02-01 10:15:00,849.65,850.73,849.05,850.68,18418,0.1581,0.0917,72.41,849.7500,0.11
2025-02-01 10:20:00,850.65,850.98,849.75,850.98,20782,0.1919,0.0917,109.27,849.7500,0.14
2025-02-01 10:25:00,850.98,851.03,850.25,850.73,22112,0.1853,0.0917,102.07,849.7500,0.12
2025-02-01 10:30:00,850.73,851.28,850.55,850.78,21062,0.1726,0.0917,88.22,849.7500,0.12
2025-02-01 10:35:00,850.78,851,850.55,850.65,11770,0.1447,0.0917,57.80,849.7500,0.11
2025-02-01 10:40:00,850.85,851.8,850.5,851.38,23242,0.1634,0.0917,78.19,849.7500,0.19
2025-02-01 10:45:00,851.13,851.33,850,850.4,42186,0.1008,0.0917,9.92,849.7500,0.08
2025-02-01 10:50:00,850.35,851.2,850.18,851.08,18358,0.0962,0.0917,4.91,849.7500,0.16
2025-02-01 10:55:00,851.2,851.93,850.65,851.13,40700,0.0878,0.0917,-4.25,849.7500,0.16
2025-02-01 11:00:00,851.48,851.93,849.9,851.5,57052,0.0976,0.0917,6.43,849.7500,0.21
2025-02-01 11:05:00,851.5,851.73,850.5,850.55,28248,0.0340,0.0917,-62.92,849.7500,0.09
2025-02-01 11:10:00,850.88,852.48,850.55,852.1,42080,0.0870,0.0917,-5.13,849.7500,0.28
2025-02-01 11:15:00,852.1,853.98,851.13,852.83,103432,0.1579,0.0917,72.19,849.7500,0.36
2025-02-01 11:20:00,853.15,854.5,852.68,853.18,60854,0.2117,0.0917,130.86,849.7500,0.40
2025-02-01 11:25:00,853.45,854.35,853.08,853.78,51786,0.2674,0.0917,191.60,849.7500,0.47
2025-02-01 11:30:00,854.18,855.95,853.05,855.55,101560,0.3954,0.0917,331.19,849.7500,0.68
2025-02-01 11:35:00,855.55,856.5,851.53,853.5,114268,0.3173,0.0917,246.02,849.7500,0.44
2025-02-01 11:40:00,853.7,855.75,853.03,855.7,86374,0.3847,0.0917,319.52,849.7500,0.70
2025-02-01 11:45:00,855.73,855.75,852.05,852.85,105182,0.2166,0.0917,136.21,849.7500,0.36
2025-02-01 11:50:00,853.2,854.98,848,848.3,180858,-0.1993,0.0917,-317.34,849.7500,-0.17
2025-02-01 11:55:00,848.13,850.65,845.05,847.33,150656,-0.5199,0.0917,-666.96,849.7500,-0.28
2025-02-01 12:00:00,847,849,844.1,847.73,134488,-0.6751,0.0917,-836.21,849.7500,-0.24
2025-02-01 12:05:00,847.55,848.18,843.05,845.3,66958,-0.8978,0.0917,-1079.06,849.7500,-0.52
2025-02-01 12:10:00,845.23,850.8,842.9,843,178958,-1.1407,0.0917,-1343.95,849.7500,-0.79
2025-02-01 12:15:00,843.15,845.98,842.83,845.28,100100,-1.0886,0.0917,-1287.13,849.7500,-0.53
2025-02-01 12:20:00,845.18,846.05,842.83,843.95,84406,-1.0823,0.0917,-1280.26,849.7500,-0.68
2025-02-01 12:25:00,843.63,845.78,842.13,842.85,108690,-1.0879,0.0917,-1286.37,849.7500,-0.81
2025-02-01 12:30:00,842.85,844.93,842.2,843.75,22736,-0.9705,0.0917,-1158.34,849.7500,-0.71
2025-02-01 12:35:00,843.78,844.45,840.75,843.83,89968,-0.8322,0.0917,-1007.52,849.7500,-0.70
2025-02-01 12:40:00,843.83,845.45,842.55,843,93096,-0.7444,0.0917,-911.78,849.7500,-0.79
2025-02-01 12:45:00,843,844.33,842.33,842.5,37746,-0.6700,0.0917,-830.64,849.7500,-0.85
2025-02-01 12:50:00,842.63,843.03,841.98,842.08,39340,-0.6013,0.0917,-755.73,849.7500,-0.90
2025-02-01 12:55:00,842.08,843,841.43,842.93,25626,-0.4573,0.0917,-598.69,849.7500,-0.80
2025-02-01 13:00:00,842.93,843,841,841.93,35668,-0.3908,0.0917,-526.17,849.7500,-0.92
2025-02-01 13:05:00,841.6,842.13,838.45,838.68,91664,-0.5189,0.0917,-665.87,849.7500,-1.30
2025-02-01 13:10:00,838.68,841.28,838.03,841.1,94052,-0.3993,0.0917,-535.44,849.7500,-1.02
2025-02-01 13:15:00,841.08,841.45,839.28,841.25,84266,-0.2747,0.0917,-399.56,849.7500,-1.00
2025-02-01 13:20:00,841.23,843,841,842.58,83454,-0.0775,0.0917,-184.51,849.7500,-0.84
2025-02-01 13:25:00,842.28,844,842,842.38,55942,0.0573,0.0917,-37.51,849.7500,-0.87
2025-02-01 13:30:00,842.35,843.58,842,842.5,32814,0.1663,0.0917,81.35,849.7500,-0.85
2025-02-01 13:35:00,842.28,842.5,840.03,842.2,41222,0.2262,0.0917,146.67,849.7500,-0.89
2025-02-01 13:40:00,842.2,844.18,841.88,844.03,38750,0.3876,0.0917,322.68,849.7500,-0.67
2025-02-01 13:45:00,843.8,844.73,841.55,843.6,58106,0.4591,0.0917,400.65,849.7500,-0.72
2025-02-01 13:50:00,843.75,844.38,842.08,842.68,58130,0.4381,0.0917,377.75,849.7500,-0.83
2025-02-01 13:55:00,842.68,844.03,842.68,844,47688,0.5022,0.0917,447.66,849.7500,-0.68
2025-02-01 14:00:00,843.98,844.33,842.78,844.23,78560,0.5457,0.0917,495.09,849.7500,-0.65
2025-02-01 14:05:00,843.85,845.38,843.4,845,59042,0.6070,0.0917,561.94,849.7500,-0.56
2025-02-01 14:10:00,845,845.6,844.25,845.25,110002,0.6418,0.0917,599.89,849.7500,-0.53
2025-02-01 14:15:00,845.23,847,844.8,847,89938,0.7525,0.0917,720.61,849.7500,-0.32
2025-02-01 14:20:00,846.9,849,846.68,848.7,69636,0.8999,0.0917,881.35,849.7500,-0.12
2025-02-01 14:25:00,848.5,848.75,846.65,847.95,44274,0.9043,0.0917,886.15,849.7500,-0.21
2025-02-01 14:30:00,847.98,848.38,844.73,846.48,166014,0.7708,0.0917,740.57,849.7500,-0.38
2025-02-01 14:35:00,846.48,848,846.25,846.5,99268,0.6512,0.0917,610.14,849.7500,-0.38
2025-02-01 14:40:00,846.58,847.63,846.08,847.43,99078,0.6031,0.0917,557.69,849.7500,-0.27
2025-02-01 14:45:00,847.43,849.25,846.95,848.3,72936,0.5972,0.0917,551.25,849.7500,-0.17
2025-02-01 14:50:00,848.33,849.15,846.3,847.5,47806,0.5101,0.0917,456.27,849.7500,-0.26
2025-02-01 14:55:00,847.45,847.98,846,846.48,68128,0.3615,0.0917,294.22,849.7500,-0.38
2025-02-01 15:00:00,846.48,847.2,845.5,846.5,265824,0.2477,0.0917,170.12,849.7500,-0.38
2025-02-01 15:05:00,846.78,846.95,844.35,846,103798,0.1279,0.0917,39.48,849.7500,-0.44
2025-02-01 15:10:00,845.93,846.38,845.53,846.1,107096,0.0486,0.0917,-47.00,849.7500,-0.43
2025-02-01 15:15:00,846.1,846.1,844.1,844.13,83476,-0.1334,0.0917,-245.47,849.7500,-0.66
2025-02-01 15:20:00,844.25,844.9,842.8,843.98,81098,-0.2537,0.0917,-376.66,849.7500,-0.68
2025-02-01 15:25:00,843.9,846.5,843.7,846,91646,-0.1900,0.0917,-307.20,849.7500,-0.44
2025-02-03 09:15:00,835.48,838.43,831.73,835.78,1069086,-0.7950,-0.1900,318.42,846.0000,-1.21
2025-02-03 09:20:00,835.78,838.4,835.53,837.55,369454,-1.0204,-0.1900,437.05,846.0000,-1.00
2025-02-03 09:25:00,837.7,840.48,837.25,840.15,566216,-0.9408,-0.1900,395.16,846.0000,-0.69
2025-02-03 09:30:00,840.43,842.23,839.83,841.83,443872,-0.7308,-0.1900,284.63,846.0000,-0.49
2025-02-03 09:35:00,841.8,842.98,839.68,840.25,306200,-0.6564,-0.1900,245.47,846.0000,-0.68
2025-02-03 09:40:00,840.25,841.28,839,839.8,221208,-0.5973,-0.1900,214.37,846.0000,-0.73
2025-02-03 09:45:00,839.8,839.85,837.8,837.9,290978,-0.6421,-0.1900,237.95,846.0000,-0.96
2025-02-03 09:50:00,837.9,840.1,836.88,840.05,304204,-0.4896,-0.1900,157.68,846.0000,-0.70
2025-02-03 09:55:00,840.13,841,839.3,840.33,218876,-0.3399,-0.1900,78.89,846.0000,-0.67
2025-02-03 10:00:00,840.35,840.45,839.65,839.98,186832,-0.2390,-0.1900,25.79,846.0000,-0.71
2025-02-03 10:05:00,839.93,840.25,839.4,839.68,124622,-0.1704,-0.1900,-10.32,846.0000,-0.75
2025-02-03 10:10:00,839.68,839.68,838.5,839.03,93896,-0.1475,-0.1900,-22.37,846.0000,-0.82
2025-02-03 10:15:00,839.03,841.45,838.95,841.15,267674,0.0226,-0.1900,-111.89,846.0000,-0.57
2025-02-03 10:20:00,841.15,841.98,840.48,840.75,192254,0.1153,-0.1900,-160.68,846.0000,-0.62
2025-02-03 10:25:00,840.75,841.3,840.13,840.45,219038,0.1606,-0.1900,-184.53,846.0000,-0.66
2025-02-03 10:30:00,840.4,841.53,840.15,841,113558,0.2277,-0.1900,-219.84,846.0000,-0.59
2025-02-03 10:35:00,841,841.03,840,840,126914,0.2056,-0.1900,-208.21,846.0000,-0.71
2025-02-03 10:40:00,840,843.3,839.3,842.43,274894,0.3472,-0.1900,-282.74,846.0000,-0.42
2025-02-03 10:45:00,842.5,843.35,841.75,842.5,215696,0.4325,-0.1900,-327.63,846.0000,-0.41
2025-02-03 10:50:00,842.5,842.65,841.15,842.65,111232,0.4821,-0.1900,-353.74,846.0000,-0.40
2025-02-03 10:55:00,842.65,842.78,841.63,841.98,54036,0.4534,-0.1900,-338.63,846.0000,-0.48
2025-02-03 11:00:00,841.93,842.5,841.5,841.6,118772,0.3946,-0.1900,-307.68,846.0000,-0.52
2025-02-03 11:05:00,841.6,841.88,841,841.15,65120,0.3146,-0.1900,-265.58,846.0000,-0.57
2025-02-03 11:10:00,841.25,843.15,840.33,842.8,384520,0.3589,-0.1900,-288.89,846.0000,-0.38
2025-02-03 11:15:00,842.8,843.35,841.25,841.68,265494,0.3011,-0.1900,-258.47,846.0000,-0.51
2025-02-03 11:20:00,841.85,842.13,841.15,841.53,69920,0.2435,-0.1900,-228.16,846.0000,-0.53
2025-02-03 11:25:00,841.43,841.65,840.43,841.15,127138,0.1740,-0.1900,-191.58,846.0000,-0.57
2025-02-03 11:30:00,841.05,841.18,840.08,840.68,101800,0.0944,-0.1900,-149.68,846.0000,-0.63
2025-02-03 11:35:00,840.68,840.93,839.75,840.18,78462,0.0105,-0.1900,-105.53,846.0000,-0.69
2025-02-03 11:40:00,840.18,840.25,839.6,839.6,59266,-0.0768,-0.1900,-59.58,846.0000,-0.76
2025-02-03 11:45:00,839.6,840,839.1,839.65,106062,-0.1212,-0.1900,-36.21,846.0000,-0.75
2025-02-03 11:50:00,839.7,839.88,839.25,839.58,62140,-0.1438,-0.1900,-24.32,846.0000,-0.76
2025-02-03 11:55:00,839.58,840,838.98,839.8,87526,-0.1328,-0.1900,-30.11,846.0000,-0.73
2025-02-03 12:00:00,839.8,841.35,839.5,841,115880,-0.0384,-0.1900,-79.79,846.0000,-0.59
2025-02-03 12:05:00,841,841.25,840.45,840.98,124636,0.0256,-0.1900,-113.47,846.0000,-0.59
2025-02-03 12:10:00,841,841.28,840.5,840.63,100412,0.0460,-0.1900,-124.21,846.0000,-0.63
2025-02-03 12:15:00,840.55,841.25,840.48,841,121888,0.0838,-0.1900,-144.11,846.0000,-0.59
2025-02-03 12:20:00,840.98,841.8,840.78,841.6,237124,0.1451,-0.1900,-176.37,846.0000,-0.52
2025-02-03 12:25:00,841.65,841.78,840.38,840.7,124304,0.1219,-0.1900,-164.16,846.0000,-0.63
2025-02-03 12:30:00,840.7,841.2,840.45,841.2,118026,0.1359,-0.1900,-171.53,846.0000,-0.57
2025-02-03 12:35:00,841.18,842.23,840.88,841.35,473688,0.1499,-0.1900,-178.89,846.0000,-0.55
2025-02-03 12:40:00,841.35,841.68,841.03,841.63,201492,0.1711,-0.1900,-190.05,846.0000,-0.52
2025-02-03 12:45:00,841.63,841.9,840.28,840.83,133094,0.1264,-0.1900,-166.53,846.0000,-0.61
2025-02-03 12:50:00,840.83,841.08,840.13,840.68,92824,0.0840,-0.1900,-144.21,846.0000,-0.63
2025-02-03 12:55:00,840.68,841.53,840.68,841.38,224288,0.0992,-0.1900,-152.21,846.0000,-0.55
2025-02-03 13:00:00,841.38,843.28,841,843.13,615560,0.2165,-0.1900,-213.95,846.0000,-0.34
2025-02-03 13:05:00,843.13,843.4,842.1,842.75,355306,0.2553,-0.1900,-234.37,846.0000,-0.38
2025-02-03 13:10:00,842.78,843.1,841.45,841.7,215474,0.1995,-0.1900,-205.00,846.0000,-0.51
2025-02-03 13:15:00,841.5,842.23,840.15,840.45,200554,0.0741,-0.1900,-139.00,846.0000,-0.66
2025-02-03 13:20:00,840.3,840.98,840,840.18,197388,-0.0260,-0.1900,-86.32,846.0000,-0.69
2025-02-03 13:25:00,840.18,840.58,838.83,839.15,223642,-0.1534,-0.1900,-19.26,846.0000,-0.81
2025-02-03 13:30:00,839.15,839.63,838.85,839.05,180016,-0.2316,-0.1900,21.89,846.0000,-0.82
2025-02-03 13:35:00,839.05,839.8,838.83,839.33,110266,-0.2500,-0.1900,31.58,846.0000,-0.79
2025-02-03 13:40:00,839.33,840.43,839.05,840,119726,-0.2045,-0.1900,7.63,846.0000,-0.71
2025-02-03 13:45:00,840,841.53,839.9,840.68,252780,-0.1203,-0.1900,-36.68,846.0000,-0.63
2025-02-03 13:50:00,840.68,840.95,839.55,840,295590,-0.1028,-0.1900,-45.89,846.0000,-0.71
2025-02-03 13:55:00,840.03,840.18,839.45,839.95,90914,-0.0874,-0.1900,-54.00,846.0000,-0.72
2025-02-03 14:00:00,840.1,840.55,839.3,839.5,153610,-0.0996,-0.1900,-47.58,846.0000,-0.77
2025-02-03 14:05:00,839.6,840,839.08,839.43,114680,-0.1040,-0.1900,-45.26,846.0000,-0.78
2025-02-03 14:10:00,839.43,839.85,838.65,839.38,133750,-0.1017,-0.1900,-46.47,846.0000,-0.78
2025-02-03 14:15:00,839.4,840,839.28,839.48,103012,-0.0855,-0.1900,-55.00,846.0000,-0.77
2025-02-03 14:20:00,839.48,840,839.28,839.98,92232,-0.0358,-0.1900,-81.16,846.0000,-0.71
2025-02-03 14:25:00,839.98,840.98,839.73,840.45,131468,0.0305,-0.1900,-116.05,846.0000,-0.66
2025-02-03 14:30:00,840.45,840.68,839.73,840.6,156874,0.0833,-0.1900,-143.84,846.0000,-0.64
2025-02-03 14:35:00,840.58,840.63,840,840.6,207900,0.1150,-0.1900,-160.53,846.0000,-0.64
2025-02-03 14:40:00,840.6,841.33,840.05,841.18,151612,0.1686,-0.1900,-188.74,846.0000,-0.57
2025-02-03 14:45:00,841.18,841.48,840.48,841.03,314630,0.1862,-0.1900,-198.00,846.0000,-0.59
2025-02-03 14:50:00,841.03,841.03,840.15,840.7,398862,0.1684,-0.1900,-188.63,846.0000,-0.63
2025-02-03 14:55:00,840.7,841.18,840.25,840.6,432430,0.1436,-0.1900,-175.58,846.0000,-0.64
2025-02-03 15:00:00,840.63,841.08,838.4,838.78,835336,0.0056,-0.1900,-102.95,846.0000,-0.85
2025-02-03 15:05:00,838.8,840,838.03,839.58,916538,-0.0289,-0.1900,-84.79,846.0000,-0.76
2025-02-03 15:10:00,839.85,839.88,838.03,839.03,969096,-0.0828,-0.1900,-56.42,846.0000,-0.82
2025-02-03 15:15:00,839.13,839.8,838.83,839.63,662486,-0.0725,-0.1900,-61.84,846.0000,-0.75
2025-02-03 15:20:00,839.78,839.78,837.98,838,1218076,-0.1646,-0.1900,-13.37,846.0000,-0.95
2025-02-03 15:25:00,838.05,840,837.95,839.8,691420,-0.0968,-0.1900,-49.05,846.0000,-0.73
2025-02-04 09:15:00,844,844.3,840.03,842.23,600356,0.1081,-0.0968,-211.67,839.8000,0.29
2025-02-04 09:20:00,842.23,846.8,842.03,846.68,224864,0.5168,-0.0968,-633.88,839.8000,0.82
2025-02-04 09:25:00,846.8,849.53,846.73,848.3,344172,0.8501,-0.0968,-978.20,839.8000,1.01
2025-02-04 09:30:00,848.3,849.65,847,849.43,278502,1.0855,-0.0968,-1221.38,839.8000,1.15
2025-02-04 09:35:00,849.65,851.33,849.45,849.98,501780,1.2076,-0.0968,-1347.52,839.8000,1.21
2025-02-04 09:40:00,849.95,851.03,849.33,849.78,338978,1.2017,-0.0968,-1341.43,839.8000,1.19
2025-02-04 09:45:00,849.78,850.33,848.3,848.73,166482,1.0590,-0.0968,-1194.01,839.8000,1.06
2025-02-04 09:50:00,848.75,850.75,848.45,849.6,190024,0.9580,-0.0968,-1089.67,839.8000,1.17
2025-02-04 09:55:00,849.63,849.75,848.5,849.03,127102,0.7944,-0.0968,-920.66,839.8000,1.10
2025-02-04 10:00:00,849.05,849.85,847.05,847.35,137850,0.5276,-0.0968,-645.04,839.8000,0.90
2025-02-04 10:05:00,847.33,847.5,846.7,846.95,81704,0.2904,-0.0968,-400.00,839.8000,0.85
2025-02-04 10:10:00,846.95,847.33,845.35,845.98,98768,0.0473,-0.0968,-148.86,839.8000,0.74
2025-02-04 10:15:00,846,847,845.88,846.65,78846,-0.0822,-0.0968,-15.08,839.8000,0.82
2025-02-04 10:20:00,846.65,847.45,846.33,846.38,96928,-0.1936,-0.0968,100.00,839.8000,0.78
2025-02-04 10:25:00,846.4,847,845.8,846.78,82498,-0.2446,-0.0968,152.69,839.8000,0.83
2025-02-04 10:30:00,846.78,847.5,845.23,845.3,218042,-0.3745,-0.0968,286.88,839.8000,0.65
2025-02-04 10:35:00,845.3,845.43,842.83,842.83,429252,-0.6093,-0.0968,529.44,839.8000,0.36
2025-02-04 10:40:00,842.85,845.23,842.5,844.88,337248,-0.6077,-0.0968,527.79,839.8000,0.60
2025-02-04 10:45:00,844.88,845.85,844.38,844.75,136112,-0.5958,-0.0968,515.50,839.8000,0.59
2025-02-04 10:50:00,844.75,845.33,844,844.43,83590,-0.5889,-0.0968,508.37,839.8000,0.55
2025-02-04 10:55:00,844.43,845.5,844.43,845.38,85088,-0.5029,-0.0968,419.52,839.8000,0.66
2025-02-04 11:00:00,845.4,847,845.28,846.95,199508,-0.3313,-0.0968,242.25,839.8000,0.85
2025-02-04 11:05:00,846.98,848.3,846.83,847.05,130928,-0.2081,-0.0968,114.98,839.8000,0.86
2025-02-04 11:10:00,847.08,847.8,846.63,847.73,165574,-0.0841,-0.0968,-13.12,839.8000,0.94
2025-02-04 11:15:00,847.63,847.98,846.9,847.08,104662,-0.0508,-0.0968,-47.52,839.8000,0.87
2025-02-04 11:20:00,847.23,848.93,846.63,848.38,161338,0.0484,-0.0968,-150.00,839.8000,1.02
2025-02-04 11:25:00,848.35,848.5,847.35,847.35,115506,0.0349,-0.0968,-136.05,839.8000,0.90
2025-02-04 11:30:00,847.38,847.73,846.48,846.63,92856,-0.0287,-0.0968,-70.35,839.8000,0.81
2025-02-04 11:35:00,846.63,847.23,846.33,846.88,91620,-0.0586,-0.0968,-39.46,839.8000,0.84
2025-02-04 11:40:00,846.9,847.68,846.4,846.53,140004,-0.1038,-0.0968,7.23,839.8000,0.80
2025-02-04 11:45:00,846.55,849.18,846.5,849.05,150328,0.0271,-0.0968,-128.00,839.8000,1.10
2025-02-04 11:50:00,849.05,849.73,847.63,848.18,428498,0.0451,-0.0968,-146.59,839.8000,1.00
2025-02-04 11:55:00,848.3,848.33,847.25,848,93004,0.0354,-0.0968,-136.57,839.8000,0.98
2025-02-04 12:00:00,847.9,848.58,847.08,848.45,96742,0.0489,-0.0968,-150.52,839.8000,1.03
2025-02-04 12:05:00,848.48,849.48,848.08,849.28,114290,0.1004,-0.0968,-203.72,839.8000,1.13
2025-02-04 12:10:00,849.35,850.5,849.33,849.83,197168,0.1549,-0.0968,-260.02,839.8000,1.19
2025-02-04 12:15:00,849.83,852.8,849.83,852.35,367942,0.3338,-0.0968,-444.83,839.8000,1.49
2025-02-04 12:20:00,852.38,854.6,852.2,854.15,552754,0.5346,-0.0968,-652.27,839.8000,1.71
2025-02-04 12:25:00,854.18,855.4,853.5,855.05,461318,0.6799,-0.0968,-802.38,839.8000,1.82
2025-02-04 12:30:00,855.05,857.05,854.65,854.9,625782,0.7143,-0.0968,-837.91,839.8000,1.80
2025-02-04 12:35:00,855.2,856.38,854.63,855.5,288128,0.7236,-0.0968,-847.52,839.8000,1.87
2025-02-04 12:40:00,855.25,856,854.7,855.13,302784,0.6531,-0.0968,-774.69,839.8000,1.83
2025-02-04 12:45:00,855.23,855.83,854.75,855.2,149224,0.5629,-0.0968,-681.51,839.8000,1.83
2025-02-04 12:50:00,855.43,856.48,854.9,855.78,180800,0.4963,-0.0968,-612.71,839.8000,1.90
2025-02-04 12:55:00,855.95,856.2,854.75,855.55,180212,0.3952,-0.0968,-508.26,839.8000,1.88
2025-02-04 13:00:00,855.6,857.15,854.95,855.1,270974,0.2629,-0.0968,-371.59,839.8000,1.82
2025-02-04 13:05:00,855.28,856.55,854.38,856.43,325406,0.2309,-0.0968,-338.53,839.8000,1.98
2025-02-04 13:10:00,856.43,858.3,856.03,858.25,361598,0.2941,-0.0968,-403.82,839.8000,2.20
2025-02-04 13:15:00,858.23,858.4,856.65,857.33,264000,0.2383,-0.0968,-346.18,839.8000,2.09
2025-02-04 13:20:00,857.38,858.73,856.93,857.63,224574,0.1881,-0.0968,-294.32,839.8000,2.12
2025-02-04 13:25:00,857.68,857.98,856.5,857.08,271358,0.0893,-0.0968,-192.25,839.8000,2.06
2025-02-04 13:30:00,857.1,859.53,856.55,859.53,334112,0.1565,-0.0968,-261.67,839.8000,2.35
2025-02-04 13:35:00,859.55,859.95,858.43,858.43,303732,0.0973,-0.0968,-200.52,839.8000,2.22
2025-02-04 13:40:00,858.48,858.85,857.45,857.63,512116,-0.0190,-0.0968,-80.37,839.8000,2.12
2025-02-04 13:45:00,857.9,859.85,857.2,859.58,640070,0.0104,-0.0968,-110.74,839.8000,2.36
2025-02-04 13:50:00,859.73,860.58,858.83,859.3,620028,-0.0127,-0.0968,-86.88,839.8000,2.32
2025-02-04 13:55:00,859.35,859.85,858.25,858.45,365036,-0.1038,-0.0968,7.23,839.8000,2.22
2025-02-04 14:00:00,858.5,859.03,858,858.2,277146,-0.1942,-0.0968,100.62,839.8000,2.19
2025-02-04 14:05:00,858.2,859.43,857.7,857.7,744062,-0.2950,-0.0968,204.75,839.8000,2.13
2025-02-04 14:10:00,857.8,858.08,854.98,856.08,968164,-0.4678,-0.0968,383.26,839.8000,1.94
2025-02-04 14:15:00,856.08,857,855.5,855.88,645374,-0.5850,-0.0968,504.34,839.8000,1.91
2025-02-04 14:20:00,856,857.23,854.78,857.05,918586,-0.5725,-0.0968,491.43,839.8000,2.05
2025-02-04 14:25:00,857.05,857.15,854.75,855.3,562120,-0.6643,-0.0968,586.26,839.8000,1.85
2025-02-04 14:30:00,855.28,855.95,854.73,855.4,365804,-0.6971,-0.0968,620.14,839.8000,1.86
2025-02-04 14:35:00,855.4,857.3,854.65,856.85,285950,-0.6035,-0.0968,523.45,839.8000,2.03
2025-02-04 14:40:00,856.85,857.78,856.43,857.2,339398,-0.5044,-0.0968,421.07,839.8000,2.07
2025-02-04 14:45:00,857.25,860.4,856.3,859.58,641998,-0.2764,-0.0968,185.54,839.8000,2.36
2025-02-04 14:50:00,859.7,861.25,859,860.25,900974,-0.0879,-0.0968,-9.19,839.8000,2.44
2025-02-04 14:55:00,860.4,862.9,860.23,861.7,1269892,0.1158,-0.0968,-219.63,839.8000,2.61
2025-02-04 15:00:00,861.75,862.75,860.9,862.13,1596014,0.2530,-0.0968,-361.36,839.8000,2.66
2025-02-04 15:05:00,862.13,862.35,859.95,860.45,1223252,0.2061,-0.0968,-312.91,839.8000,2.46
2025-02-04 15:10:00,860.45,861.48,859.45,861.15,895746,0.1978,-0.0968,-304.34,839.8000,2.54
2025-02-04 15:15:00,861.18,861.23,858.53,858.95,995456,0.0284,-0.0968,-129.34,839.8000,2.28
2025-02-04 15:20:00,858.95,859.75,857.98,858,660202,-0.1532,-0.0968,58.26,839.8000,2.17
2025-02-04 15:25:00,858,859.68,857.88,858.15,610562,-0.2624,-0.0968,171.07,839.8000,2.19
2025-02-05 09:15:00,866.5,867,861.55,864.58,1478082,0.0807,-0.2624,-130.75,858.1500,0.75
2025-02-05 09:20:00,864.6,864.7,862.2,862.23,539242,0.1290,-0.2624,-149.16,858.1500,0.48
2025-02-05 09:25:00,862.23,862.35,860.43,860.48,351146,0.0279,-0.2624,-110.63,858.1500,0.27
2025-02-05 09:30:00,860.45,861.63,859.5,859.68,413354,-0.1009,-0.2624,-61.55,858.1500,0.18
2025-02-05 09:35:00,859.5,861.73,859.45,861.7,621816,-0.0602,-0.2624,-77.06,858.1500,0.41
2025-02-05 09:40:00,861.65,862.6,861.48,862.23,289908,-0.0103,-0.2624,-96.07,858.1500,0.48
2025-02-05 09:45:00,862.23,863.13,862.08,863.05,148502,0.0612,-0.2624,-123.32,858.1500,0.57
2025-02-05 09:50:00,863,863.38,862.13,862.58,179432,0.0601,-0.2624,-122.90,858.1500,0.52
2025-02-05 09:55:00,862.58,862.73,861.53,861.93,128596,0.0020,-0.2624,-100.76,858.1500,0.44
2025-02-05 10:00:00,861.93,862.65,861.1,861.23,112724,-0.0921,-0.2624,-64.90,858.1500,0.36
2025-02-05 10:05:00,861.23,862.98,861.2,862.75,161980,-0.0619,-0.2624,-76.41,858.1500,0.54
2025-02-05 10:10:00,862.75,863.5,862.35,863.33,166758,-0.0152,-0.2624,-94.21,858.1500,0.60
2025-02-05 10:15:00,863.13,863.5,862.1,862.63,149058,-0.0423,-0.2624,-83.88,858.1500,0.52
2025-02-05 10:20:00,862.58,863.35,861.6,863.2,150726,-0.0331,-0.2624,-87.39,858.1500,0.59
2025-02-05 10:25:00,863.2,865.75,862.95,865.03,347846,0.0789,-0.2624,-130.07,858.1500,0.80
2025-02-05 10:30:00,865.03,865.4,864.2,865.05,171624,0.1337,-0.2624,-150.95,858.1500,0.80
2025-02-05 10:35:00,865.05,865.5,864,865.45,204248,0.1739,-0.2624,-166.27,858.1500,0.85
2025-02-05 10:40:00,865.48,865.98,864.68,865.25,273310,0.1639,-0.2624,-162.46,858.1500,0.83
2025-02-05 10:45:00,865.23,865.95,865.08,865.65,219230,0.1611,-0.2624,-161.39,858.1500,0.87
2025-02-05 10:50:00,865.65,866.5,865.13,865.63,479162,0.1357,-0.2624,-151.71,858.1500,0.87
2025-02-05 10:55:00,865.6,866,864.33,865.2,254686,0.0709,-0.2624,-127.02,858.1500,0.82
2025-02-05 11:00:00,865.23,865.33,863.83,864.13,105760,-0.0561,-0.2624,-78.62,858.1500,0.70
2025-02-05 11:05:00,864.1,864.25,863.55,864.25,118356,-0.1393,-0.2624,-46.91,858.1500,0.71
2025-02-05 11:10:00,864.25,864.63,863.53,863.9,149752,-0.2205,-0.2624,-15.97,858.1500,0.67
2025-02-05 11:15:00,863.9,864.5,863.58,864.05,103906,-0.2637,-0.2624,0.50,858.1500,0.69
2025-02-05 11:20:00,864,865,863.88,865,102608,-0.2292,-0.2624,-12.65,858.1500,0.80
2025-02-05 11:25:00,865,865,864.05,864.75,92990,-0.2238,-0.2624,-14.71,858.1500,0.77
2025-02-05 11:30:00,864.75,864.78,864.1,864.73,83112,-0.2218,-0.2624,-15.47,858.1500,0.77
2025-02-05 11:35:00,864.7,865,864.15,865,91220,-0.2030,-0.2624,-22.64,858.1500,0.80
2025-02-05 11:40:00,864.95,864.98,863.55,864.6,99418,-0.2169,-0.2624,-17.34,858.1500,0.75
2025-02-05 11:45:00,864.58,865.05,864.58,865.03,93016,-0.1972,-0.2624,-24.85,858.1500,0.80
2025-02-05 11:50:00,864.95,865,864.33,864.73,90044,-0.2036,-0.2624,-22.41,858.1500,0.77
2025-02-05 11:55:00,864.73,864.98,864.4,864.8,120812,-0.2019,-0.2624,-23.06,858.1500,0.77
2025-02-05 12:00:00,864.78,864.9,864.43,864.63,141200,-0.2100,-0.2624,-19.97,858.1500,0.76
2025-02-05 12:05:00,864.65,864.93,864.3,864.45,112064,-0.2241,-0.2624,-14.60,858.1500,0.73
2025-02-05 12:10:00,864.45,864.83,864.03,864.83,158016,-0.2050,-0.2624,-21.88,858.1500,0.78
2025-02-05 12:15:00,864.83,865.98,864.78,865.78,170866,-0.1291,-0.2624,-50.80,858.1500,0.89
2025-02-05 12:20:00,865.83,866.1,865.45,865.65,156560,-0.0903,-0.2624,-65.59,858.1500,0.87
2025-02-05 12:25:00,865.65,865.95,865.15,865.93,150580,-0.0504,-0.2624,-80.79,858.1500,0.91
2025-02-05 12:30:00,865.85,866.98,865.5,866.93,246852,0.0341,-0.2624,-113.00,858.1500,1.02
2025-02-05 12:35:00,866.93,866.95,866,866.13,127778,0.0273,-0.2624,-110.40,858.1500,0.93
2025-02-05 12:40:00,866.23,866.75,866,866.15,120572,0.0158,-0.2624,-106.02,858.1500,0.93
2025-02-05 12:45:00,866.15,866.33,865.73,866.03,109494,-0.0070,-0.2624,-97.33,858.1500,0.92
2025-02-05 12:50:00,865.85,866.53,865.65,866.15,152748,-0.0203,-0.2624,-92.26,858.1500,0.93
2025-02-05 12:55:00,866.13,866.38,865.53,865.95,122620,-0.0474,-0.2624,-81.94,858.1500,0.91
2025-02-05 13:00:00,865.95,866.98,865.43,866.95,233806,-0.0049,-0.2624,-98.13,858.1500,1.03
2025-02-05 13:05:00,866.95,868.48,866.43,867.5,331930,0.0501,-0.2624,-119.09,858.1500,1.09
2025-02-05 13:10:00,867.5,868.43,867.28,867.68,144144,0.0864,-0.2624,-132.93,858.1500,1.11
2025-02-05 13:15:00,867.68,867.8,866.8,867.23,126274,0.0688,-0.2624,-126.22,858.1500,1.06
2025-02-05 13:20:00,867.23,867.45,866.63,866.9,116226,0.0256,-0.2624,-109.76,858.1500,1.02
2025-02-05 13:25:00,866.98,867.68,866.83,867.23,146970,0.0109,-0.2624,-104.15,858.1500,1.06
2025-02-05 13:30:00,867.23,867.7,867,867.48,147644,0.0096,-0.2624,-103.66,858.1500,1.09
2025-02-05 13:35:00,867.4,869.2,867.33,868.5,1373830,0.0659,-0.2624,-125.11,858.1500,1.21
2025-02-05 13:40:00,868.5,868.5,867.23,867.9,150106,0.0518,-0.2624,-119.74,858.1500,1.14
2025-02-05 13:45:00,867.9,868.5,867.8,868.23,166564,0.0536,-0.2624,-120.43,858.1500,1.17
2025-02-05 13:50:00,868.23,869,868,868.93,151006,0.0887,-0.2624,-133.80,858.1500,1.26
2025-02-05 13:55:00,868.93,869.25,868.7,868.9,183090,0.0960,-0.2624,-136.59,858.1500,1.25
2025-02-05 14:00:00,868.95,869.25,868.63,868.85,145550,0.0841,-0.2624,-132.05,858.1500,1.25
2025-02-05 14:05:00,868.85,869.25,868.68,868.9,159166,0.0670,-0.2624,-125.53,858.1500,1.25
2025-02-05 14:10:00,868.9,869.5,868.03,869.48,222542,0.0811,-0.2624,-130.91,858.1500,1.32
2025-02-05 14:15:00,869.5,870.48,869.25,870.45,1057022,0.1388,-0.2624,-152.90,858.1500,1.43
2025-02-05 14:20:00,870.4,871,870,870.05,215694,0.1330,-0.2624,-150.69,858.1500,1.39
2025-02-05 14:25:00,870.35,870.43,869.95,870.28,160106,0.1276,-0.2624,-148.63,858.1500,1.41
2025-02-05 14:30:00,870.28,871.45,870.2,870.93,379722,0.1494,-0.2624,-156.94,858.1500,1.49
2025-02-05 14:35:00,870.93,871.5,870.25,871.45,268802,0.1782,-0.2624,-167.91,858.1500,1.55
2025-02-05 14:40:00,871.45,872.1,870.6,871.28,1258008,0.1657,-0.2624,-163.15,858.1500,1.53
2025-02-05 14:45:00,871.28,871.35,870.3,870.98,181486,0.1191,-0.2624,-145.39,858.1500,1.50
2025-02-05 14:50:00,870.88,871.98,870.53,870.75,355960,0.0579,-0.2624,-122.07,858.1500,1.47
2025-02-05 14:55:00,870.75,870.75,869.65,870.1,276388,-0.0362,-0.2624,-86.20,858.1500,1.39
2025-02-05 15:00:00,870.23,870.25,869.05,869.08,862360,-0.1696,-0.2624,-35.37,858.1500,1.27
2025-02-05 15:05:00,869.1,869.13,868.25,868.73,823278,-0.2775,-0.2624,5.75,858.1500,1.23
2025-02-05 15:10:00,868.78,869.43,868.73,868.8,743682,-0.3362,-0.2624,28.12,858.1500,1.24
2025-02-05 15:15:00,868.78,869.5,868.05,868.8,997954,-0.3648,-0.2624,39.02,858.1500,1.24
2025-02-05 15:20:00,868.8,869.3,868.58,868.83,839690,-0.3702,-0.2624,41.08,858.1500,1.24
2025-02-05 15:25:00,868.88,869.08,867,867.4,666156,-0.4532,-0.2624,72.71,858.1500,1.08
2025-02-06 09:15:00,868,869.98,865.25,867.53,1441256,-0.4798,-0.4532,5.87,867.4000,0.01
2025-02-06 09:20:00,867.53,867.8,865.5,865.75,571478,-0.5905,-0.4532,30.30,867.4000,-0.19
2025-02-06 09:25:00,865.75,865.83,864.03,864.5,563006,-0.7130,-0.4532,57.33,867.4000,-0.33
2025-02-06 09:30:00,864.5,865.45,864,864.18,494836,-0.7754,-0.4532,71.09,867.4000,-0.37
2025-02-06 09:35:00,864.18,865.1,863.03,863.75,281684,-0.8021,-0.4532,76.99,867.4000,-0.42
2025-02-06 09:40:00,863.75,865.25,863.65,864.98,392786,-0.6974,-0.4532,53.88,867.4000,-0.28
2025-02-06 09:45:00,864.98,865.25,864.1,864.2,208842,-0.6424,-0.4532,41.75,867.4000,-0.37
2025-02-06 09:50:00,864.1,864.33,862.58,863.03,249372,-0.6449,-0.4532,42.30,867.4000,-0.50
2025-02-06 09:55:00,863.03,864.93,862,863.9,512918,-0.5516,-0.4532,21.71,867.4000,-0.40
2025-02-06 10:00:00,863.93,864.65,863.75,864.65,211486,-0.4096,-0.4532,-9.62,867.4000,-0.32
2025-02-06 10:05:00,864.58,865.2,864.23,864.85,244496,-0.2787,-0.4532,-38.50,867.4000,-0.29
2025-02-06 10:10:00,865,866.5,864.83,866.35,352614,-0.0779,-0.4532,-82.81,867.4000,-0.12
2025-02-06 10:15:00,866.5,866.58,865.73,866.28,248308,0.0560,-0.4532,-112.36,867.4000,-0.13
2025-02-06 10:20:00,866.28,866.75,865,865.43,244242,0.0912,-0.4532,-120.12,867.4000,-0.23
2025-02-06 10:25:00,865.4,865.9,865,865.73,227734,0.1357,-0.4532,-129.94,867.4000,-0.19
2025-02-06 10:30:00,865.73,866.9,865.58,865.65,203876,0.1593,-0.4532,-135.15,867.4000,-0.20
2025-02-06 10:35:00,865.65,866.78,865.33,866.5,228160,0.2275,-0.4532,-150.20,867.4000,-0.10
2025-02-06 10:40:00,866.5,866.83,865.75,866.58,163774,0.2704,-0.4532,-159.66,867.4000,-0.09
2025-02-06 10:45:00,866.75,866.75,866,866.3,233188,0.2716,-0.4532,-159.93,867.4000,-0.13
2025-02-06 10:50:00,866.03,867.5,866.03,867.4,258446,0.3340,-0.4532,-173.70,867.4000,0.00
2025-02-06 10:55:00,867.43,867.78,866.75,867.28,283540,0.3530,-0.4532,-177.89,867.4000,-0.01
2025-02-06 11:00:00,867.3,867.8,866.13,866.15,239828,0.2784,-0.4532,-161.43,867.4000,-0.14
2025-02-06 11:05:00,866.18,867,865.83,866,245838,0.2111,-0.4532,-146.58,867.4000,-0.16
2025-02-06 11:10:00,866.08,866.65,865.5,865.95,207972,0.1577,-0.4532,-134.80,867.4000,-0.17
2025-02-06 11:15:00,865.93,866.38,864.85,864.85,157280,0.0484,-0.4532,-110.68,867.4000,-0.29
2025-02-06 11:20:00,864.88,865.25,864,864.7,191638,-0.0295,-0.4532,-93.49,867.4000,-0.31
2025-02-06 11:25:00,864.7,865.48,864.38,864.58,183938,-0.0819,-0.4532,-81.93,867.4000,-0.33
2025-02-06 11:30:00,864.58,865.33,864.08,865.15,696284,-0.0711,-0.4532,-84.31,867.4000,-0.26
2025-02-06 11:35:00,865.18,866.25,865.03,865.6,205562,-0.0290,-0.4532,-93.60,867.4000,-0.21
2025-02-06 11:40:00,865.6,865.98,864.85,865.8,149624,0.0148,-0.4532,-103.27,867.4000,-0.18
2025-02-06 11:45:00,865.8,867,865.28,866.3,198640,0.0764,-0.4532,-116.86,867.4000,-0.13
2025-02-06 11:50:00,866.3,866.53,865.8,866.5,135582,0.1267,-0.4532,-127.96,867.4000,-0.10
2025-02-06 11:55:00,866.5,866.6,865.9,866.4,135646,0.1477,-0.4532,-132.59,867.4000,-0.12
2025-02-06 12:00:00,866.43,867.38,866.18,866.98,154802,0.1924,-0.4532,-142.45,867.4000,-0.05
2025-02-06 12:05:00,867,867.6,866.53,866.85,247922,0.2039,-0.4532,-144.99,867.4000,-0.06
2025-02-06 12:10:00,867.15,867.38,866.68,867.23,126720,0.2260,-0.4532,-149.87,867.4000,-0.02
2025-02-06 12:15:00,867.2,868.5,867.08,868.5,243164,0.3098,-0.4532,-168.36,867.4000,0.13
2025-02-06 12:20:00,868.5,868.5,867.5,867.98,209930,0.3131,-0.4532,-169.09,867.4000,0.07
2025-02-06 12:25:00,867.98,868.33,866.98,867.03,157008,0.2375,-0.4532,-152.41,867.4000,-0.04
2025-02-06 12:30:00,867.28,867.43,866.5,866.98,237614,0.1733,-0.4532,-138.24,867.4000,-0.05
2025-02-06 12:35:00,866.98,868,866.35,867.95,135800,0.1844,-0.4532,-140.69,867.4000,0.06
2025-02-06 12:40:00,867.95,868.5,867.48,868.13,174540,0.1912,-0.4532,-142.19,867.4000,0.08
2025-02-06 12:45:00,868.15,868.35,866.7,867.28,211952,0.1288,-0.4532,-128.42,867.4000,-0.01
2025-02-06 12:50:00,867.28,867.35,865.33,865.98,169618,-0.0027,-0.4532,-99.40,867.4000,-0.16
2025-02-06 12:55:00,865.95,866.7,865.58,865.63,129968,-0.1100,-0.4532,-75.73,867.4000,-0.20
2025-02-06 13:00:00,865.88,866.65,865.4,866.25,159584,-0.1343,-0.4532,-70.37,867.4000,-0.13
2025-02-06 13:05:00,866.3,866.78,865.25,865.48,226074,-0.1938,-0.4532,-57.24,867.4000,-0.22
2025-02-06 13:10:00,865.78,866.08,863.6,863.93,387558,-0.3215,-0.4532,-29.06,867.4000,-0.40
2025-02-06 13:15:00,864.23,865.28,863.93,864.98,210094,-0.3186,-0.4532,-29.70,867.4000,-0.28
2025-02-06 13:20:00,864.98,865.13,864.55,864.98,164014,-0.3004,-0.4532,-33.72,867.4000,-0.28
2025-02-06 13:25:00,864.98,865.83,864.8,865.23,199812,-0.2567,-0.4532,-43.36,867.4000,-0.25
2025-02-06 13:30:00,865.38,865.9,864.73,865.68,150900,-0.1862,-0.4532,-58.91,867.4000,-0.20
2025-02-06 13:35:00,865.9,865.98,865.03,865.35,125476,-0.1517,-0.4532,-66.53,867.4000,-0.24
2025-02-06 13:40:00,865.43,865.88,865.23,865.63,128022,-0.1025,-0.4532,-77.38,867.4000,-0.20
2025-02-06 13:45:00,865.75,865.78,865.08,865.13,154620,-0.0962,-0.4532,-78.77,867.4000,-0.26
2025-02-06 13:50:00,865.35,865.98,865.08,865.95,201290,-0.0325,-0.4532,-92.83,867.4000,-0.17
2025-02-06 13:55:00,865.95,866.68,865.55,866.03,248362,0.0165,-0.4532,-103.64,867.4000,-0.16
2025-02-06 14:00:00,866.1,867.38,865.78,867.28,288946,0.1285,-0.4532,-128.35,867.4000,-0.01
2025-02-06 14:05:00,867.25,867.5,866.43,867.3,249000,0.1952,-0.4532,-143.07,867.4000,-0.01
2025-02-06 14:10:00,867.3,867.8,866.75,867.28,332890,0.2271,-0.4532,-150.11,867.4000,-0.01
2025-02-06 14:15:00,867.5,868,867.03,867.5,222738,0.2503,-0.4532,-155.23,867.4000,0.01
2025-02-06 14:20:00,867.53,867.68,866.33,866.93,263140,0.2158,-0.4532,-147.62,867.4000,-0.05
2025-02-06 14:25:00,867.05,868.3,866.68,867.68,328504,0.2307,-0.4532,-150.90,867.4000,0.03
2025-02-06 14:30:00,867.98,868.65,867.53,868.23,327002,0.2626,-0.4532,-157.94,867.4000,0.10
2025-02-06 14:35:00,868.3,869.5,868,868.5,397046,0.2848,-0.4532,-162.84,867.4000,0.13
2025-02-06 14:40:00,868.55,869.4,868.13,868.48,327662,0.2808,-0.4532,-161.96,867.4000,0.12
2025-02-06 14:45:00,868.48,869.1,868.15,868.93,286274,0.2899,-0.4532,-163.97,867.4000,0.18
2025-02-06 14:50:00,868.95,869.75,868.33,869.23,382516,0.2964,-0.4532,-165.40,867.4000,0.21
2025-02-06 14:55:00,869.3,869.98,868.78,869.75,507432,0.3144,-0.4532,-169.37,867.4000,0.27
2025-02-06 15:00:00,869.75,871.63,869.63,871.4,1644990,0.4100,-0.4532,-190.47,867.4000,0.46
2025-02-06 15:05:00,871.4,871.8,870.85,871.75,1265780,0.4654,-0.4532,-202.69,867.4000,0.50
2025-02-06 15:10:00,871.75,872.2,870.75,871.88,1277998,0.4775,-0.4532,-205.36,867.4000,0.52
2025-02-06 15:15:00,871.88,873,871.88,873,1156898,0.5240,-0.4532,-215.62,867.4000,0.65
2025-02-06 15:20:00,872.95,873.58,872.65,873.2,1270108,0.5297,-0.4532,-216.88,867.4000,0.67
2025-02-06 15:25:00,873.2,874.5,872.5,873.25,760428,0.4987,-0.4532,-210.04,867.4000,0.67
2025-02-07 09:15:00,874.5,878.3,873.38,877.65,1561468,0.7229,0.4987,44.96,873.2500,0.50
2025-02-07 09:20:00,877.6,878.5,875.3,878.13,699620,0.8434,0.4987,69.12,873.2500,0.56
2025-02-07 09:25:00,878.4,878.75,877.5,878.5,414596,0.8836,0.4987,77.18,873.2500,0.60
2025-02-07 09:30:00,878.53,879.7,877.5,879.23,305268,0.8924,0.4987,78.95,873.2500,0.68
2025-02-07 09:35:00,879.35,880.38,878.35,879.7,538442,0.8625,0.4987,72.95,873.2500,0.74
2025-02-07 09:40:00,879.75,881.45,879.1,880.68,337960,0.8403,0.4987,68.50,873.2500,0.85
2025-02-07 09:45:00,880.55,881.9,879.88,881.9,371850,0.8377,0.4987,67.98,873.2500,0.99
2025-02-07 09:50:00,881.88,882.2,879.98,880.35,261232,0.6687,0.4987,34.09,873.2500,0.81
2025-02-07 09:55:00,880.38,881.3,879.98,880.05,233540,0.4825,0.4987,-3.25,873.2500,0.78
2025-02-07 10:00:00,880.05,881.2,879,879.68,341050,0.2898,0.4987,-41.89,873.2500,0.74
2025-02-07 10:05:00,879.7,883,878.3,882.78,446574,0.3239,0.4987,-35.05,873.2500,1.09
2025-02-07 10:10:00,883,883.5,876.93,879.68,985832,0.1019,0.4987,-79.57,873.2500,0.74
2025-02-07 10:15:00,879.65,880.65,876.98,877.63,652918,-0.2022,0.4987,-140.55,873.2500,0.50
2025-02-07 10:20:00,877.53,878.73,874.38,874.75,628280,-0.5942,0.4987,-219.15,873.2500,0.17
2025-02-07 10:25:00,874.75,875.13,872.55,873.13,955396,-0.9392,0.4987,-288.33,873.2500,-0.01
2025-02-07 10:30:00,873.03,874.5,872.9,873.48,186958,-1.1086,0.4987,-322.30,873.2500,0.03
2025-02-07 10:35:00,873.68,874.4,871.78,874.13,249578,-1.1375,0.4987,-328.09,873.2500,0.10
2025-02-07 10:40:00,874.13,875,872.38,872.5,223356,-1.2196,0.4987,-344.56,873.2500,-0.09
2025-02-07 10:45:00,872.75,872.88,871.1,871.88,242828,-1.2637,0.4987,-353.40,873.2500,-0.16
2025-02-07 10:50:00,872,872.83,871.43,872.8,106838,-1.1803,0.4987,-336.68,873.2500,-0.05
2025-02-07 10:55:00,872.8,874.5,872.53,874.43,239822,-0.9735,0.4987,-295.21,873.2500,0.14
2025-02-07 11:00:00,874.45,874.95,873.3,873.98,275456,-0.8307,0.4987,-266.57,873.2500,0.08
2025-02-07 11:05:00,874.03,874.83,873.73,874.7,163152,-0.6589,0.4987,-232.12,873.2500,0.17
2025-02-07 11:10:00,874.7,874.9,872.85,872.85,278028,-0.6405,0.4987,-228.43,873.2500,-0.05
2025-02-07 11:15:00,873.05,873.45,872.35,873.35,220920,-0.5677,0.4987,-213.84,873.2500,0.01
2025-02-07 11:20:00,873.38,874.5,873.1,874.4,241250,-0.4283,0.4987,-185.88,873.2500,0.13
2025-02-07 11:25:00,874.4,875.7,873.85,875.33,281326,-0.2611,0.4987,-152.36,873.2500,0.24
2025-02-07 11:30:00,875.33,875.95,873.7,874.5,235358,-0.1970,0.4987,-139.50,873.2500,0.14
2025-02-07 11:35:00,874.25,874.38,873.15,873.18,179902,-0.2316,0.4987,-146.44,873.2500,-0.01
2025-02-07 11:40:00,873.18,874.2,872.53,873.85,328720,-0.1989,0.4987,-139.88,873.2500,0.07
2025-02-07 11:45:00,873.8,874.55,873.58,873.65,459764,-0.1807,0.4987,-136.23,873.2500,0.05
2025-02-07 11:50:00,873.68,874.05,872.63,873,471492,-0.2008,0.4987,-140.26,873.2500,-0.03
2025-02-07 11:55:00,872.95,873.8,872.75,873.38,392616,-0.1777,0.4987,-135.63,873.2500,0.01
2025-02-07 12:00:00,873.38,874.13,873.33,873.68,267538,-0.1335,0.4987,-126.77,873.2500,0.05
2025-02-07 12:05:00,873.7,873.78,870.58,871,437742,-0.2682,0.4987,-153.78,873.2500,-0.26
2025-02-07 12:10:00,870.73,871.2,868.75,868.9,333966,-0.4704,0.4987,-194.33,873.2500,-0.50
2025-02-07 12:15:00,868.9,869.43,868.13,868.78,199154,-0.5768,0.4987,-215.66,873.2500,-0.51
2025-02-07 12:20:00,868.78,869.98,868.7,868.95,217608,-0.5978,0.4987,-219.87,873.2500,-0.49
2025-02-07 12:25:00,868.93,869.93,868.2,869.5,157148,-0.5385,0.4987,-207.98,873.2500,-0.43
2025-02-07 12:30:00,869.5,869.53,868,868,118896,-0.5617,0.4987,-212.63,873.2500,-0.60
2025-02-07 12:35:00,868.03,868.45,866.55,866.6,155248,-0.6276,0.4987,-225.85,873.2500,-0.76
2025-02-07 12:40:00,866.65,867.83,865.8,867.28,206272,-0.5827,0.4987,-216.84,873.2500,-0.68
2025-02-07 12:45:00,867.05,867.83,866.75,867.45,119110,-0.5019,0.4987,-200.64,873.2500,-0.66
2025-02-07 12:50:00,867.45,867.6,866.55,866.55,107260,-0.4701,0.4987,-194.27,873.2500,-0.77
2025-02-07 12:55:00,866.58,867.3,866.1,867.1,204076,-0.3769,0.4987,-175.58,873.2500,-0.70
2025-02-07 13:00:00,867.1,867.28,866,866.8,155756,-0.3035,0.4987,-160.86,873.2500,-0.74
2025-02-07 13:05:00,866.8,867.1,866,866.03,116158,-0.2758,0.4987,-155.30,873.2500,-0.83
2025-02-07 13:10:00,866.03,866.28,865,865.63,187834,-0.2538,0.4987,-150.89,873.2500,-0.87
2025-02-07 13:15:00,865.63,865.98,864.7,865.63,282462,-0.2106,0.4987,-142.23,873.2500,-0.87
2025-02-07 13:20:00,865.63,866.25,865.18,865.38,221416,-0.1716,0.4987,-134.41,873.2500,-0.90
2025-02-07 13:25:00,865.38,865.48,864.4,864.78,252374,-0.1595,0.4987,-131.98,873.2500,-0.97
2025-02-07 13:30:00,864.73,866.5,864.73,866.15,151764,-0.0386,0.4987,-107.74,873.2500,-0.81
2025-02-07 13:35:00,866.15,866.55,865.9,866,113348,0.0472,0.4987,-90.54,873.2500,-0.83
2025-02-07 13:40:00,866,866.9,865.63,866.35,125814,0.1382,0.4987,-72.29,873.2500,-0.79
2025-02-07 13:45:00,865.98,866.93,865.75,866.55,113732,0.2179,0.4987,-56.31,873.2500,-0.77
2025-02-07 13:50:00,866.55,866.95,863.8,864.13,141210,0.1186,0.4987,-76.22,873.2500,-1.04
2025-02-07 13:55:00,864.13,865.33,864.08,864.83,123446,0.1112,0.4987,-77.70,873.2500,-0.96
2025-02-07 14:00:00,864.6,866.08,864.33,865.55,157132,0.1627,0.4987,-67.38,873.2500,-0.88
2025-02-07 14:05:00,865.58,866.45,864.3,864.45,86740,0.1320,0.4987,-73.53,873.2500,-1.01
2025-02-07 14:10:00,864.53,864.83,863.13,863.48,147790,0.0594,0.4987,-88.09,873.2500,-1.12
2025-02-07 14:15:00,863.55,864,863,863.08,86170,0.0005,0.4987,-99.90,873.2500,-1.16
2025-02-07 14:20:00,863.08,863.55,862.5,862.88,138374,-0.0339,0.4987,-106.80,873.2500,-1.19
2025-02-07 14:25:00,862.88,863.7,862.75,863.65,96890,0.0108,0.4987,-97.83,873.2500,-1.10
2025-02-07 14:30:00,863.53,864,863.33,864,97762,0.0760,0.4987,-84.76,873.2500,-1.06
2025-02-07 14:35:00,863.98,865.28,863.98,864.88,136180,0.1841,0.4987,-63.08,873.2500,-0.96
2025-02-07 14:40:00,864.88,865.25,864.25,864.73,98046,0.2474,0.4987,-50.39,873.2500,-0.98
2025-02-07 14:45:00,864.7,865,864.13,864.23,147186,0.2564,0.4987,-48.59,873.2500,-1.03
2025-02-07 14:50:00,864.15,864.5,863.58,863.58,155776,0.2207,0.4987,-55.74,873.2500,-1.11
2025-02-07 14:55:00,863.6,864.2,863.28,864.2,130088,0.2395,0.4987,-51.98,873.2500,-1.04
2025-02-07 15:00:00,864.2,866.28,864.08,866,660704,0.3661,0.4987,-26.59,873.2500,-0.83
2025-02-07 15:05:00,866.05,866.83,865.28,866.4,670226,0.4635,0.4987,-7.06,873.2500,-0.78
2025-02-07 15:10:00,866.4,867.45,866.35,866.83,568726,0.5383,0.4987,7.94,873.2500,-0.74
2025-02-07 15:15:00,866.83,867.13,865.58,866.73,580516,0.5601,0.4987,12.31,873.2500,-0.75
2025-02-07 15:20:00,866.7,867.5,865.75,867.33,488774,0.5908,0.4987,18.47,873.2500,-0.68
2025-02-07 15:25:00,867.38,867.53,865.25,866,424854,0.5010,0.4987,0.46,873.2500,-0.83
2025-02-10 09:15:00,860,861.73,857.03,859.35,1593100,-0.0003,0.5010,-100.06,866.0000,-0.77
2025-02-10 09:20:00,859.4,859.98,857.58,859.7,468386,-0.2864,0.5010,-157.17,866.0000,-0.73
2025-02-10 09:25:00,859.7,860.63,858.88,860.45,304040,-0.3966,0.5010,-179.16,866.0000,-0.64
2025-02-10 09:30:00,860.45,860.83,857.83,858.75,256866,-0.5461,0.5010,-209.00,866.0000,-0.84
2025-02-10 09:35:00,858.58,858.93,857.53,857.55,156086,-0.6793,0.5010,-235.59,866.0000,-0.98
2025-02-10 09:40:00,857.8,857.98,856.45,856.48,217698,-0.7855,0.5010,-256.79,866.0000,-1.10
2025-02-10 09:45:00,856.63,856.88,855.83,856.7,203500,-0.7850,0.5010,-256.69,866.0000,-1.07
2025-02-10 09:50:00,856.88,858.5,856.48,858,198064,-0.6470,0.5010,-229.14,866.0000,-0.92
2025-02-10 09:55:00,858.1,858.48,856.93,857.5,284768,-0.5434,0.5010,-208.46,866.0000,-0.98
2025-02-10 10:00:00,857.5,858.95,857.25,858.58,141012,-0.3647,0.5010,-172.79,866.0000,-0.86
2025-02-10 10:05:00,858.75,859.48,858.15,858.93,196530,-0.1942,0.5010,-138.76,866.0000,-0.82
2025-02-10 10:10:00,858.93,858.93,856.1,856.38,124632,-0.2222,0.5010,-144.35,866.0000,-1.11
2025-02-10 10:15:00,856.2,857.23,855,857.1,142212,-0.1641,0.5010,-132.75,866.0000,-1.03
2025-02-10 10:20:00,856.9,857.05,856,856.1,84762,-0.1645,0.5010,-132.83,866.0000,-1.14
2025-02-10 10:25:00,856,856.15,855.25,855.78,107810,-0.1576,0.5010,-131.46,866.0000,-1.18
2025-02-10 10:30:00,855.93,856.45,855.38,855.45,92428,-0.1470,0.5010,-129.34,866.0000,-1.22
2025-02-10 10:35:00,855.43,856.8,855.1,856.3,97626,-0.0588,0.5010,-111.74,866.0000,-1.12
2025-02-10 10:40:00,856.3,856.9,855.6,855.85,83520,-0.0095,0.5010,-101.90,866.0000,-1.17
2025-02-10 10:45:00,855.83,855.98,854.25,855.45,206248,0.0161,0.5010,-96.79,866.0000,-1.22
2025-02-10 10:50:00,855.38,855.98,854.83,855.9,125034,0.0796,0.5010,-84.11,866.0000,-1.17
2025-02-10 10:55:00,855.88,856.5,855.45,856.25,101326,0.1571,0.5010,-68.64,866.0000,-1.13
2025-02-10 11:00:00,856.25,856.93,856.05,856.73,97212,0.2471,0.5010,-50.68,866.0000,-1.07
2025-02-10 11:05:00,856.75,857,856.45,856.5,87338,0.2945,0.5010,-41.22,866.0000,-1.10
2025-02-10 11:10:00,856.5,856.5,855.55,856.2,84388,0.3075,0.5010,-38.62,866.0000,-1.13
2025-02-10 11:15:00,856.13,856.4,855.6,856.38,90924,0.3282,0.5010,-34.49,866.0000,-1.11
2025-02-10 11:20:00,856.38,856.43,855.18,856,86804,0.3161,0.5010,-36.91,866.0000,-1.15
2025-02-10 11:25:00,856,856.2,855.5,855.9,69192,0.3013,0.5010,-39.86,866.0000,-1.17
2025-02-10 11:30:00,855.88,856.38,855.05,856.25,114138,0.3136,0.5010,-37.41,866.0000,-1.13
2025-02-10 11:35:00,856.25,856.75,855.75,856.13,68320,0.3115,0.5010,-37.82,866.0000,-1.14
2025-02-10 11:40:00,856.13,857.4,855.9,856.43,113486,0.3266,0.5010,-34.81,866.0000,-1.11
2025-02-10 11:45:00,856.63,857.25,856.6,856.78,129446,0.3541,0.5010,-29.32,866.0000,-1.06
2025-02-10 11:50:00,857,858.13,856.65,857.5,119408,0.4108,0.5010,-18.00,866.0000,-0.98
2025-02-10 11:55:00,857.5,857.75,856.1,856.28,132938,0.3581,0.5010,-28.52,866.0000,-1.12
2025-02-10 12:00:00,856.2,856.68,855.43,855.95,106292,0.2955,0.5010,-41.02,866.0000,-1.16
2025-02-10 12:05:00,856.18,856.4,855.75,855.78,66760,0.2395,0.5010,-52.20,866.0000,-1.18
2025-02-10 12:10:00,855.88,856.48,855.6,856.23,114380,0.2297,0.5010,-54.15,866.0000,-1.13
2025-02-10 12:15:00,856.23,856.53,855.25,855.25,111374,0.1575,0.5010,-68.56,866.0000,-1.24
2025-02-10 12:20:00,855.28,856.45,855,856.35,138122,0.1824,0.5010,-63.59,866.0000,-1.11
2025-02-10 12:25:00,856.35,856.75,856.05,856.35,99226,0.1962,0.5010,-60.84,866.0000,-1.11
2025-02-10 12:30:00,856.38,856.75,855.98,856,123462,0.1795,0.5010,-64.17,866.0000,-1.15
2025-02-10 12:35:00,856.03,856.7,855.6,856.4,111160,0.1922,0.5010,-61.64,866.0000,-1.11
2025-02-10 12:40:00,856.5,856.75,856,856.45,110256,0.1997,0.5010,-60.14,866.0000,-1.10
2025-02-10 12:45:00,856.45,856.95,855.95,856.63,104912,0.2114,0.5010,-57.80,866.0000,-1.08
2025-02-10 12:50:00,856.75,857.25,856.45,856.65,98390,0.2145,0.5010,-57.19,866.0000,-1.08
2025-02-10 12:55:00,856.85,856.93,855.98,856,93520,0.1688,0.5010,-66.31,866.0000,-1.15
2025-02-10 13:00:00,856,856.75,856,856.38,101440,0.1602,0.5010,-68.02,866.0000,-1.11
2025-02-10 13:05:00,856.3,856.98,856.08,856.43,97250,0.1539,0.5010,-69.28,866.0000,-1.11
2025-02-10 13:10:00,856.43,857.13,856.35,856.98,101768,0.1810,0.5010,-63.87,866.0000,-1.04
2025-02-10 13:15:00,856.93,856.98,856.2,856.68,103950,0.1728,0.5010,-65.51,866.0000,-1.08
2025-02-10 13:20:00,856.68,857.28,856.45,856.5,93834,0.1503,0.5010,-70.00,866.0000,-1.10
2025-02-10 13:25:00,856.5,857.43,856.5,857.3,111880,0.1822,0.5010,-63.63,866.0000,-1.00
2025-02-10 13:30:00,857.3,857.7,856.85,857.03,142564,0.1778,0.5010,-64.51,866.0000,-1.04
2025-02-10 13:35:00,857.03,857.5,856.85,857.28,104958,0.1837,0.5010,-63.33,866.0000,-1.01
2025-02-10 13:40:00,857.13,858,857.13,858,151228,0.2252,0.5010,-55.05,866.0000,-0.92
2025-02-10 13:45:00,857.8,858.45,857.58,857.9,147318,0.2341,0.5010,-53.27,866.0000,-0.94
2025-02-10 13:50:00,857.9,859.35,857.85,858.45,204118,0.2631,0.5010,-47.49,866.0000,-0.87
2025-02-10 13:55:00,858.35,858.88,857.8,858.5,160128,0.2705,0.5010,-46.01,866.0000,-0.87
2025-02-10 14:00:00,858.4,858.83,857.85,858.18,183452,0.2399,0.5010,-52.12,866.0000,-0.90
2025-02-10 14:05:00,858.1,858.48,857.7,858.1,156054,0.2018,0.5010,-59.72,866.0000,-0.91
2025-02-10 14:10:00,858.1,858.35,857.25,857.6,165958,0.1337,0.5010,-73.31,866.0000,-0.97
2025-02-10 14:15:00,857.5,858.4,857.48,857.8,157586,0.0948,0.5010,-81.08,866.0000,-0.95
2025-02-10 14:20:00,857.8,858.3,857.35,857.95,200808,0.0728,0.5010,-85.47,866.0000,-0.93
2025-02-10 14:25:00,857.78,858.1,857.35,857.73,192704,0.0387,0.5010,-92.28,866.0000,-0.95
2025-02-10 14:30:00,857.65,858.25,857.63,857.88,118640,0.0224,0.5010,-95.53,866.0000,-0.94
2025-02-10 14:35:00,857.88,858.45,857.78,858.05,141576,0.0194,0.5010,-96.13,866.0000,-0.92
2025-02-10 14:40:00,857.95,858.95,857.93,858.5,285184,0.0426,0.5010,-91.50,866.0000,-0.87
2025-02-10 14:45:00,858.5,858.95,858.08,858.6,275396,0.0586,0.5010,-88.30,866.0000,-0.85
2025-02-10 14:50:00,858.6,859.85,858.35,859.5,273074,0.1202,0.5010,-76.01,866.0000,-0.75
2025-02-10 14:55:00,859.5,859.85,858.78,859.65,262106,0.1590,0.5010,-68.26,866.0000,-0.73
2025-02-10 15:00:00,859.65,859.85,857.7,858.2,764820,0.0791,0.5010,-84.21,866.0000,-0.90
2025-02-10 15:05:00,858.28,858.28,857.35,857.4,626172,-0.0299,0.5010,-105.97,866.0000,-0.99
2025-02-10 15:10:00,857.48,858.13,857.3,857.88,694664,-0.0695,0.5010,-113.87,866.0000,-0.94
2025-02-10 15:15:00,857.9,858.43,857.5,857.75,685774,-0.1024,0.5010,-120.44,866.0000,-0.95
2025-02-10 15:20:00,857.78,858.03,857.43,857.8,691620,-0.1177,0.5010,-123.49,866.0000,-0.95
2025-02-10 15:25:00,857.9,858.43,857.5,858.3,677550,-0.0920,0.5010,-118.36,866.0000,-0.89
2025-02-11 09:15:00,851.5,853.45,848.95,850.1,2042296,-0.5971,-0.0920,549.02,858.3000,-0.96
2025-02-11 09:20:00,850.1,851.1,849.63,850.73,597992,-0.8435,-0.0920,816.85,858.3000,-0.88
2025-02-11 09:25:00,850.73,852.98,850,852.88,424744,-0.8159,-0.0920,786.85,858.3000,-0.63
2025-02-11 09:30:00,852.88,852.88,851,851.5,283160,-0.8414,-0.0920,814.57,858.3000,-0.79
2025-02-11 09:35:00,851.5,852.5,850.88,852.38,275390,-0.7528,-0.0920,718.26,858.3000,-0.69
2025-02-11 09:40:00,852.38,853,852.08,852.25,161970,-0.6600,-0.0920,617.39,858.3000,-0.70
2025-02-11 09:45:00,852.25,852.3,849.7,850.08,228288,-0.6981,-0.0920,658.80,858.3000,-0.96
2025-02-11 09:50:00,849.85,850.25,849.2,849.98,245148,-0.6826,-0.0920,641.96,858.3000,-0.97
2025-02-11 09:55:00,849.98,850.5,849.75,850.5,265108,-0.5931,-0.0920,544.67,858.3000,-0.91
2025-02-11 10:00:00,850.35,850.5,848.33,848.7,204002,-0.6088,-0.0920,561.74,858.3000,-1.12
2025-02-11 10:05:00,848.7,849.5,848.08,848.95,186822,-0.5572,-0.0920,505.65,858.3000,-1.09
2025-02-11 10:10:00,848.93,849.75,848.35,849.63,245930,-0.4375,-0.0920,375.54,858.3000,-1.01
2025-02-11 10:15:00,849.35,851,849.35,850.85,267890,-0.2460,-0.0920,167.39,858.3000,-0.87
2025-02-11 10:20:00,850.83,851.25,850.7,851.25,227694,-0.0712,-0.0920,-22.61,858.3000,-0.82
2025-02-11 10:25:00,851.18,852,850.9,851.08,217028,0.0477,-0.0920,-151.85,858.3000,-0.84
2025-02-11 10:30:00,850.98,851.08,850.2,850.2,124636,0.0800,-0.0920,-186.96,858.3000,-0.94
2025-02-11 10:35:00,850.2,850.48,849.33,849.93,131300,0.0949,-0.0920,-203.15,858.3000,-0.98
2025-02-11 10:40:00,849.9,850,849.03,849.75,139526,0.1038,-0.0920,-212.83,858.3000,-1.00
2025-02-11 10:45:00,849.78,850.35,849.65,849.98,189740,0.1344,-0.0920,-246.09,858.3000,-0.97
2025-02-11 10:50:00,849.88,850.48,849.65,850.4,148288,0.1887,-0.0920,-305.11,858.3000,-0.92
2025-02-11 10:55:00,850.35,851.5,850.23,851.38,232438,0.2904,-0.0920,-415.65,858.3000,-0.81
2025-02-11 11:00:00,851.35,851.38,850.08,850.18,144388,0.2766,-0.0920,-400.65,858.3000,-0.95
2025-02-11 11:05:00,850.18,851,850.08,850.75,189532,0.3036,-0.0920,-430.00,858.3000,-0.88
2025-02-11 11:10:00,850.7,852,850.68,851.98,246222,0.3961,-0.0920,-530.54,858.3000,-0.74
2025-02-11 11:15:00,851.95,853.38,851.58,853.13,176582,0.5188,-0.0920,-663.91,858.3000,-0.60
2025-02-11 11:20:00,853.13,853.25,851.7,851.98,155452,0.5061,-0.0920,-650.11,858.3000,-0.74
2025-02-11 11:25:00,851.95,852.5,851.9,851.9,150708,0.4762,-0.0920,-617.61,858.3000,-0.75
2025-02-11 11:30:00,851.9,852.4,851.53,851.65,293816,0.4253,-0.0920,-562.28,858.3000,-0.77
2025-02-11 11:35:00,851.6,852,851.25,851.5,184360,0.3692,-0.0920,-501.30,858.3000,-0.79
2025-02-11 11:40:00,851.48,853,851.4,852.93,350680,0.4128,-0.0920,-548.70,858.3000,-0.63
2025-02-11 11:45:00,852.93,853.65,852.3,853.13,242218,0.4372,-0.0920,-575.22,858.3000,-0.60
2025-02-11 11:50:00,853.1,853.55,852.55,853.5,180444,0.4581,-0.0920,-597.93,858.3000,-0.56
2025-02-11 11:55:00,853.28,853.53,852.63,852.78,146168,0.4052,-0.0920,-540.43,858.3000,-0.64
2025-02-11 12:00:00,852.75,853.4,852.5,852.93,140702,0.3633,-0.0920,-494.89,858.3000,-0.63
2025-02-11 12:05:00,852.95,853.65,852.68,853.3,148938,0.3438,-0.0920,-473.70,858.3000,-0.58
2025-02-11 12:10:00,853.3,853.58,852.8,852.9,138940,0.2893,-0.0920,-414.46,858.3000,-0.63
2025-02-11 12:15:00,852.83,853.53,852.4,853.1,170334,0.2535,-0.0920,-375.54,858.3000,-0.61
2025-02-11 12:20:00,853.1,854.85,853.1,854.15,159720,0.2849,-0.0920,-409.67,858.3000,-0.48
2025-02-11 12:25:00,854.15,855.5,854.05,854.73,203778,0.3261,-0.0920,-454.46,858.3000,-0.42
2025-02-11 12:30:00,854.75,854.9,853.65,853.85,128992,0.2774,-0.0920,-401.52,858.3000,-0.52
2025-02-11 12:35:00,853.78,854.2,853.63,854.2,112730,0.2528,-0.0920,-374.78,858.3000,-0.48
2025-02-11 12:40:00,854.2,854.65,853.53,853.75,136722,0.1929,-0.0920,-309.67,858.3000,-0.53
2025-02-11 12:45:00,853.75,854.38,852.6,852.93,111118,0.0900,-0.0920,-197.83,858.3000,-0.63
2025-02-11 12:50:00,852.9,853.3,852.13,852.38,165060,-0.0174,-0.0920,-81.09,858.3000,-0.69
2025-02-11 12:55:00,852.18,852.6,850.73,851.13,290738,-0.1667,-0.0920,81.20,858.3000,-0.84
2025-02-11 13:00:00,851.13,851.23,849.3,849.3,200006,-0.3710,-0.0920,303.26,858.3000,-1.05
2025-02-11 13:05:00,849.5,850,848.75,849.9,201030,-0.4432,-0.0920,381.74,858.3000,-0.98
2025-02-11 13:10:00,849.88,850.18,847.7,848.18,340340,-0.5758,-0.0920,525.87,858.3000,-1.18
2025-02-11 13:15:00,848.18,849.5,847.8,849.03,278722,-0.5741,-0.0920,524.02,858.3000,-1.08
2025-02-11 13:20:00,848.95,849.33,847.85,848.18,205994,-0.5953,-0.0920,547.07,858.3000,-1.18
2025-02-11 13:25:00,848.15,848.5,847.08,847.38,193702,-0.6254,-0.0920,579.78,858.3000,-1.27
2025-02-11 13:30:00,847.35,848,846.68,847.2,180826,-0.6184,-0.0920,572.17,858.3000,-1.29
2025-02-11 13:35:00,847.2,847.95,846.35,847.95,245004,-0.5277,-0.0920,473.59,858.3000,-1.21
2025-02-11 13:40:00,847.58,847.95,846.9,847.4,214108,-0.4712,-0.0920,412.17,858.3000,-1.27
2025-02-11 13:45:00,847.3,847.65,846.55,846.98,159164,-0.4296,-0.0920,366.96,858.3000,-1.32
2025-02-11 13:50:00,846.98,847.23,845.88,846.25,201544,-0.4184,-0.0920,354.78,858.3000,-1.40
2025-02-11 13:55:00,846.23,846.88,845.73,845.95,214084,-0.3984,-0.0920,333.04,858.3000,-1.44
2025-02-11 14:00:00,846.08,846.4,845.03,845.1,282038,-0.4082,-0.0920,343.70,858.3000,-1.54
2025-02-11 14:05:00,845.15,845.85,844.35,845.43,324110,-0.3598,-0.0920,291.09,858.3000,-1.50
2025-02-11 14:10:00,845.5,847.25,845.38,847,246050,-0.1976,-0.0920,114.78,858.3000,-1.32
2025-02-11 14:15:00,847,847.2,845.73,846.2,258952,-0.1234,-0.0920,34.13,858.3000,-1.41
2025-02-11 14:20:00,846.18,846.4,845.38,846,549446,-0.0696,-0.0920,-24.35,858.3000,-1.43
2025-02-11 14:25:00,845.98,847.33,845.5,845.73,518788,-0.0357,-0.0920,-61.20,858.3000,-1.46
2025-02-11 14:30:00,845.7,847.78,845.35,847.48,373862,0.1129,-0.0920,-222.72,858.3000,-1.26
2025-02-11 14:35:00,847.55,848.48,846.8,848.43,355136,0.2743,-0.0920,-398.15,858.3000,-1.15
2025-02-11 14:40:00,848.4,848.43,847.1,848,543750,0.3465,-0.0920,-476.63,858.3000,-1.20
2025-02-11 14:45:00,848.1,848.7,847.83,848.43,434616,0.4132,-0.0920,-549.13,858.3000,-1.15
2025-02-11 14:50:00,848.45,849.98,848.4,849.73,215522,0.5275,-0.0920,-673.37,858.3000,-1.00
2025-02-11 14:55:00,849.7,849.95,848.25,849.2,367730,0.5476,-0.0920,-695.22,858.3000,-1.06
2025-02-11 15:00:00,849.2,850.83,848.93,850.63,677110,0.6316,-0.0920,-786.52,858.3000,-0.89
2025-02-11 15:05:00,850.6,851,849.95,850.55,596470,0.6532,-0.0920,-810.00,858.3000,-0.90
2025-02-11 15:10:00,850.75,851.35,850,851.28,597072,0.6850,-0.0920,-844.57,858.3000,-0.82
2025-02-11 15:15:00,850.9,852.08,850.85,851.98,600804,0.7179,-0.0920,-880.33,858.3000,-0.74
2025-02-11 15:20:00,851.98,852.18,850.65,851.38,461192,0.6652,-0.0920,-823.04,858.3000,-0.81
2025-02-11 15:25:00,851.25,851.25,850,850.48,454084,0.5410,-0.0920,-688.04,858.3000,-0.91
2025-02-12 09:15:00,846.45,849,844.78,847.95,950324,0.2732,0.5410,-49.50,850.4800,-0.30
2025-02-12 09:20:00,847.85,848.83,846.63,848.15,543184,0.1030,0.5410,-80.96,850.4800,-0.27
2025-02-12 09:25:00,848.18,850.85,847.78,849.53,484390,0.0780,0.5410,-85.58,850.4800,-0.11
2025-02-12 09:30:00,849.53,850.18,847.28,847.38,292952,-0.0801,0.5410,-114.81,850.4800,-0.36
2025-02-12 09:35:00,847.4,849.28,847.08,849,458752,-0.0727,0.5410,-113.44,850.4800,-0.17
2025-02-12 09:40:00,849,849.35,846.93,847.1,530046,-0.1862,0.5410,-134.42,850.4800,-0.40
2025-02-12 09:45:00,846.95,847.45,844.75,844.88,678454,-0.3897,0.5410,-172.03,850.4800,-0.66
2025-02-12 09:50:00,844.85,845.43,843.8,845,561118,-0.4887,0.5410,-190.33,850.4800,-0.64
2025-02-12 09:55:00,845,845.4,843.3,844.18,311466,-0.5758,0.5410,-206.43,850.4800,-0.74
2025-02-12 10:00:00,844.13,844.45,842.1,842.38,534734,-0.7122,0.5410,-231.65,850.4800,-0.95
2025-02-12 10:05:00,842.25,843.93,842,843.53,333704,-0.6825,0.5410,-226.16,850.4800,-0.82
2025-02-12 10:10:00,843.58,845,843.4,844.03,196306,-0.5900,0.5410,-209.06,850.4800,-0.76
2025-02-12 10:15:00,844.03,845.9,843.15,845.03,328474,-0.4299,0.5410,-179.46,850.4800,-0.64
2025-02-12 10:20:00,845,845.25,843.95,844.25,723552,-0.3483,0.5410,-164.38,850.4800,-0.73
2025-02-12 10:25:00,844.25,844.25,842.2,842.58,466334,-0.3763,0.5410,-169.56,850.4800,-0.93
2025-02-12 10:30:00,842.58,843.75,841.98,843.73,313914,-0.2907,0.5410,-153.73,850.4800,-0.79
2025-02-12 10:35:00,843.53,844.78,842.25,842.5,461578,-0.2895,0.5410,-153.51,850.4800,-0.94
2025-02-12 10:40:00,842.5,842.53,840.6,841.93,357174,-0.2986,0.5410,-155.19,850.4800,-1.01
2025-02-12 10:45:00,841.68,843.73,841.55,842.93,245506,-0.2128,0.5410,-139.33,850.4800,-0.89
2025-02-12 10:50:00,842.93,844.5,842.53,843.53,297042,-0.0969,0.5410,-117.91,850.4800,-0.82
2025-02-12 10:55:00,843.5,844.4,842.43,844,255156,0.0235,0.5410,-95.66,850.4800,-0.76
2025-02-12 11:00:00,844,844.5,843.5,843.75,207602,0.0945,0.5410,-82.53,850.4800,-0.79
2025-02-12 11:05:00,843.75,844.23,842.58,843.23,185770,0.1134,0.5410,-79.04,850.4800,-0.85
2025-02-12 11:10:00,843.23,843.75,842,842.03,170982,0.0550,0.5410,-89.83,850.4800,-0.99
2025-02-12 11:15:00,842,842.5,841.5,842.18,102414,0.0372,0.5410,-93.12,850.4800,-0.98
2025-02-12 11:20:00,842.1,842.18,841.25,841.85,92590,0.0151,0.5410,-97.21,850.4800,-1.01
2025-02-12 11:25:00,841.85,842.53,841.7,842.5,131868,0.0539,0.5410,-90.04,850.4800,-0.94
2025-02-12 11:30:00,842.5,843.38,841.75,842.18,198488,0.0669,0.5410,-87.63,850.4800,-0.98
2025-02-12 11:35:00,842.18,842.83,841.5,842.5,106772,0.1036,0.5410,-80.85,850.4800,-0.94
2025-02-12 11:40:00,842.53,846.4,842,846.4,203578,0.3816,0.5410,-29.46,850.4800,-0.48
2025-02-12 11:45:00,846.25,848.5,845.35,846.38,488924,0.5452,0.5410,0.78,850.4800,-0.48
2025-02-12 11:50:00,846.25,847.2,844.78,846.8,264358,0.6554,0.5410,21.15,850.4800,-0.43
2025-02-12 11:55:00,846.75,848.5,846.23,847.5,171456,0.7426,0.5410,37.26,850.4800,-0.35
2025-02-12 12:00:00,847.53,848.78,847.33,847.83,175996,0.7856,0.5410,45.21,850.4800,-0.31
2025-02-12 12:05:00,847.75,848.03,846.68,847.5,239926,0.7548,0.5410,39.52,850.4800,-0.35
2025-02-12 12:10:00,847.48,848.43,847.25,848.08,128040,0.7355,0.5410,35.95,850.4800,-0.28
2025-02-12 12:15:00,848.08,848.53,846.5,846.95,150198,0.6138,0.5410,13.46,850.4800,-0.42
2025-02-12 12:20:00,846.85,848.05,846.78,847.15,135966,0.5177,0.5410,-4.31,850.4800,-0.39
2025-02-12 12:25:00,847.2,847.78,846.2,847.2,179012,0.4320,0.5410,-20.15,850.4800,-0.39
2025-02-12 12:30:00,847.2,851.23,847.18,849.9,319182,0.5254,0.5410,-2.88,850.4800,-0.07
2025-02-12 12:35:00,849.9,850.8,849.5,850.25,202766,0.5749,0.5410,6.27,850.4800,-0.03
2025-02-12 12:40:00,850.23,851,849.35,850.15,206336,0.5644,0.5410,4.33,850.4800,-0.04
2025-02-12 12:45:00,850.15,852.43,850.13,851.58,204202,0.6131,0.5410,13.33,850.4800,0.13
2025-02-12 12:50:00,851.55,853.25,851.23,851.23,238932,0.5815,0.5410,7.49,850.4800,0.09
2025-02-12 12:55:00,851.45,853,851.23,852.8,158534,0.6223,0.5410,15.03,850.4800,0.27
2025-02-12 13:00:00,852.78,853.33,851.35,852.18,233000,0.5651,0.5410,4.45,850.4800,0.20
2025-02-12 13:05:00,852.18,853.83,851.63,853.28,149542,0.5581,0.5410,3.16,850.4800,0.33
2025-02-12 13:10:00,853.3,854.25,853.18,853.6,179440,0.5319,0.5410,-1.68,850.4800,0.37
2025-02-12 13:15:00,853.63,855.2,853.58,854.5,214036,0.5307,0.5410,-1.90,850.4800,0.47
2025-02-12 13:20:00,854.53,855.7,854,854.93,147010,0.5141,0.5410,-4.97,850.4800,0.52
2025-02-12 13:25:00,854.93,855.65,854.5,855.2,171454,0.4774,0.5410,-11.76,850.4800,0.55
2025-02-12 13:30:00,855.15,855.9,854.55,855.05,133678,0.4020,0.5410,-25.69,850.4800,0.54
2025-02-12 13:35:00,855.18,855.5,854.2,854.9,149170,0.3055,0.5410,-43.53,850.4800,0.52
2025-02-12 13:40:00,854.95,855.15,852.65,854.3,179846,0.1713,0.5410,-68.34,850.4800,0.45
2025-02-12 13:45:00,854.28,854.3,851.9,852.18,191572,-0.0768,0.5410,-114.20,850.4800,0.20
2025-02-12 13:50:00,852.15,853,851.63,851.85,211900,-0.2689,0.5410,-149.70,850.4800,0.16
2025-02-12 13:55:00,851.85,852.28,850.55,851.85,210918,-0.3941,0.5410,-172.85,850.4800,0.16
2025-02-12 14:00:00,851.85,852.6,851.33,852.25,177698,-0.4445,0.5410,-182.16,850.4800,0.21
2025-02-12 14:05:00,852.23,852.85,849.75,849.83,231806,-0.6242,0.5410,-215.38,850.4800,-0.08
2025-02-12 14:10:00,849.8,851.65,849.43,851.28,214010,-0.6272,0.5410,-215.93,850.4800,0.09
2025-02-12 14:15:00,851.28,851.85,850.6,851.7,200016,-0.5836,0.5410,-207.87,850.4800,0.14
2025-02-12 14:20:00,851.7,853,851.1,851.68,243504,-0.5398,0.5410,-199.78,850.4800,0.14
2025-02-12 14:25:00,851.73,852.5,851.1,851.8,325384,-0.4880,0.5410,-190.20,850.4800,0.16
2025-02-12 14:30:00,851.83,851.93,850.73,851.13,371228,-0.4832,0.5410,-189.32,850.4800,0.08
2025-02-12 14:35:00,851.23,851.45,850.03,850.5,420698,-0.5045,0.5410,-193.25,850.4800,0.00
2025-02-12 14:40:00,850.53,851.98,850.13,851.3,226006,-0.4486,0.5410,-182.92,850.4800,0.10
2025-02-12 14:45:00,851.33,852.18,851.03,851.65,153086,-0.3750,0.5410,-169.32,850.4800,0.14
2025-02-12 14:50:00,851.75,852.33,851.1,852.08,168020,-0.2881,0.5410,-153.25,850.4800,0.19
2025-02-12 14:55:00,852.1,852.5,851.48,852.08,159312,-0.2242,0.5410,-141.44,850.4800,0.19
2025-02-12 15:00:00,852.08,853.5,851.53,852.45,785822,-0.1541,0.5410,-128.48,850.4800,0.23
2025-02-12 15:05:00,852.48,854,852.45,853.45,590014,-0.0431,0.5410,-107.97,850.4800,0.35
2025-02-12 15:10:00,853.48,854.25,853.05,853.83,518944,0.0483,0.5410,-91.07,850.4800,0.39
2025-02-12 15:15:00,853.83,854.25,853.03,853.3,565288,0.0643,0.5410,-88.11,850.4800,0.33
2025-02-12 15:20:00,853.33,854.98,853.15,854.68,428982,0.1540,0.5410,-71.53,850.4800,0.49
2025-02-12 15:25:00,854.68,856,853.75,855.33,357386,0.2383,0.5410,-55.95,850.4800,0.57
2025-02-13 09:15:00,849.45,853.88,848.18,853.45,934012,0.1527,0.2383,-35.92,855.3300,-0.22
2025-02-13 09:20:00,853.33,853.33,849.53,850.1,342770,-0.1290,0.2383,-154.13,855.3300,-0.61
2025-02-13 09:25:00,849.93,851.6,849.18,850.43,172890,-0.2837,0.2383,-219.05,855.3300,-0.57
2025-02-13 09:30:00,850.25,852.5,849.75,851.78,136938,-0.2849,0.2383,-219.56,855.3300,-0.42
2025-02-13 09:35:00,851.88,852.45,851,851.75,201494,-0.2774,0.2383,-216.41,855.3300,-0.42
2025-02-13 09:40:00,851.6,852.03,851.03,851.6,264058,-0.2717,0.2383,-214.02,855.3300,-0.44
2025-02-13 09:45:00,851.6,852.03,850.5,851.58,155688,-0.2586,0.2383,-208.52,855.3300,-0.44
2025-02-13 09:50:00,851.53,853,850.85,852.53,117312,-0.1791,0.2383,-175.16,855.3300,-0.33
2025-02-13 09:55:00,852.53,853.65,852,852.55,99282,-0.1209,0.2383,-150.73,855.3300,-0.33
2025-02-13 10:00:00,852.7,852.75,851.5,852.18,92742,-0.1039,0.2383,-143.60,855.3300,-0.37
2025-02-13 10:05:00,852.15,853.03,851.88,852.23,125538,-0.0866,0.2383,-136.34,855.3300,-0.36
2025-02-13 10:10:00,852.23,852.98,850.78,851.68,138150,-0.1079,0.2383,-145.28,855.3300,-0.43
2025-02-13 10:15:00,851.68,852.45,851.08,851.3,56576,-0.1414,0.2383,-159.34,855.3300,-0.47
2025-02-13 10:20:00,851.28,851.95,850.25,850.98,80248,-0.1765,0.2383,-174.07,855.3300,-0.51
2025-02-13 10:25:00,850.98,852.45,850.55,852.35,101794,-0.1026,0.2383,-143.05,855.3300,-0.35
2025-02-13 10:30:00,852.33,854.45,852.03,854.2,194934,0.0667,0.2383,-72.01,855.3300,-0.13
2025-02-13 10:35:00,854.2,855.4,854,854.6,114230,0.1941,0.2383,-18.55,855.3300,-0.09
2025-02-13 10:40:00,854.58,855.45,854.08,854.53,108284,0.2583,0.2383,8.39,855.3300,-0.09
2025-02-13 10:45:00,854.53,855.43,854.1,854.25,66146,0.2654,0.2383,11.37,855.3300,-0.13
2025-02-13 10:50:00,854.23,855.4,853.45,855.23,69936,0.3162,0.2383,32.69,855.3300,-0.01
2025-02-13 10:55:00,855.05,855.3,854.55,854.73,47812,0.2965,0.2383,24.42,855.3300,-0.07
2025-02-13 11:00:00,854.85,856.55,853.73,855.28,291676,0.3000,0.2383,25.89,855.3300,-0.01
2025-02-13 11:05:00,855.28,855.58,854.2,854.8,327018,0.2515,0.2383,5.54,855.3300,-0.06
2025-02-13 11:10:00,854.8,855.83,854.03,855.73,107422,0.2623,0.2383,10.07,855.3300,0.05
2025-02-13 11:15:00,855.73,856.25,855,856,78508,0.2670,0.2383,12.04,855.3300,0.08
2025-02-13 11:20:00,856,856,855.18,855.63,54644,0.2262,0.2383,-5.08,855.3300,0.04
2025-02-13 11:25:00,855.68,855.88,855.05,855.68,44200,0.1853,0.2383,-22.24,855.3300,0.04
2025-02-13 11:30:00,855.7,856.45,855.45,856.45,54592,0.1920,0.2383,-19.43,855.3300,0.13
2025-02-13 11:35:00,856.43,856.68,855.53,855.93,74352,0.1454,0.2383,-38.98,855.3300,0.07
2025-02-13 11:40:00,855.93,856.6,855.5,856.5,110140,0.1371,0.2383,-42.47,855.3300,0.14
2025-02-13 11:45:00,856.5,857,855.83,856.6,146924,0.1229,0.2383,-48.43,855.3300,0.15
2025-02-13 11:50:00,856.6,857.13,856.05,856.7,115916,0.1055,0.2383,-55.73,855.3300,0.16
2025-02-13 11:55:00,856.73,856.88,856,856.28,74468,0.0535,0.2383,-77.55,855.3300,0.11
2025-02-13 12:00:00,856.28,856.53,855.85,856,52026,-0.0085,0.2383,-103.57,855.3300,0.08
2025-02-13 12:05:00,855.98,856,855.15,855.5,80652,-0.0877,0.2383,-136.80,855.3300,0.02
2025-02-13 12:10:00,855.5,855.53,854.93,855.4,146334,-0.1477,0.2383,-161.98,855.3300,0.01
2025-02-13 12:15:00,855.4,855.7,854.28,855.33,165454,-0.1903,0.2383,-179.86,855.3300,0.00
2025-02-13 12:20:00,855.25,855.5,854.3,854.88,91014,-0.2435,0.2383,-202.18,855.3300,-0.05
2025-02-13 12:25:00,854.93,855.8,854.6,855.65,97110,-0.2223,0.2383,-193.29,855.3300,0.04
2025-02-13 12:30:00,855.65,855.83,855.13,855.43,72292,-0.2181,0.2383,-191.52,855.3300,0.01
2025-02-13 12:35:00,855.43,855.65,854.93,855.3,89724,-0.2186,0.2383,-191.73,855.3300,-0.00
2025-02-13 12:40:00,855.23,855.7,854.93,855.03,102838,-0.2305,0.2383,-196.73,855.3300,-0.04
2025-02-13 12:45:00,855,855.45,854.35,855,126414,-0.2330,0.2383,-197.78,855.3300,-0.04
2025-02-13 12:50:00,854.93,855.38,854.28,854.63,142138,-0.2507,0.2383,-205.20,855.3300,-0.08
2025-02-13 12:55:00,854.63,854.63,853.83,853.98,73880,-0.2943,0.2383,-223.50,855.3300,-0.16
2025-02-13 13:00:00,853.98,854.68,853.78,854.2,93548,-0.2956,0.2383,-224.05,855.3300,-0.13
2025-02-13 13:05:00,854.2,854.33,853.55,853.88,81844,-0.3041,0.2383,-227.61,855.3300,-0.17
2025-02-13 13:10:00,853.7,853.88,850.85,851.2,112478,-0.4667,0.2383,-295.85,855.3300,-0.48
2025-02-13 13:15:00,851,851.95,850.7,851.7,147890,-0.5133,0.2383,-315.40,855.3300,-0.42
2025-02-13 13:20:00,851.63,852.05,850.55,850.88,119816,-0.5677,0.2383,-338.23,855.3300,-0.52
2025-02-13 13:25:00,850.88,851.5,849.53,851.05,216994,-0.5598,0.2383,-334.91,855.3300,-0.50
2025-02-13 13:30:00,851.03,851.53,849.53,850.03,143100,-0.5879,0.2383,-346.71,855.3300,-0.62
2025-02-13 13:35:00,850,850.23,848.23,849.13,295214,-0.6281,0.2383,-363.58,855.3300,-0.72
2025-02-13 13:40:00,849.1,850,848.4,849.1,329000,-0.6168,0.2383,-358.83,855.3300,-0.73
2025-02-13 13:45:00,849.15,849.53,848.73,848.85,162876,-0.5865,0.2383,-346.12,855.3300,-0.76
2025-02-13 13:50:00,848.73,850,848.5,849.38,248920,-0.4947,0.2383,-307.60,855.3300,-0.70
2025-02-13 13:55:00,849.48,850.98,848.88,850.15,175864,-0.3528,0.2383,-248.05,855.3300,-0.61
2025-02-13 14:00:00,850.15,850.8,850,850.45,123640,-0.2160,0.2383,-190.64,855.3300,-0.57
2025-02-13 14:05:00,850.45,850.45,848.5,848.8,151240,-0.2136,0.2383,-189.63,855.3300,-0.76
2025-02-13 14:10:00,848.63,848.93,847.93,848.53,124366,-0.2071,0.2383,-186.91,855.3300,-0.80
2025-02-13 14:15:00,848.53,849.15,847.95,847.98,144762,-0.2156,0.2383,-190.47,855.3300,-0.86
2025-02-13 14:20:00,847.98,848.68,847.45,847.8,350210,-0.2090,0.2383,-187.70,855.3300,-0.88
2025-02-13 14:25:00,847.9,848.7,847.7,847.8,193074,-0.1814,0.2383,-176.12,855.3300,-0.88
2025-02-13 14:30:00,847.8,848.58,846.78,848.25,256584,-0.1129,0.2383,-147.38,855.3300,-0.83
2025-02-13 14:35:00,848.28,848.28,847.15,848.08,147658,-0.0616,0.2383,-125.85,855.3300,-0.85
2025-02-13 14:40:00,847.98,849.4,847.55,848.95,228144,0.0426,0.2383,-82.12,855.3300,-0.75
2025-02-13 14:45:00,849,849.73,848.45,849.65,174690,0.1637,0.2383,-31.31,855.3300,-0.66
2025-02-13 14:50:00,849.6,850.05,848.6,850,151116,0.2662,0.2383,11.71,855.3300,-0.62
2025-02-13 14:55:00,849.98,850,848.98,849.5,147044,0.2969,0.2383,24.59,855.3300,-0.68
2025-02-13 15:00:00,849.33,850.13,848.3,848.75,294480,0.2643,0.2383,10.91,855.3300,-0.77
2025-02-13 15:05:00,848.73,849.18,848.18,848.43,324810,0.2207,0.2383,-7.39,855.3300,-0.81
2025-02-13 15:10:00,848.43,849.08,848.05,849.03,330600,0.2305,0.2383,-3.27,855.3300,-0.74
2025-02-13 15:15:00,849.03,849.48,848.63,849.33,244466,0.2538,0.2383,6.50,855.3300,-0.70
2025-02-13 15:20:00,849.33,849.58,848.65,848.73,201878,0.2261,0.2383,-5.12,855.3300,-0.77
2025-02-13 15:25:00,848.73,849.68,848.5,849.48,144464,0.2537,0.2383,6.46,855.3300,-0.68
2025-02-14 09:15:00,850.95,850.95,846.63,847.3,1034476,0.1269,0.2537,-49.98,849.4800,-0.26
2025-02-14 09:20:00,847.3,848.5,845.68,848.43,465338,0.1209,0.2537,-52.35,849.4800,-0.12
2025-02-14 09:25:00,848.45,848.85,847.23,847.28,313352,0.0452,0.2537,-82.18,849.4800,-0.26
2025-02-14 09:30:00,847.3,847.95,846.63,847.13,258212,-0.0066,0.2537,-102.60,849.4800,-0.28
2025-02-14 09:35:00,847.13,847.95,846.78,847.8,219522,0.0118,0.2537,-95.35,849.4800,-0.20
2025-02-14 09:40:00,847.8,848.48,846.93,847.7,283606,0.0239,0.2537,-90.58,849.4800,-0.21
2025-02-14 09:45:00,847.78,848,846.7,847.83,162786,0.0461,0.2537,-81.83,849.4800,-0.19
2025-02-14 09:50:00,847.85,849.43,847.08,847.2,168618,0.0249,0.2537,-90.19,849.4800,-0.27
2025-02-14 09:55:00,847.2,848.05,846.88,847.88,137236,0.0611,0.2537,-75.92,849.4800,-0.19
2025-02-14 10:00:00,847.8,849.7,847.73,849.6,175794,0.1977,0.2537,-22.07,849.4800,0.01
2025-02-14 10:05:00,849.55,849.85,847.83,848.25,191692,0.1936,0.2537,-23.69,849.4800,-0.14
2025-02-14 10:10:00,848.25,848.85,848.03,848.23,124654,0.1860,0.2537,-26.69,849.4800,-0.15
2025-02-14 10:15:00,848.23,849.95,848.23,849.7,228660,0.2712,0.2537,6.90,849.4800,0.03
2025-02-14 10:20:00,849.7,849.95,849.08,849.95,124970,0.3317,0.2537,30.74,849.4800,0.06
2025-02-14 10:25:00,849.95,850.23,848.13,848.25,206430,0.2484,0.2537,-2.09,849.4800,-0.14
2025-02-14 10:30:00,848.3,849.95,848.25,848.4,114018,0.1967,0.2537,-22.47,849.4800,-0.13
2025-02-14 10:35:00,848.35,849,845.75,846.03,229916,0.0064,0.2537,-97.48,849.4800,-0.41
2025-02-14 10:40:00,846.05,846.4,843.98,844.43,262160,-0.2118,0.2537,-183.48,849.4800,-0.59
2025-02-14 10:45:00,844.43,845,842.5,843.45,174832,-0.3960,0.2537,-256.09,849.4800,-0.71
2025-02-14 10:50:00,843.4,844.4,843.4,844.3,142234,-0.4315,0.2537,-270.08,849.4800,-0.61
2025-02-14 10:55:00,844.38,844.73,843.73,844.2,163678,-0.4315,0.2537,-270.08,849.4800,-0.62
2025-02-14 11:00:00,844.33,845.28,843.75,843.78,212394,-0.4288,0.2537,-269.02,849.4800,-0.67
2025-02-14 11:05:00,843.75,844.73,843.58,843.8,167950,-0.3955,0.2537,-255.89,849.4800,-0.67
2025-02-14 11:10:00,843.83,845.43,843.58,844.93,122212,-0.2730,0.2537,-207.61,849.4800,-0.54
2025-02-14 11:15:00,844.9,844.93,843.65,843.65,148818,-0.2541,0.2537,-200.16,849.4800,-0.69
2025-02-14 11:20:00,843.68,844.25,843.58,843.65,95056,-0.2190,0.2537,-186.32,849.4800,-0.69
2025-02-14 11:25:00,843.63,844.58,843.63,843.95,124184,-0.1559,0.2537,-161.45,849.4800,-0.65
2025-02-14 11:30:00,843.98,845.23,843.3,844.88,135812,-0.0379,0.2537,-114.94,849.4800,-0.54
2025-02-14 11:35:00,844.88,844.9,843.58,843.58,88316,-0.0340,0.2537,-113.40,849.4800,-0.69
2025-02-14 11:40:00,843.6,845.73,843.5,845.68,119064,0.1152,0.2537,-54.59,849.4800,-0.45
2025-02-14 11:45:00,845.5,845.8,844.63,844.68,156232,0.1497,0.2537,-40.99,849.4800,-0.57
2025-02-14 11:50:00,844.68,845.4,843.63,843.98,116128,0.1291,0.2537,-49.11,849.4800,-0.65
2025-02-14 11:55:00,843.98,845.5,843.4,844.78,447640,0.1707,0.2537,-32.72,849.4800,-0.55
2025-02-14 12:00:00,844.75,844.85,843.58,843.78,167154,0.1337,0.2537,-47.30,849.4800,-0.67
2025-02-14 12:05:00,843.73,844.23,841.68,842.4,167444,0.0248,0.2537,-90.22,849.4800,-0.83
2025-02-14 12:10:00,842.3,843.53,842.3,843,151652,0.0030,0.2537,-98.82,849.4800,-0.76
2025-02-14 12:15:00,843.03,843.4,841.9,842.3,155944,-0.0462,0.2537,-118.21,849.4800,-0.85
2025-02-14 12:20:00,842.33,842.95,841.58,842.35,194944,-0.0620,0.2537,-124.44,849.4800,-0.84
2025-02-14 12:25:00,842.45,843.28,842.23,842.95,129546,-0.0207,0.2537,-108.16,849.4800,-0.77
2025-02-14 12:30:00,842.93,843.58,842.78,842.88,138250,0.0115,0.2537,-95.47,849.4800,-0.78
2025-02-14 12:35:00,842.93,843.7,842.68,843.18,618450,0.0598,0.2537,-76.43,849.4800,-0.74
2025-02-14 12:40:00,843.13,843.2,842.15,842.35,140390,0.0434,0.2537,-82.89,849.4800,-0.84
2025-02-14 12:45:00,842.35,842.93,841.93,842.05,162364,0.0212,0.2537,-91.64,849.4800,-0.87
2025-02-14 12:50:00,842.05,842.6,841.6,841.8,197706,-0.0005,0.2537,-100.20,849.4800,-0.90
2025-02-14 12:55:00,841.8,842.08,840.75,840.95,236220,-0.0590,0.2537,-123.26,849.4800,-1.00
2025-02-14 13:00:00,840.9,841.85,840,841.03,333500,-0.0779,0.2537,-130.71,849.4800,-0.99
2025-02-14 13:05:00,841,841.9,840.98,841.33,172532,-0.0569,0.2537,-122.43,849.4800,-0.96
2025-02-14 13:10:00,841.3,842.45,841.25,842.18,210428,0.0232,0.2537,-90.86,849.4800,-0.86
2025-02-14 13:15:00,842.18,842.58,841.75,842.3,270886,0.0897,0.2537,-64.64,849.4800,-0.85
2025-02-14 13:20:00,842.3,843.5,842.1,843.2,170070,0.1936,0.2537,-23.69,849.4800,-0.74
2025-02-14 13:25:00,843.18,843.58,842.55,843.38,157074,0.2691,0.2537,6.07,849.4800,-0.72
2025-02-14 13:30:00,843.38,844.68,843.1,844.13,185242,0.3587,0.2537,41.39,849.4800,-0.63
2025-02-14 13:35:00,844.13,844.4,841.28,841.53,340700,0.2378,0.2537,-6.27,849.4800,-0.94
2025-02-14 13:40:00,841.65,842.45,841.38,842,281524,0.1866,0.2537,-26.45,849.4800,-0.88
2025-02-14 13:45:00,842,842.2,840.93,841.38,422822,0.1119,0.2537,-55.89,849.4800,-0.95
2025-02-14 13:50:00,841.35,841.95,841.15,841.43,212546,0.0688,0.2537,-72.88,849.4800,-0.95
2025-02-14 13:55:00,841.43,842.35,841.18,841.98,260672,0.0796,0.2537,-68.62,849.4800,-0.88
2025-02-14 14:00:00,842,842.45,841.25,841.6,230438,0.0640,0.2537,-74.77,849.4800,-0.93
2025-02-14 14:05:00,841.58,842.5,841.48,842.08,249394,0.0875,0.2537,-65.51,849.4800,-0.87
2025-02-14 14:10:00,842.2,842.53,841.48,842.5,393694,0.1302,0.2537,-48.68,849.4800,-0.82
2025-02-14 14:15:00,842.5,843.83,842.18,843.63,544050,0.2276,0.2537,-10.29,849.4800,-0.69
2025-02-14 14:20:00,843.65,843.93,842.33,842.48,263212,0.2084,0.2537,-17.86,849.4800,-0.82
2025-02-14 14:25:00,842.48,843.93,842.4,843.25,357018,0.2390,0.2537,-5.79,849.4800,-0.73
2025-02-14 14:30:00,843.35,845.45,843.15,845.18,307758,0.3727,0.2537,46.91,849.4800,-0.51
2025-02-14 14:35:00,845.3,847.5,845.15,846.35,468376,0.5147,0.2537,102.88,849.4800,-0.37
2025-02-14 14:40:00,846.35,847.9,845.65,847.35,911322,0.6424,0.2537,153.21,849.4800,-0.25
2025-02-14 14:45:00,847.25,847.55,846.05,847.48,229058,0.6976,0.2537,174.97,849.4800,-0.24
2025-02-14 14:50:00,847.48,848,847.03,847.6,241286,0.7020,0.2537,176.70,849.4800,-0.22
2025-02-14 14:55:00,847.6,847.85,846.1,847.3,324760,0.6461,0.2537,154.67,849.4800,-0.26
2025-02-14 15:00:00,847.28,847.4,846.45,846.48,414856,0.5206,0.2537,105.20,849.4800,-0.35
2025-02-14 15:05:00,846.48,847.4,846.38,846.88,484426,0.4348,0.2537,71.38,849.4800,-0.31
2025-02-14 15:10:00,846.9,848.1,846.85,847.93,447312,0.4188,0.2537,65.08,849.4800,-0.18
2025-02-14 15:15:00,847.88,848,847.23,847.75,361142,0.3680,0.2537,45.05,849.4800,-0.20
2025-02-14 15:20:00,847.73,847.88,846.88,847.68,355544,0.3042,0.2537,19.91,849.4800,-0.21
2025-02-14 15:25:00,847.58,849.08,847,847.2,308468,0.2087,0.2537,-17.74,849.4800,-0.27
2025-02-17 09:15:00,844.5,845.93,840.63,844.13,1261794,-0.0674,0.2087,-132.30,847.2000,-0.36
2025-02-17 09:20:00,843.9,845.6,843.05,845.48,206686,-0.1600,0.2087,-176.67,847.2000,-0.20
2025-02-17 09:25:00,845.48,847.48,845.38,847.03,245144,-0.1195,0.2087,-157.26,847.2000,-0.02
2025-02-17 09:30:00,847.1,848.5,846.18,847.53,269070,-0.0646,0.2087,-130.95,847.2000,0.04
2025-02-17 09:35:00,847.7,848.1,846.48,846.98,159200,-0.0703,0.2087,-133.68,847.2000,-0.03
2025-02-17 09:40:00,846.83,847.2,843.5,843.68,181648,-0.2891,0.2087,-238.52,847.2000,-0.42
2025-02-17 09:45:00,843.65,845.23,842.95,845.2,159212,-0.3217,0.2087,-254.14,847.2000,-0.24
2025-02-17 09:50:00,845.13,845.93,844.48,845.28,157282,-0.3270,0.2087,-256.68,847.2000,-0.23
2025-02-17 09:55:00,845.28,845.63,842.63,843.98,156054,-0.4023,0.2087,-292.76,847.2000,-0.38
2025-02-17 10:00:00,843.93,844.53,842.5,843.1,166734,-0.4898,0.2087,-334.69,847.2000,-0.48
2025-02-17 10:05:00,843.1,843.85,842.58,843.48,119466,-0.4988,0.2087,-339.00,847.2000,-0.44
2025-02-17 10:10:00,843.6,844.23,842.55,843.33,86558,-0.4909,0.2087,-335.22,847.2000,-0.46
2025-02-17 10:15:00,843.5,843.9,843.18,843.63,65966,-0.4429,0.2087,-312.22,847.2000,-0.42
2025-02-17 10:20:00,843.63,846.23,843.43,845.13,163604,-0.2947,0.2087,-241.21,847.2000,-0.24
2025-02-17 10:25:00,845.15,846.55,844.15,846.55,93932,-0.0959,0.2087,-145.95,847.2000,-0.08
2025-02-17 10:30:00,846.55,847.98,846.25,847.45,260742,0.0912,0.2087,-56.30,847.2000,0.03
2025-02-17 10:35:00,847.45,851.18,847.33,850.85,313932,0.4206,0.2087,101.53,847.2000,0.43
2025-02-17 10:40:00,850.95,853,850.83,852.73,310830,0.7238,0.2087,246.81,847.2000,0.65
2025-02-17 10:45:00,852.8,853,851,851.3,113620,0.7819,0.2087,274.65,847.2000,0.48
2025-02-17 10:50:00,851.3,852.4,851.18,852,145076,0.8174,0.2087,291.66,847.2000,0.57
2025-02-17 10:55:00,852,852.23,850.45,851.58,94338,0.7636,0.2087,265.88,847.2000,0.52
2025-02-17 11:00:00,851.58,852.25,850.33,850.68,87442,0.6243,0.2087,199.14,847.2000,0.41
2025-02-17 11:05:00,850.7,850.73,849.3,849.53,81424,0.4213,0.2087,101.87,847.2000,0.28
2025-02-17 11:10:00,849.53,850.2,848.25,848.78,142568,0.2135,0.2087,2.30,847.2000,0.19
2025-02-17 11:15:00,848.78,850.08,848.5,849.48,98636,0.1058,0.2087,-49.31,847.2000,0.27
2025-02-17 11:20:00,849.48,850.5,849.08,850.33,137076,0.0757,0.2087,-63.73,847.2000,0.37
2025-02-17 11:25:00,850.33,851.45,850.13,850.65,68944,0.0619,0.2087,-70.34,847.2000,0.41
2025-02-17 11:30:00,850.65,851.68,850.53,851.28,71572,0.0786,0.2087,-62.34,847.2000,0.48
2025-02-17 11:35:00,851.4,851.75,850.7,850.93,52700,0.0508,0.2087,-75.66,847.2000,0.44
2025-02-17 11:40:00,850.93,852.5,850.7,852.4,99030,0.1127,0.2087,-46.00,847.2000,0.61
2025-02-17 11:45:00,852.4,852.75,851.93,852.38,75246,0.1322,0.2087,-36.66,847.2000,0.61
2025-02-17 11:50:00,852.35,852.38,851.08,851.6,76076,0.0753,0.2087,-63.92,847.2000,0.52
2025-02-17 11:55:00,851.5,852.03,851.25,851.33,61246,0.0058,0.2087,-97.22,847.2000,0.49
2025-02-17 12:00:00,851.3,852.75,850.58,850.98,83924,-0.0730,0.2087,-134.98,847.2000,0.45
2025-02-17 12:05:00,851,851.05,849.98,850.73,54586,-0.1469,0.2087,-170.39,847.2000,0.42
2025-02-17 12:10:00,850.73,850.85,849.78,849.85,48440,-0.2539,0.2087,-221.66,847.2000,0.31
2025-02-17 12:15:00,849.88,850.05,849.08,849.3,58862,-0.3542,0.2087,-269.72,847.2000,0.25
2025-02-17 12:20:00,849.3,850.33,849.25,850.3,106646,-0.3454,0.2087,-265.50,847.2000,0.37
2025-02-17 12:25:00,850.33,851.15,850.2,850.5,57946,-0.3190,0.2087,-252.85,847.2000,0.39
2025-02-17 12:30:00,850.5,850.98,849.85,850.88,62870,-0.2707,0.2087,-229.71,847.2000,0.43
2025-02-17 12:35:00,850.88,850.88,849.53,850.08,106468,-0.2859,0.2087,-236.99,847.2000,0.34
2025-02-17 12:40:00,850.1,851.5,849.73,851.23,145270,-0.2149,0.2087,-202.97,847.2000,0.48
2025-02-17 12:45:00,851.18,852.5,851.08,851.25,96762,-0.1654,0.2087,-179.25,847.2000,0.48
2025-02-17 12:50:00,851.38,852.13,850.88,851.03,80980,-0.1468,0.2087,-170.34,847.2000,0.45
2025-02-17 12:55:00,851.03,853.13,850.73,853.05,194034,-0.0053,0.2087,-102.54,847.2000,0.69
2025-02-17 13:00:00,853.08,853.95,852.75,852.78,144494,0.0598,0.2087,-71.35,847.2000,0.66
2025-02-17 13:05:00,852.78,852.8,851.38,851.4,97342,0.0024,0.2087,-98.85,847.2000,0.50
2025-02-17 13:10:00,851.4,852,850.93,851,102274,-0.0660,0.2087,-131.62,847.2000,0.45
2025-02-17 13:15:00,851.23,851.63,850.63,851.2,102212,-0.0994,0.2087,-147.63,847.2000,0.47
2025-02-17 13:20:00,851.23,852.9,850.7,852.23,98068,-0.0559,0.2087,-126.78,847.2000,0.59
2025-02-17 13:25:00,852.28,852.88,851.8,852.03,127540,-0.0448,0.2087,-121.47,847.2000,0.57
2025-02-17 13:30:00,852.05,854.4,851.88,854.05,146852,0.0871,0.2087,-58.27,847.2000,0.81
2025-02-17 13:35:00,854.05,856,854.05,854.95,526254,0.2162,0.2087,3.59,847.2000,0.91
2025-02-17 13:40:00,854.93,857.43,854.78,855.85,500090,0.3363,0.2087,61.14,847.2000,1.02
2025-02-17 13:45:00,855.95,856.78,854.9,855.85,215772,0.3862,0.2087,85.05,847.2000,1.02
2025-02-17 13:50:00,855.83,856.45,855.35,855.8,118512,0.3854,0.2087,84.67,847.2000,1.02
2025-02-17 13:55:00,855.83,855.83,854.35,854.68,109864,0.2838,0.2087,35.98,847.2000,0.88
2025-02-17 14:00:00,854.68,856.1,853.65,854.15,102588,0.1612,0.2087,-22.76,847.2000,0.82
2025-02-17 14:05:00,854.3,855,854.03,854.7,106762,0.1006,0.2087,-51.80,847.2000,0.89
2025-02-17 14:10:00,854.78,855.5,854.25,854.35,131656,0.0242,0.2087,-88.40,847.2000,0.84
2025-02-17 14:15:00,854.38,856.23,854.35,856.08,124062,0.0747,0.2087,-64.21,847.2000,1.05
2025-02-17 14:20:00,856.05,856.18,855.08,855.65,110336,0.0641,0.2087,-69.29,847.2000,1.00
2025-02-17 14:25:00,855.7,856.98,855.25,856.78,140206,0.1151,0.2087,-44.85,847.2000,1.13
2025-02-17 14:30:00,856.75,857.3,855.83,856.45,152578,0.1086,0.2087,-47.96,847.2000,1.09
2025-02-17 14:35:00,856.45,857,855.65,856.38,196814,0.0827,0.2087,-60.37,847.2000,1.08
2025-02-17 14:40:00,856.48,857.1,855.93,856.63,260600,0.0663,0.2087,-68.23,847.2000,1.11
2025-02-17 14:45:00,856.68,857.95,856.38,857.1,267110,0.0707,0.2087,-66.12,847.2000,1.17
2025-02-17 14:50:00,857.1,857.25,856.15,856.15,165498,-0.0031,0.2087,-101.49,847.2000,1.06
2025-02-17 14:55:00,856.25,857.95,856.03,857.9,165374,0.0504,0.2087,-75.85,847.2000,1.26
2025-02-17 15:00:00,857.9,858.73,857.38,857.9,306068,0.0691,0.2087,-66.89,847.2000,1.26
2025-02-17 15:05:00,857.78,858.95,857.45,858.93,273938,0.1306,0.2087,-37.42,847.2000,1.38
2025-02-17 15:10:00,858.88,859.23,858.33,859.2,230316,0.1668,0.2087,-20.08,847.2000,1.42
2025-02-17 15:15:00,859.23,859.23,858.53,859.05,240296,0.1581,0.2087,-24.25,847.2000,1.40
2025-02-17 15:20:00,859.08,859.88,858.93,859.18,227642,0.1393,0.2087,-33.25,847.2000,1.41
2025-02-17 15:25:00,859.18,860,858.6,859.5,172878,0.1269,0.2087,-39.20,847.2000,1.45
2025-02-18 09:15:00,857,860,857,858.28,407212,0.0206,0.1269,-83.77,859.5000,-0.14
2025-02-18 09:20:00,858.4,860.95,857.8,859.23,258968,-0.0006,0.1269,-100.47,859.5000,-0.03
2025-02-18 09:25:00,859.1,860.85,858.15,858.7,504392,-0.0617,0.1269,-148.62,859.5000,-0.09
2025-02-18 09:30:00,858.73,858.95,856.53,858.68,292184,-0.1119,0.1269,-188.18,859.5000,-0.10
2025-02-18 09:35:00,858.6,860.5,858.03,860.48,210562,-0.0364,0.1269,-128.68,859.5000,0.11
2025-02-18 09:40:00,860.43,861.3,859.8,860.45,207072,-0.0026,0.1269,-102.05,859.5000,0.11
2025-02-18 09:45:00,860.5,861.15,859.45,861.03,162264,0.0421,0.1269,-66.82,859.5000,0.18
2025-02-18 09:50:00,861.03,861.83,859.55,860.28,119470,0.0064,0.1269,-94.96,859.5000,0.09
2025-02-18 09:55:00,860.28,861.13,859.53,860.23,126866,-0.0332,0.1269,-126.16,859.5000,0.08
2025-02-18 10:00:00,860.23,860.75,859.5,860,103602,-0.0846,0.1269,-166.67,859.5000,0.06
2025-02-18 10:05:00,860,860.25,857.65,858.18,118478,-0.2419,0.1269,-290.62,859.5000,-0.15
2025-02-18 10:10:00,858.13,859.43,856.95,857.75,242096,-0.3681,0.1269,-390.07,859.5000,-0.20
2025-02-18 10:15:00,857.73,858.9,857.45,857.45,98408,-0.4591,0.1269,-461.78,859.5000,-0.24
2025-02-18 10:20:00,857.43,857.5,854.83,856.03,345330,-0.5937,0.1269,-567.85,859.5000,-0.40
2025-02-18 10:25:00,856.03,856.1,854.35,854.98,377740,-0.7236,0.1269,-670.21,859.5000,-0.53
2025-02-18 10:30:00,854.98,855.75,854.45,854.45,218176,-0.8089,0.1269,-737.43,859.5000,-0.59
2025-02-18 10:35:00,854.45,855.38,854.38,854.88,264430,-0.7986,0.1269,-729.31,859.5000,-0.54
2025-02-18 10:40:00,854.9,855.38,854.48,855.28,118182,-0.7291,0.1269,-674.55,859.5000,-0.49
2025-02-18 10:45:00,855.28,855.88,854.9,854.9,128658,-0.6742,0.1269,-631.28,859.5000,-0.54
2025-02-18 10:50:00,854.88,854.93,853.8,854.88,77242,-0.6069,0.1269,-578.25,859.5000,-0.54
2025-02-18 10:55:00,854.95,855.63,854.75,855.4,143588,-0.4994,0.1269,-493.54,859.5000,-0.48
2025-02-18 11:00:00,855.45,855.55,855,855.38,88770,-0.4057,0.1269,-419.70,859.5000,-0.48
2025-02-18 11:05:00,855.4,855.43,853.55,854.18,97694,-0.4000,0.1269,-415.21,859.5000,-0.62
2025-02-18 11:10:00,854.2,854.38,853.08,853.65,108392,-0.4061,0.1269,-420.02,859.5000,-0.68
2025-02-18 11:15:00,853.68,855,853.38,854.93,69644,-0.3027,0.1269,-338.53,859.5000,-0.53
2025-02-18 11:20:00,854.93,855.63,854.7,855.6,81436,-0.1744,0.1269,-237.43,859.5000,-0.45
2025-02-18 11:25:00,855.6,856.68,855.25,856.63,99834,-0.0139,0.1269,-110.95,859.5000,-0.33
2025-02-18 11:30:00,856.68,857.35,854.95,857.05,418802,0.1195,0.1269,-5.83,859.5000,-0.29
2025-02-18 11:35:00,857.05,857.7,856.7,857.68,117644,0.2421,0.1269,90.78,859.5000,-0.21
2025-02-18 11:40:00,857.65,858.18,857.13,858.13,141984,0.3394,0.1269,167.45,859.5000,-0.16
2025-02-18 11:45:00,858.13,859.08,857.83,858.85,200172,0.4322,0.1269,240.58,859.5000,-0.08
2025-02-18 11:50:00,858.78,858.88,857.93,858.7,157566,0.4609,0.1269,263.20,859.5000,-0.09
2025-02-18 11:55:00,858.68,858.75,857.93,858.18,93674,0.4232,0.1269,233.49,859.5000,-0.15
2025-02-18 12:00:00,858.15,858.5,858,858.48,84632,0.3972,0.1269,213.00,859.5000,-0.12
2025-02-18 12:05:00,858.45,859.68,858.13,859.35,144156,0.4153,0.1269,227.27,859.5000,-0.02
2025-02-18 12:10:00,859.33,859.85,859,859.33,102846,0.4025,0.1269,217.18,859.5000,-0.02
2025-02-18 12:15:00,859.33,859.73,858.7,859.63,104476,0.3904,0.1269,207.64,859.5000,0.02
2025-02-18 12:20:00,859.63,859.8,859.15,859.58,127650,0.3562,0.1269,180.69,859.5000,0.01
2025-02-18 12:25:00,859.55,860.38,859.2,860.3,142548,0.3583,0.1269,182.35,859.5000,0.09
2025-02-18 12:30:00,860.2,861.5,859.8,861.5,161758,0.4128,0.1269,225.30,859.5000,0.23
2025-02-18 12:35:00,861.25,861.53,860.55,861.1,171030,0.3942,0.1269,210.64,859.5000,0.19
2025-02-18 12:40:00,861.03,861.15,860.43,860.85,131310,0.3395,0.1269,167.53,859.5000,0.16
2025-02-18 12:45:00,860.63,861.4,860.43,860.93,131602,0.2853,0.1269,124.82,859.5000,0.17
2025-02-18 12:50:00,861.03,861.33,859.95,860.83,220894,0.2222,0.1269,75.10,859.5000,0.15
2025-02-18 12:55:00,860.73,861.33,859.98,861.2,145918,0.1862,0.1269,46.73,859.5000,0.20
2025-02-18 13:00:00,861,862.15,860.65,861.85,175160,0.1865,0.1269,46.97,859.5000,0.27
2025-02-18 13:05:00,861.73,863.18,861.73,863.08,348862,0.2462,0.1269,94.01,859.5000,0.42
2025-02-18 13:10:00,863.08,863.6,862.5,863.1,205288,0.2623,0.1269,106.70,859.5000,0.42
2025-02-18 13:15:00,863.13,863.9,862.88,863.63,159940,0.2820,0.1269,122.22,859.5000,0.48
2025-02-18 13:20:00,863.6,863.98,863.15,863.65,145010,0.2698,0.1269,112.61,859.5000,0.48
2025-02-18 13:25:00,863.65,864.15,863,863.95,168556,0.2556,0.1269,101.42,859.5000,0.52
2025-02-18 13:30:00,863.95,864.28,863.55,864.08,142892,0.2293,0.1269,80.69,859.5000,0.53
2025-02-18 13:35:00,864.13,864.53,863.63,864.23,232546,0.1977,0.1269,55.79,859.5000,0.55
2025-02-18 13:40:00,864.23,865.78,864,865.38,314578,0.2277,0.1269,79.43,859.5000,0.68
2025-02-18 13:45:00,865.45,865.48,863.85,864.05,311842,0.1359,0.1269,7.09,859.5000,0.53
2025-02-18 13:50:00,864.05,864.5,863.65,864.33,185996,0.0752,0.1269,-40.74,859.5000,0.56
2025-02-18 13:55:00,864.28,865.25,863.73,864.68,368648,0.0413,0.1269,-67.45,859.5000,0.60
2025-02-18 14:00:00,864.45,865,863.75,863.95,226500,-0.0430,0.1269,-133.88,859.5000,0.52
2025-02-18 14:05:00,863.95,864.95,863.53,864.9,296270,-0.0471,0.1269,-137.12,859.5000,0.63
2025-02-18 14:10:00,864.85,865.13,864.15,864.4,227618,-0.0933,0.1269,-173.52,859.5000,0.57
2025-02-18 14:15:00,864.4,864.58,863.6,864.15,172712,-0.1471,0.1269,-215.92,859.5000,0.54
2025-02-18 14:20:00,864.15,864.5,863.95,864.45,147074,-0.1675,0.1269,-231.99,859.5000,0.58
2025-02-18 14:25:00,864.4,864.73,863.75,864.65,136720,-0.1719,0.1269,-235.46,859.5000,0.60
2025-02-18 14:30:00,864.65,864.7,863.2,863.5,172804,-0.2518,0.1269,-298.42,859.5000,0.47
2025-02-18 14:35:00,863.5,863.75,862.98,863.35,200840,-0.3105,0.1269,-344.68,859.5000,0.45
2025-02-18 14:40:00,863.38,863.65,862.5,863.18,242036,-0.3533,0.1269,-378.41,859.5000,0.43
2025-02-18 14:45:00,863.15,863.65,862.35,863.28,254098,-0.3659,0.1269,-388.34,859.5000,0.44
2025-02-18 14:50:00,863.28,863.5,862.03,862.5,280004,-0.4142,0.1269,-426.40,859.5000,0.35
2025-02-18 14:55:00,862.48,862.65,861.4,862.45,197002,-0.4349,0.1269,-442.71,859.5000,0.34
2025-02-18 15:00:00,862.23,863.15,861.48,861.7,611682,-0.4808,0.1269,-478.88,859.5000,0.26
2025-02-18 15:05:00,861.68,862.08,861.08,861.53,483004,-0.5021,0.1269,-495.67,859.5000,0.24
2025-02-18 15:10:00,861.53,861.88,860.25,860.83,558816,-0.5394,0.1269,-525.06,859.5000,0.15
2025-02-18 15:15:00,860.83,861.65,860.38,861.6,413024,-0.4898,0.1269,-485.97,859.5000,0.24
2025-02-18 15:20:00,861.58,861.6,860.5,861.13,574374,-0.4664,0.1269,-467.53,859.5000,0.19
2025-02-18 15:25:00,861.2,861.5,860.5,861.5,402742,-0.4059,0.1269,-419.86,859.5000,0.23
2025-02-19 09:15:00,858.3,861.35,856.23,861.15,976570,-0.3704,-0.4059,-8.75,861.5000,-0.04
2025-02-19 09:20:00,860.78,861.48,859.25,860.63,470628,-0.3623,-0.4059,-10.74,861.5000,-0.10
2025-02-19 09:25:00,860.63,863,860.63,862.93,340654,-0.1912,-0.4059,-52.89,861.5000,0.17
2025-02-19 09:30:00,862.93,863.45,861.43,863.25,182946,-0.0527,-0.4059,-87.02,861.5000,0.20
2025-02-19 09:35:00,863.13,864.48,862.13,863.85,185540,0.0760,-0.4059,-118.72,861.5000,0.27
2025-02-19 09:40:00,863.78,865.2,863.43,865.2,129666,0.2396,-0.4059,-159.03,861.5000,0.43
2025-02-19 09:45:00,865.23,867.23,864.48,866.35,626194,0.4031,-0.4059,-199.31,861.5000,0.56
2025-02-19 09:50:00,866.35,866.45,864.25,864.58,205084,0.3708,-0.4059,-191.35,861.5000,0.36
2025-02-19 09:55:00,864.58,866.1,864.5,865.35,114028,0.3787,-0.4059,-193.30,861.5000,0.45
2025-02-19 10:00:00,865.28,865.43,864.55,865.25,136882,0.3549,-0.4059,-187.44,861.5000,0.44
2025-02-19 10:05:00,865.08,865.43,864.5,864.83,73244,0.2913,-0.4059,-171.77,861.5000,0.39
2025-02-19 10:10:00,864.8,866.98,864.5,866.75,93736,0.3548,-0.4059,-187.41,861.5000,0.61
2025-02-19 10:15:00,866.75,868.48,866.75,867.53,243344,0.4211,-0.4059,-203.74,861.5000,0.70
2025-02-19 10:20:00,867.6,868.5,867.23,868.33,97090,0.4859,-0.4059,-219.71,861.5000,0.79
2025-02-19 10:25:00,868.33,868.5,867.68,868.05,70876,0.4763,-0.4059,-217.34,861.5000,0.76
2025-02-19 10:30:00,868.05,868.95,868.03,868.43,74582,0.4618,-0.4059,-213.77,861.5000,0.80
2025-02-19 10:35:00,868.45,868.45,866.93,868.08,88944,0.3972,-0.4059,-197.86,861.5000,0.76
2025-02-19 10:40:00,868.05,868.5,867.65,867.9,71630,0.3145,-0.4059,-177.48,861.5000,0.74
2025-02-19 10:45:00,867.95,867.95,866.78,866.85,77626,0.1686,-0.4059,-141.54,861.5000,0.62
2025-02-19 10:50:00,866.93,867.03,866.03,866.75,93186,0.0511,-0.4059,-112.59,861.5000,0.61
2025-02-19 10:55:00,866.75,866.75,865.23,866.28,157832,-0.0664,-0.4059,-83.64,861.5000,0.55
2025-02-19 11:00:00,866.3,867,866.18,866.53,118570,-0.1315,-0.4059,-67.60,861.5000,0.58
2025-02-19 11:05:00,866.53,867,865.73,865.98,147830,-0.2111,-0.4059,-47.99,861.5000,0.52
2025-02-19 11:10:00,865.98,867.08,865.08,867.08,83488,-0.1898,-0.4059,-53.24,861.5000,0.65
2025-02-19 11:15:00,867.08,867.5,865.65,866.33,73630,-0.2241,-0.4059,-44.79,861.5000,0.56
2025-02-19 11:20:00,866.35,866.5,864.75,864.98,120492,-0.3292,-0.4059,-18.90,861.5000,0.40
2025-02-19 11:25:00,865,865.25,863.95,864.73,141722,-0.4022,-0.4059,-0.91,861.5000,0.37
2025-02-19 11:30:00,864.93,865.25,864.38,864.95,143236,-0.4204,-0.4059,3.57,861.5000,0.40
2025-02-19 11:35:00,864.98,865,864.93,865,72462,-0.4131,-0.4059,1.77,861.5000,0.41
2025-02-19 11:40:00,864.98,865,864.13,864.38,78524,-0.4320,-0.4059,6.43,861.5000,0.33
2025-02-19 11:45:00,864.35,865.05,864.33,865,107370,-0.3863,-0.4059,-4.83,861.5000,0.41
2025-02-19 11:50:00,865,865.9,864.73,865.35,138816,-0.3189,-0.4059,-21.43,861.5000,0.45
2025-02-19 11:55:00,865.33,866.5,865.33,866.5,66982,-0.1895,-0.4059,-53.31,861.5000,0.58
2025-02-19 12:00:00,866.5,866.68,865.4,866,95826,-0.1330,-0.4059,-67.23,861.5000,0.52
2025-02-19 12:05:00,866.05,866.45,865.5,865.73,81818,-0.1101,-0.4059,-72.88,861.5000,0.49
2025-02-19 12:10:00,865.7,865.8,864.93,864.93,94658,-0.1431,-0.4059,-64.75,861.5000,0.40
2025-02-19 12:15:00,864.93,865.8,864.33,864.55,167496,-0.1822,-0.4059,-55.11,861.5000,0.35
2025-02-19 12:20:00,864.65,865.13,863.6,863.88,86086,-0.2413,-0.4059,-40.55,861.5000,0.28
2025-02-19 12:25:00,863.85,863.98,863.4,863.73,109438,-0.2760,-0.4059,-32.00,861.5000,0.26
2025-02-19 12:30:00,863.73,864.98,863.4,864.4,305278,-0.2406,-0.4059,-40.72,861.5000,0.34
2025-02-19 12:35:00,864.38,864.45,863.5,863.6,109530,-0.2564,-0.4059,-36.83,861.5000,0.24
2025-02-19 12:40:00,863.63,864.1,862.85,864,124404,-0.2264,-0.4059,-44.22,861.5000,0.29
2025-02-19 12:45:00,864,864.73,863.95,864.4,116732,-0.1686,-0.4059,-58.46,861.5000,0.34
2025-02-19 12:50:00,864.4,865.35,863.88,864.28,136922,-0.1293,-0.4059,-68.14,861.5000,0.32
2025-02-19 12:55:00,864.33,864.5,863.95,864,85190,-0.1136,-0.4059,-72.01,861.5000,0.29
2025-02-19 13:00:00,863.98,864.58,863.78,864.5,89248,-0.0634,-0.4059,-84.38,861.5000,0.35
2025-02-19 13:05:00,864.5,865,863.75,864.2,93652,-0.0451,-0.4059,-88.89,861.5000,0.31
2025-02-19 13:10:00,864.25,864.88,863.68,864.13,120458,-0.0331,-0.4059,-91.85,861.5000,0.31
2025-02-19 13:15:00,864.13,865.03,863.23,864.93,136176,0.0300,-0.4059,-107.39,861.5000,0.40
2025-02-19 13:20:00,864.98,865.45,864.75,865.2,91300,0.0880,-0.4059,-121.68,861.5000,0.43
2025-02-19 13:25:00,865.2,865.38,864.98,865.13,96374,0.1177,-0.4059,-129.00,861.5000,0.42
2025-02-19 13:30:00,865.13,866,864.9,865.63,137302,0.1644,-0.4059,-140.50,861.5000,0.48
2025-02-19 13:35:00,865.63,866.03,865.18,865.45,87342,0.1754,-0.4059,-143.21,861.5000,0.46
2025-02-19 13:40:00,865.45,865.83,865.03,865.2,94138,0.1586,-0.4059,-139.07,861.5000,0.43
2025-02-19 13:45:00,865.2,865.65,864.63,865.25,119630,0.1441,-0.4059,-135.50,861.5000,0.44
2025-02-19 13:50:00,865.3,866.15,864.5,864.7,143048,0.0931,-0.4059,-122.94,861.5000,0.37
2025-02-19 13:55:00,864.7,865.33,864.28,864.88,143316,0.0684,-0.4059,-116.85,861.5000,0.39
2025-02-19 14:00:00,864.85,865.13,863.8,864.33,102540,0.0146,-0.4059,-103.60,861.5000,0.33
2025-02-19 14:05:00,864.3,864.5,863.85,864.48,66568,-0.0099,-0.4059,-97.56,861.5000,0.35
2025-02-19 14:10:00,864.48,865,864.15,864.48,102378,-0.0244,-0.4059,-93.99,861.5000,0.35
2025-02-19 14:15:00,864.48,864.68,861.6,861.95,157220,-0.1932,-0.4059,-52.40,861.5000,0.05
2025-02-19 14:20:00,861.8,862.48,861.18,861.65,160308,-0.3070,-0.4059,-24.37,861.5000,0.02
2025-02-19 14:25:00,861.65,862.15,860.1,860.15,160286,-0.4565,-0.4059,12.47,861.5000,-0.16
2025-02-19 14:30:00,860.15,861.23,859.8,861.23,89926,-0.4546,-0.4059,12.00,861.5000,-0.03
2025-02-19 14:35:00,861.23,862.45,860.83,861.13,130236,-0.4323,-0.4059,6.50,861.5000,-0.04
2025-02-19 14:40:00,861.13,861.45,860.48,860.6,130460,-0.4249,-0.4059,4.68,861.5000,-0.10
2025-02-19 14:45:00,860.63,861.7,860.5,861.05,158972,-0.3635,-0.4059,-10.45,861.5000,-0.05
2025-02-19 14:50:00,861.18,863.95,861.03,863.33,168960,-0.1541,-0.4059,-62.03,861.5000,0.21
2025-02-19 14:55:00,863.45,863.7,862.43,863.3,86246,-0.0098,-0.4059,-97.59,861.5000,0.21
2025-02-19 15:00:00,863.3,864.88,863.28,864.13,288330,0.1409,-0.4059,-134.71,861.5000,0.31
2025-02-19 15:05:00,864.13,864.43,863.45,863.6,224722,0.2007,-0.4059,-149.45,861.5000,0.24
2025-02-19 15:10:00,863.75,864.38,863.08,863.3,309772,0.2146,-0.4059,-152.87,861.5000,0.21
2025-02-19 15:15:00,863.33,863.5,862.38,863.33,245712,0.2195,-0.4059,-154.08,861.5000,0.21
2025-02-19 15:20:00,863.33,863.53,862.48,862.73,225336,0.1778,-0.4059,-143.80,861.5000,0.14
2025-02-19 15:25:00,862.8,863.68,861.5,862.53,218090,0.1343,-0.4059,-133.09,861.5000,0.12
2025-02-20 09:15:00,855.53,857.35,853.23,854.2,4733262,-0.4272,0.1343,-418.09,862.5300,-0.97
2025-02-20 09:20:00,854.2,854.6,849.5,849.78,790856,-1.0336,0.1343,-869.62,862.5300,-1.48
2025-02-20 09:25:00,849.5,850.45,848.68,850,474394,-1.3377,0.1343,-1096.05,862.5300,-1.45
2025-02-20 09:30:00,850,850.45,849.53,850.03,252584,-1.4455,0.1343,-1176.32,862.5300,-1.45
2025-02-20 09:35:00,850,850.13,848.78,850,323924,-1.4252,0.1343,-1161.21,862.5300,-1.45
2025-02-20 09:40:00,849.93,850,847.43,847.98,496028,-1.4494,0.1343,-1179.23,862.5300,-1.69
2025-02-20 09:45:00,848,848,845,845.2,506942,-1.5455,0.1343,-1250.78,862.5300,-2.01
2025-02-20 09:50:00,845.25,846.83,844.73,846.53,530256,-1.4156,0.1343,-1154.06,862.5300,-1.86
2025-02-20 09:55:00,846.8,847.45,845.7,847.03,361034,-1.2008,0.1343,-994.12,862.5300,-1.80
2025-02-20 10:00:00,847.13,847.43,845.88,846.5,440846,-1.0070,0.1343,-849.81,862.5300,-1.86
2025-02-20 10:05:00,846.55,847.03,845.35,846.48,296230,-0.8016,0.1343,-696.87,862.5300,-1.86
2025-02-20 10:10:00,846.48,846.7,845,845.03,296854,-0.6892,0.1343,-613.18,862.5300,-2.03
2025-02-20 10:15:00,845.13,846,844.58,845.85,205846,-0.4946,0.1343,-468.28,862.5300,-1.93
2025-02-20 10:20:00,846,847,845.38,846.13,162560,-0.2919,0.1343,-317.35,862.5300,-1.90
2025-02-20 10:25:00,846.13,846.6,845.5,845.55,184036,-0.1490,0.1343,-210.95,862.5300,-1.97
2025-02-20 10:30:00,845.75,846.68,845.23,846.53,149340,0.0488,0.1343,-63.66,862.5300,-1.86
2025-02-20 10:35:00,846.58,847.1,846.35,846.35,191560,0.1965,0.1343,46.31,862.5300,-1.88
2025-02-20 10:40:00,846.35,846.4,845.55,845.95,142990,0.2906,0.1343,116.38,862.5300,-1.92
2025-02-20 10:45:00,845.93,846.88,845.5,846.38,177376,0.3985,0.1343,196.72,862.5300,-1.87
2025-02-20 10:50:00,846.38,846.9,845.9,846.33,97382,0.4778,0.1343,255.77,862.5300,-1.88
2025-02-20 10:55:00,846.35,846.35,845.75,845.78,80140,0.5020,0.1343,273.79,862.5300,-1.94
2025-02-20 11:00:00,845.8,845.98,845.05,845.05,265508,0.4778,0.1343,255.77,862.5300,-2.03
2025-02-20 11:05:00,845.13,846,843.83,846,279912,0.5307,0.1343,295.16,862.5300,-1.92
2025-02-20 11:10:00,845.95,846,844.75,845.35,175978,0.5257,0.1343,291.44,862.5300,-1.99
2025-02-20 11:15:00,845.33,846.5,845.18,846.25,204516,0.5825,0.1343,333.73,862.5300,-1.89
2025-02-20 11:20:00,846.25,846.55,845.65,845.88,82786,0.5927,0.1343,341.33,862.5300,-1.93
2025-02-20 11:25:00,845.88,846,845.03,845.95,241398,0.5998,0.1343,346.61,862.5300,-1.92
2025-02-20 11:30:00,845.95,847.1,845.65,846.95,206858,0.6626,0.1343,393.37,862.5300,-1.81
2025-02-20 11:35:00,846.93,846.95,845.78,845.83,144330,0.6203,0.1343,361.88,862.5300,-1.94
2025-02-20 11:40:00,845.93,845.95,845.63,845.78,63086,0.5811,0.1343,332.69,862.5300,-1.94
2025-02-20 11:45:00,845.8,846.33,844.73,845.23,167840,0.5127,0.1343,281.76,862.5300,-2.01
2025-02-20 11:50:00,845.25,845.35,844.73,845.03,107338,0.4508,0.1343,235.67,862.5300,-2.03
2025-02-20 11:55:00,845.23,845.88,844.9,845.48,106624,0.4366,0.1343,225.09,862.5300,-1.98
2025-02-20 12:00:00,845.5,845.7,845.2,845.7,77500,0.4374,0.1343,225.69,862.5300,-1.95
2025-02-20 12:05:00,845.7,846.15,845.38,845.38,96122,0.4121,0.1343,206.85,862.5300,-1.99
2025-02-20 12:10:00,845.45,845.88,844.23,844.35,161746,0.3255,0.1343,142.37,862.5300,-2.11
2025-02-20 12:15:00,844.33,844.83,844.05,844.43,123594,0.2752,0.1343,104.91,862.5300,-2.10
2025-02-20 12:20:00,844.43,844.63,842.65,843.38,240608,0.1774,0.1343,32.09,862.5300,-2.22
2025-02-20 12:25:00,843.38,843.78,842.9,843.7,236162,0.1421,0.1343,5.81,862.5300,-2.18
2025-02-20 12:30:00,843.7,844.5,843.55,844.08,234580,0.1513,0.1343,12.66,862.5300,-2.14
2025-02-20 12:35:00,844.08,845.28,844.08,845.1,144736,0.2284,0.1343,70.07,862.5300,-2.02
2025-02-20 12:40:00,845.1,845.33,844.93,845.28,91950,0.2899,0.1343,115.86,862.5300,-2.00
2025-02-20 12:45:00,845.28,845.98,845.05,845.85,114798,0.3626,0.1343,169.99,862.5300,-1.93
2025-02-20 12:50:00,845.85,845.85,845,845.43,135536,0.3745,0.1343,178.85,862.5300,-1.98
2025-02-20 12:55:00,845.43,845.45,844.5,844.7,126984,0.3271,0.1343,143.56,862.5300,-2.07
2025-02-20 13:00:00,844.7,844.78,843.65,844.13,187536,0.2544,0.1343,89.43,862.5300,-2.13
2025-02-20 13:05:00,844.13,844.38,843.75,844.33,157784,0.2182,0.1343,62.47,862.5300,-2.11
2025-02-20 13:10:00,844.33,844.33,843.55,843.78,194948,0.1585,0.1343,18.02,862.5300,-2.17
2025-02-20 13:15:00,843.78,844.15,843.55,843.8,151188,0.1232,0.1343,-8.27,862.5300,-2.17
2025-02-20 13:20:00,843.8,843.9,843.55,843.78,121812,0.1021,0.1343,-23.98,862.5300,-2.17
2025-02-20 13:25:00,843.78,843.95,843.5,843.88,152382,0.0986,0.1343,-26.58,862.5300,-2.16
2025-02-20 13:30:00,843.88,845,843.5,844.95,255700,0.1679,0.1343,25.02,862.5300,-2.04
2025-02-20 13:35:00,844.95,846.15,844.93,845.33,393956,0.2347,0.1343,74.76,862.5300,-1.99
2025-02-20 13:40:00,845.33,846.15,845,846.1,208304,0.3210,0.1343,139.02,862.5300,-1.90
2025-02-20 13:45:00,846.1,846.18,845.25,845.75,169916,0.3426,0.1343,155.10,862.5300,-1.95
2025-02-20 13:50:00,845.75,845.95,845.3,845.73,306962,0.3429,0.1343,155.32,862.5300,-1.95
2025-02-20 13:55:00,845.75,845.75,844.43,844.48,254346,0.2505,0.1343,86.52,862.5300,-2.09
2025-02-20 14:00:00,844.5,844.5,844.25,844.5,201180,0.1853,0.1343,37.97,862.5300,-2.09
2025-02-20 14:05:00,844.5,844.68,843.63,844,223752,0.1070,0.1343,-20.33,862.5300,-2.15
2025-02-20 14:10:00,844,844.68,843.95,844.5,245056,0.0882,0.1343,-34.33,862.5300,-2.09
2025-02-20 14:15:00,844.5,844.88,844.28,844.8,173964,0.0946,0.1343,-29.56,862.5300,-2.06
2025-02-20 14:20:00,844.8,845,844.58,844.93,198222,0.1055,0.1343,-21.44,862.5300,-2.04
2025-02-20 14:25:00,844.95,845.25,844.7,845.05,253516,0.1178,0.1343,-12.29,862.5300,-2.03
2025-02-20 14:30:00,845.05,845.05,844.6,844.93,106922,0.1146,0.1343,-14.67,862.5300,-2.04
2025-02-20 14:35:00,844.93,845.38,844.75,844.85,364108,0.1043,0.1343,-22.34,862.5300,-2.05
2025-02-20 14:40:00,844.85,845.25,844.75,844.95,260248,0.1012,0.1343,-24.65,862.5300,-2.04
2025-02-20 14:45:00,844.95,845.03,844.3,844.68,276206,0.0791,0.1343,-41.10,862.5300,-2.07
2025-02-20 14:50:00,844.68,844.7,844,844.55,498704,0.0548,0.1343,-59.20,862.5300,-2.08
2025-02-20 14:55:00,844.53,844.85,844.15,844.68,312908,0.0471,0.1343,-64.93,862.5300,-2.07
2025-02-20 15:00:00,844.68,845.05,844.1,844.2,632666,0.0109,0.1343,-91.88,862.5300,-2.13
2025-02-20 15:05:00,844.2,844.5,843.93,844.03,666196,-0.0213,0.1343,-115.86,862.5300,-2.14
2025-02-20 15:10:00,844.03,844.03,843.05,843.18,739512,-0.0927,0.1343,-169.02,862.5300,-2.24
2025-02-20 15:15:00,843.18,843.68,842.8,843.33,1034704,-0.1209,0.1343,-190.02,862.5300,-2.23
2025-02-20 15:20:00,843.35,843.43,842.7,842.93,1021244,-0.1554,0.1343,-215.71,862.5300,-2.27
2025-02-20 15:25:00,842.9,843.35,842.8,842.98,749274,-0.1630,0.1343,-221.37,862.5300,-2.27
2025-02-21 09:15:00,840.4,843.83,839.6,843.23,672528,-0.1401,-0.1630,-14.05,842.9800,0.03
2025-02-21 09:20:00,843.23,844.88,843,844.53,340660,-0.0320,-0.1630,-80.37,842.9800,0.18
2025-02-21 09:25:00,844.7,845.25,844,844.25,346756,0.0230,-0.1630,-114.11,842.9800,0.15
2025-02-21 09:30:00,844.5,844.5,841.6,841.75,255438,-0.0998,-0.1630,-38.77,842.9800,-0.15
2025-02-21 09:35:00,841.85,841.95,840.3,840.3,184716,-0.2604,-0.1630,59.75,842.9800,-0.32
2025-02-21 09:40:00,840.3,841.45,839.3,840.25,261226,-0.3463,-0.1630,112.45,842.9800,-0.32
2025-02-21 09:45:00,840.25,840.95,839.03,839.48,273020,-0.4261,-0.1630,161.41,842.9800,-0.42
2025-02-21 09:50:00,839.5,840.18,838.73,839.73,398618,-0.4318,-0.1630,164.91,842.9800,-0.39
2025-02-21 09:55:00,839.73,841,839,839.1,327910,-0.4459,-0.1630,173.56,842.9800,-0.46
2025-02-21 10:00:00,839.1,840.6,838.63,839.95,164038,-0.3691,-0.1630,126.44,842.9800,-0.36
2025-02-21 10:05:00,839.95,841.6,839.63,841.48,130720,-0.1951,-0.1630,19.69,842.9800,-0.18
2025-02-21 10:10:00,841.55,841.8,839.98,840.25,283574,-0.1450,-0.1630,-11.04,842.9800,-0.32
2025-02-21 10:15:00,840.25,841,839.85,840.7,182150,-0.0677,-0.1630,-58.47,842.9800,-0.27
2025-02-21 10:20:00,840.75,841.73,840.48,840.5,87620,-0.0186,-0.1630,-88.59,842.9800,-0.29
2025-02-21 10:25:00,840.55,841.05,839.53,839.6,97746,-0.0344,-0.1630,-78.90,842.9800,-0.40
2025-02-21 10:30:00,839.65,840.58,839.6,840.2,69374,0.0056,-0.1630,-103.44,842.9800,-0.33
2025-02-21 10:35:00,840.18,840.68,839.53,840.23,101180,0.0423,-0.1630,-125.95,842.9800,-0.33
2025-02-21 10:40:00,840.2,840.5,839.63,839.65,59662,0.0358,-0.1630,-121.96,842.9800,-0.40
2025-02-21 10:45:00,839.73,840.75,839.63,839.88,130278,0.0543,-0.1630,-133.31,842.9800,-0.37
2025-02-21 10:50:00,839.9,840,838.78,839.88,100648,0.0727,-0.1630,-144.60,842.9800,-0.37
2025-02-21 10:55:00,839.88,840.23,839.03,840.23,176838,0.1121,-0.1630,-168.77,842.9800,-0.33
2025-02-21 11:00:00,840.2,841.35,840.2,840.5,77378,0.1574,-0.1630,-196.56,842.9800,-0.29
2025-02-21 11:05:00,840.5,840.65,839.6,839.8,243496,0.1417,-0.1630,-186.93,842.9800,-0.38
2025-02-21 11:10:00,839.8,840.78,839,840.75,193026,0.1935,-0.1630,-218.71,842.9800,-0.26
2025-02-21 11:15:00,840.78,840.88,840,840.35,154128,0.1984,-0.1630,-221.72,842.9800,-0.31
2025-02-21 11:20:00,840.35,841,839.8,840.7,168216,0.2210,-0.1630,-235.58,842.9800,-0.27
2025-02-21 11:25:00,840.7,841,840.28,840.65,150508,0.2275,-0.1630,-239.57,842.9800,-0.28
2025-02-21 11:30:00,840.65,840.9,840,840.7,130508,0.2294,-0.1630,-240.74,842.9800,-0.27
2025-02-21 11:35:00,840.73,842.5,840.73,842.45,108416,0.3364,-0.1630,-306.38,842.9800,-0.06
2025-02-21 11:40:00,842.45,843,842,842.53,110480,0.3962,-0.1630,-343.07,842.9800,-0.05
2025-02-21 11:45:00,842.53,842.63,841.85,842.15,71696,0.3930,-0.1630,-341.10,842.9800,-0.10
2025-02-21 11:50:00,842.15,842.83,841.98,842.55,88038,0.3995,-0.1630,-345.09,842.9800,-0.05
2025-02-21 11:55:00,842.55,842.88,842.45,842.48,62846,0.3807,-0.1630,-333.56,842.9800,-0.06
2025-02-21 12:00:00,842.48,842.93,841.83,842.03,190604,0.3220,-0.1630,-297.55,842.9800,-0.11
2025-02-21 12:05:00,842.03,842.33,841.1,841.38,122720,0.2278,-0.1630,-239.75,842.9800,-0.19
2025-02-21 12:10:00,841.38,841.75,841,841.23,194746,0.1477,-0.1630,-190.61,842.9800,-0.21
2025-02-21 12:15:00,841.23,841.78,840.93,841.33,315230,0.0963,-0.1630,-159.08,842.9800,-0.20
2025-02-21 12:20:00,841.33,841.95,841.18,841.48,631568,0.0685,-0.1630,-142.02,842.9800,-0.18
2025-02-21 12:25:00,841.48,843.63,841.43,843.6,196916,0.1825,-0.1630,-211.96,842.9800,0.07
2025-02-21 12:30:00,843.58,844.95,843.2,844.7,167704,0.3140,-0.1630,-292.64,842.9800,0.20
2025-02-21 12:35:00,844.7,845,843.6,844,163092,0.3339,-0.1630,-304.85,842.9800,0.12
2025-02-21 12:40:00,843.95,844.13,843.2,843.33,103638,0.2839,-0.1630,-274.17,842.9800,0.04
2025-02-21 12:45:00,843.25,844.5,842.75,844.25,132692,0.2937,-0.1630,-280.18,842.9800,0.15
2025-02-21 12:50:00,844.2,844.48,843.5,843.65,109326,0.2426,-0.1630,-248.83,842.9800,0.08
2025-02-21 12:55:00,843.53,843.9,842.78,843,125504,0.1524,-0.1630,-193.50,842.9800,0.00
2025-02-21 13:00:00,842.8,843.2,842,843,219596,0.0836,-0.1630,-151.29,842.9800,0.00
2025-02-21 13:05:00,842.9,843.73,842.88,843.23,108956,0.0462,-0.1630,-128.34,842.9800,0.03
2025-02-21 13:10:00,843.2,844,843.1,844,118004,0.0648,-0.1630,-139.75,842.9800,0.12
2025-02-21 13:15:00,843.93,844.5,843.65,844.45,255506,0.0970,-0.1630,-159.51,842.9800,0.17
2025-02-21 13:20:00,844.43,844.5,843.88,844.15,120672,0.0879,-0.1630,-153.93,842.9800,0.14
2025-02-21 13:25:00,844.18,844.7,842.73,843.23,226020,0.0137,-0.1630,-108.40,842.9800,0.03
2025-02-21 13:30:00,843.2,844.38,842.93,843.88,211442,0.0027,-0.1630,-101.66,842.9800,0.11
2025-02-21 13:35:00,843.88,844.7,843.53,843.78,216982,-0.0160,-0.1630,-90.18,842.9800,0.09
2025-02-21 13:40:00,843.78,844.5,843.35,844.18,158956,-0.0066,-0.1630,-95.95,842.9800,0.14
2025-02-21 13:45:00,844.1,844.5,843.73,844.35,138214,0.0053,-0.1630,-103.25,842.9800,0.16
2025-02-21 13:50:00,844.3,845.4,844.3,845.35,278256,0.0711,-0.1630,-143.62,842.9800,0.28
2025-02-21 13:55:00,845.35,845.4,844.35,844.48,173060,0.0477,-0.1630,-129.26,842.9800,0.18
2025-02-21 14:00:00,844.48,845.28,844.28,844.73,153628,0.0410,-0.1630,-125.15,842.9800,0.21
2025-02-21 14:05:00,844.73,845.9,844.73,845.83,248882,0.0993,-0.1630,-160.92,842.9800,0.34
2025-02-21 14:10:00,845.83,846.25,845.58,845.88,127510,0.1280,-0.1630,-178.53,842.9800,0.34
2025-02-21 14:15:00,845.93,846.65,845.33,846.55,154880,0.1759,-0.1630,-207.91,842.9800,0.42
2025-02-21 14:20:00,846.5,846.63,846,846.3,137428,0.1743,-0.1630,-206.93,842.9800,0.39
2025-02-21 14:25:00,846.3,846.33,845.05,845.4,155944,0.0998,-0.1630,-161.23,842.9800,0.29
2025-02-21 14:30:00,845.38,845.88,845.08,845.43,139722,0.0427,-0.1630,-126.20,842.9800,0.29
2025-02-21 14:35:00,845.43,845.73,845,845.65,165998,0.0114,-0.1630,-106.99,842.9800,0.32
2025-02-21 14:40:00,845.6,846.5,845.6,846.43,144012,0.0338,-0.1630,-120.74,842.9800,0.41
2025-02-21 14:45:00,846.4,846.6,845.68,846.58,151388,0.0483,-0.1630,-129.63,842.9800,0.43
2025-02-21 14:50:00,846.55,847.23,845.88,846.18,169156,0.0219,-0.1630,-113.44,842.9800,0.38
2025-02-21 14:55:00,846.15,846.18,844.68,844.7,194552,-0.0978,-0.1630,-40.00,842.9800,0.20
2025-02-21 15:00:00,844.7,847.23,844.7,847.13,499176,-0.0198,-0.1630,-87.85,842.9800,0.49
2025-02-21 15:05:00,847.1,847.48,846.63,846.65,542902,-0.0078,-0.1630,-95.21,842.9800,0.44
2025-02-21 15:10:00,846.83,847.4,846.63,846.83,396746,0.0045,-0.1630,-102.76,842.9800,0.46
2025-02-21 15:15:00,846.83,846.88,844.73,845.13,449140,-0.1038,-0.1630,-36.32,842.9800,0.26
2025-02-21 15:20:00,845.13,845.35,845.03,845.03,305386,-0.1795,-0.1630,10.12,842.9800,0.24
2025-02-21 15:25:00,845.05,845.95,845,845,329958,-0.2261,-0.1630,38.71,842.9800,0.24
2025-02-24 09:15:00,840.55,842.1,835,835.58,1136392,-0.8506,-0.2261,276.21,845.0000,-1.11
2025-02-24 09:20:00,835.73,835.73,834,834.3,404358,-1.2833,-0.2261,467.58,845.0000,-1.27
2025-02-24 09:25:00,834.55,834.55,832.5,832.75,271046,-1.5873,-0.2261,602.03,845.0000,-1.45
2025-02-24 09:30:00,832.5,833.83,832,832.28,302748,-1.7222,-0.2261,661.70,845.0000,-1.51
2025-02-24 09:35:00,832.1,835.53,831.2,833.1,289512,-1.6578,-0.2261,633.22,845.0000,-1.41
2025-02-24 09:40:00,833,833.2,830.55,831.45,192566,-1.6257,-0.2261,619.02,845.0000,-1.60
2025-02-24 09:45:00,831.43,834.85,831.43,834.55,228824,-1.3086,-0.2261,478.77,845.0000,-1.24
2025-02-24 09:50:00,834.53,835.75,834.18,834.88,177632,-1.0035,-0.2261,343.83,845.0000,-1.20
2025-02-24 09:55:00,834.88,835.28,834,835.28,155870,-0.7149,-0.2261,216.19,845.0000,-1.15
2025-02-24 10:00:00,835.28,836.5,834.45,834.7,168494,-0.5129,-0.2261,126.85,845.0000,-1.22
2025-02-24 10:05:00,834.5,834.7,833.13,833.43,129370,-0.4185,-0.2261,85.10,845.0000,-1.37
2025-02-24 10:10:00,833.25,834.33,832.5,832.6,122410,-0.3675,-0.2261,62.54,845.0000,-1.47
2025-02-24 10:15:00,832.55,834.63,832.5,834.5,136770,-0.1713,-0.2261,-24.24,845.0000,-1.24
2025-02-24 10:20:00,834.53,834.9,833.75,833.9,104916,-0.0536,-0.2261,-76.29,845.0000,-1.31
2025-02-24 10:25:00,834.23,835.48,833.75,835,145818,0.1175,-0.2261,-151.97,845.0000,-1.18
2025-02-24 10:30:00,835,835.85,834.45,834.83,94650,0.2316,-0.2261,-202.43,845.0000,-1.20
2025-02-24 10:35:00,834.83,834.9,833.8,834.03,152612,0.2633,-0.2261,-216.45,845.0000,-1.30
2025-02-24 10:40:00,834.3,834.45,833,833.28,304184,0.2444,-0.2261,-208.09,845.0000,-1.39
2025-02-24 10:45:00,833.08,833.5,832.75,833.43,221962,0.2515,-0.2261,-211.23,845.0000,-1.37
2025-02-24 10:50:00,833.15,833.43,832.53,832.63,204628,0.2135,-0.2261,-194.43,845.0000,-1.46
2025-02-24 10:55:00,832.65,832.93,831.9,832.4,174760,0.1849,-0.2261,-181.78,845.0000,-1.49
2025-02-24 11:00:00,832.43,832.5,831.35,831.35,308698,0.1111,-0.2261,-149.14,845.0000,-1.62
2025-02-24 11:05:00,831.48,831.93,831,831.4,363768,0.0828,-0.2261,-136.62,845.0000,-1.61
2025-02-24 11:10:00,831.4,832.5,830.85,831.2,407904,0.0682,-0.2261,-130.16,845.0000,-1.63
2025-02-24 11:15:00,831.2,832,831,831.65,256970,0.1044,-0.2261,-146.17,845.0000,-1.58
2025-02-24 11:20:00,831.65,832.48,831.6,832.13,149514,0.1722,-0.2261,-176.16,845.0000,-1.52
2025-02-24 11:25:00,832.13,832.98,831.85,832.88,209110,0.2731,-0.2261,-220.79,845.0000,-1.43
2025-02-24 11:30:00,832.85,833.2,832.4,832.78,244662,0.3346,-0.2261,-247.99,845.0000,-1.45
2025-02-24 11:35:00,832.78,834.03,832.4,833.85,183844,0.4420,-0.2261,-295.49,845.0000,-1.32
2025-02-24 11:40:00,833.85,834.7,833.58,834.5,231898,0.5448,-0.2261,-340.96,845.0000,-1.24
2025-02-24 11:45:00,834.48,836,833.83,835.6,404040,0.6668,-0.2261,-394.91,845.0000,-1.11
2025-02-24 11:50:00,835.55,836,834.73,835.48,357594,0.7151,-0.2261,-416.28,845.0000,-1.13
2025-02-24 11:55:00,835.48,835.95,834.38,834.63,181486,0.6663,-0.2261,-394.69,845.0000,-1.23
2025-02-24 12:00:00,834.55,835.45,834.38,834.7,160326,0.6166,-0.2261,-372.71,845.0000,-1.22
2025-02-24 12:05:00,834.7,834.88,833.5,833.63,275458,0.4946,-0.2261,-318.75,845.0000,-1.35
2025-02-24 12:10:00,833.63,835.23,833.45,834.65,270372,0.4661,-0.2261,-306.15,845.0000,-1.22
2025-02-24 12:15:00,834.63,835.35,834.28,834.45,196748,0.4186,-0.2261,-285.14,845.0000,-1.25
2025-02-24 12:20:00,834.4,835.75,834.25,835.63,185628,0.4490,-0.2261,-298.58,845.0000,-1.11
2025-02-24 12:25:00,835.63,836.43,835.45,835.75,201122,0.4578,-0.2261,-302.48,845.0000,-1.09
2025-02-24 12:30:00,835.75,836.5,835.5,836.1,289748,0.4663,-0.2261,-306.24,845.0000,-1.05
2025-02-24 12:35:00,836.08,836.93,835.83,836.35,230606,0.4667,-0.2261,-306.41,845.0000,-1.02
2025-02-24 12:40:00,836.35,836.4,835.18,835.25,202136,0.3748,-0.2261,-265.77,845.0000,-1.15
2025-02-24 12:45:00,835.23,835.83,835.03,835.55,161798,0.3183,-0.2261,-240.78,845.0000,-1.12
2025-02-24 12:50:00,835.53,836.43,835.35,836.1,203672,0.3023,-0.2261,-233.70,845.0000,-1.05
2025-02-24 12:55:00,836.18,837,836.03,836.55,149208,0.3053,-0.2261,-235.03,845.0000,-1.00
2025-02-24 13:00:00,836.55,837.25,836.4,837.1,201994,0.3259,-0.2261,-244.14,845.0000,-0.93
2025-02-24 13:05:00,837.1,837.33,836.7,837.03,170086,0.3160,-0.2261,-239.76,845.0000,-0.94
2025-02-24 13:10:00,837.03,837.05,836.68,837,211596,0.2894,-0.2261,-228.00,845.0000,-0.95
2025-02-24 13:15:00,837.03,837.43,836.55,837.43,248958,0.2825,-0.2261,-224.94,845.0000,-0.90
2025-02-24 13:20:00,837.38,837.98,836.4,836.55,190450,0.2039,-0.2261,-190.18,845.0000,-1.00
2025-02-24 13:25:00,836.53,836.83,836.15,836.65,180856,0.1467,-0.2261,-164.88,845.0000,-0.99
2025-02-24 13:30:00,836.65,836.98,836.38,836.63,176840,0.0978,-0.2261,-143.26,845.0000,-0.99
2025-02-24 13:35:00,836.6,836.75,835.78,836.25,307664,0.0335,-0.2261,-114.82,845.0000,-1.04
2025-02-24 13:40:00,836.13,836.45,836,836.23,137662,-0.0141,-0.2261,-93.76,845.0000,-1.04
2025-02-24 13:45:00,836.23,836.73,835.78,836.65,194710,-0.0207,-0.2261,-90.84,845.0000,-0.99
2025-02-24 13:50:00,836.65,837.3,836.5,837.28,189578,0.0122,-0.2261,-105.40,845.0000,-0.91
2025-02-24 13:55:00,837.28,837.5,837,837.28,155832,0.0279,-0.2261,-112.34,845.0000,-0.91
2025-02-24 14:00:00,837.28,837.35,836.83,836.93,211634,0.0097,-0.2261,-104.29,845.0000,-0.96
2025-02-24 14:05:00,836.93,837.25,836.48,836.65,149642,-0.0245,-0.2261,-89.16,845.0000,-0.99
2025-02-24 14:10:00,836.65,837.4,836.5,837.18,187768,-0.0152,-0.2261,-93.28,845.0000,-0.93
2025-02-24 14:15:00,837.25,838.7,836.8,838.7,238456,0.0842,-0.2261,-137.24,845.0000,-0.75
2025-02-24 14:20:00,838.58,838.93,837.4,837.58,299646,0.0662,-0.2261,-129.28,845.0000,-0.88
2025-02-24 14:25:00,837.6,838.15,837.5,837.98,190188,0.0723,-0.2261,-131.98,845.0000,-0.83
2025-02-24 14:30:00,837.98,839,837.95,838.83,321996,0.1219,-0.2261,-153.91,845.0000,-0.73
2025-02-24 14:35:00,838.88,839.5,838.58,839,436782,0.1523,-0.2261,-167.36,845.0000,-0.71
2025-02-24 14:40:00,839,839.25,838.5,839.13,310402,0.1663,-0.2261,-173.55,845.0000,-0.69
2025-02-24 14:45:00,839.13,840.5,839.1,840.35,257852,0.2385,-0.2261,-205.48,845.0000,-0.55
2025-02-24 14:50:00,840.4,841.65,840.35,840.68,265456,0.2859,-0.2261,-226.45,845.0000,-0.51
2025-02-24 14:55:00,840.68,840.85,840.35,840.5,218064,0.2822,-0.2261,-224.81,845.0000,-0.53
2025-02-24 15:00:00,840.55,840.6,838.25,838.5,542068,0.1298,-0.2261,-157.41,845.0000,-0.77
2025-02-24 15:05:00,838.53,839.45,838.48,839.18,579946,0.0630,-0.2261,-127.86,845.0000,-0.69
2025-02-24 15:10:00,839.18,839.23,838.43,838.53,564102,-0.0317,-0.2261,-85.98,845.0000,-0.77
2025-02-24 15:15:00,838.53,838.63,837.4,837.58,643006,-0.1580,-0.2261,-30.12,845.0000,-0.88
2025-02-24 15:20:00,837.58,838.48,837.45,838.35,563602,-0.1874,-0.2261,-17.12,845.0000,-0.79
2025-02-24 15:25:00,838.35,839.5,838.13,838.5,497838,-0.1936,-0.2261,-14.37,845.0000,-0.77
2025-02-25 09:15:00,836,841.43,836,838.38,843780,-0.2018,-0.1936,4.24,838.5000,-0.01
2025-02-25 09:20:00,838.2,842.33,837.75,842,360996,0.0284,-0.1936,-114.67,838.5000,0.42
2025-02-25 09:25:00,842,842.4,840,840.13,1246990,0.0455,-0.1936,-123.50,838.5000,0.19
2025-02-25 09:30:00,840.05,840.58,838.85,840.43,306078,0.0665,-0.1936,-134.35,838.5000,0.23
2025-02-25 09:35:00,840.43,842,839.75,840.98,287018,0.1047,-0.1936,-154.08,838.5000,0.30
2025-02-25 09:40:00,840.98,842.18,840.98,841.43,162226,0.1450,-0.1936,-174.90,838.5000,0.35
2025-02-25 09:45:00,841.48,843,840.78,842.73,216764,0.2384,-0.1936,-223.14,838.5000,0.50
2025-02-25 09:50:00,842.73,842.78,841,841.63,205218,0.2066,-0.1936,-206.71,838.5000,0.37
2025-02-25 09:55:00,841.5,841.78,840.35,840.8,140774,0.1146,-0.1936,-159.19,838.5000,0.27
2025-02-25 10:00:00,840.8,842.48,840.03,842.13,201262,0.1274,-0.1936,-165.81,838.5000,0.43
2025-02-25 10:05:00,841.83,842.13,840.75,841.25,118854,0.0638,-0.1936,-132.95,838.5000,0.33
2025-02-25 10:10:00,841.25,842.5,841,841.5,275568,0.0276,-0.1936,-114.26,838.5000,0.36
2025-02-25 10:15:00,841.53,842,841.18,841.58,143166,-0.0003,-0.1936,-99.85,838.5000,0.37
2025-02-25 10:20:00,841.63,842,840.7,841.03,156344,-0.0619,-0.1936,-68.03,838.5000,0.30
2025-02-25 10:25:00,840.93,841.13,840,840.25,165272,-0.1558,-0.1936,-19.52,838.5000,0.21
2025-02-25 10:30:00,840.33,840.4,838.55,839.18,161778,-0.2833,-0.1936,46.33,838.5000,0.08
2025-02-25 10:35:00,839.43,840,839.13,839.45,201580,-0.3389,-0.1936,75.05,838.5000,0.11
2025-02-25 10:40:00,839.45,839.7,838.88,839.5,301274,-0.3598,-0.1936,85.85,838.5000,0.12
2025-02-25 10:45:00,839.58,840,838.48,838.48,190100,-0.4254,-0.1936,119.73,838.5000,-0.00
2025-02-25 10:50:00,838.5,838.88,837.18,837.98,169660,-0.4814,-0.1936,148.66,838.5000,-0.06
2025-02-25 10:55:00,837.98,838.33,837.05,837.6,145580,-0.5196,-0.1936,168.39,838.5000,-0.11
2025-02-25 11:00:00,837.78,838.23,836.7,837.75,116060,-0.5098,-0.1936,163.33,838.5000,-0.09
2025-02-25 11:05:00,837.78,838.93,837.5,838.93,95012,-0.4034,-0.1936,108.37,838.5000,0.05
2025-02-25 11:10:00,838.93,839.28,838.55,838.83,106984,-0.3228,-0.1936,66.74,838.5000,0.04
2025-02-25 11:15:00,838.73,839.25,838.65,838.95,89784,-0.2479,-0.1936,28.05,838.5000,0.05
2025-02-25 11:20:00,839.03,840.25,838.55,840.13,272394,-0.1122,-0.1936,-42.05,838.5000,0.19
2025-02-25 11:25:00,839.83,840.13,839.05,839.3,99644,-0.0736,-0.1936,-61.98,838.5000,0.10
2025-02-25 11:30:00,839.38,839.58,838.98,839.5,122400,-0.0319,-0.1936,-83.52,838.5000,0.12
2025-02-25 11:35:00,839.55,840.25,839.33,839.83,142906,0.0178,-0.1936,-109.19,838.5000,0.16
2025-02-25 11:40:00,839.83,840,839.28,839.9,140184,0.0534,-0.1936,-127.58,838.5000,0.17
2025-02-25 11:45:00,839.93,840,839.25,839.5,178112,0.0481,-0.1936,-124.85,838.5000,0.12
2025-02-25 11:50:00,839.5,840,839.05,839.28,377680,0.0289,-0.1936,-114.93,838.5000,0.09
2025-02-25 11:55:00,839.33,839.78,839.1,839.55,131916,0.0331,-0.1936,-117.10,838.5000,0.13
2025-02-25 12:00:00,839.55,840,839.23,839.95,290932,0.0600,-0.1936,-130.99,838.5000,0.17
2025-02-25 12:05:00,839.93,841.5,839.5,840.88,275910,0.1335,-0.1936,-168.96,838.5000,0.28
2025-02-25 12:10:00,840.88,841.25,840.43,840.88,162874,0.1726,-0.1936,-189.15,838.5000,0.28
2025-02-25 12:15:00,840.85,843.4,840.85,841.85,444824,0.2496,-0.1936,-228.93,838.5000,0.40
2025-02-25 12:20:00,841.83,842.6,841.63,842.35,121376,0.3158,-0.1936,-263.12,838.5000,0.46
2025-02-25 12:25:00,842.35,843.53,842.08,842.5,191332,0.3486,-0.1936,-280.06,838.5000,0.48
2025-02-25 12:30:00,842.5,843.25,842.18,842.83,159454,0.3696,-0.1936,-290.91,838.5000,0.52
2025-02-25 12:35:00,843.15,843.23,842,842.45,199638,0.3359,-0.1936,-273.50,838.5000,0.47
2025-02-25 12:40:00,842.45,842.48,842,842.4,125742,0.2899,-0.1936,-249.74,838.5000,0.47
2025-02-25 12:45:00,842.4,842.43,842,842.18,126994,0.2271,-0.1936,-217.30,838.5000,0.44
2025-02-25 12:50:00,842.2,842.5,842,842.1,154728,0.1656,-0.1936,-185.54,838.5000,0.43
2025-02-25 12:55:00,842.15,842.93,842.03,842.5,187112,0.1382,-0.1936,-171.38,838.5000,0.48
2025-02-25 13:00:00,842.6,842.83,842.05,842.1,152244,0.0824,-0.1936,-142.56,838.5000,0.43
2025-02-25 13:05:00,842.08,842.78,842.08,842.5,157024,0.0626,-0.1936,-132.33,838.5000,0.48
2025-02-25 13:10:00,842.28,842.9,842.08,842.15,221378,0.0183,-0.1936,-109.45,838.5000,0.44
2025-02-25 13:15:00,842.15,842.65,842.05,842.15,173430,-0.0167,-0.1936,-91.37,838.5000,0.44
2025-02-25 13:20:00,842.1,842.48,842,842.03,201908,-0.0517,-0.1936,-73.30,838.5000,0.42
2025-02-25 13:25:00,842,842.55,842,842.35,153304,-0.0566,-0.1936,-70.76,838.5000,0.46
2025-02-25 13:30:00,842.35,842.95,842.15,842.73,162342,-0.0384,-0.1936,-80.17,838.5000,0.50
2025-02-25 13:35:00,842.43,843.25,842.28,842.9,283110,-0.0201,-0.1936,-89.62,838.5000,0.52
2025-02-25 13:40:00,842.9,843.75,842.53,843.43,279420,0.0204,-0.1936,-110.54,838.5000,0.59
2025-02-25 13:45:00,843.43,844,842.5,843.28,194292,0.0293,-0.1936,-115.13,838.5000,0.57
2025-02-25 13:50:00,843.25,843.5,842.15,842.5,170540,-0.0225,-0.1936,-88.38,838.5000,0.48
2025-02-25 13:55:00,842.53,843.13,842.08,842.1,185188,-0.0852,-0.1936,-55.99,838.5000,0.43
2025-02-25 14:00:00,842.18,842.5,842.08,842.48,155748,-0.1015,-0.1936,-47.57,838.5000,0.47
2025-02-25 14:05:00,842.48,842.8,842.08,842.75,210792,-0.0946,-0.1936,-51.14,838.5000,0.51
2025-02-25 14:10:00,842.53,842.93,842.08,842.1,244004,-0.1321,-0.1936,-31.77,838.5000,0.43
2025-02-25 14:15:00,842.1,842.38,840.88,841.45,384620,-0.1952,-0.1936,0.83,838.5000,0.35
2025-02-25 14:20:00,841.45,841.63,840.58,841.28,201072,-0.2399,-0.1936,23.92,838.5000,0.33
2025-02-25 14:25:00,841.28,842.15,840.68,841.03,238566,-0.2752,-0.1936,42.15,838.5000,0.30
2025-02-25 14:30:00,841.03,841.75,840.75,841.53,226696,-0.2544,-0.1936,31.40,838.5000,0.36
2025-02-25 14:35:00,841.53,841.63,840.85,840.98,211258,-0.2659,-0.1936,37.35,838.5000,0.30
2025-02-25 14:40:00,840.98,841.25,840.63,840.8,230612,-0.2728,-0.1936,40.91,838.5000,0.27
2025-02-25 14:45:00,840.83,841.93,840.13,841.35,362924,-0.2293,-0.1936,18.44,838.5000,0.34
2025-02-25 14:50:00,841.33,841.75,840.58,841.5,226200,-0.1815,-0.1936,-6.25,838.5000,0.36
2025-02-25 14:55:00,841.45,842,841.18,841.8,265716,-0.1235,-0.1936,-36.21,838.5000,0.39
2025-02-25 15:00:00,841.75,842.38,841.35,841.75,790120,-0.0841,-0.1936,-56.56,838.5000,0.39
2025-02-25 15:05:00,841.78,842.58,841.63,842.43,1037318,-0.0118,-0.1936,-93.90,838.5000,0.47
2025-02-25 15:10:00,842.43,842.83,841.33,841.6,965580,-0.0190,-0.1936,-90.19,838.5000,0.37
2025-02-25 15:15:00,841.6,842.43,840.68,840.88,960334,-0.0685,-0.1936,-64.62,838.5000,0.28
2025-02-25 15:20:00,840.88,842.25,840,840.1,3181718,-0.1456,-0.1936,-24.79,838.5000,0.19
2025-02-25 15:25:00,840.1,840.5,838.9,840.43,844838,-0.1648,-0.1936,-14.88,838.5000,0.23
2025-02-27 09:15:00,841.5,848.3,841.3,847.43,1845160,0.2793,-0.1648,-269.48,840.4300,0.83
2025-02-27 09:20:00,847.43,848.78,846.85,848.53,820598,0.6133,-0.1648,-472.15,840.4300,0.96
2025-02-27 09:25:00,848.58,849.5,847.65,849.48,753722,0.8500,-0.1648,-615.78,840.4300,1.08
2025-02-27 09:30:00,849.48,850.5,847.8,849.23,709826,0.9346,-0.1648,-667.11,840.4300,1.05
2025-02-27 09:35:00,849.2,849.5,847.28,847.35,330328,0.8133,-0.1648,-593.51,840.4300,0.82
2025-02-27 09:40:00,847.35,850,847.35,849.9,389384,0.8503,-0.1648,-615.96,840.4300,1.13
2025-02-27 09:45:00,849.83,850,849.05,849.08,387884,0.7674,-0.1648,-565.66,840.4300,1.03
2025-02-27 09:50:00,849.13,849.28,848,849.05,188564,0.6625,-0.1648,-502.00,840.4300,1.03
2025-02-27 09:55:00,849.05,850.4,849.05,849.95,297338,0.6071,-0.1648,-468.39,840.4300,1.13
2025-02-27 10:00:00,849.93,850,849.18,849.83,195848,0.5191,-0.1648,-414.99,840.4300,1.12
2025-02-27 10:05:00,849.65,850.5,848.83,850.05,469598,0.4359,-0.1648,-364.50,840.4300,1.14
2025-02-27 10:10:00,850.08,850.95,849.45,850.23,290002,0.3564,-0.1648,-316.26,840.4300,1.17
2025-02-27 10:15:00,850.25,850.25,847.93,848.2,208376,0.1417,-0.1648,-185.98,840.4300,0.92
2025-02-27 10:20:00,848.25,848.25,846.58,847.3,208664,-0.0749,-0.1648,-54.55,840.4300,0.82
2025-02-27 10:25:00,847.3,848.73,846.95,848.1,154044,-0.1725,-0.1648,4.67,840.4300,0.91
2025-02-27 10:30:00,848.08,849,847.23,848.98,178986,-0.1850,-0.1648,12.26,840.4300,1.02
2025-02-27 10:35:00,849,849,848.43,848.73,139782,-0.2151,-0.1648,30.52,840.4300,0.99
2025-02-27 10:40:00,848.75,849.38,848.58,849.38,210732,-0.1968,-0.1648,19.42,840.4300,1.06
2025-02-27 10:45:00,849.38,849.98,848.78,849.63,251394,-0.1742,-0.1648,5.70,840.4300,1.09
2025-02-27 10:50:00,849.63,849.65,848.5,848.83,290826,-0.2167,-0.1648,31.49,840.4300,1.00
2025-02-27 10:55:00,848.58,849.13,848.05,849.13,327488,-0.2271,-0.1648,37.80,840.4300,1.04
2025-02-27 11:00:00,849.13,849.48,848.2,848.75,385584,-0.2597,-0.1648,57.58,840.4300,0.99
2025-02-27 11:05:00,848.75,850,848.65,849.75,346226,-0.2158,-0.1648,30.95,840.4300,1.11
2025-02-27 11:10:00,849.75,850.55,849.45,850.43,369222,-0.1462,-0.1648,-11.29,840.4300,1.19
2025-02-27 11:15:00,850.43,850.75,850.13,850.58,258146,-0.0977,-0.1648,-40.72,840.4300,1.21
2025-02-27 11:20:00,850.6,850.65,849.5,849.55,240382,-0.1399,-0.1648,-15.11,840.4300,1.09
2025-02-27 11:25:00,849.58,850,849.38,850,295732,-0.1421,-0.1648,-13.77,840.4300,1.14
2025-02-27 11:30:00,850,850,849.5,849.95,279954,-0.1507,-0.1648,-8.56,840.4300,1.13
2025-02-27 11:35:00,849.98,850.08,849.35,849.93,221728,-0.1605,-0.1648,-2.61,840.4300,1.13
2025-02-27 11:40:00,849.93,850.13,849.63,850,391694,-0.1646,-0.1648,-0.12,840.4300,1.14
2025-02-27 11:45:00,850,850.73,849.98,850.65,267224,-0.1273,-0.1648,-22.75,840.4300,1.22
2025-02-27 11:50:00,850.65,850.95,850.28,850.33,204452,-0.1278,-0.1648,-22.45,840.4300,1.18
2025-02-27 11:55:00,850.33,850.35,850.2,850.25,119838,-0.1363,-0.1648,-17.29,840.4300,1.17
2025-02-27 12:00:00,850.2,850.23,849.83,850.1,237270,-0.1535,-0.1648,-6.86,840.4300,1.15
2025-02-27 12:05:00,850.1,850.75,849.8,850.63,264104,-0.1315,-0.1648,-20.21,840.4300,1.21
2025-02-27 12:10:00,850.65,851.25,850.58,851.15,319000,-0.0865,-0.1648,-47.51,840.4300,1.28
2025-02-27 12:15:00,851.15,851.45,850.25,850.68,405004,-0.0923,-0.1648,-43.99,840.4300,1.22
2025-02-27 12:20:00,850.68,851.38,850.55,850.75,318538,-0.0951,-0.1648,-42.29,840.4300,1.23
2025-02-27 12:25:00,850.88,851.45,850.63,850.7,241292,-0.1032,-0.1648,-37.38,840.4300,1.22
2025-02-27 12:30:00,850.73,851,850.15,850.3,266126,-0.1364,-0.1648,-17.23,840.4300,1.17
2025-02-27 12:35:00,850.3,850.5,849.95,850.08,191390,-0.1717,-0.1648,4.19,840.4300,1.15
2025-02-27 12:40:00,850.08,850.73,849.7,850.48,200852,-0.1666,-0.1648,1.09,840.4300,1.20
2025-02-27 12:45:00,850.48,850.5,849.73,849.95,191380,-0.1953,-0.1648,18.51,840.4300,1.13
2025-02-27 12:50:00,850.03,850.33,849.83,850.05,210040,-0.2031,-0.1648,23.24,840.4300,1.14
2025-02-27 12:55:00,850.05,850.43,849.98,850.18,150176,-0.1951,-0.1648,18.39,840.4300,1.16
2025-02-27 13:00:00,850.2,850.45,850.15,850.43,159092,-0.1693,-0.1648,2.73,840.4300,1.19
2025-02-27 13:05:00,850.45,851,850.33,850.8,331850,-0.1259,-0.1648,-23.60,840.4300,1.23
2025-02-27 13:10:00,850.8,851.35,850.75,851.08,215270,-0.0790,-0.1648,-52.06,840.4300,1.27
2025-02-27 13:15:00,851.08,851.45,850.9,851.45,257666,-0.0265,-0.1648,-83.92,840.4300,1.31
2025-02-27 13:20:00,851.25,852.75,851.18,852.03,533774,0.0401,-0.1648,-124.33,840.4300,1.38
2025-02-27 13:25:00,852.03,852.83,851.8,852.45,292740,0.1019,-0.1648,-161.83,840.4300,1.43
2025-02-27 13:30:00,852.23,852.58,851.5,852.43,407700,0.1291,-0.1648,-178.34,840.4300,1.43
2025-02-27 13:35:00,852.43,853.25,852.13,852.78,371858,0.1565,-0.1648,-194.96,840.4300,1.47
2025-02-27 13:40:00,852.68,853.13,852.43,853,387654,0.1739,-0.1648,-205.52,840.4300,1.50
2025-02-27 13:45:00,853,853.48,852.88,853.18,330540,0.1812,-0.1648,-209.95,840.4300,1.52
2025-02-27 13:50:00,853.18,853.63,852.78,853.55,312650,0.1935,-0.1648,-217.42,840.4300,1.56
2025-02-27 13:55:00,853.63,853.83,853.03,853.7,309636,0.1938,-0.1648,-217.60,840.4300,1.58
2025-02-27 14:00:00,853.7,854.9,853.38,854.53,595012,0.2296,-0.1648,-239.32,840.4300,1.68
2025-02-27 14:05:00,854.7,854.7,853,853.13,432668,0.1428,-0.1648,-186.65,840.4300,1.51
2025-02-27 14:10:00,853.33,854.2,853,854.13,373804,0.1366,-0.1648,-182.89,840.4300,1.63
2025-02-27 14:15:00,854.13,854.45,853.5,854.25,506588,0.1248,-0.1648,-175.73,840.4300,1.64
2025-02-27 14:20:00,854.25,854.85,853.55,854.65,662342,0.1276,-0.1648,-177.43,840.4300,1.69
2025-02-27 14:25:00,854.65,855.38,854.18,855.03,768192,0.1380,-0.1648,-183.74,840.4300,1.74
2025-02-27 14:30:00,854.98,855.03,852.83,853.23,546854,0.0130,-0.1648,-107.89,840.4300,1.52
2025-02-27 14:35:00,853.18,853.28,852.05,852.3,470026,-0.1347,-0.1648,-18.26,840.4300,1.41
2025-02-27 14:40:00,852.33,853.75,851.9,853.7,505964,-0.1399,-0.1648,-15.11,840.4300,1.58
2025-02-27 14:45:00,853.7,854,852.55,852.85,617804,-0.1988,-0.1648,20.63,840.4300,1.48
2025-02-27 14:50:00,852.85,853.13,852.18,852.53,574780,-0.2540,-0.1648,54.13,840.4300,1.44
2025-02-27 14:55:00,852.63,852.95,852,852.35,497766,-0.2945,-0.1648,78.70,840.4300,1.42
2025-02-27 15:00:00,852.38,853.1,850.18,851.88,2612680,-0.3414,-0.1648,107.16,840.4300,1.36
2025-02-27 15:05:00,851.88,852.03,850.55,850.78,1742610,-0.4294,-0.1648,160.56,840.4300,1.23
2025-02-27 15:10:00,850.78,851.3,847.05,848.65,1872086,-0.6032,-0.1648,266.02,840.4300,0.98
2025-02-27 15:15:00,848.7,850.78,848.2,849.45,1295558,-0.6334,-0.1648,284.34,840.4300,1.07
2025-02-27 15:20:00,849.45,849.48,847.73,848.5,1117078,-0.6822,-0.1648,313.96,840.4300,0.96
2025-02-27 15:25:00,848.68,850.5,847.85,849.13,1098618,-0.6377,-0.1648,286.95,840.4300,1.04
2025-02-28 09:15:00,842.53,849.5,842.53,848.95,1316184,-0.5873,-0.6377,-7.90,849.1300,-0.02
2025-02-28 09:20:00,849,849.9,846.25,848.5,797538,-0.5517,-0.6377,-13.49,849.1300,-0.07
2025-02-28 09:25:00,848.35,849.8,847.35,849.03,786292,-0.4636,-0.6377,-27.30,849.1300,-0.01
2025-02-28 09:30:00,849.28,852.73,848.98,851.35,448866,-0.2317,-0.6377,-63.67,849.1300,0.26
2025-02-28 09:35:00,851.33,851.35,848.65,849.2,485032,-0.2067,-0.6377,-67.59,849.1300,0.01
2025-02-28 09:40:00,849.2,849.5,846.68,848.98,516284,-0.1891,-0.6377,-70.35,849.1300,-0.02
2025-02-28 09:45:00,848.45,850.45,848.3,849.73,720266,-0.1146,-0.6377,-82.03,849.1300,0.07
2025-02-28 09:50:00,849.75,850.25,848.88,849.03,281718,-0.1006,-0.6377,-84.22,849.1300,-0.01
2025-02-28 09:55:00,849,849.48,848,848.1,430548,-0.1399,-0.6377,-78.06,849.1300,-0.12
2025-02-28 10:00:00,848.28,850.48,847.63,850.33,243550,-0.0083,-0.6377,-98.70,849.1300,0.14
2025-02-28 10:05:00,850.15,851.75,849.95,851.43,195250,0.1512,-0.6377,-123.71,849.1300,0.27
2025-02-28 10:10:00,851.43,851.78,850.23,850.95,174730,0.2188,-0.6377,-134.31,849.1300,0.21
2025-02-28 10:15:00,850.95,852.88,850.73,852.58,309570,0.3593,-0.6377,-156.34,849.1300,0.41
2025-02-28 10:20:00,852.58,853.8,852.55,852.8,216896,0.4474,-0.6377,-170.16,849.1300,0.43
2025-02-28 10:25:00,852.8,854.58,852.6,853.6,452220,0.5340,-0.6377,-183.74,849.1300,0.53
2025-02-28 10:30:00,853.53,853.7,852.5,852.65,440284,0.5022,-0.6377,-178.75,849.1300,0.41
2025-02-28 10:35:00,852.73,853.73,852.6,853.45,400962,0.5085,-0.6377,-179.74,849.1300,0.51
2025-02-28 10:40:00,853.48,853.73,852.43,853.7,520046,0.5019,-0.6377,-178.70,849.1300,0.54
2025-02-28 10:45:00,853.73,854.73,852.25,852.7,401862,0.4069,-0.6377,-163.81,849.1300,0.42
2025-02-28 10:50:00,852.78,853.23,852.35,852.83,184956,0.3324,-0.6377,-152.12,849.1300,0.44
2025-02-28 10:55:00,852.83,853.48,852.53,853.33,243230,0.2977,-0.6377,-146.68,849.1300,0.49
2025-02-28 11:00:00,853.28,854.45,853.23,854.45,259874,0.3285,-0.6377,-151.51,849.1300,0.63
2025-02-28 11:05:00,854.43,857.85,854.33,857.23,688368,0.5041,-0.6377,-179.05,849.1300,0.95
2025-02-28 11:10:00,857.18,857.93,856.8,857.5,392910,0.5998,-0.6377,-194.06,849.1300,0.99
2025-02-28 11:15:00,857.5,857.88,857,857.5,529310,0.6218,-0.6377,-197.51,849.1300,0.99
2025-02-28 11:20:00,857.5,857.88,857.3,857.6,252482,0.6015,-0.6377,-194.32,849.1300,1.00
2025-02-28 11:25:00,857.6,858.75,857.3,858.7,200586,0.6181,-0.6377,-196.93,849.1300,1.13
2025-02-28 11:30:00,858.7,859.73,857.65,857.9,326364,0.5344,-0.6377,-183.80,849.1300,1.03
2025-02-28 11:35:00,857.9,858.75,857.18,858.5,198702,0.4803,-0.6377,-175.32,849.1300,1.10
2025-02-28 11:40:00,858.6,859.5,857.93,858.4,501246,0.4018,-0.6377,-163.01,849.1300,1.09
2025-02-28 11:45:00,858.35,858.4,857.35,858.05,352792,0.2952,-0.6377,-146.29,849.1300,1.05
2025-02-28 11:50:00,858.05,858.63,857.75,858.1,195688,0.2016,-0.6377,-131.61,849.1300,1.06
2025-02-28 11:55:00,858.15,858.45,857.68,858.03,139968,0.1128,-0.6377,-117.69,849.1300,1.05
2025-02-28 12:00:00,857.98,858.45,857.95,857.98,204516,0.0327,-0.6377,-105.13,849.1300,1.04
2025-02-28 12:05:00,857.98,858.4,857.5,858.38,190142,-0.0091,-0.6377,-98.57,849.1300,1.09
2025-02-28 12:10:00,858.38,858.5,857.63,858.3,187814,-0.0553,-0.6377,-91.33,849.1300,1.08
2025-02-28 12:15:00,858.25,860.45,858.18,860.23,539710,0.0266,-0.6377,-104.17,849.1300,1.31
2025-02-28 12:20:00,860.2,862,859.7,861.83,671104,0.1633,-0.6377,-125.61,849.1300,1.50
2025-02-28 12:25:00,861.8,862.25,860.23,860.5,613252,0.1399,-0.6377,-121.94,849.1300,1.34
2025-02-28 12:30:00,860.53,861.63,859.3,859.55,567456,0.0413,-0.6377,-106.48,849.1300,1.23
2025-02-28 12:35:00,859.55,859.75,858.35,859.05,428048,-0.0707,-0.6377,-88.91,849.1300,1.17
2025-02-28 12:40:00,859.08,859.2,857.55,857.78,317672,-0.2342,-0.6377,-63.27,849.1300,1.02
2025-02-28 12:45:00,857.78,858.98,857.6,858.38,210080,-0.3015,-0.6377,-52.72,849.1300,1.09
2025-02-28 12:50:00,858.4,858.48,856.5,856.73,369910,-0.4479,-0.6377,-29.76,849.1300,0.90
2025-02-28 12:55:00,856.68,857.38,855.38,856.53,637936,-0.5426,-0.6377,-14.91,849.1300,0.87
2025-02-28 13:00:00,856.53,857.9,856.03,857.85,466050,-0.5017,-0.6377,-21.33,849.1300,1.03
2025-02-28 13:05:00,857.83,858.18,857,857.18,472910,-0.5039,-0.6377,-20.98,849.1300,0.95
2025-02-28 13:10:00,857.18,857.8,855.85,856.6,459352,-0.5260,-0.6377,-17.52,849.1300,0.88
2025-02-28 13:15:00,856.6,857.45,855.85,856.38,469960,-0.5353,-0.6377,-16.06,849.1300,0.85
2025-02-28 13:20:00,856.65,857.5,855.9,857.33,498216,-0.4602,-0.6377,-27.83,849.1300,0.97
2025-02-28 13:25:00,857.23,858.05,856.9,857.9,411370,-0.3593,-0.6377,-43.66,849.1300,1.03
2025-02-28 13:30:00,857.93,859.45,857.75,859.3,542108,-0.1937,-0.6377,-69.63,849.1300,1.20
2025-02-28 13:35:00,859.25,860.25,859,860.25,532646,-0.0246,-0.6377,-96.14,849.1300,1.31
2025-02-28 13:40:00,860.25,860.8,859.85,860.35,540116,0.0837,-0.6377,-113.13,849.1300,1.32
2025-02-28 13:45:00,860.35,861.8,859.8,861.5,662130,0.2150,-0.6377,-133.71,849.1300,1.46
2025-02-28 13:50:00,861.53,861.78,860,860.65,502960,0.2257,-0.6377,-135.39,849.1300,1.36
2025-02-28 13:55:00,860.65,861.7,860.25,861.4,433924,0.2619,-0.6377,-141.07,849.1300,1.45
2025-02-28 14:00:00,861.43,863,861.13,862.5,534896,0.3339,-0.6377,-152.36,849.1300,1.57
2025-02-28 14:05:00,862.48,862.98,861.98,862.3,354768,0.3408,-0.6377,-153.44,849.1300,1.55
2025-02-28 14:10:00,862.3,862.63,861.68,862.55,420896,0.3345,-0.6377,-152.45,849.1300,1.58
2025-02-28 14:15:00,862.5,863.8,862.2,862.5,528170,0.3004,-0.6377,-147.11,849.1300,1.57
2025-02-28 14:20:00,862.5,864,862.2,862.5,766982,0.2531,-0.6377,-139.69,849.1300,1.57
2025-02-28 14:25:00,862.5,863.13,862.3,863.1,326808,0.2377,-0.6377,-137.27,849.1300,1.65
2025-02-28 14:30:00,863.03,863.48,862.58,862.75,335444,0.1820,-0.6377,-128.54,849.1300,1.60
2025-02-28 14:35:00,863,863.4,861.33,862.75,600038,0.1259,-0.6377,-119.74,849.1300,1.60
2025-02-28 14:40:00,862.78,864.23,862.3,864.15,437010,0.1615,-0.6377,-125.33,849.1300,1.77
2025-02-28 14:45:00,864.25,865.3,862.48,863.73,1017278,0.1362,-0.6377,-121.36,849.1300,1.72
2025-02-28 14:50:00,863.73,864.25,862.18,863.4,833558,0.0795,-0.6377,-112.47,849.1300,1.68
2025-02-28 14:55:00,863.4,863.48,862.5,863.15,358414,0.0110,-0.6377,-101.72,849.1300,1.65
2025-02-28 15:00:00,863.18,867.5,862.83,867.13,4872432,0.2086,-0.6377,-132.71,849.1300,2.12
2025-02-28 15:05:00,867.15,868.63,866.33,867.33,4368172,0.3210,-0.6377,-150.34,849.1300,2.14
2025-02-28 15:10:00,867.3,867.33,865.08,865.85,3930380,0.2660,-0.6377,-141.71,849.1300,1.97
2025-02-28 15:15:00,865.88,866.5,865.15,866.5,3949858,0.2445,-0.6377,-138.34,849.1300,2.05
2025-02-28 15:20:00,866.48,868.28,865.65,865.7,3442058,0.1519,-0.6377,-123.82,849.1300,1.95
2025-02-28 15:25:00,865.68,865.8,862.33,865.08,2156742,0.0307,-0.6377,-104.81,849.1300,1.88
2025-03-03 09:15:00,869.93,871.53,866.65,870.33,901952,0.2726,0.0307,787.95,865.0800,0.61
2025-03-03 09:20:00,870.33,870.45,865,865.7,658564,0.0981,0.0307,219.54,865.0800,0.07
2025-03-03 09:25:00,865.38,865.8,863.15,863.5,264252,-0.1732,0.0307,-664.17,865.0800,-0.18
2025-03-03 09:30:00,863.35,866.25,863.3,865.08,286480,-0.2495,0.0307,-912.70,865.0800,0.00
2025-03-03 09:35:00,865.08,866.5,864.03,865.73,244326,-0.2583,0.0307,-941.37,865.0800,0.08
2025-03-03 09:40:00,865.75,866.03,863.75,863.83,135512,-0.3864,0.0307,-1358.63,865.0800,-0.14
2025-03-03 09:45:00,863.83,863.98,862.03,862.4,367480,-0.5518,0.0307,-1897.39,865.0800,-0.31
2025-03-03 09:50:00,862.5,863,860.73,861.63,159666,-0.6885,0.0307,-2342.67,865.0800,-0.40
2025-03-03 09:55:00,861.6,863.08,860.9,862.4,207344,-0.7001,0.0307,-2380.46,865.0800,-0.31
2025-03-03 10:00:00,862.25,862.63,860.55,861.5,130410,-0.7378,0.0307,-2503.26,865.0800,-0.41
2025-03-03 10:05:00,861.45,861.73,859.6,859.85,175014,-0.8360,0.0307,-2823.13,865.0800,-0.60
2025-03-03 10:10:00,859.85,860.45,858.53,859.1,450972,-0.9076,0.0307,-3056.35,865.0800,-0.69
2025-03-03 10:15:00,859.08,861,859,860.73,171316,-0.8049,0.0307,-2721.82,865.0800,-0.50
2025-03-03 10:20:00,860.7,860.9,859.35,859.6,128486,-0.7726,0.0307,-2616.61,865.0800,-0.63
2025-03-03 10:25:00,859.5,859.6,857.13,857.75,173608,-0.8303,0.0307,-2804.56,865.0800,-0.85
2025-03-03 10:30:00,857.5,857.93,856.7,857.08,102088,-0.8642,0.0307,-2914.98,865.0800,-0.92
2025-03-03 10:35:00,857.08,857.38,856.38,856.88,71372,-0.8494,0.0307,-2866.78,865.0800,-0.95
2025-03-03 10:40:00,856.88,857.75,855.68,856.13,103610,-0.8380,0.0307,-2829.64,865.0800,-1.03
2025-03-03 10:45:00,856,857.03,855.28,856.8,68412,-0.7369,0.0307,-2500.33,865.0800,-0.96
2025-03-03 10:50:00,856.9,856.95,855.3,855.38,52990,-0.7165,0.0307,-2433.88,865.0800,-1.12
2025-03-03 10:55:00,855.3,855.6,853.68,853.8,300940,-0.7564,0.0307,-2563.84,865.0800,-1.30
2025-03-03 11:00:00,853.78,854,852.83,852.88,115898,-0.7881,0.0307,-2667.10,865.0800,-1.41
2025-03-03 11:05:00,852.83,853.48,852.53,853.03,91770,-0.7429,0.0307,-2519.87,865.0800,-1.39
2025-03-03 11:10:00,852.7,853.28,851.63,853.25,229072,-0.6457,0.0307,-2203.26,865.0800,-1.37
2025-03-03 11:15:00,853,853.5,852.28,853.2,268254,-0.5368,0.0307,-1848.53,865.0800,-1.37
2025-03-03 11:20:00,853.2,853.2,851.05,851.33,188294,-0.5413,0.0307,-1863.19,865.0800,-1.59
2025-03-03 11:25:00,851.33,852.1,850,851.3,911802,-0.4978,0.0307,-1721.50,865.0800,-1.59
2025-03-03 11:30:00,851.15,852.5,851.15,852.4,114160,-0.3533,0.0307,-1250.81,865.0800,-1.47
2025-03-03 11:35:00,852.48,852.48,851.2,851.38,97928,-0.2876,0.0307,-1036.81,865.0800,-1.58
2025-03-03 11:40:00,851.33,851.6,850.85,851.4,88642,-0.2077,0.0307,-776.55,865.0800,-1.58
2025-03-03 11:45:00,851.5,852.5,851.4,851.98,96850,-0.0869,0.0307,-383.06,865.0800,-1.51
2025-03-03 11:50:00,851.98,852.28,850.88,850.95,59256,-0.0493,0.0307,-260.59,865.0800,-1.63
2025-03-03 11:55:00,850.95,851.78,850.83,851.25,66950,0.0192,0.0307,-37.46,865.0800,-1.60
2025-03-03 12:00:00,851.23,853.38,851.23,853.35,1814750,0.2182,0.0307,610.75,865.0800,-1.36
2025-03-03 12:05:00,853.35,853.98,852.65,852.65,181992,0.3095,0.0307,908.14,865.0800,-1.44
2025-03-03 12:10:00,852.83,853.1,852.25,853,141528,0.3947,0.0307,1185.67,865.0800,-1.40
2025-03-03 12:15:00,852.9,853,852.13,852.8,85256,0.4357,0.0307,1319.22,865.0800,-1.42
2025-03-03 12:20:00,852.8,855,852,853.98,749194,0.5338,0.0307,1638.76,865.0800,-1.28
2025-03-03 12:25:00,853.83,854.78,853,853.45,108504,0.5524,0.0307,1699.35,865.0800,-1.34
2025-03-03 12:30:00,853.45,855,853.18,854.7,80726,0.6323,0.0307,1959.61,865.0800,-1.20
2025-03-03 12:35:00,854.7,855.33,853.63,854.25,375194,0.6367,0.0307,1973.94,865.0800,-1.25
2025-03-03 12:40:00,854.25,854.63,853.18,854.5,97666,0.6367,0.0307,1973.94,865.0800,-1.22
2025-03-03 12:45:00,854.5,856.08,854.25,855.08,235740,0.6535,0.0307,2028.66,865.0800,-1.16
2025-03-03 12:50:00,855.08,855.33,853.6,854.2,203512,0.5853,0.0307,1806.51,865.0800,-1.26
2025-03-03 12:55:00,854.25,854.53,852.78,853.28,114024,0.4636,0.0307,1410.10,865.0800,-1.36
2025-03-03 13:00:00,853.28,853.7,852.25,852.93,112176,0.3499,0.0307,1039.74,865.0800,-1.40
2025-03-03 13:05:00,853.28,853.5,852.55,853.25,107394,0.2893,0.0307,842.35,865.0800,-1.37
2025-03-03 13:10:00,853.33,853.5,852.3,852.68,116776,0.2077,0.0307,576.55,865.0800,-1.43
2025-03-03 13:15:00,852.6,853.88,852.35,852.4,160900,0.1351,0.0307,340.07,865.0800,-1.47
2025-03-03 13:20:00,852.5,852.98,851.7,852.5,148358,0.0960,0.0307,212.70,865.0800,-1.45
2025-03-03 13:25:00,852.4,852.5,850.75,851.33,130006,-0.0013,0.0307,-104.23,865.0800,-1.59
2025-03-03 13:30:00,851.28,852.35,850.83,851.88,115384,-0.0203,0.0307,-166.12,865.0800,-1.53
2025-03-03 13:35:00,851.85,852.5,851.25,851.7,140054,-0.0357,0.0307,-216.29,865.0800,-1.55
2025-03-03 13:40:00,851.7,852,851.08,851.55,196190,-0.0461,0.0307,-250.16,865.0800,-1.56
2025-03-03 13:45:00,851.48,851.75,851,851.58,181760,-0.0411,0.0307,-233.88,865.0800,-1.56
2025-03-03 13:50:00,851.58,852.15,851.2,851.68,262612,-0.0223,0.0307,-172.64,865.0800,-1.55
2025-03-03 13:55:00,851.68,851.98,849.13,849.45,221298,-0.1444,0.0307,-570.36,865.0800,-1.81
2025-03-03 14:00:00,849.4,850,849.13,849.6,122108,-0.1962,0.0307,-739.09,865.0800,-1.79
2025-03-03 14:05:00,849.65,849.98,847.05,847.63,347944,-0.3361,0.0307,-1194.79,865.0800,-2.02
2025-03-03 14:10:00,847.45,848.73,847.28,848.73,203058,-0.3272,0.0307,-1165.80,865.0800,-1.89
2025-03-03 14:15:00,848.73,849.5,847.43,848.28,1558706,-0.3236,0.0307,-1154.07,865.0800,-1.94
2025-03-03 14:20:00,848.45,850.65,848.38,850.58,170260,-0.1474,0.0307,-580.13,865.0800,-1.68
2025-03-03 14:25:00,850.25,852.18,849.9,851.95,169344,0.0688,0.0307,124.10,865.0800,-1.52
2025-03-03 14:30:00,851.95,852.03,850.4,851.23,191616,0.1653,0.0307,438.44,865.0800,-1.60
2025-03-03 14:35:00,851.08,852,850.25,850.75,205848,0.1965,0.0307,540.07,865.0800,-1.66
2025-03-03 14:40:00,850.7,851.03,850,850.98,208212,0.2300,0.0307,649.19,865.0800,-1.63
2025-03-03 14:45:00,850.98,851.23,849.63,850.05,212796,0.1888,0.0307,514.98,865.0800,-1.74
2025-03-03 14:50:00,850.05,850.73,849.68,850.73,199412,0.2051,0.0307,568.08,865.0800,-1.66
2025-03-03 14:55:00,850.65,850.88,849.6,850.3,182406,0.1853,0.0307,503.58,865.0800,-1.71
2025-03-03 15:00:00,850.3,851.05,849.53,850.6,465798,0.1901,0.0307,519.22,865.0800,-1.67
2025-03-03 15:05:00,850.6,851.85,850.25,850.88,498670,0.2084,0.0307,578.83,865.0800,-1.64
2025-03-03 15:10:00,850.88,851.95,850.38,850.6,505640,0.1979,0.0307,544.63,865.0800,-1.67
2025-03-03 15:15:00,850.6,851.1,849.98,851.1,669514,0.2193,0.0307,614.33,865.0800,-1.62
2025-03-03 15:20:00,851.03,851.08,850,850.78,584908,0.2067,0.0307,573.29,865.0800,-1.65
2025-03-03 15:25:00,850.78,852,850,851.78,557112,0.2573,0.0307,738.11,865.0800,-1.54
2025-03-04 09:15:00,849,856.28,846.63,855.9,1412250,0.5432,0.2573,111.12,851.7800,0.48
2025-03-04 09:20:00,855.83,856,852.05,852.5,844940,0.4807,0.2573,86.82,851.7800,0.08
2025-03-04 09:25:00,852.5,853.38,850.68,851.08,327794,0.3281,0.2573,27.52,851.7800,-0.08
2025-03-04 09:30:00,851.1,854.23,850.03,853.55,237184,0.3748,0.2573,45.67,851.7800,0.21
2025-03-04 09:35:00,853.55,854.05,851.83,852.13,165330,0.2946,0.2573,14.50,851.7800,0.04
2025-03-04 09:40:00,852.13,852.5,851.25,851.4,195768,0.1826,0.2573,-29.03,851.7800,-0.04
2025-03-04 09:45:00,851.4,852.48,850.58,852.25,155718,0.1570,0.2573,-38.98,851.7800,0.06
2025-03-04 09:50:00,852.25,852.38,849.63,849.8,189048,-0.0242,0.2573,-109.41,851.7800,-0.23
2025-03-04 09:55:00,849.65,850.4,849.15,849.7,166908,-0.1434,0.2573,-155.73,851.7800,-0.24
2025-03-04 10:00:00,849.48,851.43,849.05,850.7,199734,-0.1469,0.2573,-157.09,851.7800,-0.13
2025-03-04 10:05:00,850.68,850.83,848.53,849,318512,-0.2496,0.2573,-197.01,851.7800,-0.33
2025-03-04 10:10:00,848.9,850,848.15,849.83,201982,-0.2472,0.2573,-196.07,851.7800,-0.23
2025-03-04 10:15:00,849.83,850.95,849.23,850.58,125582,-0.1836,0.2573,-171.36,851.7800,-0.14
2025-03-04 10:20:00,850.58,850.95,850,850.65,122464,-0.1278,0.2573,-149.67,851.7800,-0.13
2025-03-04 10:25:00,850.65,852.2,850.38,851.88,154692,-0.0057,0.2573,-102.22,851.7800,0.01
2025-03-04 10:30:00,851.88,853.5,851.15,852.63,149824,0.1211,0.2573,-52.93,851.7800,0.10
2025-03-04 10:35:00,852.63,852.78,852,852.23,98978,0.1705,0.2573,-33.73,851.7800,0.05
2025-03-04 10:40:00,852.23,853.03,851.95,852.28,159282,0.1971,0.2573,-23.40,851.7800,0.06
2025-03-04 10:45:00,852.28,852.68,851.93,852.43,90570,0.2139,0.2573,-16.87,851.7800,0.08
2025-03-04 10:50:00,852.38,853.1,851.9,852.5,129066,0.2182,0.2573,-15.20,851.7800,0.08
2025-03-04 10:55:00,852.53,853.2,851.95,853.05,82336,0.2445,0.2573,-4.97,851.7800,0.15
2025-03-04 11:00:00,853.05,853.18,852.1,853.05,132406,0.2475,0.2573,-3.81,851.7800,0.15
2025-03-04 11:05:00,853.15,853.15,851.45,851.95,136110,0.1651,0.2573,-35.83,851.7800,0.02
2025-03-04 11:10:00,851.95,852.63,851.73,852.2,233422,0.1192,0.2573,-53.67,851.7800,0.05
2025-03-04 11:15:00,852.2,852.4,851.18,851.93,134352,0.0651,0.2573,-74.70,851.7800,0.02
2025-03-04 11:20:00,851.93,852.2,851.28,851.65,95942,0.0080,0.2573,-96.89,851.7800,-0.02
2025-03-04 11:25:00,851.7,851.9,850.83,851.28,116650,-0.0538,0.2573,-120.91,851.7800,-0.06
2025-03-04 11:30:00,851.28,851.68,850.95,851.48,104208,-0.0788,0.2573,-130.63,851.7800,-0.04
2025-03-04 11:35:00,851.48,851.5,850.78,850.8,90550,-0.1355,0.2573,-152.66,851.7800,-0.12
2025-03-04 11:40:00,850.8,850.9,850.03,850.48,113308,-0.1857,0.2573,-172.17,851.7800,-0.15
2025-03-04 11:45:00,850.5,851.13,849.9,850,191462,-0.2390,0.2573,-192.89,851.7800,-0.21
2025-03-04 11:50:00,850,851.2,849.95,851.2,193550,-0.1837,0.2573,-171.40,851.7800,-0.07
2025-03-04 11:55:00,851.2,851.5,850.83,851.38,174264,-0.1279,0.2573,-149.71,851.7800,-0.05
2025-03-04 12:00:00,851.38,851.65,850.75,851.58,154174,-0.0731,0.2573,-128.41,851.7800,-0.02
2025-03-04 12:05:00,851.58,851.6,850.75,851,123774,-0.0715,0.2573,-127.79,851.7800,-0.09
2025-03-04 12:10:00,851.08,851.88,850.83,851.03,191610,-0.0642,0.2573,-124.95,851.7800,-0.09
2025-03-04 12:15:00,851.03,853.5,850.98,853.25,296384,0.0862,0.2573,-66.50,851.7800,0.17
2025-03-04 12:20:00,853.25,853.78,852.4,852.63,229426,0.1370,0.2573,-46.75,851.7800,0.10
2025-03-04 12:25:00,852.65,852.88,852.2,852.5,86072,0.1536,0.2573,-40.30,851.7800,0.08
2025-03-04 12:30:00,852.5,853.48,852.15,853.4,162678,0.2133,0.2573,-17.10,851.7800,0.19
2025-03-04 12:35:00,853.48,853.85,853.25,853.75,96596,0.2613,0.2573,1.55,851.7800,0.23
2025-03-04 12:40:00,853.75,854.25,853.38,853.65,108342,0.2702,0.2573,5.01,851.7800,0.22
2025-03-04 12:45:00,853.65,853.65,852.9,853,119196,0.2183,0.2573,-15.16,851.7800,0.14
2025-03-04 12:50:00,853,853.1,852.23,852.8,89596,0.1594,0.2573,-38.05,851.7800,0.12
2025-03-04 12:55:00,852.8,853.1,852.2,853.1,128716,0.1305,0.2573,-49.28,851.7800,0.15
2025-03-04 13:00:00,853.1,854.7,852.5,853.88,246114,0.1525,0.2573,-40.73,851.7800,0.25
2025-03-04 13:05:00,853.88,854.5,853.5,854.45,143456,0.1913,0.2573,-25.65,851.7800,0.31
2025-03-04 13:10:00,854.45,855.33,854.33,855,262886,0.2371,0.2573,-7.85,851.7800,0.38
2025-03-04 13:15:00,854.98,855.25,854.2,854.7,180594,0.2299,0.2573,-10.65,851.7800,0.34
2025-03-04 13:20:00,854.7,855,854.1,854.7,114792,0.2085,0.2573,-18.97,851.7800,0.34
2025-03-04 13:25:00,854.7,855,853.4,854.3,123182,0.1535,0.2573,-40.34,851.7800,0.30
2025-03-04 13:30:00,854.3,855,853.73,854.75,131894,0.1340,0.2573,-47.92,851.7800,0.35
2025-03-04 13:35:00,854.78,855,853.8,854.63,163514,0.1012,0.2573,-60.67,851.7800,0.33
2025-03-04 13:40:00,854.6,854.98,853.55,854.7,206516,0.0737,0.2573,-71.36,851.7800,0.34
2025-03-04 13:45:00,854.7,854.95,853.73,854.58,166936,0.0386,0.2573,-85.00,851.7800,0.33
2025-03-04 13:50:00,854.58,855.33,854.2,855.15,190680,0.0446,0.2573,-82.67,851.7800,0.40
2025-03-04 13:55:00,855.15,855.73,854.3,855.3,206770,0.0491,0.2573,-80.92,851.7800,0.41
2025-03-04 14:00:00,855.38,855.5,854.38,854.95,222672,0.0203,0.2573,-92.11,851.7800,0.37
2025-03-04 14:05:00,855,855.15,854.5,855.13,267484,0.0061,0.2573,-97.63,851.7800,0.39
2025-03-04 14:10:00,855.13,855.9,854.75,855.25,191002,-0.0021,0.2573,-100.82,851.7800,0.41
2025-03-04 14:15:00,855.25,855.45,854.03,855,197684,-0.0298,0.2573,-111.58,851.7800,0.38
2025-03-04 14:20:00,854.88,855.4,854.25,854.85,237510,-0.0618,0.2573,-124.02,851.7800,0.36
2025-03-04 14:25:00,854.85,854.88,853.75,854.3,220398,-0.1201,0.2573,-146.68,851.7800,0.30
2025-03-04 14:30:00,854.1,854.55,853.75,854.08,286212,-0.1706,0.2573,-166.30,851.7800,0.27
2025-03-04 14:35:00,854.08,854.33,853.53,853.88,285506,-0.2119,0.2573,-182.36,851.7800,0.25
2025-03-04 14:40:00,853.88,854.05,852.63,852.75,431440,-0.3041,0.2573,-218.19,851.7800,0.11
2025-03-04 14:45:00,852.73,853.03,851.75,852.15,357352,-0.3888,0.2573,-251.11,851.7800,0.04
2025-03-04 14:50:00,852.15,852.98,851.85,852.5,342714,-0.4029,0.2573,-256.59,851.7800,0.08
2025-03-04 14:55:00,852.5,853,851.5,851.9,317174,-0.4318,0.2573,-267.82,851.7800,0.01
2025-03-04 15:00:00,851.9,855,851.2,854.98,1025858,-0.2325,0.2573,-190.36,851.7800,0.38
2025-03-04 15:05:00,854.98,855.13,854.38,854.93,1012192,-0.0999,0.2573,-138.83,851.7800,0.37
2025-03-04 15:10:00,854.93,855.88,854.2,855.85,812714,0.0461,0.2573,-82.08,851.7800,0.48
2025-03-04 15:15:00,855.83,856.43,855.38,856.4,734002,0.1691,0.2573,-34.28,851.7800,0.54
2025-03-04 15:20:00,856.38,857.15,856,856.25,550014,0.2262,0.2573,-12.09,851.7800,0.52
2025-03-04 15:25:00,856.23,856.45,854.13,855.65,487964,0.2098,0.2573,-18.46,851.7800,0.45
2025-03-05 09:15:00,850.85,853.85,848.05,848.55,862434,-0.2672,0.2098,-227.36,855.6500,-0.83
2025-03-05 09:20:00,848.55,850.75,848.28,849.9,757452,-0.4679,0.2098,-323.02,855.6500,-0.67
2025-03-05 09:25:00,849.73,850.73,848.78,849.88,513882,-0.5714,0.2098,-372.35,855.6500,-0.67
2025-03-05 09:30:00,849.98,851.65,849.3,851,262536,-0.5343,0.2098,-354.67,855.6500,-0.54
2025-03-05 09:35:00,851.1,851.1,849.58,849.95,265900,-0.5485,0.2098,-361.44,855.6500,-0.67
2025-03-05 09:40:00,849.93,852.85,849.75,852.48,212402,-0.3643,0.2098,-273.64,855.6500,-0.37
2025-03-05 09:45:00,852.18,855.4,852.13,854.63,327108,-0.0888,0.2098,-142.33,855.6500,-0.12
2025-03-05 09:50:00,854.6,854.63,853,853.2,167524,0.0012,0.2098,-99.43,855.6500,-0.29
2025-03-05 09:55:00,853.2,853.75,852.55,853,160590,0.0487,0.2098,-76.79,855.6500,-0.31
2025-03-05 10:00:00,853,854.35,853,854.05,143540,0.1467,0.2098,-30.08,855.6500,-0.19
2025-03-05 10:05:00,854.05,854.73,853.25,854.63,153658,0.2410,0.2098,14.87,855.6500,-0.12
2025-03-05 10:10:00,854.6,854.63,853.1,854.38,120370,0.2744,0.2098,30.79,855.6500,-0.15
2025-03-05 10:15:00,854.38,854.38,852.53,853.25,176154,0.2111,0.2098,0.62,855.6500,-0.28
2025-03-05 10:20:00,853.25,853.38,852.18,853.38,103688,0.1705,0.2098,-18.73,855.6500,-0.27
2025-03-05 10:25:00,853.25,853.75,852.8,853.5,115530,0.1452,0.2098,-30.79,855.6500,-0.25
2025-03-05 10:30:00,853.5,853.68,852.75,853.1,151904,0.0973,0.2098,-53.62,855.6500,-0.30
2025-03-05 10:35:00,853.1,853.38,852.3,852.53,126384,0.0267,0.2098,-87.27,855.6500,-0.36
2025-03-05 10:40:00,852.53,852.98,851.55,851.58,143342,-0.0788,0.2098,-137.56,855.6500,-0.48
2025-03-05 10:45:00,851.7,852.25,851,851.5,202938,-0.1449,0.2098,-169.07,855.6500,-0.49
2025-03-05 10:50:00,851.5,851.53,849.73,850.48,179450,-0.2425,0.2098,-215.59,855.6500,-0.60
2025-03-05 10:55:00,850.43,850.98,850.3,850.45,98344,-0.2910,0.2098,-238.70,855.6500,-0.61
2025-03-05 11:00:00,850.45,850.78,849.5,849.95,213468,-0.3355,0.2098,-259.91,855.6500,-0.67
2025-03-05 11:05:00,849.95,850.03,849.55,849.98,101662,-0.3406,0.2098,-262.35,855.6500,-0.66
2025-03-05 11:10:00,849.98,850.73,849.75,850.53,199882,-0.2867,0.2098,-236.65,855.6500,-0.60
2025-03-05 11:15:00,850.53,850.75,850.05,850.33,105114,-0.2460,0.2098,-217.25,855.6500,-0.62
2025-03-05 11:20:00,850.33,850.5,849.75,849.88,107078,-0.2310,0.2098,-210.10,855.6500,-0.67
2025-03-05 11:25:00,849.85,850,849,849.55,109158,-0.2247,0.2098,-207.10,855.6500,-0.71
2025-03-05 11:30:00,849.53,849.95,847.93,849.4,346492,-0.2122,0.2098,-201.14,855.6500,-0.73
2025-03-05 11:35:00,849.4,850.75,849.18,850.75,287010,-0.1003,0.2098,-147.81,855.6500,-0.57
2025-03-05 11:40:00,850.75,850.95,849.9,849.95,167978,-0.0689,0.2098,-132.84,855.6500,-0.67
2025-03-05 11:45:00,849.95,851,849.88,850.3,232848,-0.0161,0.2098,-107.67,855.6500,-0.63
2025-03-05 11:50:00,850.3,850.5,849.6,850,102904,0.0060,0.2098,-97.14,855.6500,-0.66
2025-03-05 11:55:00,850,851.23,849.83,851.03,173812,0.0925,0.2098,-55.91,855.6500,-0.54
2025-03-05 12:00:00,851.03,851.48,850.38,850.48,204338,0.1137,0.2098,-45.81,855.6500,-0.60
2025-03-05 12:05:00,850.48,851.23,850.3,850.73,108234,0.1438,0.2098,-31.46,855.6500,-0.58
2025-03-05 12:10:00,850.7,851.23,850.55,850.7,91364,0.1596,0.2098,-23.93,855.6500,-0.58
2025-03-05 12:15:00,850.68,851.23,850.03,850.2,154624,0.1353,0.2098,-35.51,855.6500,-0.64
2025-03-05 12:20:00,850.1,850.7,849.5,849.63,194516,0.0824,0.2098,-60.72,855.6500,-0.70
2025-03-05 12:25:00,849.65,849.98,849,849.45,138400,0.0390,0.2098,-81.41,855.6500,-0.72
2025-03-05 12:30:00,849.43,850.23,849.25,849.95,276564,0.0471,0.2098,-77.55,855.6500,-0.67
2025-03-05 12:35:00,849.93,850,849.5,849.75,99936,0.0424,0.2098,-79.79,855.6500,-0.69
2025-03-05 12:40:00,849.65,850,849.08,849.25,114724,0.0105,0.2098,-95.00,855.6500,-0.75
2025-03-05 12:45:00,849.25,849.75,849,849.33,97994,0.0004,0.2098,-99.81,855.6500,-0.74
2025-03-05 12:50:00,849.33,849.88,849.1,849.33,121270,-0.0008,0.2098,-100.38,855.6500,-0.74
2025-03-05 12:55:00,849.33,849.78,849,849.48,141108,0.0134,0.2098,-93.61,855.6500,-0.72
2025-03-05 13:00:00,849.48,849.75,849,849.18,96384,0.0076,0.2098,-96.38,855.6500,-0.76
2025-03-05 13:05:00,849.18,849.5,847.9,849.25,335030,0.0133,0.2098,-93.66,855.6500,-0.75
2025-03-05 13:10:00,849.38,849.7,848.78,849.5,106142,0.0373,0.2098,-82.22,855.6500,-0.72
2025-03-05 13:15:00,849.53,849.73,848.5,848.53,139916,-0.0064,0.2098,-103.05,855.6500,-0.83
2025-03-05 13:20:00,848.55,848.98,848,848.25,152284,-0.0463,0.2098,-122.07,855.6500,-0.86
2025-03-05 13:25:00,848.28,848.85,848,848.08,203900,-0.0745,0.2098,-135.51,855.6500,-0.88
2025-03-05 13:30:00,848.13,848.15,846.58,846.75,250066,-0.1677,0.2098,-179.93,855.6500,-1.04
2025-03-05 13:35:00,846.85,847.5,846.48,846.48,168652,-0.2288,0.2098,-209.06,855.6500,-1.07
2025-03-05 13:40:00,846.5,846.5,845.5,845.98,214460,-0.2808,0.2098,-233.84,855.6500,-1.13
2025-03-05 13:45:00,845.98,846.35,845.43,845.75,168688,-0.3064,0.2098,-246.04,855.6500,-1.16
2025-03-05 13:50:00,845.78,846.98,845.4,845.63,315938,-0.3064,0.2098,-246.04,855.6500,-1.17
2025-03-05 13:55:00,845.63,846.48,845.5,845.8,279174,-0.2712,0.2098,-229.27,855.6500,-1.15
2025-03-05 14:00:00,845.75,845.95,845.15,845.63,253986,-0.2368,0.2098,-212.87,855.6500,-1.17
2025-03-05 14:05:00,845.6,846,845.18,845.95,207826,-0.1729,0.2098,-182.41,855.6500,-1.13
2025-03-05 14:10:00,845.7,846.25,845.33,845.98,235840,-0.1121,0.2098,-153.43,855.6500,-1.13
2025-03-05 14:15:00,845.98,845.98,845,845.23,266874,-0.1058,0.2098,-150.43,855.6500,-1.22
2025-03-05 14:20:00,845.23,845.5,844.63,844.98,288634,-0.1018,0.2098,-148.52,855.6500,-1.25
2025-03-05 14:25:00,844.98,846.95,844.7,846.78,418646,0.0314,0.2098,-85.03,855.6500,-1.04
2025-03-05 14:30:00,846.75,846.88,845,845.48,405790,0.0409,0.2098,-80.51,855.6500,-1.19
2025-03-05 14:35:00,845.5,845.93,845,845.35,360258,0.0468,0.2098,-77.69,855.6500,-1.20
2025-03-05 14:40:00,845.35,845.93,844.75,844.88,459378,0.0284,0.2098,-86.46,855.6500,-1.26
2025-03-05 14:45:00,844.78,845.5,844.23,844.73,733708,0.0160,0.2098,-92.37,855.6500,-1.28
2025-03-05 14:50:00,844.73,845.25,844.13,845.13,380568,0.0432,0.2098,-79.41,855.6500,-1.23
2025-03-05 14:55:00,844.95,845.43,844.35,845.08,341838,0.0649,0.2098,-69.07,855.6500,-1.24
2025-03-05 15:00:00,845.08,845.23,844.5,844.75,826294,0.0641,0.2098,-69.45,855.6500,-1.27
2025-03-05 15:05:00,844.73,845.3,844.73,845.13,724620,0.0942,0.2098,-55.10,855.6500,-1.23
2025-03-05 15:10:00,845.13,845.23,844.5,844.7,819272,0.0904,0.2098,-56.91,855.6500,-1.28
2025-03-05 15:15:00,844.75,845.25,844.25,844.68,925636,0.0914,0.2098,-56.43,855.6500,-1.28
2025-03-05 15:20:00,844.68,845.7,844.35,845,982110,0.1168,0.2098,-44.33,855.6500,-1.24
2025-03-05 15:25:00,845.3,846.45,844.95,846.05,639754,0.2026,0.2098,-3.43,855.6500,-1.12
2025-03-06 09:15:00,844.13,848.78,844.13,848,2250442,0.3787,0.2026,86.92,846.0500,0.23
2025-03-06 09:20:00,848.03,849.95,847.23,847.75,3151902,0.4609,0.2026,127.49,846.0500,0.20
2025-03-06 09:25:00,847.73,848.5,844.4,844.68,990986,0.2988,0.2026,47.48,846.0500,-0.16
2025-03-06 09:30:00,844.68,844.93,841.75,841.83,838448,0.0056,0.2026,-97.24,846.0500,-0.50
2025-03-06 09:35:00,842,842.5,839.2,839.25,578006,-0.3372,0.2026,-266.44,846.0500,-0.80
2025-03-06 09:40:00,839.4,841.43,838.55,839.13,546000,-0.5355,0.2026,-364.31,846.0500,-0.82
2025-03-06 09:45:00,839.35,840.23,836.18,836.78,758874,-0.7737,0.2026,-481.89,846.0500,-1.10
2025-03-06 09:50:00,836.8,837.95,836.13,837.73,473772,-0.8123,0.2026,-500.94,846.0500,-0.98
2025-03-06 09:55:00,837.73,838,836.75,837.73,224964,-0.7824,0.2026,-486.18,846.0500,-0.98
2025-03-06 10:00:00,837.73,838.75,837.5,838.35,271510,-0.6698,0.2026,-430.60,846.0500,-0.91
2025-03-06 10:05:00,838.35,839.5,837.5,838.23,318384,-0.5570,0.2026,-374.93,846.0500,-0.92
2025-03-06 10:10:00,838.23,838.75,837.5,838.6,329044,-0.4174,0.2026,-306.02,846.0500,-0.88
2025-03-06 10:15:00,838.6,840.98,838.33,840.53,465696,-0.1679,0.2026,-182.87,846.0500,-0.65
2025-03-06 10:20:00,840.53,840.75,838.83,839.15,240618,-0.0734,0.2026,-136.23,846.0500,-0.82
2025-03-06 10:25:00,839.15,839.45,838.33,839.4,231848,0.0232,0.2026,-88.55,846.0500,-0.79
2025-03-06 10:30:00,839.4,840.35,839.03,839.93,151772,0.1339,0.2026,-33.91,846.0500,-0.72
2025-03-06 10:35:00,839.93,840.63,839.48,840.55,154416,0.2530,0.2026,24.88,846.0500,-0.65
2025-03-06 10:40:00,840.55,840.68,839.2,839.48,154476,0.2627,0.2026,29.66,846.0500,-0.78
2025-03-06 10:45:00,839.43,840.05,839.33,839.5,160408,0.2723,0.2026,34.40,846.0500,-0.77
2025-03-06 10:50:00,839.58,840.2,839.23,839.98,168752,0.3101,0.2026,53.06,846.0500,-0.72
2025-03-06 10:55:00,839.95,839.98,838.8,839.03,114308,0.2716,0.2026,34.06,846.0500,-0.83
2025-03-06 11:00:00,838.98,839.95,838.73,839.95,154142,0.3060,0.2026,51.04,846.0500,-0.72
2025-03-06 11:05:00,839.95,842.13,839.83,841.9,426962,0.4494,0.2026,121.82,846.0500,-0.49
2025-03-06 11:10:00,841.93,842.48,841.53,842,244056,0.5344,0.2026,163.77,846.0500,-0.48
2025-03-06 11:15:00,841.93,842,840.15,840.48,170870,0.4738,0.2026,133.86,846.0500,-0.66
2025-03-06 11:20:00,840.5,840.5,838.58,838.98,199898,0.3253,0.2026,60.56,846.0500,-0.84
2025-03-06 11:25:00,838.98,839.3,837.75,838.35,251170,0.1843,0.2026,-9.03,846.0500,-0.91
2025-03-06 11:30:00,838.35,839.18,837.73,839.03,142690,0.1386,0.2026,-31.59,846.0500,-0.83
2025-03-06 11:35:00,839.03,839.6,838.9,839.08,271246,0.1144,0.2026,-43.53,846.0500,-0.82
2025-03-06 11:40:00,839.08,839.6,838.5,839.23,222680,0.1111,0.2026,-45.16,846.0500,-0.81
2025-03-06 11:45:00,839.2,840.4,839,839.53,278724,0.1305,0.2026,-35.59,846.0500,-0.77
2025-03-06 11:50:00,839.53,840.65,839.43,840,153718,0.1735,0.2026,-14.36,846.0500,-0.72
2025-03-06 11:55:00,839.98,840,839,839.45,74282,0.1637,0.2026,-19.20,846.0500,-0.78
2025-03-06 12:00:00,839.45,840.38,839.23,840.15,177860,0.2006,0.2026,-0.99,846.0500,-0.70
2025-03-06 12:05:00,840.15,840.38,839.73,840.18,144876,0.2217,0.2026,9.43,846.0500,-0.69
2025-03-06 12:10:00,840.18,840.3,839.4,839.63,106422,0.1942,0.2026,-4.15,846.0500,-0.76
2025-03-06 12:15:00,839.63,840.35,839.33,839.88,188918,0.1884,0.2026,-7.01,846.0500,-0.73
2025-03-06 12:20:00,839.88,840.5,839.63,840.08,121904,0.1927,0.2026,-4.89,846.0500,-0.71
2025-03-06 12:25:00,840.08,840.48,839.9,840.23,138876,0.1997,0.2026,-1.43,846.0500,-0.69
2025-03-06 12:30:00,840.25,841.43,840.03,840.43,323410,0.2106,0.2026,3.95,846.0500,-0.66
2025-03-06 12:35:00,840.43,841,839.88,841,665720,0.2466,0.2026,21.72,846.0500,-0.60
2025-03-06 12:40:00,840.95,841.48,840.08,841.33,622942,0.2805,0.2026,38.45,846.0500,-0.56
2025-03-06 12:45:00,841.3,841.45,840.55,841.2,104630,0.2813,0.2026,38.85,846.0500,-0.57
2025-03-06 12:50:00,841.2,841.45,839.55,840.35,749712,0.2148,0.2026,6.02,846.0500,-0.67
2025-03-06 12:55:00,840.35,841.05,839.18,840.5,314950,0.1729,0.2026,-14.66,846.0500,-0.66
2025-03-06 13:00:00,840.48,841.18,840.05,841.1,92672,0.1769,0.2026,-12.69,846.0500,-0.59
2025-03-06 13:05:00,841.1,841.23,839.5,840.68,525138,0.1440,0.2026,-28.92,846.0500,-0.63
2025-03-06 13:10:00,840.68,841.18,840.48,840.75,130976,0.1206,0.2026,-40.47,846.0500,-0.63
2025-03-06 13:15:00,840.75,841.2,840.45,841.2,106236,0.1284,0.2026,-36.62,846.0500,-0.57
2025-03-06 13:20:00,841.18,841.23,840.18,841.18,133450,0.1251,0.2026,-38.25,846.0500,-0.58
2025-03-06 13:25:00,841.13,841.23,840.8,840.9,113866,0.0980,0.2026,-51.63,846.0500,-0.61
2025-03-06 13:30:00,840.93,841.23,840.5,841.23,123742,0.0963,0.2026,-52.47,846.0500,-0.57
2025-03-06 13:35:00,841.23,842,840,842,915074,0.1383,0.2026,-31.74,846.0500,-0.48
2025-03-06 13:40:00,841.98,842.2,841.33,841.63,242478,0.1325,0.2026,-34.60,846.0500,-0.52
2025-03-06 13:45:00,841.63,842.5,841.58,842.45,278790,0.1726,0.2026,-14.81,846.0500,-0.43
2025-03-06 13:50:00,842.48,843.13,842.45,843.13,417476,0.2302,0.2026,13.62,846.0500,-0.35
2025-03-06 13:55:00,843.13,843.35,842.25,843,332482,0.2434,0.2026,20.14,846.0500,-0.36
2025-03-06 14:00:00,843,843.5,842.73,843.4,403578,0.2614,0.2026,29.02,846.0500,-0.31
2025-03-06 14:05:00,843.4,843.75,843.13,843.73,412252,0.2764,0.2026,36.43,846.0500,-0.27
2025-03-06 14:10:00,843.75,844,843.25,843.45,310208,0.2491,0.2026,22.95,846.0500,-0.31
2025-03-06 14:15:00,843.45,843.48,842.68,843.05,295378,0.1886,0.2026,-6.91,846.0500,-0.35
2025-03-06 14:20:00,843.05,843.25,842.5,843.18,310740,0.1438,0.2026,-29.02,846.0500,-0.34
2025-03-06 14:25:00,843.18,843.5,842.7,843.03,294836,0.0930,0.2026,-54.10,846.0500,-0.36
2025-03-06 14:30:00,843,845,842.98,845,455742,0.1762,0.2026,-13.03,846.0500,-0.12
2025-03-06 14:35:00,845,845.23,844.55,844.98,276466,0.2116,0.2026,4.44,846.0500,-0.13
2025-03-06 14:40:00,844.98,845.65,844.3,845.4,352632,0.2428,0.2026,19.84,846.0500,-0.08
2025-03-06 14:45:00,845.35,846.5,844.85,846.25,449200,0.2967,0.2026,46.45,846.0500,0.02
2025-03-06 14:50:00,846.25,846.68,845,845.1,388230,0.2335,0.2026,15.25,846.0500,-0.11
2025-03-06 14:55:00,845.1,846,844.68,845.63,422924,0.2071,0.2026,2.22,846.0500,-0.05
2025-03-06 15:00:00,845.63,846.28,844.8,846.15,820860,0.2039,0.2026,0.64,846.0500,0.01
2025-03-06 15:05:00,846.15,846.58,845.58,846.15,973520,0.1818,0.2026,-10.27,846.0500,0.01
2025-03-06 15:10:00,846.13,846.15,844.15,846,1082262,0.1390,0.2026,-31.39,846.0500,-0.01
2025-03-06 15:15:00,846,846.1,845,845.15,903804,0.0406,0.2026,-79.96,846.0500,-0.11
2025-03-06 15:20:00,845.18,845.85,844.9,845.73,722198,0.0035,0.2026,-98.27,846.0500,-0.04
2025-03-06 15:25:00,845.7,846.4,845,846.2,502740,-0.0001,0.2026,-100.05,846.0500,0.02
2025-03-07 09:15:00,841,844.83,838.8,844.63,863240,-0.1128,-0.0001,112700.00,846.2000,-0.19
2025-03-07 09:20:00,844.63,845,843.13,844.38,279032,-0.2035,-0.0001,203400.00,846.2000,-0.22
2025-03-07 09:25:00,844.35,844.93,843.78,844.4,155412,-0.2579,-0.0001,257800.00,846.2000,-0.21
2025-03-07 09:30:00,844.4,845.95,843.78,845.95,143608,-0.1884,-0.0001,188300.00,846.2000,-0.03
2025-03-07 09:35:00,845.73,845.95,843.3,843.3,168886,-0.3127,-0.0001,312600.00,846.2000,-0.34
2025-03-07 09:40:00,843.38,843.75,842.68,843.53,143440,-0.3672,-0.0001,367100.00,846.2000,-0.32
2025-03-07 09:45:00,843.6,845.33,843.28,845.33,107934,-0.2742,-0.0001,274100.00,846.2000,-0.10
2025-03-07 09:50:00,845.3,846,845.18,845.9,161092,-0.1715,-0.0001,171400.00,846.2000,-0.04
2025-03-07 09:55:00,845.93,847.6,845.55,847.5,197954,-0.0020,-0.0001,1900.00,846.2000,0.15
2025-03-07 10:00:00,847.5,847.95,846.35,846.35,193684,0.0251,-0.0001,-25200.00,846.2000,0.02
2025-03-07 10:05:00,846.53,847.5,846.1,847.3,132684,0.0954,-0.0001,-95500.00,846.2000,0.13
2025-03-07 10:10:00,847.28,847.95,846.98,847.95,88896,0.1697,-0.0001,-169800.00,846.2000,0.21
2025-03-07 10:15:00,847.93,849.38,847.45,849.1,192836,0.2742,-0.0001,-274300.00,846.2000,0.34
2025-03-07 10:20:00,849.08,849.9,848.73,849.35,166988,0.3341,-0.0001,-334200.00,846.2000,0.37
2025-03-07 10:25:00,849.35,850.45,849.15,849.9,129968,0.3812,-0.0001,-381300.00,846.2000,0.44
2025-03-07 10:30:00,849.9,850.5,849.38,849.45,119410,0.3532,-0.0001,-353300.00,846.2000,0.38
2025-03-07 10:35:00,849.48,849.98,848.45,849.15,232982,0.2884,-0.0001,-288500.00,846.2000,0.35
2025-03-07 10:40:00,849.15,850,847.78,847.78,160260,0.1349,-0.0001,-135000.00,846.2000,0.19
2025-03-07 10:45:00,847.8,850.28,847.6,850.1,265724,0.1691,-0.0001,-169200.00,846.2000,0.46
2025-03-07 10:50:00,850.1,850.58,849.03,849.55,234214,0.1355,-0.0001,-135600.00,846.2000,0.40
2025-03-07 10:55:00,849.58,849.58,848.45,848.58,78358,0.0342,-0.0001,-34300.00,846.2000,0.28
2025-03-07 11:00:00,848.55,849.1,848.45,848.88,74830,-0.0234,-0.0001,23300.00,846.2000,0.32
2025-03-07 11:05:00,848.93,849.15,847.98,848.4,115088,-0.1002,-0.0001,100100.00,846.2000,0.26
2025-03-07 11:10:00,848.38,849.25,848.3,849.25,99548,-0.0999,-0.0001,99800.00,846.2000,0.36
2025-03-07 11:15:00,849.23,849.9,848.45,848.5,133020,-0.1532,-0.0001,153100.00,846.2000,0.27
2025-03-07 11:20:00,848.5,848.85,847.6,847.73,61564,-0.2383,-0.0001,238200.00,846.2000,0.18
2025-03-07 11:25:00,847.68,847.8,846.13,846.45,143202,-0.3708,-0.0001,370700.00,846.2000,0.03
2025-03-07 11:30:00,846.45,847,846.25,846.45,85682,-0.4435,-0.0001,443400.00,846.2000,0.03
2025-03-07 11:35:00,846.45,846.5,845.68,846.03,129538,-0.5008,-0.0001,500700.00,846.2000,-0.02
2025-03-07 11:40:00,846.1,846.1,845.25,845.63,96618,-0.5429,-0.0001,542800.00,846.2000,-0.07
2025-03-07 11:45:00,845.63,845.68,844.4,844.63,114720,-0.6105,-0.0001,610400.00,846.2000,-0.19
2025-03-07 11:50:00,844.65,845,844.3,844.4,149656,-0.6398,-0.0001,639700.00,846.2000,-0.21
2025-03-07 11:55:00,844.4,845.73,844.35,844.9,79702,-0.5957,-0.0001,595600.00,846.2000,-0.15
2025-03-07 12:00:00,844.88,845.2,844,844.75,63008,-0.5479,-0.0001,547800.00,846.2000,-0.17
2025-03-07 12:05:00,844.6,845.75,844.6,845.55,46068,-0.4384,-0.0001,438300.00,846.2000,-0.08
2025-03-07 12:10:00,845.55,846.38,845.38,846.35,69920,-0.2951,-0.0001,295000.00,846.2000,0.02
2025-03-07 12:15:00,846.3,846.43,845.78,845.93,81304,-0.2152,-0.0001,215100.00,846.2000,-0.03
2025-03-07 12:20:00,845.78,846,844.95,845.75,182120,-0.1634,-0.0001,163300.00,846.2000,-0.05
2025-03-07 12:25:00,845.73,846.15,845.4,845.68,98984,-0.1247,-0.0001,124600.00,846.2000,-0.06
2025-03-07 12:30:00,845.7,846.38,845.6,845.93,118346,-0.0753,-0.0001,75200.00,846.2000,-0.03
2025-03-07 12:35:00,845.88,846.65,845.15,845.6,114606,-0.0588,-0.0001,58700.00,846.2000,-0.07
2025-03-07 12:40:00,845.83,845.93,845.4,845.53,32046,-0.0470,-0.0001,46900.00,846.2000,-0.08
2025-03-07 12:45:00,845.48,845.7,844.55,844.55,39684,-0.0968,-0.0001,96700.00,846.2000,-0.19
2025-03-07 12:50:00,844.6,844.95,844.43,844.6,34728,-0.1165,-0.0001,116400.00,846.2000,-0.19
2025-03-07 12:55:00,844.58,845.5,844.5,844.8,76388,-0.1066,-0.0001,106500.00,846.2000,-0.17
2025-03-07 13:00:00,844.83,845.03,844.53,844.88,63242,-0.0860,-0.0001,85900.00,846.2000,-0.16
2025-03-07 13:05:00,844.88,845.33,844.58,845.05,80484,-0.0539,-0.0001,53800.00,846.2000,-0.14
2025-03-07 13:10:00,845.03,845.25,844.5,845,90964,-0.0301,-0.0001,30000.00,846.2000,-0.14
2025-03-07 13:15:00,845,846,844.93,845.88,68336,0.0466,-0.0001,-46700.00,846.2000,-0.04
2025-03-07 13:20:00,845.9,846,845.75,845.75,60368,0.0879,-0.0001,-88000.00,846.2000,-0.05
2025-03-07 13:25:00,845.83,846,845.15,845.75,84624,0.1129,-0.0001,-113000.00,846.2000,-0.05
2025-03-07 13:30:00,845.83,845.98,845.03,845.45,71866,0.1070,-0.0001,-107100.00,846.2000,-0.09
2025-03-07 13:35:00,845.38,845.7,845.05,845.13,72250,0.0805,-0.0001,-80600.00,846.2000,-0.13
2025-03-07 13:40:00,845.18,845.85,845.05,845.5,97664,0.0864,-0.0001,-86500.00,846.2000,-0.08
2025-03-07 13:45:00,845.53,846.23,845.2,845.8,71564,0.1076,-0.0001,-107700.00,846.2000,-0.05
2025-03-07 13:50:00,845.83,845.93,844.78,844.83,104198,0.0559,-0.0001,-56000.00,846.2000,-0.16
2025-03-07 13:55:00,844.88,845.48,844.55,845.18,103250,0.0455,-0.0001,-45600.00,846.2000,-0.12
2025-03-07 14:00:00,845.15,845.5,845.05,845.08,89638,0.0325,-0.0001,-32600.00,846.2000,-0.13
2025-03-07 14:05:00,845.2,845.53,845.03,845.18,82414,0.0314,-0.0001,-31500.00,846.2000,-0.12
2025-03-07 14:10:00,845.13,845.4,845.03,845.38,84030,0.0441,-0.0001,-44200.00,846.2000,-0.10
2025-03-07 14:15:00,845.4,846,845.23,845.95,86172,0.0882,-0.0001,-88300.00,846.2000,-0.03
2025-03-07 14:20:00,845.98,846,845.25,845.68,89828,0.0960,-0.0001,-96100.00,846.2000,-0.06
2025-03-07 14:25:00,845.65,845.95,845.28,845.55,87914,0.0893,-0.0001,-89400.00,846.2000,-0.08
2025-03-07 14:30:00,845.58,846,845.23,845.9,94248,0.1042,-0.0001,-104300.00,846.2000,-0.04
2025-03-07 14:35:00,845.9,846.13,845.03,845.05,118860,0.0552,-0.0001,-55300.00,846.2000,-0.14
2025-03-07 14:40:00,845.08,845.9,844.95,845.78,152572,0.0693,-0.0001,-69400.00,846.2000,-0.05
2025-03-07 14:45:00,845.8,846.25,845.7,845.85,128922,0.0800,-0.0001,-80100.00,846.2000,-0.04
2025-03-07 14:50:00,845.88,845.88,845.1,845.5,141580,0.0610,-0.0001,-61100.00,846.2000,-0.08
2025-03-07 14:55:00,845.55,846.5,845.45,846.25,171552,0.0944,-0.0001,-94500.00,846.2000,0.01
2025-03-07 15:00:00,846.3,846.8,844.58,844.58,591834,0.0043,-0.0001,-4400.00,846.2000,-0.19
2025-03-07 15:05:00,844.58,845.48,843,844.3,967804,-0.0698,-0.0001,69700.00,846.2000,-0.22
2025-03-07 15:10:00,844.3,845.5,844.23,844.63,585880,-0.0909,-0.0001,90800.00,846.2000,-0.19
2025-03-07 15:15:00,844.63,845,844.2,844.6,839638,-0.1005,-0.0001,100400.00,846.2000,-0.19
2025-03-07 15:20:00,844.65,844.88,844.03,844.1,509916,-0.1320,-0.0001,131900.00,846.2000,-0.25
2025-03-07 15:25:00,844.1,844.45,843.33,844,464684,-0.1499,-0.0001,149800.00,846.2000,-0.26
2025-03-10 09:15:00,844.5,846.85,842.58,846.63,699570,0.0162,-0.1499,-110.81,844.0000,0.31
2025-03-10 09:20:00,846.45,846.95,845.13,845.98,248886,0.0797,-0.1499,-153.17,844.0000,0.23
2025-03-10 09:25:00,845.98,846.98,845.35,845.68,105522,0.0977,-0.1499,-165.18,844.0000,0.20
2025-03-10 09:30:00,845.75,845.85,844.13,844.23,140360,0.0125,-0.1499,-108.34,844.0000,0.03
2025-03-10 09:35:00,844.23,845,844,844.6,96716,-0.0167,-0.1499,-88.86,844.0000,0.07
2025-03-10 09:40:00,844.63,846.5,844.25,846.35,121450,0.0788,-0.1499,-152.57,844.0000,0.28
2025-03-10 09:45:00,846.35,846.93,844.5,844.78,110090,0.0355,-0.1499,-123.68,844.0000,0.09
2025-03-10 09:50:00,844.78,844.95,844.05,844.85,87990,0.0119,-0.1499,-107.94,844.0000,0.10
2025-03-10 09:55:00,844.85,845.25,844.48,844.5,89582,-0.0249,-0.1499,-83.39,844.0000,0.06
2025-03-10 10:00:00,844.48,844.7,843.15,843.5,141954,-0.1094,-0.1499,-27.02,844.0000,-0.06
2025-03-10 10:05:00,843.5,844.75,843,844.7,163826,-0.0788,-0.1499,-47.43,844.0000,0.08
2025-03-10 10:10:00,844.7,844.73,844.2,844.58,113072,-0.0616,-0.1499,-58.91,844.0000,0.07
2025-03-10 10:15:00,844.55,844.9,843.75,844.35,159022,-0.0607,-0.1499,-59.51,844.0000,0.04
2025-03-10 10:20:00,844.35,845,843.93,844.1,140964,-0.0712,-0.1499,-52.50,844.0000,0.01
2025-03-10 10:25:00,844.1,844.1,843.3,843.48,94906,-0.1117,-0.1499,-25.48,844.0000,-0.06
2025-03-10 10:30:00,843.45,844.55,843.45,843.63,125842,-0.1195,-0.1499,-20.28,844.0000,-0.04
2025-03-10 10:35:00,843.58,844.13,843.55,844.03,116274,-0.0902,-0.1499,-39.83,844.0000,0.00
2025-03-10 10:40:00,844.03,844.05,842.83,843.48,159798,-0.0995,-0.1499,-33.62,844.0000,-0.06
2025-03-10 10:45:00,843.48,844.05,842.95,843.03,116282,-0.1260,-0.1499,-15.94,844.0000,-0.11
2025-03-10 10:50:00,843.03,843.68,842.6,842.65,146706,-0.1571,-0.1499,4.80,844.0000,-0.16
2025-03-10 10:55:00,842.63,843.23,842.15,842.5,295674,-0.1744,-0.1499,16.34,844.0000,-0.18
2025-03-10 11:00:00,842.5,842.5,841.7,842.1,91690,-0.1978,-0.1499,31.95,844.0000,-0.23
2025-03-10 11:05:00,842.1,842.5,841.78,841.93,107448,-0.2085,-0.1499,39.09,844.0000,-0.25
2025-03-10 11:10:00,841.93,842.65,841.9,842.53,132314,-0.1612,-0.1499,7.54,844.0000,-0.17
2025-03-10 11:15:00,842.53,842.63,842.28,842.43,73648,-0.1243,-0.1499,-17.08,844.0000,-0.19
2025-03-10 11:20:00,842.43,842.88,841.9,842.2,147346,-0.1038,-0.1499,-30.75,844.0000,-0.21
2025-03-10 11:25:00,842.2,842.5,841.83,842.38,102556,-0.0684,-0.1499,-54.37,844.0000,-0.19
2025-03-10 11:30:00,842.38,843.45,842.35,843.2,110862,0.0157,-0.1499,-110.47,844.0000,-0.09
2025-03-10 11:35:00,843.18,844.03,842.7,843.95,143190,0.1212,-0.1499,-180.85,844.0000,-0.01
2025-03-10 11:40:00,843.9,844.5,843.9,844.23,78504,0.2044,-0.1499,-236.36,844.0000,0.03
2025-03-10 11:45:00,844.23,844.25,844.08,844.13,58884,0.2446,-0.1499,-263.18,844.0000,0.02
2025-03-10 11:50:00,844.13,844.5,843.9,844.23,107460,0.2679,-0.1499,-278.72,844.0000,0.03
2025-03-10 11:55:00,844.23,844.83,843.85,843.95,79320,0.2545,-0.1499,-269.78,844.0000,-0.01
2025-03-10 12:00:00,843.95,844.25,843.68,843.8,90642,0.2265,-0.1499,-251.10,844.0000,-0.02
2025-03-10 12:05:00,843.8,844.53,843.78,844.53,72888,0.2465,-0.1499,-264.44,844.0000,0.06
2025-03-10 12:10:00,844.53,845.03,844.5,845,104890,0.2784,-0.1499,-285.72,844.0000,0.12
2025-03-10 12:15:00,845,845.03,844.25,844.33,78134,0.2427,-0.1499,-261.91,844.0000,0.04
2025-03-10 12:20:00,844.4,845.7,844.33,845.5,98668,0.2833,-0.1499,-288.99,844.0000,0.18
2025-03-10 12:25:00,845.5,846.18,844.95,845.33,192576,0.2835,-0.1499,-289.13,844.0000,0.16
2025-03-10 12:30:00,845.33,846.4,845,846.3,139912,0.3305,-0.1499,-320.48,844.0000,0.27
2025-03-10 12:35:00,846.3,846.43,846.03,846.15,102480,0.3321,-0.1499,-321.55,844.0000,0.25
2025-03-10 12:40:00,846.18,846.23,845.63,845.95,123428,0.3012,-0.1499,-300.93,844.0000,0.23
2025-03-10 12:45:00,845.95,846.68,845.9,846.68,105498,0.3102,-0.1499,-306.94,844.0000,0.32
2025-03-10 12:50:00,846.7,847.73,846.13,847.5,145828,0.3488,-0.1499,-332.69,844.0000,0.41
2025-03-10 12:55:00,847.48,847.88,847.28,847.88,100912,0.3751,-0.1499,-350.23,844.0000,0.46
2025-03-10 13:00:00,847.88,848.75,847.7,848.63,152268,0.4150,-0.1499,-376.85,844.0000,0.55
2025-03-10 13:05:00,848.63,848.93,848.05,848.65,166294,0.4138,-0.1499,-376.05,844.0000,0.55
2025-03-10 13:10:00,848.65,848.98,848.4,848.78,80378,0.3930,-0.1499,-362.17,844.0000,0.57
2025-03-10 13:15:00,848.73,849.08,848.58,848.88,113356,0.3582,-0.1499,-338.96,844.0000,0.58
2025-03-10 13:20:00,848.88,849,848.5,848.98,121510,0.3156,-0.1499,-310.54,844.0000,0.59
2025-03-10 13:25:00,848.95,849.23,848.6,849.08,129772,0.2697,-0.1499,-279.92,844.0000,0.60
2025-03-10 13:30:00,848.98,849.45,848.03,848.43,154388,0.1756,-0.1499,-217.14,844.0000,0.52
2025-03-10 13:35:00,848.43,849,847.85,848.75,198462,0.1177,-0.1499,-178.52,844.0000,0.56
2025-03-10 13:40:00,848.73,848.75,848.2,848.68,133538,0.0605,-0.1499,-140.36,844.0000,0.55
2025-03-10 13:45:00,848.7,848.75,847.2,847.88,212438,-0.0402,-0.1499,-73.18,844.0000,0.46
2025-03-10 13:50:00,847.93,848.78,847.45,848.53,141576,-0.0701,-0.1499,-53.24,844.0000,0.54
2025-03-10 13:55:00,848.7,849.5,848.03,849.48,188434,-0.0348,-0.1499,-76.78,844.0000,0.65
2025-03-10 14:00:00,849.48,849.5,848.5,848.9,160648,-0.0580,-0.1499,-61.31,844.0000,0.58
2025-03-10 14:05:00,848.9,849.5,848.6,849.23,143288,-0.0585,-0.1499,-60.97,844.0000,0.62
2025-03-10 14:10:00,849.23,849.95,848.95,849.75,169446,-0.0325,-0.1499,-78.32,844.0000,0.68
2025-03-10 14:15:00,849.75,849.8,847.68,847.7,222998,-0.1551,-0.1499,3.47,844.0000,0.44
2025-03-10 14:20:00,847.78,847.83,844.73,845.15,324966,-0.3961,-0.1499,164.24,844.0000,0.14
2025-03-10 14:25:00,845.13,845.18,843.03,843.4,322366,-0.6466,-0.1499,331.35,844.0000,-0.07
2025-03-10 14:30:00,843.2,844.68,842.5,844.55,198164,-0.7034,-0.1499,369.25,844.0000,0.07
2025-03-10 14:35:00,844.55,845.2,844.18,844.65,214792,-0.7013,-0.1499,367.85,844.0000,0.08
2025-03-10 14:40:00,844.65,844.88,842.85,843.2,246222,-0.7596,-0.1499,406.74,844.0000,-0.09
2025-03-10 14:45:00,843.18,843.2,842,842.1,426912,-0.8288,-0.1499,452.90,844.0000,-0.23
2025-03-10 14:50:00,842.08,843.93,841.53,843.7,428902,-0.7268,-0.1499,384.86,844.0000,-0.04
2025-03-10 14:55:00,843.7,843.8,842.15,842.28,311340,-0.7141,-0.1499,376.38,844.0000,-0.20
2025-03-10 15:00:00,842.28,844.25,842.25,843.38,695496,-0.5954,-0.1499,297.20,844.0000,-0.07
2025-03-10 15:05:00,843.38,844.5,843.28,843.83,644864,-0.4568,-0.1499,204.74,844.0000,-0.02
2025-03-10 15:10:00,843.83,844.5,843.53,844.15,639272,-0.3201,-0.1499,113.54,844.0000,0.02
2025-03-10 15:15:00,844.15,844.5,843.05,843.6,727148,-0.2466,-0.1499,64.51,844.0000,-0.05
2025-03-10 15:20:00,843.6,844.18,843.23,844.05,797396,-0.1523,-0.1499,1.60,844.0000,0.01
2025-03-10 15:25:00,844.05,844.5,842.65,844.35,600004,-0.0589,-0.1499,-60.71,844.0000,0.04
2025-03-11 09:15:00,841.2,843.03,839,839.83,1248702,-0.2786,-0.0589,373.01,844.3500,-0.54
2025-03-11 09:20:00,839.75,840.08,835.03,835.73,639368,-0.6556,-0.0589,1013.07,844.3500,-1.02
2025-03-11 09:25:00,835.4,837.98,835.3,837.5,376226,-0.7352,-0.0589,1148.22,844.3500,-0.81
2025-03-11 09:30:00,837.5,838.38,836.25,838,347238,-0.7037,-0.0589,1094.74,844.3500,-0.75
2025-03-11 09:35:00,838.18,840.6,837.93,839.73,142650,-0.5241,-0.0589,789.81,844.3500,-0.55
2025-03-11 09:40:00,839.73,839.78,838.53,839.1,188356,-0.4104,-0.0589,596.77,844.3500,-0.62
2025-03-11 09:45:00,839.1,841.8,838.55,841.48,171740,-0.1511,-0.0589,156.54,844.3500,-0.34
2025-03-11 09:50:00,841.5,842.95,840.7,842.45,254218,0.0963,-0.0589,-263.50,844.3500,-0.23
2025-03-11 09:55:00,842.45,842.45,841.08,841.5,109862,0.2006,-0.0589,-440.58,844.3500,-0.34
2025-03-11 10:00:00,841.5,841.98,841.05,841.45,119736,0.2666,-0.0589,-552.63,844.3500,-0.34
2025-03-11 10:05:00,841.2,842.9,841.13,842.53,141870,0.3767,-0.0589,-739.56,844.3500,-0.22
2025-03-11 10:10:00,842.5,843.48,842.03,843.23,171562,0.4835,-0.0589,-920.88,844.3500,-0.13
2025-03-11 10:15:00,843.18,844.8,843.18,844.58,385230,0.6231,-0.0589,-1157.89,844.3500,0.03
2025-03-11 10:20:00,844.6,845.5,844.18,844.75,287930,0.6992,-0.0589,-1287.10,844.3500,0.05
2025-03-11 10:25:00,844.53,844.9,843.75,844.63,243456,0.7113,-0.0589,-1307.64,844.3500,0.03
2025-03-11 10:30:00,844.63,844.83,844.03,844.73,74926,0.6952,-0.0589,-1280.31,844.3500,0.05
2025-03-11 10:35:00,844.73,844.9,844.48,844.9,90154,0.6651,-0.0589,-1229.20,844.3500,0.07
2025-03-11 10:40:00,844.9,846,844.83,845.95,109128,0.6825,-0.0589,-1258.74,844.3500,0.19
2025-03-11 10:45:00,845.95,846.23,844.5,844.8,179228,0.5867,-0.0589,-1096.10,844.3500,0.05
2025-03-11 10:50:00,844.8,845.5,844.55,845.2,86820,0.5226,-0.0589,-987.27,844.3500,0.10
2025-03-11 10:55:00,845.18,846.5,844.95,846,123256,0.5061,-0.0589,-959.25,844.3500,0.20
2025-03-11 11:00:00,846,846.18,844.35,845.45,244690,0.4330,-0.0589,-835.14,844.3500,0.13
2025-03-11 11:05:00,845.5,845.7,844.28,845.25,223452,0.3495,-0.0589,-693.38,844.3500,0.11
2025-03-11 11:10:00,845.25,845.78,845,845.33,164878,0.2811,-0.0589,-577.25,844.3500,0.12
2025-03-11 11:15:00,845.33,845.33,843.75,844.13,174148,0.1432,-0.0589,-343.12,844.3500,-0.03
2025-03-11 11:20:00,844.13,844.48,843.75,844.23,96702,0.0518,-0.0589,-187.95,844.3500,-0.01
2025-03-11 11:25:00,844.25,844.68,843.78,844.15,256900,-0.0173,-0.0589,-70.63,844.3500,-0.02
2025-03-11 11:30:00,844.15,844.43,843.75,844,205438,-0.0733,-0.0589,24.45,844.3500,-0.04
2025-03-11 11:35:00,844,844.45,843.75,844.4,148202,-0.0829,-0.0589,40.75,844.3500,0.01
2025-03-11 11:40:00,844.25,844.48,843.48,843.88,156614,-0.1213,-0.0589,105.94,844.3500,-0.06
2025-03-11 11:45:00,843.88,844.3,843.35,844.1,105880,-0.1284,-0.0589,118.00,844.3500,-0.03
2025-03-11 11:50:00,844.1,844.35,843.83,843.85,144472,-0.1451,-0.0589,146.35,844.3500,-0.06
2025-03-11 11:55:00,843.85,844.05,843.25,843.3,96970,-0.1858,-0.0589,215.45,844.3500,-0.12
2025-03-11 12:00:00,843.28,843.53,842.23,842.25,179136,-0.2709,-0.0589,359.93,844.3500,-0.25
2025-03-11 12:05:00,842.25,842.63,842.15,842.38,131578,-0.3035,-0.0589,415.28,844.3500,-0.23
2025-03-11 12:10:00,842.38,842.5,842.1,842.5,103998,-0.3013,-0.0589,411.54,844.3500,-0.22
2025-03-11 12:15:00,842.48,843.18,842.15,843,196668,-0.2525,-0.0589,328.69,844.3500,-0.16
2025-03-11 12:20:00,843,843.25,842.38,842.73,191332,-0.2257,-0.0589,283.19,844.3500,-0.19
2025-03-11 12:25:00,842.7,843,842.35,843,203478,-0.1791,-0.0589,204.07,844.3500,-0.16
2025-03-11 12:30:00,843,843.55,842.73,843.4,108538,-0.1137,-0.0589,93.04,844.3500,-0.11
2025-03-11 12:35:00,843.4,843.5,842.88,843,154776,-0.0909,-0.0589,54.33,844.3500,-0.16
2025-03-11 12:40:00,843,843.25,842.48,842.93,209948,-0.0746,-0.0589,26.66,844.3500,-0.17
2025-03-11 12:45:00,842.95,843.1,842.4,842.93,144564,-0.0587,-0.0589,-0.34,844.3500,-0.17
2025-03-11 12:50:00,842.93,843.6,842.75,843.5,113486,-0.0073,-0.0589,-87.61,844.3500,-0.10
2025-03-11 12:55:00,843.5,843.98,843.28,843.88,134990,0.0515,-0.0589,-187.44,844.3500,-0.06
2025-03-11 13:00:00,843.7,844.93,843.55,844.55,132618,0.1302,-0.0589,-321.05,844.3500,0.02
2025-03-11 13:05:00,844.5,844.58,843.83,844.38,147200,0.1635,-0.0589,-377.59,844.3500,0.00
2025-03-11 13:10:00,844.28,844.95,844,844.5,112818,0.1846,-0.0589,-413.41,844.3500,0.02
2025-03-11 13:15:00,844.48,844.98,844.38,844.9,158116,0.2145,-0.0589,-464.18,844.3500,0.07
2025-03-11 13:20:00,844.6,845,844.3,844.65,114058,0.2062,-0.0589,-450.08,844.3500,0.04
2025-03-11 13:25:00,844.65,845,844.38,844.7,116136,0.1933,-0.0589,-428.18,844.3500,0.04
2025-03-11 13:30:00,844.7,844.7,843.55,844.1,163384,0.1361,-0.0589,-331.07,844.3500,-0.03
2025-03-11 13:35:00,844.1,844.7,843.75,844.1,164108,0.0922,-0.0589,-256.54,844.3500,-0.03
2025-03-11 13:40:00,844.13,844.45,843.83,844.05,144854,0.0554,-0.0589,-194.06,844.3500,-0.04
2025-03-11 13:45:00,844,844.5,843.6,843.9,172468,0.0187,-0.0589,-131.75,844.3500,-0.05
2025-03-11 13:50:00,843.98,844.45,843.68,843.98,139642,-0.0016,-0.0589,-97.28,844.3500,-0.04
2025-03-11 13:55:00,844.1,845,843.78,844.8,116150,0.0368,-0.0589,-162.48,844.3500,0.05
2025-03-11 14:00:00,844.8,845.4,844.4,844.75,159716,0.0544,-0.0589,-192.36,844.3500,0.05
2025-03-11 14:05:00,844.8,845,844.5,844.98,128220,0.0757,-0.0589,-228.52,844.3500,0.07
2025-03-11 14:10:00,844.98,846.68,844.85,846.48,283202,0.1791,-0.0589,-404.07,844.3500,0.25
2025-03-11 14:15:00,846.48,847,845,845.08,496750,0.1430,-0.0589,-342.78,844.3500,0.09
2025-03-11 14:20:00,845.08,845.55,844.08,845.23,505140,0.1201,-0.0589,-303.90,844.3500,0.10
2025-03-11 14:25:00,845.23,845.5,842.55,842.73,681882,-0.0629,-0.0589,6.79,844.3500,-0.19
2025-03-11 14:30:00,842.75,842.95,842.23,842.75,408916,-0.1755,-0.0589,197.96,844.3500,-0.19
2025-03-11 14:35:00,842.75,842.93,841.93,842.5,422748,-0.2550,-0.0589,332.94,844.3500,-0.22
2025-03-11 14:40:00,842.5,842.55,841.78,842,398436,-0.3250,-0.0589,451.78,844.3500,-0.28
2025-03-11 14:45:00,842,842.5,841.43,842,415456,-0.3527,-0.0589,498.81,844.3500,-0.28
2025-03-11 14:50:00,842,842.73,841.1,841.5,294870,-0.3835,-0.0589,551.10,844.3500,-0.34
2025-03-11 14:55:00,841.55,842.75,841.45,842.5,317276,-0.3180,-0.0589,439.90,844.3500,-0.22
2025-03-11 15:00:00,842.5,842.5,841.55,842.35,879398,-0.2684,-0.0589,355.69,844.3500,-0.24
2025-03-11 15:05:00,842.3,843.13,841.7,842.2,881644,-0.2306,-0.0589,291.51,844.3500,-0.25
2025-03-11 15:10:00,842.35,843,841.25,842.9,643652,-0.1474,-0.0589,150.25,844.3500,-0.17
2025-03-11 15:15:00,842.93,843.35,842.2,842.9,654302,-0.0845,-0.0589,43.46,844.3500,-0.17
2025-03-11 15:20:00,842.9,844.03,842.35,843.28,606206,-0.0132,-0.0589,-77.59,844.3500,-0.13
2025-03-11 15:25:00,843.3,844.5,842.88,843.95,407402,0.0782,-0.0589,-232.77,844.3500,-0.05
2025-03-12 09:15:00,845.98,854,845.98,852.83,836074,0.7011,0.0782,796.55,843.9500,1.05
2025-03-12 09:20:00,852.8,856,852.08,855.73,541502,1.2414,0.0782,1487.47,843.9500,1.40
2025-03-12 09:25:00,855.73,856.55,853.15,853.68,391324,1.3828,0.0782,1668.29,843.9500,1.15
2025-03-12 09:30:00,853.78,855.5,853.15,855.25,235612,1.4946,0.0782,1811.25,843.9500,1.34
2025-03-12 09:35:00,855.23,857.13,854.93,856.78,276044,1.5760,0.0782,1915.35,843.9500,1.52
2025-03-12 09:40:00,856.95,858.05,855.78,856.03,274312,1.4851,0.0782,1799.10,843.9500,1.43
2025-03-12 09:45:00,856.03,856.05,854.53,855.25,242406,1.2856,0.0782,1543.99,843.9500,1.34
2025-03-12 09:50:00,855.23,855.5,854.35,854.43,139320,1.0230,0.0782,1208.18,843.9500,1.24
2025-03-12 09:55:00,854.53,854.98,853.03,853.98,162388,0.7559,0.0782,866.62,843.9500,1.19
2025-03-12 10:00:00,853.98,854.1,851.55,851.6,126268,0.3751,0.0782,379.67,843.9500,0.91
2025-03-12 10:05:00,851.6,853,851.58,852.6,125350,0.1579,0.0782,101.92,843.9500,1.02
2025-03-12 10:10:00,852.73,852.83,852.08,852.33,105648,-0.0269,0.0782,-134.40,843.9500,0.99
2025-03-12 10:15:00,852.33,854.25,852.05,853.95,119862,-0.0609,0.0782,-177.88,843.9500,1.18
2025-03-12 10:20:00,853.93,855.3,853.6,854.85,205470,-0.0445,0.0782,-156.91,843.9500,1.29
2025-03-12 10:25:00,854.85,855.38,853.83,853.83,109716,-0.1198,0.0782,-253.20,843.9500,1.17
2025-03-12 10:30:00,853.88,853.95,853,853.8,76878,-0.1851,0.0782,-336.70,843.9500,1.17
2025-03-12 10:35:00,853.55,854.33,853.08,853.15,96710,-0.2799,0.0782,-457.93,843.9500,1.09
2025-03-12 10:40:00,853.15,854.23,852.68,853.23,71736,-0.3410,0.0782,-536.06,843.9500,1.10
2025-03-12 10:45:00,853.28,854.08,853.08,853.68,86408,-0.3534,0.0782,-551.92,843.9500,1.15
2025-03-12 10:50:00,853.58,854.43,853.2,853.73,119476,-0.3593,0.0782,-559.46,843.9500,1.16
2025-03-12 10:55:00,853.73,853.75,853.03,853.3,71970,-0.3907,0.0782,-599.62,843.9500,1.11
2025-03-12 11:00:00,853.1,853.98,852.43,852.43,75464,-0.4635,0.0782,-692.71,843.9500,1.00
2025-03-12 11:05:00,852.5,854,852.3,853.88,104398,-0.4095,0.0782,-623.66,843.9500,1.18
2025-03-12 11:10:00,853.9,854.18,853.48,853.98,95572,-0.3639,0.0782,-565.35,843.9500,1.19
2025-03-12 11:15:00,853.95,854,853.63,853.95,69832,-0.3335,0.0782,-526.47,843.9500,1.18
2025-03-12 11:20:00,853.95,854.95,853.95,854.68,152522,-0.2650,0.0782,-438.87,843.9500,1.27
2025-03-12 11:25:00,854.65,855,854,854.5,171014,-0.2336,0.0782,-398.72,843.9500,1.25
2025-03-12 11:30:00,854.45,854.73,853.83,854.63,102718,-0.2069,0.0782,-364.58,843.9500,1.27
2025-03-12 11:35:00,854.6,854.78,853.68,853.98,97884,-0.2337,0.0782,-398.85,843.9500,1.19
2025-03-12 11:40:00,854,854.65,853.3,854.38,113426,-0.2252,0.0782,-387.98,843.9500,1.24
2025-03-12 11:45:00,854.43,854.5,853.18,853.78,77454,-0.2583,0.0782,-430.31,843.9500,1.16
2025-03-12 11:50:00,853.78,854.1,853.53,853.75,85024,-0.2787,0.0782,-456.39,843.9500,1.16
2025-03-12 11:55:00,853.75,854.18,852.65,853.2,153004,-0.3227,0.0782,-512.66,843.9500,1.10
2025-03-12 12:00:00,853.2,854.3,852.98,854.03,121356,-0.2904,0.0782,-471.36,843.9500,1.19
2025-03-12 12:05:00,854.03,855,853.93,854.98,282566,-0.2036,0.0782,-360.36,843.9500,1.31
2025-03-12 12:10:00,854.98,855,854.83,855,118806,-0.1461,0.0782,-286.83,843.9500,1.31
2025-03-12 12:15:00,855,855,854.93,854.98,110566,-0.1121,0.0782,-243.35,843.9500,1.31
2025-03-12 12:20:00,854.98,855.4,854.5,855.3,125966,-0.0728,0.0782,-193.09,843.9500,1.34
2025-03-12 12:25:00,855.38,855.55,854.78,855.53,117280,-0.0378,0.0782,-148.34,843.9500,1.37
2025-03-12 12:30:00,855.55,856.15,855.25,856.05,142390,0.0113,0.0782,-85.55,843.9500,1.43
2025-03-12 12:35:00,856.05,857,855.78,856.4,198704,0.0558,0.0782,-28.64,843.9500,1.48
2025-03-12 12:40:00,856.45,856.45,855.08,856.08,137590,0.0522,0.0782,-33.25,843.9500,1.44
2025-03-12 12:45:00,856.1,856.48,855.28,856.15,150578,0.0434,0.0782,-44.50,843.9500,1.45
2025-03-12 12:50:00,856.15,857.5,855.8,857.5,219902,0.1134,0.0782,45.01,843.9500,1.61
2025-03-12 12:55:00,857.5,857.98,857.18,857.38,283526,0.1350,0.0782,72.63,843.9500,1.59
2025-03-12 13:00:00,857.5,858.88,857.23,858.5,236712,0.2041,0.0782,161.00,843.9500,1.72
2025-03-12 13:05:00,858.5,859,857.63,859,151956,0.2591,0.0782,231.33,843.9500,1.78
2025-03-12 13:10:00,859,859,857.55,858.8,176112,0.2573,0.0782,229.03,843.9500,1.76
2025-03-12 13:15:00,858.58,859,857.88,858.48,133134,0.2117,0.0782,170.72,843.9500,1.72
2025-03-12 13:20:00,858.48,859,858.1,858.78,112396,0.1800,0.0782,130.18,843.9500,1.76
2025-03-12 13:25:00,858.8,859,858.18,858.98,92368,0.1521,0.0782,94.50,843.9500,1.78
2025-03-12 13:30:00,858.98,859.25,858.05,858.4,194236,0.0777,0.0782,-0.64,843.9500,1.71
2025-03-12 13:35:00,858.4,858.73,857.58,858.08,175470,-0.0054,0.0782,-106.91,843.9500,1.67
2025-03-12 13:40:00,857.88,858.38,857.03,857.28,149994,-0.1202,0.0782,-253.71,843.9500,1.58
2025-03-12 13:45:00,857.33,857.88,856.58,857.8,136872,-0.1644,0.0782,-310.23,843.9500,1.64
2025-03-12 13:50:00,857.8,857.93,856.7,857,115590,-0.2459,0.0782,-414.45,843.9500,1.55
2025-03-12 13:55:00,857.03,858,857,857.8,118798,-0.2438,0.0782,-411.76,843.9500,1.64
2025-03-12 14:00:00,857.83,858.5,857.68,858.25,145044,-0.2112,0.0782,-370.08,843.9500,1.69
2025-03-12 14:05:00,858.23,859.25,858.15,859.15,156772,-0.1320,0.0782,-268.80,843.9500,1.80
2025-03-12 14:10:00,859.15,859.15,857.95,858.53,151254,-0.1244,0.0782,-259.08,843.9500,1.73
2025-03-12 14:15:00,858.5,858.53,857.48,857.85,191832,-0.1657,0.0782,-311.89,843.9500,1.65
2025-03-12 14:20:00,857.88,858.35,857.2,857.65,259292,-0.2045,0.0782,-361.51,843.9500,1.62
2025-03-12 14:25:00,857.65,858.25,857.18,857.65,232276,-0.2264,0.0782,-389.51,843.9500,1.62
2025-03-12 14:30:00,857.65,857.98,856.25,856.35,454722,-0.3190,0.0782,-507.93,843.9500,1.47
2025-03-12 14:35:00,856.33,856.43,854.2,854.28,444470,-0.4994,0.0782,-738.62,843.9500,1.22
2025-03-12 14:40:00,854.35,855.2,853.5,853.7,449782,-0.6293,0.0782,-904.73,843.9500,1.16
2025-03-12 14:45:00,853.7,854.48,853.48,853.6,359066,-0.6886,0.0782,-980.56,843.9500,1.14
2025-03-12 14:50:00,853.6,855.35,853.43,854.43,388116,-0.6397,0.0782,-918.03,843.9500,1.24
2025-03-12 14:55:00,854.33,855.23,853.95,854.68,316006,-0.5610,0.0782,-817.39,843.9500,1.27
2025-03-12 15:00:00,854.7,856.23,854.68,855.55,847720,-0.4269,0.0782,-645.91,843.9500,1.37
2025-03-12 15:05:00,855.53,856,855.15,855.2,927090,-0.3420,0.0782,-537.34,843.9500,1.33
2025-03-12 15:10:00,855.2,855.75,854.68,855.55,944952,-0.2470,0.0782,-415.86,843.9500,1.37
2025-03-12 15:15:00,855.55,855.58,854.75,855.05,824564,-0.2043,0.0782,-361.25,843.9500,1.32
2025-03-12 15:20:00,855.05,857,854.88,856.83,1144264,-0.0506,0.0782,-164.71,843.9500,1.53
2025-03-12 15:25:00,856.83,857,855.35,855.9,617542,-0.0083,0.0782,-110.61,843.9500,1.42
2025-03-13 09:15:00,858.43,859,854.5,858.5,900708,0.1873,-0.0083,-2356.63,855.9000,0.30
2025-03-13 09:20:00,858.5,859.4,857.15,857.5,268590,0.2386,-0.0083,-2974.70,855.9000,0.19
2025-03-13 09:25:00,857.5,858.6,856.53,858.6,202768,0.3302,-0.0083,-4078.31,855.9000,0.32
2025-03-13 09:30:00,858.48,859.95,857.83,859.6,180856,0.4351,-0.0083,-5342.17,855.9000,0.43
2025-03-13 09:35:00,859.6,860.4,859.18,859.45,201218,0.4685,-0.0083,-5744.58,855.9000,0.41
2025-03-13 09:40:00,859.63,859.63,857.98,858.38,119552,0.3955,-0.0083,-4865.06,855.9000,0.29
2025-03-13 09:45:00,858.18,858.48,857.5,857.73,130962,0.2856,-0.0083,-3540.96,855.9000,0.21
2025-03-13 09:50:00,857.73,858.25,857.7,858,70650,0.2163,-0.0083,-2706.02,855.9000,0.25
2025-03-13 09:55:00,857.95,858.88,857.85,858.38,97322,0.1828,-0.0083,-2302.41,855.9000,0.29
2025-03-13 10:00:00,858.43,859.2,858,858.38,177342,0.1486,-0.0083,-1890.36,855.9000,0.29
2025-03-13 10:05:00,858.38,859.28,858,858.85,72080,0.1455,-0.0083,-1853.01,855.9000,0.34
2025-03-13 10:10:00,858.85,859.43,858.5,859.15,109888,0.1509,-0.0083,-1918.07,855.9000,0.38
2025-03-13 10:15:00,859.15,859.75,858.98,859.75,135372,0.1802,-0.0083,-2271.08,855.9000,0.45
2025-03-13 10:20:00,859.75,860.1,858.03,858.88,269592,0.1286,-0.0083,-1649.40,855.9000,0.35
2025-03-13 10:25:00,859,859.73,858.03,859.23,191128,0.1066,-0.0083,-1384.34,855.9000,0.39
2025-03-13 10:30:00,859.63,859.75,858.78,859.18,159224,0.0786,-0.0083,-1046.99,855.9000,0.38
2025-03-13 10:35:00,859.18,859.75,858.88,859.35,165826,0.0621,-0.0083,-848.19,855.9000,0.40
2025-03-13 10:40:00,859.48,859.98,859.2,859.83,88602,0.0733,-0.0083,-983.13,855.9000,0.46
2025-03-13 10:45:00,859.83,860,859.5,859.98,72030,0.0801,-0.0083,-1065.06,855.9000,0.48
2025-03-13 10:50:00,859.98,860,859.3,859.5,156832,0.0434,-0.0083,-622.89,855.9000,0.42
2025-03-13 10:55:00,859.53,859.75,858.63,859.55,244380,0.0150,-0.0083,-280.72,855.9000,0.43
2025-03-13 11:00:00,859.53,859.95,859.18,859.5,177640,-0.0130,-0.0083,56.63,855.9000,0.42
2025-03-13 11:05:00,859.53,859.9,859.25,859.55,94088,-0.0329,-0.0083,296.39,855.9000,0.43
2025-03-13 11:10:00,859.58,860,859.3,859.98,143648,-0.0225,-0.0083,171.08,855.9000,0.48
2025-03-13 11:15:00,859.98,860,859.73,859.83,69824,-0.0304,-0.0083,266.27,855.9000,0.46
2025-03-13 11:20:00,859.83,859.88,859,859,98338,-0.0928,-0.0083,1018.07,855.9000,0.36
2025-03-13 11:25:00,859.03,859.38,858.53,859.05,114052,-0.1297,-0.0083,1462.65,855.9000,0.37
2025-03-13 11:30:00,859.05,859.25,858.68,859.15,184044,-0.1452,-0.0083,1649.40,855.9000,0.38
2025-03-13 11:35:00,859.18,859.75,858.43,858.75,237718,-0.1781,-0.0083,2045.78,855.9000,0.33
2025-03-13 11:40:00,859,859.35,858.5,859.08,241478,-0.1731,-0.0083,1985.54,855.9000,0.37
2025-03-13 11:45:00,859.08,859.18,858.38,858.65,246540,-0.1928,-0.0083,2222.89,855.9000,0.32
2025-03-13 11:50:00,859,859.18,858.13,859,561428,-0.1766,-0.0083,2027.71,855.9000,0.36
2025-03-13 11:55:00,859.03,859.5,858.55,859.05,171786,-0.1576,-0.0083,1798.80,855.9000,0.37
2025-03-13 12:00:00,859.05,859.05,857.75,857.78,90126,-0.2217,-0.0083,2571.08,855.9000,0.22
2025-03-13 12:05:00,857.78,857.9,856.3,856.6,191320,-0.3283,-0.0083,3855.42,855.9000,0.08
2025-03-13 12:10:00,856.58,856.78,856.03,856.43,132570,-0.3907,-0.0083,4607.23,855.9000,0.06
2025-03-13 12:15:00,856.43,857.25,856.35,856.95,142268,-0.3772,-0.0083,4444.58,855.9000,0.12
2025-03-13 12:20:00,856.78,856.95,855.78,856,122228,-0.4099,-0.0083,4838.55,855.9000,0.01
2025-03-13 12:25:00,856,856.4,855.53,856.38,113356,-0.3838,-0.0083,4524.10,855.9000,0.06
2025-03-13 12:30:00,856.13,856.65,855.73,855.75,184250,-0.3860,-0.0083,4550.60,855.9000,-0.02
2025-03-13 12:35:00,855.75,856.43,855.35,856.18,167468,-0.3372,-0.0083,3962.65,855.9000,0.03
2025-03-13 12:40:00,855.88,856.28,855.63,856,106920,-0.2972,-0.0083,3480.72,855.9000,0.01
2025-03-13 12:45:00,855.93,856.53,855.75,855.9,116324,-0.2590,-0.0083,3020.48,855.9000,0.00
2025-03-13 12:50:00,855.88,856.25,855.13,855.6,86962,-0.2362,-0.0083,2745.78,855.9000,-0.04
2025-03-13 12:55:00,855.6,856.03,855.13,855.55,105600,-0.2076,-0.0083,2401.20,855.9000,-0.04
2025-03-13 13:00:00,855.75,855.93,855.1,855.2,104090,-0.1956,-0.0083,2256.63,855.9000,-0.08
2025-03-13 13:05:00,855.18,855.25,853.9,853.98,102268,-0.2497,-0.0083,2908.43,855.9000,-0.22
2025-03-13 13:10:00,853.95,854.5,853.85,854.48,80152,-0.2321,-0.0083,2696.39,855.9000,-0.17
2025-03-13 13:15:00,854.48,854.5,853.3,853.65,127832,-0.2548,-0.0083,2969.88,855.9000,-0.26
2025-03-13 13:20:00,853.65,854.5,853.3,854.3,171948,-0.2065,-0.0083,2387.95,855.9000,-0.19
2025-03-13 13:25:00,854.3,854.5,853.63,853.85,132192,-0.1861,-0.0083,2142.17,855.9000,-0.24
2025-03-13 13:30:00,853.85,854.48,853.48,854.18,161244,-0.1339,-0.0083,1513.25,855.9000,-0.20
2025-03-13 13:35:00,854.18,854.5,853.78,854,73704,-0.0968,-0.0083,1066.27,855.9000,-0.22
2025-03-13 13:40:00,853.98,854.13,853.55,853.8,62472,-0.0722,-0.0083,769.88,855.9000,-0.25
2025-03-13 13:45:00,853.78,854.4,853.55,854.33,72198,-0.0099,-0.0083,19.28,855.9000,-0.18
2025-03-13 13:50:00,854.33,855,853.98,854.63,91584,0.0581,-0.0083,-800.00,855.9000,-0.15
2025-03-13 13:55:00,854.63,855,853.63,853.85,122208,0.0569,-0.0083,-785.54,855.9000,-0.24
2025-03-13 14:00:00,853.83,854.5,853.13,853.38,153320,0.0323,-0.0083,-489.16,855.9000,-0.29
2025-03-13 14:05:00,853.38,853.38,852.08,852.58,147278,-0.0270,-0.0083,225.30,855.9000,-0.39
2025-03-13 14:10:00,852.58,852.58,851.73,852.4,153002,-0.0653,-0.0083,686.75,855.9000,-0.41
2025-03-13 14:15:00,852.25,852.5,851.23,852.1,200446,-0.0959,-0.0083,1055.42,855.9000,-0.44
2025-03-13 14:20:00,851.93,852.73,851.55,852.55,220310,-0.0719,-0.0083,766.27,855.9000,-0.39
2025-03-13 14:25:00,852.53,853,851.75,852.43,258840,-0.0513,-0.0083,518.07,855.9000,-0.41
2025-03-13 14:30:00,852.43,852.75,851.15,851.25,310096,-0.1014,-0.0083,1121.69,855.9000,-0.54
2025-03-13 14:35:00,851.25,851.68,850.88,851,400950,-0.1335,-0.0083,1508.43,855.9000,-0.57
2025-03-13 14:40:00,851,851.43,850.03,850.63,527896,-0.1601,-0.0083,1828.92,855.9000,-0.62
2025-03-13 14:45:00,850.63,851.3,850.4,850.75,389274,-0.1502,-0.0083,1709.64,855.9000,-0.60
2025-03-13 14:50:00,850.78,851.65,850.5,850.95,265766,-0.1125,-0.0083,1255.42,855.9000,-0.58
2025-03-13 14:55:00,850.95,851.48,850.83,850.95,259378,-0.0718,-0.0083,765.06,855.9000,-0.58
2025-03-13 15:00:00,850.98,853.95,850.93,853.48,478208,0.1302,-0.0083,-1668.67,855.9000,-0.28
2025-03-13 15:05:00,853.48,854,852.65,853.38,422860,0.2546,-0.0083,-3167.47,855.9000,-0.29
2025-03-13 15:10:00,853.38,854,852.98,853.85,446926,0.3596,-0.0083,-4432.53,855.9000,-0.24
2025-03-13 15:15:00,853.83,854.25,853.15,854.05,531786,0.4289,-0.0083,-5267.47,855.9000,-0.22
2025-03-13 15:20:00,854.05,854.25,852.8,853.38,540758,0.4158,-0.0083,-5109.64,855.9000,-0.29
2025-03-13 15:25:00,853.38,853.65,851.88,852.5,432674,0.3372,-0.0083,-4162.65,855.9000,-0.40
2025-03-17 09:15:00,852.53,858.55,852.53,858.28,1714604,0.6461,0.3372,91.61,852.5000,0.68
2025-03-17 09:20:00,858.18,858.75,854.98,855.1,695680,0.6083,0.3372,80.40,852.5000,0.30
2025-03-17 09:25:00,855.13,856.45,854,856,240868,0.6142,0.3372,82.15,852.5000,0.41
2025-03-17 09:30:00,856.05,860.48,856.05,858.75,576416,0.7639,0.3372,126.54,852.5000,0.73
2025-03-17 09:35:00,858.78,860.98,858.58,860.73,431378,0.9449,0.3372,180.22,852.5000,0.97
2025-03-17 09:40:00,860.85,862,859.58,860,226592,0.9609,0.3372,184.96,852.5000,0.88
2025-03-17 09:45:00,859.98,860.33,859.33,859.65,158278,0.8949,0.3372,165.39,852.5000,0.84
2025-03-17 09:50:00,859.65,860.7,859.48,859.83,218308,0.8126,0.3372,140.98,852.5000,0.86
2025-03-17 09:55:00,859.83,860.1,858.8,859.63,345252,0.6983,0.3372,107.09,852.5000,0.84
2025-03-17 10:00:00,859.68,860.15,858.55,859.28,275122,0.5588,0.3372,65.72,852.5000,0.80
2025-03-17 10:05:00,859.28,860.68,859.13,860.13,204914,0.4861,0.3372,44.16,852.5000,0.90
2025-03-17 10:10:00,860.13,860.3,859.25,859.28,101642,0.3495,0.3372,3.65,852.5000,0.80
2025-03-17 10:15:00,859.25,860,859.08,859.53,115456,0.2494,0.3372,-26.04,852.5000,0.82
2025-03-17 10:20:00,859.5,859.83,859.03,859.23,141958,0.1418,0.3372,-57.95,852.5000,0.79
2025-03-17 10:25:00,859.23,859.35,858.88,859.13,128358,0.0475,0.3372,-85.91,852.5000,0.78
2025-03-17 10:30:00,859,859.05,857.13,857.55,123364,-0.1280,0.3372,-137.96,852.5000,0.59
2025-03-17 10:35:00,857.53,857.55,856.95,857.15,88720,-0.2696,0.3372,-179.95,852.5000,0.55
2025-03-17 10:40:00,857.13,857.5,856.48,857.45,157574,-0.3373,0.3372,-200.03,852.5000,0.58
2025-03-17 10:45:00,857.45,857.75,856.63,856.78,89316,-0.4162,0.3372,-223.43,852.5000,0.50
2025-03-17 10:50:00,856.78,857.25,856.63,856.95,108320,-0.4435,0.3372,-231.52,852.5000,0.52
2025-03-17 10:55:00,857,857.38,856.9,856.95,90244,-0.4469,0.3372,-232.53,852.5000,0.52
2025-03-17 11:00:00,856.95,857.1,856.35,856.43,103040,-0.4671,0.3372,-238.52,852.5000,0.46
2025-03-17 11:05:00,856.43,857.18,855.98,856.55,110144,-0.4551,0.3372,-234.96,852.5000,0.48
2025-03-17 11:10:00,856.55,857.75,856.48,857.68,111286,-0.3579,0.3372,-206.14,852.5000,0.61
2025-03-17 11:15:00,857.63,858.5,856.88,857,156442,-0.3272,0.3372,-197.03,852.5000,0.53
2025-03-17 11:20:00,857.03,857.2,856.5,857,82954,-0.2956,0.3372,-187.66,852.5000,0.53
2025-03-17 11:25:00,857.03,857.35,856.53,857,76714,-0.2644,0.3372,-178.41,852.5000,0.53
2025-03-17 11:30:00,857.03,857.18,856.33,856.5,85962,-0.2664,0.3372,-179.00,852.5000,0.47
2025-03-17 11:35:00,856.5,857.5,856.3,856.98,100676,-0.2259,0.3372,-166.99,852.5000,0.53
2025-03-17 11:40:00,857.05,857.5,856.43,856.73,90290,-0.2071,0.3372,-161.42,852.5000,0.50
2025-03-17 11:45:00,856.75,857.1,856.68,856.75,77740,-0.1851,0.3372,-154.89,852.5000,0.50
2025-03-17 11:50:00,856.78,856.78,855.63,855.95,149996,-0.2141,0.3372,-163.49,852.5000,0.40
2025-03-17 11:55:00,855.98,856.58,855.68,856.48,104708,-0.1883,0.3372,-155.84,852.5000,0.47
2025-03-17 12:00:00,856.48,857.1,855.68,855.88,119476,-0.2011,0.3372,-159.64,852.5000,0.40
2025-03-17 12:05:00,855.85,856.5,855.85,856.1,110036,-0.1846,0.3372,-154.74,852.5000,0.42
2025-03-17 12:10:00,856.15,856.28,855.8,855.98,89308,-0.1720,0.3372,-151.01,852.5000,0.41
2025-03-17 12:15:00,856,856.5,855.9,856.03,106510,-0.1512,0.3372,-144.84,852.5000,0.41
2025-03-17 12:20:00,856.05,856.08,855.43,855.43,95956,-0.1675,0.3372,-149.67,852.5000,0.34
2025-03-17 12:25:00,855.43,856,855,856,173498,-0.1311,0.3372,-138.88,852.5000,0.41
2025-03-17 12:30:00,856,856,854.53,854.58,125960,-0.1903,0.3372,-156.44,852.5000,0.24
2025-03-17 12:35:00,854.55,854.6,854.13,854.45,138364,-0.2236,0.3372,-166.31,852.5000,0.23
2025-03-17 12:40:00,854.45,854.78,854.38,854.63,94934,-0.2186,0.3372,-164.83,852.5000,0.25
2025-03-17 12:45:00,854.63,854.93,854.38,854.43,86804,-0.2136,0.3372,-163.35,852.5000,0.23
2025-03-17 12:50:00,854.43,854.95,854,854.45,101962,-0.1944,0.3372,-157.65,852.5000,0.23
2025-03-17 12:55:00,854.48,855,854.38,854.75,90160,-0.1489,0.3372,-144.16,852.5000,0.26
2025-03-17 13:00:00,854.78,855,854.25,854.78,99954,-0.1062,0.3372,-131.49,852.5000,0.27
2025-03-17 13:05:00,854.78,854.83,854.33,854.6,105162,-0.0807,0.3372,-123.93,852.5000,0.25
2025-03-17 13:10:00,854.6,855,854.58,854.98,209004,-0.0314,0.3372,-109.31,852.5000,0.29
2025-03-17 13:15:00,854.98,855.5,854.78,855.33,163148,0.0284,0.3372,-91.58,852.5000,0.33
2025-03-17 13:20:00,855.35,855.4,854.78,855.35,102650,0.0705,0.3372,-79.09,852.5000,0.33
2025-03-17 13:25:00,855.35,855.5,854.88,855.35,165494,0.0980,0.3372,-70.94,852.5000,0.33
2025-03-17 13:30:00,855.28,855.35,854,854.13,109658,0.0366,0.3372,-89.15,852.5000,0.19
2025-03-17 13:35:00,854.1,854.13,853.4,853.53,109190,-0.0376,0.3372,-111.15,852.5000,0.12
2025-03-17 13:40:00,853.5,854.78,853.5,854.3,114820,-0.0286,0.3372,-108.48,852.5000,0.21
2025-03-17 13:45:00,854.33,854.33,852.9,853.08,315612,-0.0947,0.3372,-128.08,852.5000,0.07
2025-03-17 13:50:00,853.33,853.73,852.7,853.13,281310,-0.1233,0.3372,-136.57,852.5000,0.07
2025-03-17 13:55:00,853.15,854.88,853.08,854.6,277336,-0.0358,0.3372,-110.62,852.5000,0.25
2025-03-17 14:00:00,854.53,855.23,854,854.03,192574,-0.0104,0.3372,-103.08,852.5000,0.18
2025-03-17 14:05:00,854.08,855.83,853.88,855.58,178390,0.1101,0.3372,-67.35,852.5000,0.36
2025-03-17 14:10:00,855.58,856,855.2,855.25,120566,0.1638,0.3372,-51.42,852.5000,0.32
2025-03-17 14:15:00,855.28,855.48,854.68,855.08,710780,0.1825,0.3372,-45.88,852.5000,0.30
2025-03-17 14:20:00,855.08,855.55,854.63,854.85,122636,0.1740,0.3372,-48.40,852.5000,0.28
2025-03-17 14:25:00,854.83,854.88,853.98,854.15,278628,0.1187,0.3372,-64.80,852.5000,0.19
2025-03-17 14:30:00,854.18,854.6,853.83,854.2,152830,0.0844,0.3372,-74.97,852.5000,0.20
2025-03-17 14:35:00,854.23,854.4,853.25,853.4,150402,0.0107,0.3372,-96.83,852.5000,0.11
2025-03-17 14:40:00,853.38,853.38,852.83,853.2,241754,-0.0456,0.3372,-113.52,852.5000,0.08
2025-03-17 14:45:00,853.2,854,853.03,853.78,216904,-0.0382,0.3372,-111.33,852.5000,0.15
2025-03-17 14:50:00,853.8,854.23,853.73,854.18,183542,-0.0026,0.3372,-100.77,852.5000,0.20
2025-03-17 14:55:00,854.18,854.8,854.18,854.23,133198,0.0265,0.3372,-92.14,852.5000,0.20
2025-03-17 15:00:00,854.23,854.7,853.78,854.2,547604,0.0448,0.3372,-86.71,852.5000,0.20
2025-03-17 15:05:00,854.18,855.3,853.78,855.18,542186,0.1197,0.3372,-64.50,852.5000,0.31
2025-03-17 15:10:00,855.18,856,854.78,855.85,643984,0.2061,0.3372,-38.88,852.5000,0.39
2025-03-17 15:15:00,855.83,855.93,855.5,855.75,581968,0.2456,0.3372,-27.16,852.5000,0.38
2025-03-17 15:20:00,855.75,855.75,855.3,855.53,533538,0.2454,0.3372,-27.22,852.5000,0.36
2025-03-17 15:25:00,855.5,856.08,854.68,855.25,467952,0.2159,0.3372,-35.97,852.5000,0.32
2025-03-18 09:15:00,863.75,863.75,858.78,858.8,1372710,0.4136,0.2159,91.57,855.2500,0.42
2025-03-18 09:20:00,859,860.13,858.2,859.15,372722,0.5381,0.2159,149.24,855.2500,0.46
2025-03-18 09:25:00,859.18,859.98,858.1,858.15,296560,0.5229,0.2159,142.20,855.2500,0.34
2025-03-18 09:30:00,858.1,859.7,857.53,858.68,251656,0.5173,0.2159,139.60,855.2500,0.40
2025-03-18 09:35:00,858.68,861.43,858.5,861.13,185028,0.6394,0.2159,196.16,855.2500,0.69
2025-03-18 09:40:00,861.13,863.3,861.08,862.88,320548,0.7890,0.2159,265.45,855.2500,0.89
2025-03-18 09:45:00,862.88,864,862.1,862.58,1282912,0.8153,0.2159,277.63,855.2500,0.86
2025-03-18 09:50:00,862.58,863,861.78,862.05,217644,0.7465,0.2159,245.76,855.2500,0.80
2025-03-18 09:55:00,862,863.15,861.43,862.65,214814,0.6921,0.2159,220.57,855.2500,0.87
2025-03-18 10:00:00,862.85,866.15,862.48,866,725554,0.8235,0.2159,281.43,855.2500,1.26
2025-03-18 10:05:00,865.9,866.75,864.9,865.18,316730,0.7965,0.2159,268.92,855.2500,1.16
2025-03-18 10:10:00,865.18,866.5,864.7,866,291832,0.7743,0.2159,258.64,855.2500,1.26
2025-03-18 10:15:00,865.93,866.45,865,865.95,191654,0.6992,0.2159,223.85,855.2500,1.25
2025-03-18 10:20:00,865.95,866,863.83,863.85,177800,0.4624,0.2159,114.17,855.2500,1.01
2025-03-18 10:25:00,864,865.93,863.85,865.93,235532,0.4023,0.2159,86.34,855.2500,1.25
2025-03-18 10:30:00,865.93,866.7,864.8,866.7,239498,0.3717,0.2159,72.16,855.2500,1.34
2025-03-18 10:35:00,866.68,868.45,866.18,868.45,393684,0.4228,0.2159,95.83,855.2500,1.54
2025-03-18 10:40:00,868.45,868.7,867.35,867.98,303560,0.3798,0.2159,75.91,855.2500,1.49
2025-03-18 10:45:00,867.98,868.48,867.03,867.4,227990,0.2722,0.2159,26.08,855.2500,1.42
2025-03-18 10:50:00,867.4,868.48,867.2,867.95,212740,0.2012,0.2159,-6.81,855.2500,1.48
2025-03-18 10:55:00,867.98,868.48,867.23,867.25,190322,0.0767,0.2159,-64.47,855.2500,1.40
2025-03-18 11:00:00,867.25,867.48,866.3,866.93,143038,-0.0507,0.2159,-123.48,855.2500,1.37
2025-03-18 11:05:00,866.85,866.9,865.63,866.25,132692,-0.1962,0.2159,-190.88,855.2500,1.29
2025-03-18 11:10:00,866.25,867,866.18,866.85,135700,-0.2633,0.2159,-221.95,855.2500,1.36
2025-03-18 11:15:00,866.8,867,866.1,866.5,218876,-0.3376,0.2159,-256.37,855.2500,1.32
2025-03-18 11:20:00,866.48,866.5,866.23,866.25,108378,-0.4055,0.2159,-287.82,855.2500,1.29
2025-03-18 11:25:00,866.23,866.28,865,865.8,166048,-0.4777,0.2159,-321.26,855.2500,1.23
2025-03-18 11:30:00,865.8,866.5,865.48,865.88,163262,-0.5138,0.2159,-337.98,855.2500,1.24
2025-03-18 11:35:00,865.88,865.95,865.05,865.13,78106,-0.5772,0.2159,-367.35,855.2500,1.16
2025-03-18 11:40:00,865.08,865.3,863.73,864,269374,-0.6774,0.2159,-413.76,855.2500,1.02
2025-03-18 11:45:00,863.95,864.43,863.38,863.88,264576,-0.7293,0.2159,-437.80,855.2500,1.01
2025-03-18 11:50:00,863.9,865.43,863.75,864.38,178336,-0.7070,0.2159,-427.47,855.2500,1.07
2025-03-18 11:55:00,864.3,864.75,864.05,864.63,107656,-0.6538,0.2159,-402.83,855.2500,1.10
2025-03-18 12:00:00,864.55,864.75,864.5,864.75,124106,-0.5908,0.2159,-373.65,855.2500,1.11
2025-03-18 12:05:00,864.73,865,864.1,865,148778,-0.5152,0.2159,-338.63,855.2500,1.14
2025-03-18 12:10:00,864.98,865.5,864.73,865.1,146826,-0.4442,0.2159,-305.74,855.2500,1.15
2025-03-18 12:15:00,865.1,865.5,864.28,864.3,124144,-0.4361,0.2159,-301.99,855.2500,1.06
2025-03-18 12:20:00,864.3,865.5,864.28,864.38,169908,-0.4108,0.2159,-290.27,855.2500,1.07
2025-03-18 12:25:00,864.38,864.7,863.18,863.38,168582,-0.4440,0.2159,-305.65,855.2500,0.95
2025-03-18 12:30:00,863.35,864.63,863.13,864.43,186010,-0.3803,0.2159,-276.15,855.2500,1.07
2025-03-18 12:35:00,864.43,864.75,863.25,864.18,345848,-0.3413,0.2159,-258.08,855.2500,1.04
2025-03-18 12:40:00,864.18,864.5,863.18,863.48,235578,-0.3478,0.2159,-261.09,855.2500,0.96
2025-03-18 12:45:00,863.48,864.13,863.03,863.45,107862,-0.3388,0.2159,-256.92,855.2500,0.96
2025-03-18 12:50:00,863.43,864.75,863.43,864.75,112534,-0.2350,0.2159,-208.85,855.2500,1.11
2025-03-18 12:55:00,864.75,865,864.55,864.78,120280,-0.1578,0.2159,-173.09,855.2500,1.11
2025-03-18 13:00:00,864.78,865,864.55,864.8,92710,-0.1014,0.2159,-146.97,855.2500,1.12
2025-03-18 13:05:00,864.8,865.25,864.5,865.1,104764,-0.0431,0.2159,-119.96,855.2500,1.15
2025-03-18 13:10:00,865.03,865.18,864.83,864.95,82164,-0.0152,0.2159,-107.04,855.2500,1.13
2025-03-18 13:15:00,864.95,865.5,864.9,865.5,128240,0.0369,0.2159,-82.91,855.2500,1.20
2025-03-18 13:20:00,865.5,866,865.4,865.78,156476,0.0841,0.2159,-61.05,855.2500,1.23
2025-03-18 13:25:00,865.83,865.83,865.15,865.63,87288,0.0982,0.2159,-54.52,855.2500,1.21
2025-03-18 13:30:00,865.63,866,865.33,865.43,105716,0.0872,0.2159,-59.61,855.2500,1.19
2025-03-18 13:35:00,865.43,866,865.05,865.95,101996,0.1070,0.2159,-50.44,855.2500,1.25
2025-03-18 13:40:00,865.95,866.25,865.78,866.25,122614,0.1307,0.2159,-39.46,855.2500,1.29
2025-03-18 13:45:00,866.25,866.25,865.5,865.6,105428,0.0947,0.2159,-56.14,855.2500,1.21
2025-03-18 13:50:00,865.6,866.25,865.35,865.98,111808,0.0887,0.2159,-58.92,855.2500,1.25
2025-03-18 13:55:00,865.98,866.48,865.83,865.93,102352,0.0741,0.2159,-65.68,855.2500,1.25
2025-03-18 14:00:00,865.93,866.5,865.4,865.48,123600,0.0292,0.2159,-86.48,855.2500,1.20
2025-03-18 14:05:00,865.45,865.78,864.75,865.1,249254,-0.0279,0.2159,-112.92,855.2500,1.15
2025-03-18 14:10:00,865.1,865.1,864.68,864.95,123358,-0.0749,0.2159,-134.69,855.2500,1.13
2025-03-18 14:15:00,864.95,865.08,864.33,864.95,606212,-0.1034,0.2159,-147.89,855.2500,1.13
2025-03-18 14:20:00,864.95,865.58,864.5,865,238430,-0.1154,0.2159,-153.45,855.2500,1.14
2025-03-18 14:25:00,865,866.93,864.95,866.63,411296,-0.0152,0.2159,-107.04,855.2500,1.33
2025-03-18 14:30:00,866.6,866.7,865.1,865.85,251138,-0.0039,0.2159,-101.81,855.2500,1.24
2025-03-18 14:35:00,865.85,865.98,864.6,864.73,251578,-0.0705,0.2159,-132.65,855.2500,1.11
2025-03-18 14:40:00,864.78,865.68,864.68,864.75,226206,-0.1095,0.2159,-150.72,855.2500,1.11
2025-03-18 14:45:00,864.85,865.95,864.78,865.4,338720,-0.0887,0.2159,-141.08,855.2500,1.19
2025-03-18 14:50:00,865.43,865.75,865.23,865.65,282044,-0.0569,0.2159,-126.35,855.2500,1.22
2025-03-18 14:55:00,865.65,866.25,865.4,865.78,389330,-0.0273,0.2159,-112.64,855.2500,1.23
2025-03-18 15:00:00,865.8,867,865.2,865.53,579356,-0.0249,0.2159,-111.53,855.2500,1.20
2025-03-18 15:05:00,865.53,865.7,863.9,864.88,810532,-0.0652,0.2159,-130.20,855.2500,1.13
2025-03-18 15:10:00,865,865.9,864.38,865.43,599660,-0.0533,0.2159,-124.69,855.2500,1.19
2025-03-18 15:15:00,865.43,867.4,865.23,867.4,531104,0.0814,0.2159,-62.30,855.2500,1.42
2025-03-18 15:20:00,867.33,868,867.2,868,622166,0.1984,0.2159,-8.11,855.2500,1.49
2025-03-18 15:25:00,867.98,868.48,866.35,867.8,462550,0.2466,0.2159,14.22,855.2500,1.47
2025-03-19 09:15:00,867.6,872.95,867.43,872.95,734782,0.5901,0.2466,139.29,867.8000,0.59
2025-03-19 09:20:00,872.9,873.03,869.63,869.93,263024,0.5779,0.2466,134.35,867.8000,0.25
2025-03-19 09:25:00,869.93,869.98,868.55,869.1,185126,0.4819,0.2466,95.42,867.8000,0.15
2025-03-19 09:30:00,869.13,869.53,868.5,868.8,127552,0.3710,0.2466,50.45,867.8000,0.12
2025-03-19 09:35:00,868.65,868.8,867.1,867.35,147144,0.1825,0.2466,-25.99,867.8000,-0.05
2025-03-19 09:40:00,867.35,869.1,867.35,868.48,112380,0.1193,0.2466,-51.62,867.8000,0.08
2025-03-19 09:45:00,868.45,868.9,867.5,867.5,117762,0.0032,0.2466,-98.70,867.8000,-0.03
2025-03-19 09:50:00,867.53,867.93,866.7,867.55,164284,-0.0744,0.2466,-130.17,867.8000,-0.03
2025-03-19 09:55:00,867.4,867.53,866.1,866.98,116898,-0.1631,0.2466,-166.14,867.8000,-0.09
2025-03-19 10:00:00,866.95,867.5,866.5,867.38,105778,-0.1918,0.2466,-177.78,867.8000,-0.05
2025-03-19 10:05:00,867.28,867.5,866.5,866.53,92716,-0.2609,0.2466,-205.80,867.8000,-0.15
2025-03-19 10:10:00,866.53,868,866.18,867.8,139620,-0.2156,0.2466,-187.43,867.8000,0.00
2025-03-19 10:15:00,867.83,868.98,867.8,868.98,143342,-0.1064,0.2466,-143.15,867.8000,0.14
2025-03-19 10:20:00,868.95,869,868.05,868.8,98056,-0.0493,0.2466,-119.99,867.8000,0.12
2025-03-19 10:25:00,868.83,868.95,868.13,868.68,89334,-0.0239,0.2466,-109.69,867.8000,0.10
2025-03-19 10:30:00,868.68,869,868.33,868.83,110650,-0.0025,0.2466,-101.01,867.8000,0.12
2025-03-19 10:35:00,868.83,870,868.75,869.88,148078,0.0727,0.2466,-70.52,867.8000,0.24
2025-03-19 10:40:00,869.85,871.25,869.75,871.2,198816,0.1949,0.2466,-20.97,867.8000,0.39
2025-03-19 10:45:00,871.23,872,870.9,871.13,152560,0.2508,0.2466,1.70,867.8000,0.38
2025-03-19 10:50:00,871.1,871.83,870.6,871.6,104314,0.2962,0.2466,20.11,867.8000,0.44
2025-03-19 10:55:00,871.63,872.5,871.58,872.45,156814,0.3563,0.2466,44.48,867.8000,0.54
2025-03-19 11:00:00,872.48,873.5,872.45,872.98,183312,0.4011,0.2466,62.65,867.8000,0.60
2025-03-19 11:05:00,873,874,872.55,873.88,108166,0.4567,0.2466,85.20,867.8000,0.70
2025-03-19 11:10:00,873.83,875,873.8,875,303614,0.5291,0.2466,114.56,867.8000,0.83
2025-03-19 11:15:00,875,875.5,872.98,873.48,341246,0.4387,0.2466,77.90,867.8000,0.65
2025-03-19 11:20:00,873.45,873.85,872.53,872.98,66432,0.3149,0.2466,27.70,867.8000,0.60
2025-03-19 11:25:00,872.68,873.45,872.15,873.45,79428,0.2380,0.2466,-3.49,867.8000,0.65
2025-03-19 11:30:00,873.43,874,873.18,873.85,120912,0.1895,0.2466,-23.15,867.8000,0.70
2025-03-19 11:35:00,873.88,874,873.48,873.5,70344,0.1129,0.2466,-54.22,867.8000,0.66
2025-03-19 11:40:00,873.53,874,872.9,873,73450,0.0131,0.2466,-94.69,867.8000,0.60
2025-03-19 11:45:00,873.03,873.38,872.55,872.83,89536,-0.0752,0.2466,-130.49,867.8000,0.58
2025-03-19 11:50:00,872.8,873.43,872.48,872.98,121792,-0.1309,0.2466,-153.08,867.8000,0.60
2025-03-19 11:55:00,872.78,873.5,872.58,873.43,69734,-0.1439,0.2466,-158.35,867.8000,0.65
2025-03-19 12:00:00,873.4,873.5,872.78,873.28,94178,-0.1674,0.2466,-167.88,867.8000,0.63
2025-03-19 12:05:00,873.28,873.5,872.63,873,102754,-0.2042,0.2466,-182.81,867.8000,0.60
2025-03-19 12:10:00,872.98,873,872.05,872.25,86428,-0.2768,0.2466,-212.25,867.8000,0.51
2025-03-19 12:15:00,872.28,873,872.13,872.73,124500,-0.2891,0.2466,-217.23,867.8000,0.57
2025-03-19 12:20:00,872.5,873.13,872.48,872.78,120930,-0.2896,0.2466,-217.44,867.8000,0.57
2025-03-19 12:25:00,872.88,873.5,872.75,872.88,107142,-0.2788,0.2466,-213.06,867.8000,0.59
2025-03-19 12:30:00,872.88,873,872.45,872.85,73152,-0.2693,0.2466,-209.21,867.8000,0.58
2025-03-19 12:35:00,872.85,873.45,872.63,872.88,103674,-0.2565,0.2466,-204.01,867.8000,0.59
2025-03-19 12:40:00,872.88,873.25,872.68,873.23,84960,-0.2215,0.2466,-189.82,867.8000,0.63
2025-03-19 12:45:00,873.25,873.5,872.65,873.43,101420,-0.1833,0.2466,-174.33,867.8000,0.65
2025-03-19 12:50:00,873.43,873.95,873.08,873.23,189040,-0.1703,0.2466,-169.06,867.8000,0.63
2025-03-19 12:55:00,873.2,874,873.08,873.98,121544,-0.1127,0.2466,-145.70,867.8000,0.71
2025-03-19 13:00:00,874,874.5,873.55,873.65,100524,-0.0989,0.2466,-140.11,867.8000,0.67
2025-03-19 13:05:00,873.65,874,872.85,873.08,105054,-0.1283,0.2466,-152.03,867.8000,0.61
2025-03-19 13:10:00,873.05,873.35,872.5,873.05,108516,-0.1485,0.2466,-160.22,867.8000,0.60
2025-03-19 13:15:00,873.2,873.5,872.1,872.75,151892,-0.1788,0.2466,-172.51,867.8000,0.57
2025-03-19 13:20:00,872.73,873,872.1,872.68,143228,-0.1988,0.2466,-180.62,867.8000,0.56
2025-03-19 13:25:00,872.68,873.05,872.3,872.83,107964,-0.1967,0.2466,-179.76,867.8000,0.58
2025-03-19 13:30:00,872.83,873.15,872.68,872.83,90668,-0.1900,0.2466,-177.05,867.8000,0.58
2025-03-19 13:35:00,872.85,873.43,872.53,873.2,109730,-0.1568,0.2466,-163.58,867.8000,0.62
2025-03-19 13:40:00,873.25,873.25,872.78,873.23,80050,-0.1300,0.2466,-152.72,867.8000,0.63
2025-03-19 13:45:00,873.25,873.25,872.5,873.23,115364,-0.1102,0.2466,-144.69,867.8000,0.63
2025-03-19 13:50:00,873.2,873.45,872.9,873.4,124700,-0.0848,0.2466,-134.39,867.8000,0.65
2025-03-19 13:55:00,873.4,873.5,873.1,873.4,105236,-0.0679,0.2466,-127.53,867.8000,0.65
2025-03-19 14:00:00,873.43,874,873.25,874,121124,-0.0187,0.2466,-107.58,867.8000,0.71
2025-03-19 14:05:00,873.98,874,873.15,873.53,117810,-0.0201,0.2466,-108.15,867.8000,0.66
2025-03-19 14:10:00,873.55,874.15,872.85,873.48,619978,-0.0263,0.2466,-110.67,867.8000,0.65
2025-03-19 14:15:00,873.45,873.5,872.93,873.45,124364,-0.0338,0.2466,-113.71,867.8000,0.65
2025-03-19 14:20:00,873.48,873.9,873.05,873.6,114282,-0.0302,0.2466,-112.25,867.8000,0.67
2025-03-19 14:25:00,873.58,874,873.33,873.98,112406,-0.0051,0.2466,-102.07,867.8000,0.71
2025-03-19 14:30:00,873.98,874,873,873.4,182946,-0.0291,0.2466,-111.80,867.8000,0.65
2025-03-19 14:35:00,873.28,873.5,872.45,873.5,181426,-0.0391,0.2466,-115.86,867.8000,0.66
2025-03-19 14:40:00,873.45,873.58,872.5,873.25,153582,-0.0621,0.2466,-125.18,867.8000,0.63
2025-03-19 14:45:00,873.23,873.38,872.15,872.6,338586,-0.1174,0.2466,-147.61,867.8000,0.55
2025-03-19 14:50:00,872.55,873.23,872.43,873,273738,-0.1228,0.2466,-149.80,867.8000,0.60
2025-03-19 14:55:00,872.9,873.3,872.53,872.65,282258,-0.1441,0.2466,-158.43,867.8000,0.56
2025-03-19 15:00:00,872.65,872.75,871.7,872,699116,-0.1933,0.2466,-178.39,867.8000,0.48
2025-03-19 15:05:00,872,872.18,871.4,872.1,685980,-0.2089,0.2466,-184.71,867.8000,0.50
2025-03-19 15:10:00,872.13,872.45,871.8,871.93,749590,-0.2194,0.2466,-188.97,867.8000,0.48
2025-03-19 15:15:00,871.95,872.5,871.5,871.98,870936,-0.2117,0.2466,-185.85,867.8000,0.48
2025-03-19 15:20:00,872,872.58,871.55,872.43,801316,-0.1670,0.2466,-167.72,867.8000,0.53
2025-03-19 15:25:00,872.4,872.5,871.75,871.98,498842,-0.1584,0.2466,-164.23,867.8000,0.48
2025-03-20 09:15:00,876.4,877.48,874.7,876.3,913706,0.1318,-0.1584,-183.21,871.9800,0.50
2025-03-20 09:20:00,876.2,876.5,874.78,876.4,250606,0.3138,-0.1584,-298.11,871.9800,0.51
2025-03-20 09:25:00,876.48,876.75,875.68,876.45,327376,0.4144,-0.1584,-361.62,871.9800,0.51
2025-03-20 09:30:00,876.48,876.75,876,876.33,131338,0.4470,-0.1584,-382.20,871.9800,0.50
2025-03-20 09:35:00,876.33,877.25,876.33,876.45,116344,0.4495,-0.1584,-383.78,871.9800,0.51
2025-03-20 09:40:00,876.48,878.43,875.8,878.03,294830,0.5252,-0.1584,-431.57,871.9800,0.69
2025-03-20 09:45:00,878.03,878.5,876.43,876.8,204308,0.4623,-0.1584,-391.86,871.9800,0.55
2025-03-20 09:50:00,876.68,877.33,876.38,876.9,188722,0.3996,-0.1584,-352.27,871.9800,0.56
2025-03-20 09:55:00,876.93,876.95,875.18,875.5,231700,0.2437,-0.1584,-253.85,871.9800,0.40
2025-03-20 10:00:00,875.25,877.25,875,877.1,256888,0.2284,-0.1584,-244.19,871.9800,0.59
2025-03-20 10:05:00,877.23,877.25,876.15,877.18,130554,0.2046,-0.1584,-229.17,871.9800,0.60
2025-03-20 10:10:00,877.05,877.25,875.45,876,190836,0.0958,-0.1584,-160.48,871.9800,0.46
2025-03-20 10:15:00,876,876.95,875.75,876.33,337212,0.0356,-0.1584,-122.47,871.9800,0.50
2025-03-20 10:20:00,876.3,877,876.1,876.65,114970,0.0082,-0.1584,-105.18,871.9800,0.54
2025-03-20 10:25:00,876.65,877,876.35,876.75,143882,-0.0111,-0.1584,-92.99,871.9800,0.55
2025-03-20 10:30:00,876.78,876.95,876.3,876.9,185108,-0.0213,-0.1584,-86.55,871.9800,0.56
2025-03-20 10:35:00,876.8,877.5,876.13,876.55,193380,-0.0569,-0.1584,-64.08,871.9800,0.52
2025-03-20 10:40:00,876.75,876.75,876.15,876.3,89214,-0.1002,-0.1584,-36.74,871.9800,0.50
2025-03-20 10:45:00,876.5,876.75,876.3,876.33,89134,-0.1279,-0.1584,-19.26,871.9800,0.50
2025-03-20 10:50:00,876.3,876.78,876.13,876.73,95130,-0.1205,-0.1584,-23.93,871.9800,0.54
2025-03-20 10:55:00,876.45,877,876.4,876.78,108066,-0.1135,-0.1584,-28.35,871.9800,0.55
2025-03-20 11:00:00,876.75,877.45,876.7,876.98,167742,-0.0973,-0.1584,-38.57,871.9800,0.57
2025-03-20 11:05:00,876.98,877,876.63,876.78,83186,-0.1016,-0.1584,-35.86,871.9800,0.55
2025-03-20 11:10:00,876.75,877.25,876.68,877.03,104934,-0.0894,-0.1584,-43.56,871.9800,0.58
2025-03-20 11:15:00,876.93,877.08,876.73,877,103374,-0.0852,-0.1584,-46.21,871.9800,0.58
2025-03-20 11:20:00,877,877.23,876.73,876.85,90150,-0.0938,-0.1584,-40.78,871.9800,0.56
2025-03-20 11:25:00,876.8,876.95,876.35,876.43,157752,-0.1269,-0.1584,-19.89,871.9800,0.51
2025-03-20 11:30:00,876.43,876.5,876.05,876.28,79480,-0.1561,-0.1584,-1.45,871.9800,0.49
2025-03-20 11:35:00,876.28,876.95,876.18,876.48,176598,-0.1587,-0.1584,0.19,871.9800,0.52
2025-03-20 11:40:00,876.48,876.5,875.88,876,105896,-0.1875,-0.1584,18.37,871.9800,0.46
2025-03-20 11:45:00,875.95,876.35,875.75,876.05,119052,-0.1969,-0.1584,24.31,871.9800,0.47
2025-03-20 11:50:00,875.88,876.55,875.78,876.2,150430,-0.1869,-0.1584,17.99,871.9800,0.48
2025-03-20 11:55:00,876.2,876.5,876.15,876.3,117758,-0.1680,-0.1584,6.06,871.9800,0.50
2025-03-20 12:00:00,876.15,876.5,875.83,876.28,139112,-0.1517,-0.1584,-4.23,871.9800,0.49
2025-03-20 12:05:00,876.33,876.38,875.68,876,112504,-0.1543,-0.1584,-2.59,871.9800,0.46
2025-03-20 12:10:00,875.8,876.23,875.55,875.93,119820,-0.1547,-0.1584,-2.34,871.9800,0.45
2025-03-20 12:15:00,875.85,876,875.43,876,173314,-0.1445,-0.1584,-8.78,871.9800,0.46
2025-03-20 12:20:00,876,876,875.08,875.48,132330,-0.1655,-0.1584,4.48,871.9800,0.40
2025-03-20 12:25:00,875.45,875.45,874.68,874.9,189984,-0.2084,-0.1584,31.57,871.9800,0.33
2025-03-20 12:30:00,874.9,875.5,874.65,875.43,234100,-0.1915,-0.1584,20.90,871.9800,0.40
2025-03-20 12:35:00,875.43,876.48,875.35,876.4,166266,-0.1094,-0.1584,-30.93,871.9800,0.51
2025-03-20 12:40:00,876.1,876.5,875.93,876.38,145118,-0.0538,-0.1584,-66.04,871.9800,0.50
2025-03-20 12:45:00,876.38,877.48,876.13,877.48,231508,0.0540,-0.1584,-134.09,871.9800,0.63
2025-03-20 12:50:00,877.48,879,876.98,877.9,339248,0.1453,-0.1584,-191.73,871.9800,0.68
2025-03-20 12:55:00,877.9,878.75,877.68,878.75,177006,0.2486,-0.1584,-256.94,871.9800,0.78
2025-03-20 13:00:00,878.75,879.3,878.28,879.2,203942,0.3279,-0.1584,-307.01,871.9800,0.83
2025-03-20 13:05:00,879.2,880.5,878.78,879.75,407922,0.3936,-0.1584,-348.48,871.9800,0.89
2025-03-20 13:10:00,879.93,881,879.68,880.95,190080,0.4879,-0.1584,-408.02,871.9800,1.03
2025-03-20 13:15:00,880.95,881.75,880.25,881.75,261610,0.5687,-0.1584,-459.03,871.9800,1.12
2025-03-20 13:20:00,881.65,882.8,881.23,882.6,319946,0.6385,-0.1584,-503.09,871.9800,1.22
2025-03-20 13:25:00,882.6,882.88,881.7,881.83,121496,0.5930,-0.1584,-474.37,871.9800,1.13
2025-03-20 13:30:00,881.95,883.95,881.88,883.15,199790,0.6097,-0.1584,-484.91,871.9800,1.28
2025-03-20 13:35:00,882.83,883.83,882.38,882.85,189946,0.5596,-0.1584,-453.28,871.9800,1.25
2025-03-20 13:40:00,882.83,884,882.4,883.33,211142,0.5189,-0.1584,-427.59,871.9800,1.30
2025-03-20 13:45:00,883.33,884,883.03,883.7,177218,0.4779,-0.1584,-401.70,871.9800,1.34
2025-03-20 13:50:00,883.7,884.75,883.33,884.3,183664,0.4525,-0.1584,-385.67,871.9800,1.41
2025-03-20 13:55:00,884.15,885,883.73,884.83,271200,0.4328,-0.1584,-373.23,871.9800,1.47
2025-03-20 14:00:00,884.83,885.5,883.78,885.15,205804,0.4032,-0.1584,-354.55,871.9800,1.51
2025-03-20 14:05:00,885.05,885.48,884.5,884.8,206704,0.3253,-0.1584,-305.37,871.9800,1.47
2025-03-20 14:10:00,884.8,885.38,883.25,883.48,213484,0.1585,-0.1584,-200.06,871.9800,1.32
2025-03-20 14:15:00,883.38,884.4,883.38,884,142534,0.0619,-0.1584,-139.08,871.9800,1.38
2025-03-20 14:20:00,883.7,886.33,883.5,886,250918,0.1087,-0.1584,-168.62,871.9800,1.61
2025-03-20 14:25:00,885.98,886.58,885,886.35,757762,0.1372,-0.1584,-186.62,871.9800,1.65
2025-03-20 14:30:00,886.35,887,885.8,886.75,419664,0.1558,-0.1584,-198.36,871.9800,1.69
2025-03-20 14:35:00,886.55,886.93,885.75,886.05,283068,0.0966,-0.1584,-160.98,871.9800,1.61
2025-03-20 14:40:00,886.03,886.3,884.75,885.58,209388,0.0061,-0.1584,-103.85,871.9800,1.56
2025-03-20 14:45:00,885.58,886.15,885.2,885.75,133838,-0.0583,-0.1584,-63.19,871.9800,1.58
2025-03-20 14:50:00,885.78,886.68,885.28,885.98,261854,-0.0991,-0.1584,-37.44,871.9800,1.61
2025-03-20 14:55:00,885.7,886.25,884.65,885.3,285080,-0.1807,-0.1584,14.08,871.9800,1.53
2025-03-20 15:00:00,885.45,885.85,884.75,885.1,554510,-0.2527,-0.1584,59.53,871.9800,1.50
2025-03-20 15:05:00,885.13,885.4,884.45,884.95,414402,-0.3111,-0.1584,96.40,871.9800,1.49
2025-03-20 15:10:00,884.93,884.95,883.5,883.7,514222,-0.4273,-0.1584,169.76,871.9800,1.34
2025-03-20 15:15:00,883.68,884.83,883.28,884.05,570794,-0.4707,-0.1584,197.16,871.9800,1.38
2025-03-20 15:20:00,884.05,884.08,883,883.63,441958,-0.5141,-0.1584,224.56,871.9800,1.34
2025-03-20 15:25:00,883.63,884.95,883.25,883.3,331008,-0.5485,-0.1584,246.28,871.9800,1.30
2025-03-21 09:15:00,878.3,886.48,878.3,885.33,1040216,-0.4234,-0.5485,-22.81,883.3000,0.23
2025-03-21 09:20:00,885.33,885.33,880.88,881.15,538498,-0.6004,-0.5485,9.46,883.3000,-0.24
2025-03-21 09:25:00,881.08,881.5,879.53,880.5,418460,-0.7307,-0.5485,33.22,883.3000,-0.32
2025-03-21 09:30:00,880.5,881.73,878.95,881.68,550640,-0.7066,-0.5485,28.82,883.3000,-0.18
2025-03-21 09:35:00,881.68,881.8,880.05,880.5,120500,-0.7358,-0.5485,34.15,883.3000,-0.32
2025-03-21 09:40:00,880.4,881.68,879.78,881.4,211158,-0.6626,-0.5485,20.80,883.3000,-0.22
2025-03-21 09:45:00,881.48,881.6,880.8,880.93,105538,-0.6149,-0.5485,12.11,883.3000,-0.27
2025-03-21 09:50:00,880.95,882.98,880.93,882.33,194476,-0.4650,-0.5485,-15.22,883.3000,-0.11
2025-03-21 09:55:00,882.4,882.83,881.38,881.88,219142,-0.3758,-0.5485,-31.49,883.3000,-0.16
2025-03-21 10:00:00,881.88,882,880.63,881.18,119296,-0.3445,-0.5485,-37.19,883.3000,-0.24
2025-03-21 10:05:00,881.18,881.83,880.78,881.38,123818,-0.2929,-0.5485,-46.60,883.3000,-0.22
2025-03-21 10:10:00,881.38,881.95,881,881.93,281778,-0.2083,-0.5485,-62.02,883.3000,-0.16
2025-03-21 10:15:00,881.93,882.25,881.5,882.08,89804,-0.1325,-0.5485,-75.84,883.3000,-0.14
2025-03-21 10:20:00,882.05,882.43,881.1,881.5,352378,-0.1124,-0.5485,-79.51,883.3000,-0.20
2025-03-21 10:25:00,881.5,882.3,881.05,882.13,232554,-0.0509,-0.5485,-90.72,883.3000,-0.13
2025-03-21 10:30:00,882.2,883,881.78,882.6,339626,0.0233,-0.5485,-104.25,883.3000,-0.08
2025-03-21 10:35:00,882.5,883.08,882.1,882.3,335928,0.0524,-0.5485,-109.55,883.3000,-0.11
2025-03-21 10:40:00,882.3,883.33,882.1,883.08,181800,0.1204,-0.5485,-121.95,883.3000,-0.02
2025-03-21 10:45:00,883.03,885,882.88,884.9,371496,0.2755,-0.5485,-150.23,883.3000,0.18
2025-03-21 10:50:00,884.9,885.28,883.65,884.45,338764,0.3314,-0.5485,-160.42,883.3000,0.13
2025-03-21 10:55:00,884.45,884.45,882.83,883.8,249988,0.3087,-0.5485,-156.28,883.3000,0.06
2025-03-21 11:00:00,883.83,884.25,883.33,883.6,513636,0.2660,-0.5485,-148.50,883.3000,0.03
2025-03-21 11:05:00,883.6,883.98,882.88,883.08,132604,0.1919,-0.5485,-134.99,883.3000,-0.02
2025-03-21 11:10:00,883.08,884.35,882.85,884.13,138506,0.2019,-0.5485,-136.81,883.3000,0.09
2025-03-21 11:15:00,884.15,884.48,883.05,883.85,229664,0.1786,-0.5485,-132.56,883.3000,0.06
2025-03-21 11:20:00,883.85,884.25,883.05,883.23,109332,0.1136,-0.5485,-120.71,883.3000,-0.01
2025-03-21 11:25:00,883.33,884.05,882.53,883.85,156542,0.1047,-0.5485,-119.09,883.3000,0.06
2025-03-21 11:30:00,883.65,884.43,883.18,883.93,137076,0.0968,-0.5485,-117.65,883.3000,0.07
2025-03-21 11:35:00,883.85,884.25,883.58,883.73,131620,0.0718,-0.5485,-113.09,883.3000,0.05
2025-03-21 11:40:00,883.73,885,882.7,883.48,486182,0.0341,-0.5485,-106.22,883.3000,0.02
2025-03-21 11:45:00,883.38,883.6,882.75,883,114536,-0.0244,-0.5485,-95.55,883.3000,-0.03
2025-03-21 11:50:00,882.88,883.48,882.6,883.15,127154,-0.0526,-0.5485,-90.41,883.3000,-0.02
2025-03-21 11:55:00,883.18,883.48,882.88,882.93,114296,-0.0838,-0.5485,-84.72,883.3000,-0.04
2025-03-21 12:00:00,882.9,883.38,882.65,883.2,83698,-0.0838,-0.5485,-84.72,883.3000,-0.01
2025-03-21 12:05:00,883.2,883.35,882.75,882.98,146128,-0.0953,-0.5485,-82.63,883.3000,-0.04
2025-03-21 12:10:00,883.05,884.05,882.78,883.05,232398,-0.0947,-0.5485,-82.73,883.3000,-0.03
2025-03-21 12:15:00,883.03,883.23,882.33,882.8,175590,-0.1067,-0.5485,-80.55,883.3000,-0.06
2025-03-21 12:20:00,882.8,883.8,882.58,883.4,201996,-0.0716,-0.5485,-86.95,883.3000,0.01
2025-03-21 12:25:00,883.4,883.83,882.8,883.38,152804,-0.0481,-0.5485,-91.23,883.3000,0.01
2025-03-21 12:30:00,883.23,883.33,882.6,882.75,233284,-0.0720,-0.5485,-86.87,883.3000,-0.06
2025-03-21 12:35:00,882.78,882.88,881.7,882.23,316606,-0.1172,-0.5485,-78.63,883.3000,-0.12
2025-03-21 12:40:00,882.23,882.95,881.88,882.68,258332,-0.1111,-0.5485,-79.74,883.3000,-0.07
2025-03-21 12:45:00,882.8,882.95,882.05,882.65,634582,-0.1036,-0.5485,-81.11,883.3000,-0.07
2025-03-21 12:50:00,882.63,883,882.15,882.48,240376,-0.1044,-0.5485,-80.97,883.3000,-0.09
2025-03-21 12:55:00,882.5,882.93,881.9,882.1,277242,-0.1234,-0.5485,-77.50,883.3000,-0.14
2025-03-21 13:00:00,882.13,882.45,881.45,881.73,258470,-0.1519,-0.5485,-72.31,883.3000,-0.18
2025-03-21 13:05:00,881.53,882.25,881.38,881.88,249000,-0.1514,-0.5485,-72.40,883.3000,-0.16
2025-03-21 13:10:00,881.93,882.5,881.58,882.03,393156,-0.1323,-0.5485,-75.88,883.3000,-0.14
2025-03-21 13:15:00,882.03,882.5,881.13,882.3,408400,-0.0947,-0.5485,-82.73,883.3000,-0.11
2025-03-21 13:20:00,882.25,883.5,882.25,883.3,280340,-0.0006,-0.5485,-99.89,883.3000,0.00
2025-03-21 13:25:00,883.33,884.5,883.25,883.93,307222,0.1003,-0.5485,-118.29,883.3000,0.07
2025-03-21 13:30:00,884,884.48,882.5,882.7,254614,0.0813,-0.5485,-114.82,883.3000,-0.07
2025-03-21 13:35:00,882.7,883.03,880.73,880.93,254730,-0.0465,-0.5485,-91.52,883.3000,-0.27
2025-03-21 13:40:00,880.93,882.5,880.4,881.75,273882,-0.0704,-0.5485,-87.16,883.3000,-0.18
2025-03-21 13:45:00,881.75,882.5,881.15,881.43,176660,-0.1006,-0.5485,-81.66,883.3000,-0.21
2025-03-21 13:50:00,881.5,881.95,879.9,880,187074,-0.2036,-0.5485,-62.88,883.3000,-0.37
2025-03-21 13:55:00,879.9,880.98,879.4,880.8,209658,-0.2042,-0.5485,-62.77,883.3000,-0.28
2025-03-21 14:00:00,880.7,881.83,880.53,880.83,199076,-0.1892,-0.5485,-65.51,883.3000,-0.28
2025-03-21 14:05:00,880.78,882.28,880.78,881.83,157066,-0.1029,-0.5485,-81.24,883.3000,-0.17
2025-03-21 14:10:00,881.83,882.75,881.3,881.75,184504,-0.0452,-0.5485,-91.76,883.3000,-0.18
2025-03-21 14:15:00,881.75,882.4,881.4,882.1,158726,0.0193,-0.5485,-103.52,883.3000,-0.14
2025-03-21 14:20:00,882.13,882.88,881.28,882.7,1049202,0.1004,-0.5485,-118.30,883.3000,-0.07
2025-03-21 14:25:00,882.5,883.28,882.4,883.03,245344,0.1703,-0.5485,-131.05,883.3000,-0.03
2025-03-21 14:30:00,882.9,883.5,882.68,882.95,184378,0.2029,-0.5485,-136.99,883.3000,-0.04
2025-03-21 14:35:00,883,883.25,882.48,882.9,196168,0.2119,-0.5485,-138.63,883.3000,-0.05
2025-03-21 14:40:00,882.8,883.28,882.4,883.03,151340,0.2166,-0.5485,-139.49,883.3000,-0.03
2025-03-21 14:45:00,882.8,883.13,881.98,882.45,208016,0.1726,-0.5485,-131.47,883.3000,-0.10
2025-03-21 14:50:00,882.45,883.13,882.28,882.6,1037710,0.1466,-0.5485,-126.73,883.3000,-0.08
2025-03-21 14:55:00,882.65,883.88,882.1,883.35,545380,0.1711,-0.5485,-131.19,883.3000,0.01
2025-03-21 15:00:00,883.05,885,883,884.63,2862972,0.2595,-0.5485,-147.31,883.3000,0.15
2025-03-21 15:05:00,884.53,885.65,884.2,885.23,2316760,0.3393,-0.5485,-161.86,883.3000,0.22
2025-03-21 15:10:00,885.2,885.33,884.55,884.88,2284248,0.3481,-0.5485,-163.46,883.3000,0.18
2025-03-21 15:15:00,884.88,885.95,884.25,885.63,2309672,0.3814,-0.5485,-169.54,883.3000,0.26
2025-03-21 15:20:00,885.65,886.1,885.63,886.08,2100130,0.4082,-0.5485,-174.42,883.3000,0.31
2025-03-21 15:25:00,886.05,887.05,884.28,886.25,1718176,0.4108,-0.5485,-174.90,883.3000,0.33
2025-03-24 09:15:00,889.48,889.5,886.83,888.33,806302,0.5191,0.4108,26.36,886.2500,0.23
2025-03-24 09:20:00,888.4,892,888.18,891.8,396224,0.7754,0.4108,88.75,886.2500,0.63
2025-03-24 09:25:00,891.75,892.98,891.23,892.03,441930,0.9025,0.4108,119.69,886.2500,0.65
2025-03-24 09:30:00,891.88,892,890.25,890.98,339254,0.8582,0.4108,108.91,886.2500,0.53
2025-03-24 09:35:00,891,892,890.53,890.65,225060,0.7529,0.4108,83.28,886.2500,0.50
2025-03-24 09:40:00,890.68,892,889.5,891.05,195748,0.6596,0.4108,60.56,886.2500,0.54
2025-03-24 09:45:00,891.08,893.98,891.08,893.75,275952,0.7241,0.4108,76.27,886.2500,0.85
2025-03-24 09:50:00,893.75,895.45,893.5,893.5,343062,0.6942,0.4108,68.99,886.2500,0.82
2025-03-24 09:55:00,893.5,895,893.5,894.95,102500,0.7135,0.4108,73.69,886.2500,0.98
2025-03-24 10:00:00,894.95,896.25,894.4,895.4,229052,0.6974,0.4108,69.77,886.2500,1.03
2025-03-24 10:05:00,895.33,896.98,895.23,896.75,175062,0.7156,0.4108,74.20,886.2500,1.18
2025-03-24 10:10:00,896.6,897.5,896.18,897.2,249078,0.6953,0.4108,69.26,886.2500,1.24
2025-03-24 10:15:00,897.13,897.68,895.78,897.68,179680,0.6524,0.4108,58.81,886.2500,1.29
2025-03-24 10:20:00,897.58,897.7,896.03,896.5,134546,0.4900,0.4108,19.28,886.2500,1.16
2025-03-24 10:25:00,896.4,898.05,896.38,897.5,193136,0.3993,0.4108,-2.80,886.2500,1.27
2025-03-24 10:30:00,897.48,897.98,896.5,897.35,261182,0.2840,0.4108,-30.87,886.2500,1.25
2025-03-24 10:35:00,897.3,899.85,897.25,898.13,429130,0.2180,0.4108,-46.93,886.2500,1.34
2025-03-24 10:40:00,898.13,898.83,897.1,897.95,324764,0.1246,0.4108,-69.67,886.2500,1.32
2025-03-24 10:45:00,897.88,898.78,897.78,898.73,78852,0.0799,0.4108,-80.55,886.2500,1.41
2025-03-24 10:50:00,898.7,899,897.85,898.93,149340,0.0309,0.4108,-92.48,886.2500,1.43
2025-03-24 10:55:00,898.93,900.5,898.48,900.5,502006,0.0691,0.4108,-83.18,886.2500,1.61
2025-03-24 11:00:00,900.35,900.83,898.83,899.85,244184,0.0182,0.4108,-95.57,886.2500,1.53
2025-03-24 11:05:00,899.85,900.2,897.28,898.4,206010,-0.1371,0.4108,-133.37,886.2500,1.37
2025-03-24 11:10:00,898.43,899.3,898.03,899.05,131408,-0.2153,0.4108,-152.41,886.2500,1.44
2025-03-24 11:15:00,899,899.33,897.75,898,87218,-0.3490,0.4108,-184.96,886.2500,1.33
2025-03-24 11:20:00,898.03,898.78,896.2,897.3,183688,-0.4875,0.4108,-218.67,886.2500,1.25
2025-03-24 11:25:00,897.48,898.5,897.08,898.18,134506,-0.5197,0.4108,-226.51,886.2500,1.35
2025-03-24 11:30:00,898.18,898.6,897.75,898.15,109792,-0.5405,0.4108,-231.57,886.2500,1.34
2025-03-24 11:35:00,898.15,898.18,896.85,897.45,152530,-0.5946,0.4108,-244.74,886.2500,1.26
2025-03-24 11:40:00,897.45,898.5,897.45,897.9,79538,-0.5920,0.4108,-244.11,886.2500,1.31
2025-03-24 11:45:00,898,899.28,897.9,899.1,110868,-0.5048,0.4108,-222.88,886.2500,1.45
2025-03-24 11:50:00,899.1,899.78,898.5,899.78,236488,-0.4011,0.4108,-197.64,886.2500,1.53
2025-03-24 11:55:00,899.75,900,899,899.48,320448,-0.3542,0.4108,-186.22,886.2500,1.49
2025-03-24 12:00:00,899.45,899.48,898.33,898.93,62014,-0.3604,0.4108,-187.73,886.2500,1.43
2025-03-24 12:05:00,898.7,899.1,897.63,898.28,108778,-0.4053,0.4108,-198.66,886.2500,1.36
2025-03-24 12:10:00,898.28,899,898.28,898.4,88252,-0.4219,0.4108,-202.70,886.2500,1.37
2025-03-24 12:15:00,898.4,899.53,898.28,899.4,77790,-0.3628,0.4108,-188.32,886.2500,1.48
2025-03-24 12:20:00,899.4,899.7,899.1,899.48,95076,-0.3172,0.4108,-177.22,886.2500,1.49
2025-03-24 12:25:00,899.48,900,899,899.85,133134,-0.2633,0.4108,-164.09,886.2500,1.53
2025-03-24 12:30:00,899.9,900,899.3,899.5,102208,-0.2523,0.4108,-161.42,886.2500,1.50
2025-03-24 12:35:00,899.5,899.78,898.33,898.4,118744,-0.3161,0.4108,-176.95,886.2500,1.37
2025-03-24 12:40:00,898.4,898.63,897.48,897.78,159898,-0.3921,0.4108,-195.45,886.2500,1.30
2025-03-24 12:45:00,897.73,899,897.43,898.73,118036,-0.3706,0.4108,-190.21,886.2500,1.41
2025-03-24 12:50:00,898.58,899,898.43,898.9,130312,-0.3382,0.4108,-182.33,886.2500,1.43
2025-03-24 12:55:00,898.78,898.9,897.28,897.93,190052,-0.3725,0.4108,-190.68,886.2500,1.32
2025-03-24 13:00:00,897.9,898.48,897.18,897.98,202672,-0.3809,0.4108,-192.72,886.2500,1.32
2025-03-24 13:05:00,897.98,898.5,897.65,898.38,176756,-0.3494,0.4108,-185.05,886.2500,1.37
2025-03-24 13:10:00,898.33,898.48,897.75,898.23,164846,-0.3289,0.4108,-180.06,886.2500,1.35
2025-03-24 13:15:00,898.23,898.5,896.95,897,144846,-0.3845,0.4108,-193.60,886.2500,1.21
2025-03-24 13:20:00,896.98,897.9,896.95,897.33,106372,-0.3845,0.4108,-193.60,886.2500,1.25
2025-03-24 13:25:00,897.23,897.9,897.08,897.5,100518,-0.3590,0.4108,-187.39,886.2500,1.27
2025-03-24 13:30:00,897.5,897.5,896.48,897,185976,-0.3607,0.4108,-187.80,886.2500,1.21
2025-03-24 13:35:00,896.98,897.35,896.88,897.08,106688,-0.3416,0.4108,-183.15,886.2500,1.22
2025-03-24 13:40:00,897.05,897.4,896.48,896.48,112746,-0.3530,0.4108,-185.93,886.2500,1.15
2025-03-24 13:45:00,896.48,896.63,895.65,896.2,173604,-0.3618,0.4108,-188.07,886.2500,1.12
2025-03-24 13:50:00,896.18,897.43,896,896.85,123008,-0.3083,0.4108,-175.05,886.2500,1.20
2025-03-24 13:55:00,896.73,897.83,896.5,897.45,406970,-0.2210,0.4108,-153.80,886.2500,1.26
2025-03-24 14:00:00,897.73,898,897.18,897.93,109830,-0.1243,0.4108,-130.26,886.2500,1.32
2025-03-24 14:05:00,897.88,898,897.5,897.78,95998,-0.0666,0.4108,-116.21,886.2500,1.30
2025-03-24 14:10:00,897.78,899.5,897.15,899.4,192732,0.0766,0.4108,-81.35,886.2500,1.48
2025-03-24 14:15:00,899.5,899.85,898.68,899.68,188768,0.1803,0.4108,-56.11,886.2500,1.52
2025-03-24 14:20:00,899.65,900,899.58,899.9,225250,0.2495,0.4108,-39.26,886.2500,1.54
2025-03-24 14:25:00,899.95,901,899.75,900.88,354570,0.3414,0.4108,-16.89,886.2500,1.65
2025-03-24 14:30:00,900.83,901.5,899.8,901.28,318914,0.4049,0.4108,-1.44,886.2500,1.70
2025-03-24 14:35:00,901.15,901.5,900.58,901.13,237436,0.4113,0.4108,0.12,886.2500,1.68
2025-03-24 14:40:00,901.15,901.4,899.98,900.1,233200,0.3245,0.4108,-21.01,886.2500,1.56
2025-03-24 14:45:00,900.28,901,900.05,901,134948,0.3062,0.4108,-25.46,886.2500,1.66
2025-03-24 14:50:00,901,901.5,900.83,901.3,153374,0.2928,0.4108,-28.72,886.2500,1.70
2025-03-24 14:55:00,901.35,901.63,900.03,900.48,186132,0.2110,0.4108,-48.64,886.2500,1.61
2025-03-24 15:00:00,900.48,900.5,898.03,898.98,449228,0.0468,0.4108,-88.61,886.2500,1.44
2025-03-24 15:05:00,898.98,899.58,897.85,899.15,530876,-0.0539,0.4108,-113.12,886.2500,1.46
2025-03-24 15:10:00,899.15,899.53,898.58,899.48,435798,-0.0993,0.4108,-124.17,886.2500,1.49
2025-03-24 15:15:00,899.5,900.48,899.4,900.33,505878,-0.0742,0.4108,-118.06,886.2500,1.59
2025-03-24 15:20:00,900.33,901.35,900.28,901.23,526146,-0.0029,0.4108,-100.71,886.2500,1.69
2025-03-24 15:25:00,901.23,902.2,900.5,901.4,524866,0.0470,0.4108,-88.56,886.2500,1.71
2025-03-25 09:15:00,902.48,907.58,902.48,904.2,1441760,0.2487,0.0470,429.15,901.4000,0.31
2025-03-25 09:20:00,904.2,906.33,903.8,904.7,649350,0.3876,0.0470,724.68,901.4000,0.37
2025-03-25 09:25:00,904.7,905.05,900.75,904.15,683798,0.4119,0.0470,776.38,901.4000,0.31
2025-03-25 09:30:00,904.15,907.43,903.98,907.43,531526,0.6067,0.0470,1190.85,901.4000,0.67
2025-03-25 09:35:00,907.43,909.63,906.9,909.63,657604,0.8277,0.0470,1661.06,901.4000,0.91
2025-03-25 09:40:00,909.65,912.15,909.5,910.25,514218,0.9510,0.0470,1923.40,901.4000,0.98
2025-03-25 09:45:00,910.25,911.53,909.23,910.93,614380,1.0081,0.0470,2044.89,901.4000,1.06
2025-03-25 09:50:00,910.93,913.5,910.55,913.5,781414,1.1391,0.0470,2323.62,901.4000,1.34
2025-03-25 09:55:00,913.5,913.98,912.05,913.93,482164,1.1704,0.0470,2390.21,901.4000,1.39
2025-03-25 10:00:00,913.98,915.45,912.78,915.3,648210,1.1948,0.0470,2442.13,901.4000,1.54
2025-03-25 10:05:00,915.3,918.98,915.13,918.23,659720,1.3105,0.0470,2688.30,901.4000,1.87
2025-03-25 10:10:00,918.3,920.5,915.88,916.38,742726,1.1694,0.0470,2388.09,901.4000,1.66
2025-03-25 10:15:00,916.15,918.8,914.5,918.75,656720,1.1412,0.0470,2328.09,901.4000,1.92
2025-03-25 10:20:00,918.75,921.85,918.28,919.5,801806,1.0794,0.0470,2196.60,901.4000,2.01
2025-03-25 10:25:00,919.48,919.95,917.53,919.35,426850,0.9399,0.0470,1899.79,901.4000,1.99
2025-03-25 10:30:00,919.35,919.6,917.13,917.23,606854,0.6310,0.0470,1242.55,901.4000,1.76
2025-03-25 10:35:00,917.23,917.3,912.78,914.05,578994,0.1632,0.0470,247.23,901.4000,1.40
2025-03-25 10:40:00,914.05,915.55,912.53,914.95,454058,-0.1198,0.0470,-354.89,901.4000,1.50
2025-03-25 10:45:00,915,915.28,913,914.58,262602,-0.3528,0.0470,-850.64,901.4000,1.46
2025-03-25 10:50:00,914.6,915.75,914.03,914.83,390132,-0.5020,0.0470,-1168.09,901.4000,1.49
2025-03-25 10:55:00,914.85,914.98,913.18,913.95,373134,-0.6617,0.0470,-1507.87,901.4000,1.39
2025-03-25 11:00:00,913.98,913.98,910.83,912.85,346402,-0.8322,0.0470,-1870.64,901.4000,1.27
2025-03-25 11:05:00,912.85,913.83,912.5,913.33,355294,-0.8978,0.0470,-2010.21,901.4000,1.32
2025-03-25 11:10:00,913.33,915.2,913,914.98,286384,-0.8175,0.0470,-1839.36,901.4000,1.51
2025-03-25 11:15:00,914.98,916.13,914.5,916,436354,-0.6883,0.0470,-1564.47,901.4000,1.62
2025-03-25 11:20:00,915.98,917.28,915.25,915.33,201564,-0.6415,0.0470,-1464.89,901.4000,1.55
2025-03-25 11:25:00,915.35,916.43,914.78,916.3,176124,-0.5427,0.0470,-1254.68,901.4000,1.65
2025-03-25 11:30:00,916.3,918.65,916.28,917.9,461084,-0.3751,0.0470,-898.09,901.4000,1.83
2025-03-25 11:35:00,917.75,918.25,916.55,916.58,358136,-0.3585,0.0470,-862.77,901.4000,1.68
2025-03-25 11:40:00,916.55,917.5,915.1,915.5,511588,-0.4214,0.0470,-996.60,901.4000,1.56
2025-03-25 11:45:00,915.5,917.5,915.18,917.43,150678,-0.3377,0.0470,-818.51,901.4000,1.78
2025-03-25 11:50:00,917.43,919,915.6,918.83,262818,-0.1997,0.0470,-524.89,901.4000,1.93
2025-03-25 11:55:00,918.8,919.93,917.5,919.93,291992,-0.0534,0.0470,-213.62,901.4000,2.06
2025-03-25 12:00:00,919.93,920.5,918.3,919.23,391526,-0.0244,0.0470,-151.91,901.4000,1.98
2025-03-25 12:05:00,919.23,920.5,918.73,919.95,259176,0.0202,0.0470,-57.02,901.4000,2.06
2025-03-25 12:10:00,919.95,920.13,919.5,919.95,154528,0.0262,0.0470,-44.26,901.4000,2.06
2025-03-25 12:15:00,919.98,920.5,918.2,918.3,168914,-0.0975,0.0470,-307.45,901.4000,1.87
2025-03-25 12:20:00,918.28,920.5,917.85,920.43,260268,-0.0547,0.0470,-216.38,901.4000,2.11
2025-03-25 12:25:00,920.25,920.48,918.53,919.68,181562,-0.0934,0.0470,-298.72,901.4000,2.03
2025-03-25 12:30:00,919.5,920.23,918.28,918.53,206450,-0.2065,0.0470,-539.36,901.4000,1.90
2025-03-25 12:35:00,918.53,919.33,917.88,918.95,228650,-0.2596,0.0470,-652.34,901.4000,1.95
2025-03-25 12:40:00,918.95,919.88,918.25,919.5,182438,-0.2634,0.0470,-660.43,901.4000,2.01
2025-03-25 12:45:00,919.38,919.7,918.53,919.3,149446,-0.2834,0.0470,-702.98,901.4000,1.99
2025-03-25 12:50:00,919.28,919.58,918.88,919.25,298078,-0.3023,0.0470,-743.19,901.4000,1.98
2025-03-25 12:55:00,919.03,919.85,918.83,919.25,268312,-0.3157,0.0470,-771.70,901.4000,1.98
2025-03-25 13:00:00,919.25,919.85,918.85,919.7,176238,-0.2954,0.0470,-728.51,901.4000,2.03
2025-03-25 13:05:00,919.7,920,919.28,919.83,176216,-0.2748,0.0470,-684.68,901.4000,2.04
2025-03-25 13:10:00,919.83,920,919,919.28,213826,-0.2979,0.0470,-733.83,901.4000,1.98
2025-03-25 13:15:00,919.28,919.28,913.35,914.65,909282,-0.6069,0.0470,-1391.28,901.4000,1.47
2025-03-25 13:20:00,914.75,916.8,914.6,915.8,354220,-0.7086,0.0470,-1607.66,901.4000,1.60
2025-03-25 13:25:00,915.78,916.73,914.88,915,257086,-0.7979,0.0470,-1797.66,901.4000,1.51
2025-03-25 13:30:00,915.25,915.45,914.53,914.83,280816,-0.8327,0.0470,-1871.70,901.4000,1.49
2025-03-25 13:35:00,914.95,916.6,914.75,916.58,297770,-0.7070,0.0470,-1604.26,901.4000,1.68
2025-03-25 13:40:00,916.6,916.78,915.5,915.5,267524,-0.6665,0.0470,-1518.09,901.4000,1.56
2025-03-25 13:45:00,915.73,916.8,915.03,916.8,263396,-0.5279,0.0470,-1223.19,901.4000,1.71
2025-03-25 13:50:00,916.6,916.95,915.88,916.48,290864,-0.4374,0.0470,-1030.64,901.4000,1.67
2025-03-25 13:55:00,916.48,917.8,916.45,917.15,398846,-0.3176,0.0470,-775.74,901.4000,1.75
2025-03-25 14:00:00,917.38,917.4,915,915.35,286766,-0.3426,0.0470,-828.94,901.4000,1.55
2025-03-25 14:05:00,915.45,916.18,915.13,915.48,324442,-0.3331,0.0470,-808.72,901.4000,1.56
2025-03-25 14:10:00,915.48,916.13,915.1,915.28,293268,-0.3227,0.0470,-786.60,901.4000,1.54
2025-03-25 14:15:00,915.5,916.03,914,914,318358,-0.3806,0.0470,-909.79,901.4000,1.40
2025-03-25 14:20:00,914,915.68,913.55,914.85,375622,-0.3414,0.0470,-826.38,901.4000,1.49
2025-03-25 14:25:00,914.85,914.93,912.83,913.38,359124,-0.3907,0.0470,-931.28,901.4000,1.33
2025-03-25 14:30:00,913.35,913.43,912.43,913,437646,-0.4224,0.0470,-998.72,901.4000,1.29
2025-03-25 14:35:00,912.98,913,911.18,911.73,428178,-0.4972,0.0470,-1157.87,901.4000,1.15
2025-03-25 14:40:00,911.85,913,910.8,910.83,632910,-0.5705,0.0470,-1313.83,901.4000,1.05
2025-03-25 14:45:00,910.83,911.25,909.78,910,969916,-0.6331,0.0470,-1447.02,901.4000,0.95
2025-03-25 14:50:00,909.98,910,908.3,908.45,973606,-0.7303,0.0470,-1653.83,901.4000,0.78
2025-03-25 14:55:00,908.43,912.73,908.3,909.75,1260532,-0.6605,0.0470,-1505.32,901.4000,0.93
2025-03-25 15:00:00,909.75,910,907.25,909.98,1983080,-0.5565,0.0470,-1284.04,901.4000,0.95
2025-03-25 15:05:00,909.98,910.7,909.45,910.5,1028604,-0.4167,0.0470,-986.60,901.4000,1.01
2025-03-25 15:10:00,910.65,910.8,909.58,910.6,990892,-0.2877,0.0470,-712.13,901.4000,1.02
2025-03-25 15:15:00,910.58,913.18,909.45,912.85,1341734,-0.0344,0.0470,-173.19,901.4000,1.27
2025-03-25 15:20:00,912.85,913.73,912.3,912.78,1499260,0.1357,0.0470,188.72,901.4000,1.26
2025-03-25 15:25:00,912.78,912.8,907.65,908,1051548,-0.0563,0.0470,-219.79,901.4000,0.73
2025-03-26 09:15:00,912.5,913.75,910.73,912.58,1951512,0.1324,-0.0563,-335.17,908.0000,0.50
2025-03-26 09:20:00,912.58,912.9,910.75,912.55,477766,0.2552,-0.0563,-553.29,908.0000,0.50
2025-03-26 09:25:00,912.55,912.68,909.98,910.48,602812,0.1995,-0.0563,-454.35,908.0000,0.27
2025-03-26 09:30:00,910.3,911.15,908.73,908.73,420924,0.0549,-0.0563,-197.51,908.0000,0.08
2025-03-26 09:35:00,908.73,910.43,908.03,910.25,278214,0.0706,-0.0563,-225.40,908.0000,0.25
2025-03-26 09:40:00,910.28,911.63,910.25,910.93,279904,0.1323,-0.0563,-334.99,908.0000,0.32
2025-03-26 09:45:00,910.9,910.9,909.65,910.13,266260,0.1248,-0.0563,-321.67,908.0000,0.23
2025-03-26 09:50:00,910.1,910.5,908.55,910.3,234898,0.1359,-0.0563,-341.39,908.0000,0.25
2025-03-26 09:55:00,910.05,911.8,909.98,910.95,311310,0.1884,-0.0563,-434.64,908.0000,0.32
2025-03-26 10:00:00,910.85,911.18,910.13,910.53,197164,0.1954,-0.0563,-447.07,908.0000,0.28
2025-03-26 10:05:00,910.53,910.63,908.3,908.98,209698,0.1010,-0.0563,-279.40,908.0000,0.11
2025-03-26 10:10:00,908.98,910.9,908.38,910.9,264596,0.1692,-0.0563,-400.53,908.0000,0.32
2025-03-26 10:15:00,910.78,911.5,910.03,911.45,141756,0.2479,-0.0563,-540.32,908.0000,0.38
2025-03-26 10:20:00,911.45,911.5,910.68,910.8,128532,0.2518,-0.0563,-547.25,908.0000,0.31
2025-03-26 10:25:00,910.83,911.4,910.7,911,109796,0.2625,-0.0563,-566.25,908.0000,0.33
2025-03-26 10:30:00,911,911.63,910.68,911.5,265280,0.2953,-0.0563,-624.51,908.0000,0.39
2025-03-26 10:35:00,911.5,912,910.28,910.53,369786,0.2458,-0.0563,-536.59,908.0000,0.28
2025-03-26 10:40:00,910.3,911.1,909.53,910.43,115688,0.2022,-0.0563,-459.15,908.0000,0.27
2025-03-26 10:45:00,910.43,911.83,910.35,911.4,482400,0.2325,-0.0563,-512.97,908.0000,0.37
2025-03-26 10:50:00,911.23,911.53,910.7,911.18,178452,0.2311,-0.0563,-510.48,908.0000,0.35
2025-03-26 10:55:00,910.88,911.18,909.98,910.85,231118,0.2022,-0.0563,-459.15,908.0000,0.31
2025-03-26 11:00:00,910.53,910.9,908.88,909.33,228084,0.0813,-0.0563,-244.40,908.0000,0.15
2025-03-26 11:05:00,909.53,909.6,908.25,908.48,148408,-0.0484,-0.0563,-14.03,908.0000,0.05
2025-03-26 11:10:00,908.48,909.7,908.08,909.48,159010,-0.0587,-0.0563,4.26,908.0000,0.16
2025-03-26 11:15:00,909.25,909.88,908.18,908.5,122488,-0.1197,-0.0563,112.61,908.0000,0.06
2025-03-26 11:20:00,908.5,909,907.98,908.9,133668,-0.1211,-0.0563,115.10,908.0000,0.10
2025-03-26 11:25:00,908.9,910.65,908.63,910.4,200150,-0.0145,-0.0563,-74.25,908.0000,0.26
2025-03-26 11:30:00,910.35,910.88,909.8,910.5,138958,0.0649,-0.0563,-215.28,908.0000,0.28
2025-03-26 11:35:00,910.5,910.75,909.68,909.95,137420,0.0814,-0.0563,-244.58,908.0000,0.21
2025-03-26 11:40:00,909.93,910,909.05,909.48,141594,0.0626,-0.0563,-211.19,908.0000,0.16
2025-03-26 11:45:00,909.53,910.43,909.3,910.38,166776,0.1098,-0.0563,-295.03,908.0000,0.26
2025-03-26 11:50:00,910.23,910.68,909.93,910.53,198892,0.1480,-0.0563,-362.88,908.0000,0.28
2025-03-26 11:55:00,910.53,910.65,908.28,908.38,214762,0.0313,-0.0563,-155.60,908.0000,0.04
2025-03-26 12:00:00,908.45,909,908.38,908.95,164648,-0.0029,-0.0563,-94.85,908.0000,0.10
2025-03-26 12:05:00,908.95,909,908.75,908.85,153696,-0.0262,-0.0563,-53.46,908.0000,0.09
2025-03-26 12:10:00,908.85,909.35,908.5,908.7,160488,-0.0447,-0.0563,-20.60,908.0000,0.08
2025-03-26 12:15:00,908.73,909,907.03,907.55,317380,-0.1229,-0.0563,118.29,908.0000,-0.05
2025-03-26 12:20:00,907.6,908.73,907.28,908.25,223674,-0.1160,-0.0563,106.04,908.0000,0.03
2025-03-26 12:25:00,908.28,908.63,907.5,907.93,184704,-0.1211,-0.0563,115.10,908.0000,-0.01
2025-03-26 12:30:00,907.88,909.05,907.83,909.05,188522,-0.0412,-0.0563,-26.82,908.0000,0.12
2025-03-26 12:35:00,909.05,909.83,908.83,909.1,166870,0.0196,-0.0563,-134.81,908.0000,0.12
2025-03-26 12:40:00,909.25,909.43,908.43,908.83,178230,0.0448,-0.0563,-179.57,908.0000,0.09
2025-03-26 12:45:00,908.83,909,907.93,908.4,186740,0.0360,-0.0563,-163.94,908.0000,0.04
2025-03-26 12:50:00,908.4,908.65,907.78,908,164598,0.0082,-0.0563,-114.56,908.0000,0.00
2025-03-26 12:55:00,908,908.35,906.7,906.85,177916,-0.0779,-0.0563,38.37,908.0000,-0.13
2025-03-26 13:00:00,906.98,907.3,905.83,905.88,181378,-0.1845,-0.0563,227.71,908.0000,-0.23
2025-03-26 13:05:00,905.95,906.38,903.03,903.5,382940,-0.3877,-0.0563,588.63,908.0000,-0.50
2025-03-26 13:10:00,903.5,904.23,902.73,903.93,241900,-0.4608,-0.0563,718.47,908.0000,-0.45
2025-03-26 13:15:00,904.1,904.1,902.03,903.4,235658,-0.5086,-0.0563,803.37,908.0000,-0.51
2025-03-26 13:20:00,903.38,905,902.95,903.55,257844,-0.4935,-0.0563,776.55,908.0000,-0.49
2025-03-26 13:25:00,903.65,904.35,903.4,903.43,232090,-0.4559,-0.0563,709.77,908.0000,-0.50
2025-03-26 13:30:00,903.43,904.3,903.1,903.4,248754,-0.3994,-0.0563,609.41,908.0000,-0.51
2025-03-26 13:35:00,903.43,904.45,902.88,903.45,264608,-0.3280,-0.0563,482.59,908.0000,-0.50
2025-03-26 13:40:00,903.45,903.9,902.73,902.8,276976,-0.2949,-0.0563,423.80,908.0000,-0.57
2025-03-26 13:45:00,902.75,903.43,901.6,901.7,273050,-0.3155,-0.0563,460.39,908.0000,-0.69
2025-03-26 13:50:00,901.68,903.45,901.53,902.98,277726,-0.2163,-0.0563,284.19,908.0000,-0.55
2025-03-26 13:55:00,902.95,903.48,902.28,902.85,244324,-0.1365,-0.0563,142.45,908.0000,-0.57
2025-03-26 14:00:00,902.85,903.5,902.45,903.48,247288,-0.0243,-0.0563,-56.84,908.0000,-0.50
2025-03-26 14:05:00,903.48,904.68,903.3,903.7,317862,0.0762,-0.0563,-235.35,908.0000,-0.47
2025-03-26 14:10:00,903.75,904.08,903.1,903.23,248372,0.1199,-0.0563,-312.97,908.0000,-0.53
2025-03-26 14:15:00,903.23,904.43,902.6,902.68,295402,0.1203,-0.0563,-313.68,908.0000,-0.59
2025-03-26 14:20:00,902.7,904.5,902.33,904.13,253798,0.2210,-0.0563,-492.54,908.0000,-0.43
2025-03-26 14:25:00,904.13,904.83,903.85,904.35,270534,0.3002,-0.0563,-633.21,908.0000,-0.40
2025-03-26 14:30:00,904.35,904.38,903.33,904.03,280660,0.3266,-0.0563,-680.11,908.0000,-0.44
2025-03-26 14:35:00,904.03,905.4,903.58,905.18,387128,0.4117,-0.0563,-831.26,908.0000,-0.31
2025-03-26 14:40:00,905.13,905.45,903.7,904.1,314814,0.3858,-0.0563,-785.26,908.0000,-0.43
2025-03-26 14:45:00,904.1,904.4,903.65,903.8,281864,0.3406,-0.0563,-704.97,908.0000,-0.46
2025-03-26 14:50:00,903.8,903.8,902.6,902.65,373904,0.2307,-0.0563,-509.77,908.0000,-0.59
2025-03-26 14:55:00,902.68,902.85,901.5,902.6,538106,0.1556,-0.0563,-376.38,908.0000,-0.59
2025-03-26 15:00:00,902.58,904,901.9,903.48,818432,0.1653,-0.0563,-393.61,908.0000,-0.50
2025-03-26 15:05:00,903.48,904.23,902.75,903.88,913936,0.1966,-0.0563,-449.20,908.0000,-0.45
2025-03-26 15:10:00,903.88,904.43,903,903.95,806774,0.2183,-0.0563,-487.74,908.0000,-0.45
2025-03-26 15:15:00,903.93,903.98,902.48,903.38,881630,0.1915,-0.0563,-440.14,908.0000,-0.51
2025-03-26 15:20:00,903.35,903.5,902.45,903.25,887528,0.1634,-0.0563,-390.23,908.0000,-0.52
2025-03-26 15:25:00,903.25,904.33,901,901.5,663834,0.0321,-0.0563,-157.02,908.0000,-0.72
2025-03-27 09:15:00,899.8,904.73,899.05,904.4,1175520,0.1398,0.0321,335.51,901.5000,0.32
2025-03-27 09:20:00,904.4,905.45,903.05,903.88,754610,0.1730,0.0321,438.94,901.5000,0.26
2025-03-27 09:25:00,903.88,906.85,902.35,906.38,559186,0.3501,0.0321,990.65,901.5000,0.54
2025-03-27 09:30:00,906.33,906.98,904.6,904.78,248982,0.3457,0.0321,976.95,901.5000,0.36
2025-03-27 09:35:00,904.75,908.7,904.6,904.78,314630,0.3290,0.0321,924.92,901.5000,0.36
2025-03-27 09:40:00,904.63,907.23,904.58,907.2,189466,0.4593,0.0321,1330.84,901.5000,0.63
2025-03-27 09:45:00,907.2,909,906.53,906.73,292444,0.4893,0.0321,1424.30,901.5000,0.58
2025-03-27 09:50:00,906.73,908.45,906.05,908.13,172044,0.5731,0.0321,1685.36,901.5000,0.74
2025-03-27 09:55:00,908.15,909.43,907.8,909.38,179156,0.6755,0.0321,2004.36,901.5000,0.87
2025-03-27 10:00:00,909.43,910,908.5,909.98,249752,0.7409,0.0321,2208.10,901.5000,0.94
2025-03-27 10:05:00,910,912.5,909.73,912.45,311718,0.8976,0.0321,2696.26,901.5000,1.21
2025-03-27 10:10:00,912.45,914.13,912.25,913.03,600712,0.9805,0.0321,2954.52,901.5000,1.28
2025-03-27 10:15:00,913,914.1,912.5,912.85,440132,0.9621,0.0321,2897.20,901.5000,1.26
2025-03-27 10:20:00,912.85,914.5,912.53,914.5,324204,0.9957,0.0321,3001.87,901.5000,1.44
2025-03-27 10:25:00,914.48,914.65,913.25,913.65,245358,0.8984,0.0321,2698.75,901.5000,1.35
2025-03-27 10:30:00,913.65,913.75,911.25,911.58,182416,0.6443,0.0321,1907.17,901.5000,1.12
2025-03-27 10:35:00,911.55,912.4,909.75,911,153954,0.3987,0.0321,1142.06,901.5000,1.05
2025-03-27 10:40:00,910.95,911.5,910.48,910.5,130216,0.1756,0.0321,447.04,901.5000,1.00
2025-03-27 10:45:00,910.5,912,910.38,911.5,195162,0.0736,0.0321,129.28,901.5000,1.11
2025-03-27 10:50:00,911.43,911.83,909.93,911.5,168246,-0.0111,0.0321,-134.58,901.5000,1.11
2025-03-27 10:55:00,911.35,911.5,910.7,910.78,107326,-0.1265,0.0321,-494.08,901.5000,1.03
2025-03-27 11:00:00,910.78,912.7,910.75,912.3,253832,-0.1118,0.0321,-448.29,901.5000,1.20
2025-03-27 11:05:00,912.23,914.3,912,914.13,579268,0.0037,0.0321,-88.47,901.5000,1.40
2025-03-27 11:10:00,914.13,914.5,913.08,913.35,406788,0.0098,0.0321,-69.47,901.5000,1.31
2025-03-27 11:15:00,913.3,913.73,912.23,913.1,203788,-0.0193,0.0321,-160.12,901.5000,1.29
2025-03-27 11:20:00,913,913.1,911.25,911.45,130226,-0.1582,0.0321,-592.83,901.5000,1.10
2025-03-27 11:25:00,911.4,911.9,911.05,911.65,250794,-0.2402,0.0321,-848.29,901.5000,1.13
2025-03-27 11:30:00,911.58,912.25,911.38,912.23,95864,-0.2574,0.0321,-901.87,901.5000,1.19
2025-03-27 11:35:00,912.23,913.3,912.03,913.13,157742,-0.2121,0.0321,-760.75,901.5000,1.29
2025-03-27 11:40:00,913.13,914.5,912.88,914.33,197966,-0.1104,0.0321,-443.93,901.5000,1.42
2025-03-27 11:45:00,914.43,914.88,913.48,914.45,389756,-0.0474,0.0321,-247.66,901.5000,1.44
2025-03-27 11:50:00,914.38,915.38,914.28,914.83,442624,0.0049,0.0321,-84.74,901.5000,1.48
2025-03-27 11:55:00,914.83,915.95,914.55,915.75,259922,0.0821,0.0321,155.76,901.5000,1.58
2025-03-27 12:00:00,915.75,915.85,914.55,915,211790,0.0641,0.0321,99.69,901.5000,1.50
2025-03-27 12:05:00,915.18,915.85,914.83,915.75,159264,0.0829,0.0321,158.26,901.5000,1.58
2025-03-27 12:10:00,915.75,916,915.2,915.63,224344,0.0682,0.0321,112.46,901.5000,1.57
2025-03-27 12:15:00,915.65,916,914.2,914.53,167458,-0.0295,0.0321,-191.90,901.5000,1.45
2025-03-27 12:20:00,914.5,915.48,913.95,915.35,193092,-0.0515,0.0321,-260.44,901.5000,1.54
2025-03-27 12:25:00,915.35,916.25,914.93,915.85,252340,-0.0452,0.0321,-240.81,901.5000,1.59
2025-03-27 12:30:00,915.88,916.15,915.35,915.88,223172,-0.0514,0.0321,-260.12,901.5000,1.60
2025-03-27 12:35:00,915.88,916.13,915.23,915.85,249502,-0.0688,0.0321,-314.33,901.5000,1.59
2025-03-27 12:40:00,915.83,916.8,915.45,916.55,278254,-0.0456,0.0321,-242.06,901.5000,1.67
2025-03-27 12:45:00,916.55,918.6,916.53,918.33,498914,0.0709,0.0321,120.87,901.5000,1.87
2025-03-27 12:50:00,918.38,918.65,917.48,917.88,361714,0.0973,0.0321,203.12,901.5000,1.82
2025-03-27 12:55:00,917.88,918.88,917.48,918.78,359628,0.1518,0.0321,372.90,901.5000,1.92
2025-03-27 13:00:00,918.83,919.83,918.1,919.15,385290,0.1868,0.0321,481.93,901.5000,1.96
2025-03-27 13:05:00,919.15,919.6,917.7,917.93,495204,0.1059,0.0321,229.91,901.5000,1.82
2025-03-27 13:10:00,917.95,918.7,917.5,917.8,388216,0.0259,0.0321,-19.31,901.5000,1.81
2025-03-27 13:15:00,917.8,918.95,917.58,918.4,301096,-0.0028,0.0321,-108.72,901.5000,1.87
2025-03-27 13:20:00,918.43,918.68,917.73,918.3,301950,-0.0425,0.0321,-232.40,901.5000,1.86
2025-03-27 13:25:00,918.3,919.25,917.85,919.1,270340,-0.0295,0.0321,-191.90,901.5000,1.95
2025-03-27 13:30:00,919.1,920,918.55,919.88,382650,0.0146,0.0321,-54.52,901.5000,2.04
2025-03-27 13:35:00,919.85,920,919.08,919.6,573386,0.0083,0.0321,-74.14,901.5000,2.01
2025-03-27 13:40:00,919.6,920,919.25,919.78,435220,0.0000,0.0321,-100.00,901.5000,2.03
2025-03-27 13:45:00,919.8,920,918.88,919.15,441208,-0.0607,0.0321,-289.10,901.5000,1.96
2025-03-27 13:50:00,919.15,919.75,918.93,919.7,499722,-0.0758,0.0321,-336.14,901.5000,2.02
2025-03-27 13:55:00,919.7,919.98,919.03,919.8,416348,-0.0899,0.0321,-380.06,901.5000,2.03
2025-03-27 14:00:00,919.8,920.13,919.28,920.08,532640,-0.0911,0.0321,-383.80,901.5000,2.06
2025-03-27 14:05:00,920.1,920.5,918.53,919,437054,-0.1706,0.0321,-631.46,901.5000,1.94
2025-03-27 14:10:00,919,919.3,917.53,918.63,501346,-0.2494,0.0321,-876.95,901.5000,1.90
2025-03-27 14:15:00,918.4,919.3,917.7,918.48,475988,-0.3089,0.0321,-1062.31,901.5000,1.88
2025-03-27 14:20:00,918.55,919.15,918,918.85,409520,-0.3195,0.0321,-1095.33,901.5000,1.92
2025-03-27 14:25:00,918.83,919.15,918.25,918.8,368400,-0.3248,0.0321,-1111.84,901.5000,1.92
2025-03-27 14:30:00,918.78,918.8,917.35,918,640794,-0.3736,0.0321,-1263.86,901.5000,1.83
2025-03-27 14:35:00,917.95,918.15,916.13,916.73,759376,-0.4764,0.0321,-1584.11,901.5000,1.69
2025-03-27 14:40:00,916.43,918.98,916.25,918.4,756966,-0.4189,0.0321,-1404.98,901.5000,1.87
2025-03-27 14:45:00,918.7,918.95,917.58,918.1,861056,-0.3886,0.0321,-1310.59,901.5000,1.84
2025-03-27 14:50:00,918.08,919.05,917.63,918.33,826204,-0.3423,0.0321,-1166.36,901.5000,1.87
2025-03-27 14:55:00,918.33,919.08,917.5,918,587924,-0.3234,0.0321,-1107.48,901.5000,1.83
2025-03-27 15:00:00,918,918.45,914.4,915.75,3508416,-0.4444,0.0321,-1484.42,901.5000,1.58
2025-03-27 15:05:00,915.78,915.78,912.13,912.85,3341572,-0.6873,0.0321,-2241.12,901.5000,1.26
2025-03-27 15:10:00,912.93,913.08,910.08,910.4,2564816,-0.9634,0.0321,-3101.25,901.5000,0.99
2025-03-27 15:15:00,910.43,910.9,909,910.15,2420682,-1.1034,0.0321,-3537.38,901.5000,0.96
2025-03-27 15:20:00,910.18,911.88,909.95,911.75,2119914,-1.0302,0.0321,-3309.35,901.5000,1.14
2025-03-27 15:25:00,911.68,913.23,909.08,910.6,1396902,-1.0002,0.0321,-3215.89,901.5000,1.01
2025-03-28 09:15:00,914.5,918,911.73,915.8,705746,-0.5915,-1.0002,-40.86,910.6000,0.57
2025-03-28 09:20:00,915.85,916.95,914.5,915.35,341810,-0.3260,-1.0002,-67.41,910.6000,0.52
2025-03-28 09:25:00,915.33,915.43,912.75,912.75,145668,-0.3006,-1.0002,-69.95,910.6000,0.24
2025-03-28 09:30:00,912.73,913.03,910.83,910.83,266626,-0.3830,-1.0002,-61.71,910.6000,0.03
2025-03-28 09:35:00,911,913.48,910.5,913.38,396288,-0.2425,-1.0002,-75.75,910.6000,0.31
2025-03-28 09:40:00,913.35,913.75,911.83,912,228462,-0.2199,-1.0002,-78.01,910.6000,0.15
2025-03-28 09:45:00,912,913.15,911.43,913.15,190328,-0.1104,-1.0002,-88.96,910.6000,0.28
2025-03-28 09:50:00,913.15,913.53,912.03,912.33,309938,-0.0777,-1.0002,-92.23,910.6000,0.19
2025-03-28 09:55:00,912.33,912.5,910.83,912.4,129966,-0.0378,-1.0002,-96.22,910.6000,0.20
2025-03-28 10:00:00,912.4,912.75,911.05,911.23,223594,-0.0746,-1.0002,-92.54,910.6000,0.07
2025-03-28 10:05:00,911.23,911.23,907.88,907.98,367518,-0.2901,-1.0002,-71.00,910.6000,-0.29
2025-03-28 10:10:00,908,908,904.5,905.5,1563734,-0.5565,-1.0002,-44.36,910.6000,-0.56
2025-03-28 10:15:00,905.5,906.88,903.63,903.98,2312540,-0.7783,-1.0002,-22.19,910.6000,-0.73
2025-03-28 10:20:00,903.98,905.48,902.93,904,1476902,-0.8604,-1.0002,-13.98,910.6000,-0.72
2025-03-28 10:25:00,904,906,903.58,905.88,340552,-0.7301,-1.0002,-27.00,910.6000,-0.52
2025-03-28 10:30:00,905.85,909.45,905.7,909.2,184194,-0.3798,-1.0002,-62.03,910.6000,-0.15
2025-03-28 10:35:00,909.05,909.53,907.85,908.15,154828,-0.1881,-1.0002,-81.19,910.6000,-0.27
2025-03-28 10:40:00,908.13,908.25,906.8,906.88,158508,-0.1195,-1.0002,-88.05,910.6000,-0.41
2025-03-28 10:45:00,906.8,907.73,906.6,907.4,132472,-0.0170,-1.0002,-98.30,910.6000,-0.35
2025-03-28 10:50:00,907.4,907.88,905.33,905.35,163320,-0.0627,-1.0002,-93.73,910.6000,-0.58
2025-03-28 10:55:00,905.4,907.08,904.73,906.9,190118,0.0310,-1.0002,-103.10,910.6000,-0.41
2025-03-28 11:00:00,906.83,907.25,905.95,906.3,85070,0.0699,-1.0002,-106.99,910.6000,-0.47
2025-03-28 11:05:00,906.3,906.75,905.4,905.5,116770,0.0595,-1.0002,-105.95,910.6000,-0.56
2025-03-28 11:10:00,905.5,905.83,904.83,904.9,86770,0.0314,-1.0002,-103.14,910.6000,-0.63
2025-03-28 11:15:00,904.9,905.58,904.28,905.25,189386,0.0541,-1.0002,-105.41,910.6000,-0.59
2025-03-28 11:20:00,905.3,906.48,905.25,905.85,105074,0.1235,-1.0002,-112.35,910.6000,-0.52
2025-03-28 11:25:00,905.85,906.08,905.05,905.85,120086,0.1797,-1.0002,-117.97,910.6000,-0.52
2025-03-28 11:30:00,905.88,906.5,905.33,905.4,104214,0.1958,-1.0002,-119.58,910.6000,-0.57
2025-03-28 11:35:00,905.4,906.33,904.8,906.15,119114,0.2619,-1.0002,-126.18,910.6000,-0.49
2025-03-28 11:40:00,906.13,906.33,905.25,905.63,149736,0.2743,-1.0002,-127.42,910.6000,-0.55
2025-03-28 11:45:00,905.55,906.33,905.18,905.53,84540,0.2785,-1.0002,-127.84,910.6000,-0.56
2025-03-28 11:50:00,905.53,906.48,905.38,906,112964,0.3132,-1.0002,-131.31,910.6000,-0.51
2025-03-28 11:55:00,906.03,906.5,905.45,906.5,115262,0.3663,-1.0002,-136.62,910.6000,-0.45
2025-03-28 12:00:00,906.5,907.33,905.75,906.3,206442,0.3826,-1.0002,-138.25,910.6000,-0.47
2025-03-28 12:05:00,906.28,907.5,906.23,907.35,111076,0.4540,-1.0002,-145.39,910.6000,-0.36
2025-03-28 12:10:00,907.33,908.18,906.95,907.38,135040,0.4900,-1.0002,-148.99,910.6000,-0.35
2025-03-28 12:15:00,907.35,907.58,906.05,906.25,155410,0.4268,-1.0002,-142.67,910.6000,-0.48
2025-03-28 12:20:00,906.23,907.03,905.5,905.73,198890,0.3427,-1.0002,-134.26,910.6000,-0.53
2025-03-28 12:25:00,905.73,905.98,905.5,905.78,72886,0.2855,-1.0002,-128.54,910.6000,-0.53
2025-03-28 12:30:00,905.7,905.93,904.9,905.15,173450,0.2041,-1.0002,-120.41,910.6000,-0.60
2025-03-28 12:35:00,905.13,905.9,904.65,905.38,230354,0.1662,-1.0002,-116.62,910.6000,-0.57
2025-03-28 12:40:00,905.38,906.45,905.1,906.18,148184,0.1935,-1.0002,-119.35,910.6000,-0.49
2025-03-28 12:45:00,906.18,907.25,906,906.48,181264,0.2280,-1.0002,-122.80,910.6000,-0.45
2025-03-28 12:50:00,906.48,908.28,906,907.75,135378,0.3266,-1.0002,-132.65,910.6000,-0.31
2025-03-28 12:55:00,907.75,908.43,907.13,907.85,168642,0.3847,-1.0002,-138.46,910.6000,-0.30
2025-03-28 13:00:00,907.85,907.85,906.15,906.18,102198,0.3005,-1.0002,-130.04,910.6000,-0.49
2025-03-28 13:05:00,906.2,907.73,905.6,907.6,104154,0.3282,-1.0002,-132.81,910.6000,-0.33
2025-03-28 13:10:00,907.6,908.08,907.23,907.9,110374,0.3522,-1.0002,-135.21,910.6000,-0.30
2025-03-28 13:15:00,907.9,908.15,907.6,908.08,111636,0.3643,-1.0002,-136.42,910.6000,-0.28
2025-03-28 13:20:00,908.08,909,907.98,908.43,157868,0.3782,-1.0002,-137.81,910.6000,-0.24
2025-03-28 13:25:00,908.43,909.85,908.2,909.28,144866,0.4236,-1.0002,-142.35,910.6000,-0.14
2025-03-28 13:30:00,909.28,911.5,909.25,911.25,158328,0.5569,-1.0002,-155.68,910.6000,0.07
2025-03-28 13:35:00,911.23,911.83,910.53,911.1,152032,0.6017,-1.0002,-160.16,910.6000,0.05
2025-03-28 13:40:00,911.3,911.3,910,910.33,143360,0.5478,-1.0002,-154.77,910.6000,-0.03
2025-03-28 13:45:00,910.3,910.85,909.88,910.68,164360,0.5050,-1.0002,-150.49,910.6000,0.01
2025-03-28 13:50:00,910.68,910.78,909.8,910.08,357060,0.4097,-1.0002,-140.96,910.6000,-0.06
2025-03-28 13:55:00,910.08,912.2,910.08,912.1,252222,0.4527,-1.0002,-145.26,910.6000,0.16
2025-03-28 14:00:00,912.08,912.75,910.95,912.13,368594,0.4522,-1.0002,-145.21,910.6000,0.17
2025-03-28 14:05:00,912.38,914.33,911.93,914.05,486598,0.5439,-1.0002,-154.38,910.6000,0.38
2025-03-28 14:10:00,914.05,914.75,913.5,914.45,425388,0.5905,-1.0002,-159.04,910.6000,0.42
2025-03-28 14:15:00,914.55,916.1,913.95,915.4,597416,0.6400,-1.0002,-163.99,910.6000,0.53
2025-03-28 14:20:00,915.4,915.9,914.13,915.68,458122,0.6446,-1.0002,-164.45,910.6000,0.56
2025-03-28 14:25:00,915.65,916.5,914.93,916.13,494422,0.6301,-1.0002,-163.00,910.6000,0.61
2025-03-28 14:30:00,916.18,916.85,914.83,915.1,407144,0.5086,-1.0002,-150.85,910.6000,0.49
2025-03-28 14:35:00,915.1,916.73,915.1,916.13,472228,0.4567,-1.0002,-145.66,910.6000,0.61
2025-03-28 14:40:00,916.08,916.63,915.38,916.43,449198,0.4035,-1.0002,-140.34,910.6000,0.64
2025-03-28 14:45:00,916.2,916.5,915.03,915.9,454512,0.2984,-1.0002,-129.83,910.6000,0.58
2025-03-28 14:50:00,915.9,917.23,915.73,916.5,638706,0.2376,-1.0002,-123.76,910.6000,0.65
2025-03-28 14:55:00,916.5,916.85,915.23,915.68,625248,0.1168,-1.0002,-111.68,910.6000,0.56
2025-03-28 15:00:00,915.68,915.7,913.5,914.43,1330070,-0.0632,-1.0002,-93.68,910.6000,0.42
2025-03-28 15:05:00,914.43,914.78,913.48,914.3,1151402,-0.1991,-1.0002,-80.09,910.6000,0.41
2025-03-28 15:10:00,914.25,915.23,914.13,914.53,1244632,-0.2769,-1.0002,-72.32,910.6000,0.43
2025-03-28 15:15:00,914.53,914.78,913.73,913.85,1223442,-0.3716,-1.0002,-62.85,910.6000,0.36
2025-03-28 15:20:00,913.88,914.95,912.08,914.25,1423484,-0.4021,-1.0002,-59.80,910.6000,0.40
2025-03-28 15:25:00,914.13,914.23,912.13,912.75,902620,-0.5112,-1.0002,-48.89,910.6000,0.24
2025-04-01 09:15:00,902.88,904.95,901,902.08,1785926,-1.2479,-0.5112,144.11,912.7500,-1.17
2025-04-01 09:20:00,902.05,904.38,901.5,902.93,623166,-1.6012,-0.5112,213.22,912.7500,-1.08
2025-04-01 09:25:00,903.18,904.23,902.58,903.55,561212,-1.7068,-0.5112,233.88,912.7500,-1.01
2025-04-01 09:30:00,903.75,904.08,900.48,903.93,455942,-1.6630,-0.5112,225.31,912.7500,-0.97
2025-04-01 09:35:00,903.9,904.53,903,904.1,333734,-1.5375,-0.5112,200.76,912.7500,-0.95
2025-04-01 09:40:00,904.35,904.7,902.63,903.08,407736,-1.4398,-0.5112,181.65,912.7500,-1.06
2025-04-01 09:45:00,903.05,904.05,901.68,903.73,350466,-1.2548,-0.5112,145.46,912.7500,-0.99
2025-04-01 09:50:00,903.78,904.75,902.73,904.65,260864,-1.0046,-0.5112,96.52,912.7500,-0.89
2025-04-01 09:55:00,904.73,904.9,904,904.43,142898,-0.7972,-0.5112,55.95,912.7500,-0.91
2025-04-01 10:00:00,904.3,904.48,901,901.45,159488,-0.8018,-0.5112,56.85,912.7500,-1.24
2025-04-01 10:05:00,901.38,902.18,900,900.18,244296,-0.8281,-0.5112,61.99,912.7500,-1.38
2025-04-01 10:10:00,900.08,900.5,898.9,898.95,309560,-0.8621,-0.5112,68.64,912.7500,-1.51
2025-04-01 10:15:00,898.93,899.13,898.3,898.75,207066,-0.8316,-0.5112,62.68,912.7500,-1.53
2025-04-01 10:20:00,898.68,898.75,895.38,895.53,282638,-0.9529,-0.5112,86.40,912.7500,-1.89
2025-04-01 10:25:00,895.53,895.98,892.73,893.6,822678,-1.0787,-0.5112,111.01,912.7500,-2.10
2025-04-01 10:30:00,893.6,894.38,891.48,891.88,625066,-1.1847,-0.5112,131.75,912.7500,-2.29
2025-04-01 10:35:00,891.85,894.63,891.8,893.58,420826,-1.0519,-0.5112,105.77,912.7500,-2.10
2025-04-01 10:40:00,893.6,894.9,893.05,894.5,340218,-0.8237,-0.5112,61.13,912.7500,-2.00
2025-04-01 10:45:00,894.35,894.9,892,892.55,389210,-0.7289,-0.5112,42.59,912.7500,-2.21
2025-04-01 10:50:00,892.53,892.95,891.88,892,155770,-0.6318,-0.5112,23.59,912.7500,-2.27
2025-04-01 10:55:00,891.98,892.1,889,889.85,603828,-0.6389,-0.5112,24.98,912.7500,-2.51
2025-04-01 11:00:00,889.85,890.03,887.75,888.05,380106,-0.6872,-0.5112,34.43,912.7500,-2.71
2025-04-01 11:05:00,888.08,888.83,886.63,886.95,292480,-0.7126,-0.5112,39.40,912.7500,-2.83
2025-04-01 11:10:00,886.95,888.53,886.9,887.08,164066,-0.6421,-0.5112,25.61,912.7500,-2.81
2025-04-01 11:15:00,887.1,888.93,887.08,887.83,336392,-0.4742,-0.5112,-7.24,912.7500,-2.73
2025-04-01 11:20:00,887.8,889.2,886.25,888.6,284988,-0.2517,-0.5112,-50.76,912.7500,-2.65
2025-04-01 11:25:00,888.58,889.7,887.5,888.68,155620,-0.0501,-0.5112,-90.20,912.7500,-2.64
2025-04-01 11:30:00,888.6,888.83,886.93,888.4,112432,0.1049,-0.5112,-120.52,912.7500,-2.67
2025-04-01 11:35:00,888.4,888.8,887.13,887.58,136428,0.1880,-0.5112,-136.78,912.7500,-2.76
2025-04-01 11:40:00,887.58,888.5,886.5,887.68,187600,0.2799,-0.5112,-154.75,912.7500,-2.75
2025-04-01 11:45:00,887.68,889.03,887.25,888.4,143904,0.4114,-0.5112,-180.48,912.7500,-2.67
2025-04-01 11:50:00,888.38,888.88,886.43,886.73,155300,0.4074,-0.5112,-179.69,912.7500,-2.85
2025-04-01 11:55:00,886.73,887.3,885.73,886.65,209788,0.4192,-0.5112,-182.00,912.7500,-2.86
2025-04-01 12:00:00,886.65,886.9,885,885.05,244020,0.3424,-0.5112,-166.98,912.7500,-3.03
2025-04-01 12:05:00,885.05,885.7,884.63,885.65,272146,0.3536,-0.5112,-169.17,912.7500,-2.97
2025-04-01 12:10:00,885.63,887.33,885.63,886.35,298636,0.4250,-0.5112,-183.14,912.7500,-2.89
2025-04-01 12:15:00,886.28,888.05,886.2,887.48,238638,0.5569,-0.5112,-208.94,912.7500,-2.77
2025-04-01 12:20:00,887.45,887.88,885.68,886.2,261810,0.5647,-0.5112,-210.47,912.7500,-2.91
2025-04-01 12:25:00,886.2,887.13,884.9,885.13,166874,0.5064,-0.5112,-199.06,912.7500,-3.03
2025-04-01 12:30:00,885.13,887.2,885.1,886.53,128134,0.5662,-0.5112,-210.76,912.7500,-2.87
2025-04-01 12:35:00,886.53,887.23,886.33,886.35,197868,0.5948,-0.5112,-216.35,912.7500,-2.89
2025-04-01 12:40:00,886.35,888.33,885.85,886.8,128808,0.6412,-0.5112,-225.43,912.7500,-2.84
2025-04-01 12:45:00,886.83,887.88,886,887.6,128018,0.7171,-0.5112,-240.28,912.7500,-2.76
2025-04-01 12:50:00,887.63,887.95,886.73,887.3,107492,0.7358,-0.5112,-243.94,912.7500,-2.79
2025-04-01 12:55:00,887.3,887.48,886.5,887.08,121822,0.7211,-0.5112,-241.06,912.7500,-2.81
2025-04-01 13:00:00,887.1,887.15,886.05,886.15,127010,0.6392,-0.5112,-225.04,912.7500,-2.91
2025-04-01 13:05:00,886.15,886.53,885.53,885.8,147236,0.5551,-0.5112,-208.59,912.7500,-2.95
2025-04-01 13:10:00,885.8,886.98,885.7,886.53,186134,0.5416,-0.5112,-205.95,912.7500,-2.87
2025-04-01 13:15:00,886.53,886.65,885.28,885.85,183028,0.4819,-0.5112,-194.27,912.7500,-2.95
2025-04-01 13:20:00,885.9,886.98,885.6,886.33,207758,0.4693,-0.5112,-191.80,912.7500,-2.89
2025-04-01 13:25:00,886.33,887,885.85,886.23,161392,0.4488,-0.5112,-187.79,912.7500,-2.91
2025-04-01 13:30:00,886.23,886.35,885.48,885.9,209166,0.4087,-0.5112,-179.95,912.7500,-2.94
2025-04-01 13:35:00,885.83,886.75,885.63,886.48,145980,0.4156,-0.5112,-181.30,912.7500,-2.88
2025-04-01 13:40:00,886.58,887.4,886.38,887.1,142574,0.4532,-0.5112,-188.65,912.7500,-2.81
2025-04-01 13:45:00,887.08,887.1,885.5,886.15,143996,0.4068,-0.5112,-179.58,912.7500,-2.91
2025-04-01 13:50:00,886.15,886.75,885.73,886.7,278426,0.4050,-0.5112,-179.23,912.7500,-2.85
2025-04-01 13:55:00,886.68,886.9,885.58,885.73,242668,0.3333,-0.5112,-165.20,912.7500,-2.96
2025-04-01 14:00:00,885.7,886.95,885.33,886.53,169980,0.3338,-0.5112,-165.30,912.7500,-2.87
2025-04-01 14:05:00,886.55,886.55,885,885.18,214096,0.2416,-0.5112,-147.26,912.7500,-3.02
2025-04-01 14:10:00,885.15,885.78,884.68,885.3,206944,0.1892,-0.5112,-137.01,912.7500,-3.01
2025-04-01 14:15:00,885.3,885.63,884.6,885.13,203974,0.1458,-0.5112,-128.52,912.7500,-3.03
2025-04-01 14:20:00,885.13,886.28,885,886.1,229744,0.1825,-0.5112,-135.70,912.7500,-2.92
2025-04-01 14:25:00,886.03,886.5,885.7,886.2,208360,0.2117,-0.5112,-141.41,912.7500,-2.91
2025-04-01 14:30:00,886.2,886.88,885.13,885.13,344196,0.1595,-0.5112,-131.20,912.7500,-3.03
2025-04-01 14:35:00,885.13,886.28,884.8,886.15,454606,0.1920,-0.5112,-137.56,912.7500,-2.91
2025-04-01 14:40:00,886.13,886.68,885.63,886.28,431908,0.2186,-0.5112,-142.76,912.7500,-2.90
2025-04-01 14:45:00,886.28,886.5,885.03,885.95,603038,0.2104,-0.5112,-141.16,912.7500,-2.94
2025-04-01 14:50:00,885.95,886.25,884.88,885.28,422150,0.1585,-0.5112,-131.01,912.7500,-3.01
2025-04-01 14:55:00,885.18,885.53,884.8,885.38,390312,0.1308,-0.5112,-125.59,912.7500,-3.00
2025-04-01 15:00:00,885.4,886.23,883.88,884,1061612,0.0249,-0.5112,-104.87,912.7500,-3.15
2025-04-01 15:05:00,884,884.23,882.83,883.8,1298598,-0.0492,-0.5112,-90.38,912.7500,-3.17
2025-04-01 15:10:00,883.8,884.33,883.18,884,1178796,-0.0738,-0.5112,-85.56,912.7500,-3.15
2025-04-01 15:15:00,883.93,884.55,883.13,883.43,1259520,-0.1151,-0.5112,-77.48,912.7500,-3.21
2025-04-01 15:20:00,883.43,883.9,882.68,883.53,1116772,-0.1216,-0.5112,-76.21,912.7500,-3.20
2025-04-01 15:25:00,883.53,885.8,883.43,884.95,702010,-0.0216,-0.5112,-95.77,912.7500,-3.05
2025-04-02 09:15:00,886,892.95,885.35,891.3,539452,0.4547,-0.0216,-2205.09,884.9500,0.72
2025-04-02 09:20:00,891.2,893.15,890.65,892.1,234528,0.7867,-0.0216,-3742.13,884.9500,0.81
2025-04-02 09:25:00,892.2,895.65,892.1,895.55,257956,1.1781,-0.0216,-5554.17,884.9500,1.20
2025-04-02 09:30:00,895.5,896.95,894.33,894.88,252530,1.3206,-0.0216,-6213.89,884.9500,1.12
2025-04-02 09:35:00,894.88,895.23,893,895.23,188892,1.3618,-0.0216,-6404.63,884.9500,1.16
2025-04-02 09:40:00,895.23,896.3,894.6,894.68,131568,1.2767,-0.0216,-6010.65,884.9500,1.10
2025-04-02 09:45:00,894.68,895,893.15,894.6,170276,1.1440,-0.0216,-5396.30,884.9500,1.09
2025-04-02 09:50:00,894.6,894.93,893.9,894.68,135010,0.9961,-0.0216,-4711.57,884.9500,1.10
2025-04-02 09:55:00,894.7,896.5,894.65,896.15,158164,0.9328,-0.0216,-4418.52,884.9500,1.27
2025-04-02 10:00:00,896.15,896.48,894.15,894.95,126076,0.7533,-0.0216,-3587.50,884.9500,1.13
2025-04-02 10:05:00,894.95,896.4,894.88,896.23,83682,0.6670,-0.0216,-3187.96,884.9500,1.27
2025-04-02 10:10:00,896.23,897.5,896.05,896.2,158426,0.5584,-0.0216,-2685.19,884.9500,1.27
2025-04-02 10:15:00,896.2,896.6,895.25,895.48,69476,0.3964,-0.0216,-1935.19,884.9500,1.19
2025-04-02 10:20:00,895.48,896.5,895.25,896.5,73424,0.3194,-0.0216,-1578.70,884.9500,1.31
2025-04-02 10:25:00,896.25,898.13,896.25,897.93,99422,0.3252,-0.0216,-1605.56,884.9500,1.47
2025-04-02 10:30:00,897.9,898,896.53,897.85,117830,0.2855,-0.0216,-1421.76,884.9500,1.46
2025-04-02 10:35:00,897.93,897.93,896.5,896.95,88662,0.1664,-0.0216,-870.37,884.9500,1.36
2025-04-02 10:40:00,896.95,897.5,894.9,895.4,157810,-0.0382,-0.0216,76.85,884.9500,1.18
2025-04-02 10:45:00,895.35,896.93,894.65,896.28,604350,-0.1303,-0.0216,503.24,884.9500,1.28
2025-04-02 10:50:00,896.28,896.88,895.73,896.4,63616,-0.1955,-0.0216,805.09,884.9500,1.29
2025-04-02 10:55:00,896.53,897.15,895.83,896.3,96508,-0.2538,-0.0216,1075.00,884.9500,1.28
2025-04-02 11:00:00,896.5,897.08,895.98,896.3,164678,-0.2979,-0.0216,1279.17,884.9500,1.28
2025-04-02 11:05:00,896.33,896.33,895,895.18,61910,-0.4015,-0.0216,1758.80,884.9500,1.16
2025-04-02 11:10:00,895.2,895.78,895,895.53,54634,-0.4423,-0.0216,1947.69,884.9500,1.20
2025-04-02 11:15:00,895.53,896.4,895.1,895.25,65672,-0.4808,-0.0216,2125.93,884.9500,1.16
2025-04-02 11:20:00,895.33,896.23,895.33,895.88,44718,-0.4566,-0.0216,2013.89,884.9500,1.24
2025-04-02 11:25:00,895.88,896,895.18,895.18,53748,-0.4782,-0.0216,2113.89,884.9500,1.16
2025-04-02 11:30:00,895.18,895.23,894.53,894.95,69506,-0.4964,-0.0216,2198.15,884.9500,1.13
2025-04-02 11:35:00,895,896.23,894.75,895.03,79024,-0.4905,-0.0216,2170.83,884.9500,1.14
2025-04-02 11:40:00,895.03,895.2,894.03,894.88,128190,-0.4834,-0.0216,2137.96,884.9500,1.12
2025-04-02 11:45:00,894.88,897.33,894.88,897.2,124766,-0.3172,-0.0216,1368.52,884.9500,1.38
2025-04-02 11:50:00,897.2,897.5,896.78,897.13,129206,-0.2118,-0.0216,880.56,884.9500,1.38
2025-04-02 11:55:00,897.13,897.93,896.13,896.28,198612,-0.1993,-0.0216,822.69,884.9500,1.28
2025-04-02 12:00:00,896.33,896.5,895.8,896,60840,-0.2088,-0.0216,866.67,884.9500,1.25
2025-04-02 12:05:00,896.03,896.5,895.7,895.83,54476,-0.2242,-0.0216,937.96,884.9500,1.23
2025-04-02 12:10:00,895.85,896.18,895.55,896.08,38132,-0.2152,-0.0216,896.30,884.9500,1.26
2025-04-02 12:15:00,896.1,896.1,895.9,895.93,43694,-0.2163,-0.0216,901.39,884.9500,1.24
2025-04-02 12:20:00,895.93,896,895.85,895.93,37140,-0.2136,-0.0216,888.89,884.9500,1.24
2025-04-02 12:25:00,895.93,896.85,895.5,895.5,69130,-0.2357,-0.0216,991.20,884.9500,1.19
2025-04-02 12:30:00,895.5,896.18,895.2,895.43,81928,-0.2487,-0.0216,1051.39,884.9500,1.18
2025-04-02 12:35:00,895.43,895.5,894.5,894.75,53598,-0.2936,-0.0216,1259.26,884.9500,1.11
2025-04-02 12:40:00,894.75,895.33,894.7,894.8,57962,-0.3089,-0.0216,1330.09,884.9500,1.11
2025-04-02 12:45:00,894.83,895.2,894.7,894.9,48608,-0.3009,-0.0216,1293.06,884.9500,1.12
2025-04-02 12:50:00,894.93,894.93,894.13,894.35,70088,-0.3196,-0.0216,1379.63,884.9500,1.06
2025-04-02 12:55:00,894.35,894.83,893.7,894.4,108130,-0.3150,-0.0216,1358.33,884.9500,1.07
2025-04-02 13:00:00,894.45,896,894.35,895.9,86752,-0.2028,-0.0216,838.89,884.9500,1.24
2025-04-02 13:05:00,895.88,896.5,895.73,896.45,80586,-0.0892,-0.0216,312.96,884.9500,1.30
2025-04-02 13:10:00,896.48,896.78,895.68,896.45,147644,-0.0155,-0.0216,-28.24,884.9500,1.30
2025-04-02 13:15:00,896.23,896.48,895.85,895.95,65614,-0.0027,-0.0216,-87.50,884.9500,1.24
2025-04-02 13:20:00,895.95,896.33,895.75,895.88,72200,-0.0012,-0.0216,-94.44,884.9500,1.24
2025-04-02 13:25:00,895.88,896.5,895.75,896.4,70136,0.0309,-0.0216,-243.06,884.9500,1.29
2025-04-02 13:30:00,896.4,896.78,896.1,896.7,86346,0.0662,-0.0216,-406.48,884.9500,1.33
2025-04-02 13:35:00,896.73,896.93,895.55,896.13,129668,0.0460,-0.0216,-312.96,884.9500,1.26
2025-04-02 13:40:00,896.05,896.13,895.25,895.63,55282,-0.0034,-0.0216,-84.26,884.9500,1.21
2025-04-02 13:45:00,895.63,896.23,895.25,895.4,99736,-0.0514,-0.0216,137.96,884.9500,1.18
2025-04-02 13:50:00,895.4,896.43,895.38,896.03,107088,-0.0410,-0.0216,89.81,884.9500,1.25
2025-04-02 13:55:00,896.18,896.73,895.6,896.65,73938,0.0049,-0.0216,-122.69,884.9500,1.32
2025-04-02 14:00:00,896.68,896.75,896.5,896.55,75692,0.0247,-0.0216,-214.35,884.9500,1.31
2025-04-02 14:05:00,896.53,896.75,895.98,896.48,104982,0.0290,-0.0216,-234.26,884.9500,1.30
2025-04-02 14:10:00,896.5,896.5,895.75,895.88,83428,-0.0105,-0.0216,-51.39,884.9500,1.24
2025-04-02 14:15:00,896,896.03,895.3,895.98,96896,-0.0308,-0.0216,42.59,884.9500,1.25
2025-04-02 14:20:00,895.58,895.88,894.73,895.35,147408,-0.0845,-0.0216,291.20,884.9500,1.18
2025-04-02 14:25:00,895.35,895.55,894.93,895.18,77260,-0.1267,-0.0216,486.57,884.9500,1.16
2025-04-02 14:30:00,895.2,895.35,894.25,894.95,103452,-0.1630,-0.0216,654.63,884.9500,1.13
2025-04-02 14:35:00,894.98,895.1,894.38,894.5,116412,-0.2075,-0.0216,860.65,884.9500,1.08
2025-04-02 14:40:00,894.6,895.45,894.3,895.45,107926,-0.1648,-0.0216,662.96,884.9500,1.19
2025-04-02 14:45:00,895.2,895.83,894.98,895.18,149020,-0.1474,-0.0216,582.41,884.9500,1.16
2025-04-02 14:50:00,895.28,895.5,894.35,894.7,175012,-0.1596,-0.0216,638.89,884.9500,1.10
2025-04-02 14:55:00,894.7,896.58,894.7,896.3,234224,-0.0568,-0.0216,162.96,884.9500,1.28
2025-04-02 15:00:00,896.43,898.75,895.9,897.9,519858,0.1130,-0.0216,-623.15,884.9500,1.46
2025-04-02 15:05:00,897.98,898.65,897.38,897.7,615216,0.2006,-0.0216,-1028.70,884.9500,1.44
2025-04-02 15:10:00,897.65,899.5,897.35,899.35,405884,0.3498,-0.0216,-1719.44,884.9500,1.63
2025-04-02 15:15:00,899.35,899.6,898.48,898.75,429796,0.3853,-0.0216,-1883.80,884.9500,1.56
2025-04-02 15:20:00,898.93,899.45,897.63,898.43,583604,0.3648,-0.0216,-1788.89,884.9500,1.52
2025-04-02 15:25:00,898.43,899.5,898.18,899.45,313184,0.3948,-0.0216,-1927.78,884.9500,1.64
2025-04-03 09:15:00,890.55,894.33,888.5,892.2,479982,-0.0737,0.3948,-118.67,899.4500,-0.81
2025-04-03 09:20:00,892.23,894,890.8,893.75,254362,-0.2683,0.3948,-167.96,899.4500,-0.63
2025-04-03 09:25:00,893.73,896.23,893.4,895.08,209802,-0.2945,0.3948,-174.59,899.4500,-0.49
2025-04-03 09:30:00,895.1,896.48,893.55,896.13,148190,-0.2309,0.3948,-158.49,899.4500,-0.37
2025-04-03 09:35:00,896.1,897.25,896,896.53,163288,-0.1554,0.3948,-139.36,899.4500,-0.32
2025-04-03 09:40:00,896.53,897.5,895.78,895.78,62904,-0.1494,0.3948,-137.84,899.4500,-0.41
2025-04-03 09:45:00,895.75,897.43,895.35,897.05,245862,-0.0581,0.3948,-114.72,899.4500,-0.27
2025-04-03 09:50:00,897.23,898,896.83,897.55,74200,0.0330,0.3948,-91.64,899.4500,-0.21
2025-04-03 09:55:00,897.55,898.38,895.85,896.28,112640,0.0061,0.3948,-98.45,899.4500,-0.35
2025-04-03 10:00:00,896.28,897.43,895.75,897.25,195694,0.0496,0.3948,-87.44,899.4500,-0.24
2025-04-03 10:05:00,897.15,899.9,897.15,899.68,93228,0.2280,0.3948,-42.25,899.4500,0.03
2025-04-03 10:10:00,899.65,899.85,898.18,898.33,70388,0.2399,0.3948,-39.24,899.4500,-0.12
2025-04-03 10:15:00,898.4,898.5,897.25,898,94182,0.2113,0.3948,-46.48,899.4500,-0.16
2025-04-03 10:20:00,897.95,899.23,897.83,899.23,145352,0.2579,0.3948,-34.68,899.4500,-0.02
2025-04-03 10:25:00,899.2,899.5,898,898.73,108698,0.2382,0.3948,-39.67,899.4500,-0.08
2025-04-03 10:30:00,898.53,899.5,897.48,897.95,149698,0.1596,0.3948,-59.57,899.4500,-0.17
2025-04-03 10:35:00,897.63,897.93,896.93,897.55,33746,0.0721,0.3948,-81.74,899.4500,-0.21
2025-04-03 10:40:00,897.58,898.03,896.65,896.95,41164,-0.0294,0.3948,-107.45,899.4500,-0.28
2025-04-03 10:45:00,897.2,897.48,896.1,896.7,41530,-0.1119,0.3948,-128.34,899.4500,-0.31
2025-04-03 10:50:00,896.93,898.28,896.58,897.58,30718,-0.1058,0.3948,-126.80,899.4500,-0.21
2025-04-03 10:55:00,897.55,898.65,897.48,898.38,31204,-0.0494,0.3948,-112.51,899.4500,-0.12
2025-04-03 11:00:00,898.3,898.45,897.53,897.9,18970,-0.0459,0.3948,-111.63,899.4500,-0.17
2025-04-03 11:05:00,897.7,898.18,897.5,898.13,34474,-0.0304,0.3948,-107.70,899.4500,-0.15
2025-04-03 11:10:00,898.13,899.3,897.85,899.08,81976,0.0378,0.3948,-90.43,899.4500,-0.04
2025-04-03 11:15:00,899.13,900,898.63,899.73,250078,0.1163,0.3948,-70.54,899.4500,0.03
2025-04-03 11:20:00,899.75,899.83,898.5,899.05,87806,0.1120,0.3948,-71.63,899.4500,-0.04
2025-04-03 11:25:00,899.13,899.75,898.78,899.25,40888,0.1119,0.3948,-71.66,899.4500,-0.02
2025-04-03 11:30:00,899.38,899.43,898.5,899,32662,0.0854,0.3948,-78.37,899.4500,-0.05
2025-04-03 11:35:00,899,899.43,898.63,898.63,30046,0.0360,0.3948,-90.88,899.4500,-0.09
2025-04-03 11:40:00,898.6,899.28,898.28,899.08,33492,0.0270,0.3948,-93.16,899.4500,-0.04
2025-04-03 11:45:00,899.1,899.98,898.58,899.9,56244,0.0674,0.3948,-82.93,899.4500,0.05
2025-04-03 11:50:00,899.9,902,899.85,901.9,142844,0.2118,0.3948,-46.35,899.4500,0.27
2025-04-03 11:55:00,901.8,901.98,901.2,901.78,88794,0.2780,0.3948,-29.58,899.4500,0.26
2025-04-03 12:00:00,901.83,901.95,900.5,900.68,98296,0.2286,0.3948,-42.10,899.4500,0.14
2025-04-03 12:05:00,900.88,901.1,899.68,900,79606,0.1355,0.3948,-65.68,899.4500,0.06
2025-04-03 12:10:00,900.03,900.15,898.53,899.15,142748,0.0088,0.3948,-97.77,899.4500,-0.03
2025-04-03 12:15:00,899.03,899.5,898,899.05,339238,-0.0844,0.3948,-121.38,899.4500,-0.04
2025-04-03 12:20:00,899.03,899.2,898.5,899.03,284356,-0.1465,0.3948,-137.11,899.4500,-0.05
2025-04-03 12:25:00,899.03,899.13,897.5,898.65,176146,-0.2085,0.3948,-152.81,899.4500,-0.09
2025-04-03 12:30:00,898.6,898.98,898,898.53,71770,-0.2501,0.3948,-163.35,899.4500,-0.10
2025-04-03 12:35:00,898.68,899.43,898.25,899.35,79002,-0.2162,0.3948,-154.76,899.4500,-0.01
2025-04-03 12:40:00,899.33,899.43,898.05,898.68,102922,-0.2313,0.3948,-158.59,899.4500,-0.09
2025-04-03 12:45:00,898.68,898.7,897.75,898.15,67152,-0.2669,0.3948,-167.60,899.4500,-0.14
2025-04-03 12:50:00,898.15,898.25,896.48,897.73,172782,-0.3058,0.3948,-177.46,899.4500,-0.19
2025-04-03 12:55:00,897.73,898.43,897.45,898.03,121036,-0.2981,0.3948,-175.51,899.4500,-0.16
2025-04-03 13:00:00,898.15,898.2,896.78,897.6,84008,-0.3076,0.3948,-177.91,899.4500,-0.21
2025-04-03 13:05:00,897.6,897.65,896.15,896.75,100752,-0.3534,0.3948,-189.51,899.4500,-0.30
2025-04-03 13:10:00,896.75,896.9,895.93,896.75,66416,-0.3645,0.3948,-192.33,899.4500,-0.30
2025-04-03 13:15:00,896.75,897.33,896.05,896.38,56440,-0.3760,0.3948,-195.24,899.4500,-0.34
2025-04-03 13:20:00,896.38,896.38,894.93,895.7,172328,-0.4062,0.3948,-202.89,899.4500,-0.42
2025-04-03 13:25:00,895.7,896.23,895.03,895.95,256796,-0.3862,0.3948,-197.82,899.4500,-0.39
2025-04-03 13:30:00,895.95,896.23,895.23,896.23,82202,-0.3330,0.3948,-184.35,899.4500,-0.36
2025-04-03 13:35:00,896.23,897.28,896.03,896.2,139386,-0.2807,0.3948,-171.10,899.4500,-0.36
2025-04-03 13:40:00,896.35,896.68,895.48,895.58,94864,-0.2689,0.3948,-168.11,899.4500,-0.43
2025-04-03 13:45:00,895.8,896.75,895.5,896.73,79988,-0.1694,0.3948,-142.91,899.4500,-0.30
2025-04-03 13:50:00,896.75,896.75,896.23,896.5,39656,-0.1079,0.3948,-127.33,899.4500,-0.33
2025-04-03 13:55:00,896.48,896.63,895.53,896.03,85712,-0.0885,0.3948,-122.42,899.4500,-0.38
2025-04-03 14:00:00,896,896.98,895.58,896.95,132426,-0.0075,0.3948,-101.90,899.4500,-0.28
2025-04-03 14:05:00,896.95,897.5,895.75,896,131874,-0.0116,0.3948,-102.94,899.4500,-0.38
2025-04-03 14:10:00,896.18,896.48,895.3,895.68,115430,-0.0285,0.3948,-107.22,899.4500,-0.42
2025-04-03 14:15:00,895.53,896.75,895.53,896.65,126770,0.0298,0.3948,-92.45,899.4500,-0.31
2025-04-03 14:20:00,896.63,897.2,896,896.75,87372,0.0766,0.3948,-80.60,899.4500,-0.30
2025-04-03 14:25:00,896.98,897,896.43,896.63,98902,0.0996,0.3948,-74.77,899.4500,-0.31
2025-04-03 14:30:00,896.93,897.38,895.95,897,152380,0.1374,0.3948,-65.20,899.4500,-0.27
2025-04-03 14:35:00,897.23,898,897,897.65,114924,0.2001,0.3948,-49.32,899.4500,-0.20
2025-04-03 14:40:00,897.53,898.33,897.3,898.15,107362,0.2651,0.3948,-32.85,899.4500,-0.14
2025-04-03 14:45:00,898.25,898.33,897.58,897.95,89662,0.2829,0.3948,-28.34,899.4500,-0.17
2025-04-03 14:50:00,898.03,898.78,897.5,898.75,97820,0.3333,0.3948,-15.58,899.4500,-0.08
2025-04-03 14:55:00,898.75,899.2,898.28,898.98,146882,0.3643,0.3948,-7.73,899.4500,-0.05
2025-04-03 15:00:00,899,899.23,897.13,897.38,468116,0.2640,0.3948,-33.13,899.4500,-0.23
2025-04-03 15:05:00,897.35,897.6,896.03,896.4,470646,0.1256,0.3948,-68.19,899.4500,-0.34
2025-04-03 15:10:00,896.43,897.85,896.18,897.55,486068,0.1062,0.3948,-73.10,899.4500,-0.21
2025-04-03 15:15:00,897.63,898.05,896.75,897.05,507540,0.0569,0.3948,-85.59,899.4500,-0.27
2025-04-03 15:20:00,897.05,897.78,896.85,897.7,478428,0.0647,0.3948,-83.61,899.4500,-0.19
2025-04-03 15:25:00,897.73,898.68,896.25,896.4,493450,-0.0168,0.3948,-104.26,899.4500,-0.34
2025-04-04 09:15:00,906.5,911.98,905.55,911.08,1780878,0.8700,-0.0168,-5278.57,896.4000,1.64
2025-04-04 09:20:00,911.13,911.48,907.5,908.68,820456,1.2251,-0.0168,-7392.26,896.4000,1.37
2025-04-04 09:25:00,908.8,910.88,908.68,910.25,460252,1.4789,-0.0168,-8902.98,896.4000,1.55
2025-04-04 09:30:00,910.25,916.78,910.05,916.55,985316,1.9545,-0.0168,-11733.93,896.4000,2.25
2025-04-04 09:35:00,916.55,919,915.3,918.98,907450,2.2926,-0.0168,-13746.43,896.4000,2.52
2025-04-04 09:40:00,918.98,920.98,918.53,919.15,872114,2.3775,-0.0168,-14251.79,896.4000,2.54
2025-04-04 09:45:00,919.15,919.48,917,917.58,1116518,2.1827,-0.0168,-13092.26,896.4000,2.36
2025-04-04 09:50:00,917.6,918.65,916.25,917.15,1461748,1.8906,-0.0168,-11353.57,896.4000,2.31
2025-04-04 09:55:00,917.2,919,916.5,916.83,663952,1.5555,-0.0168,-9358.93,896.4000,2.28
2025-04-04 10:00:00,916.73,917.13,914.2,915.08,614202,1.1163,-0.0168,-6744.64,896.4000,2.08
2025-04-04 10:05:00,915.05,915.5,914.35,914.98,372854,0.7375,-0.0168,-4489.88,896.4000,2.07
2025-04-04 10:10:00,914.95,915.45,914.5,915.45,266208,0.4512,-0.0168,-2785.71,896.4000,2.13
2025-04-04 10:15:00,915.45,917.5,915.4,917.5,305096,0.3377,-0.0168,-2110.12,896.4000,2.35
2025-04-04 10:20:00,917.43,917.5,915.1,915.15,351122,0.0568,-0.0168,-438.10,896.4000,2.09
2025-04-04 10:25:00,915.15,915.2,913.53,913.9,539270,-0.2441,-0.0168,1352.98,896.4000,1.95
2025-04-04 10:30:00,913.73,913.93,912.5,913.23,452936,-0.5043,-0.0168,2901.79,896.4000,1.88
2025-04-04 10:35:00,913.23,913.4,911.85,912.1,293578,-0.7535,-0.0168,4385.12,896.4000,1.75
2025-04-04 10:40:00,911.85,912.15,910.45,911.23,412342,-0.9644,-0.0168,5640.48,896.4000,1.65
2025-04-04 10:45:00,911.18,911.35,910.05,910.13,381350,-1.1528,-0.0168,6761.90,896.4000,1.53
2025-04-04 10:50:00,910.13,912.43,910,911.05,350692,-1.1857,-0.0168,6957.74,896.4000,1.63
2025-04-04 10:55:00,911.05,911.1,909.23,910.38,347882,-1.2181,-0.0168,7150.60,896.4000,1.56
2025-04-04 11:00:00,910.5,912.98,910.38,912.38,238106,-1.0753,-0.0168,6300.60,896.4000,1.78
2025-04-04 11:05:00,912.35,914.85,911.45,913.73,274134,-0.8693,-0.0168,5074.40,896.4000,1.93
2025-04-04 11:10:00,913.73,914.15,912.73,914.1,254928,-0.6950,-0.0168,4036.90,896.4000,1.97
2025-04-04 11:15:00,914.13,915,912.33,914.38,534886,-0.5538,-0.0168,3196.43,896.4000,2.01
2025-04-04 11:20:00,914.38,915.4,913.63,914.5,602258,-0.4498,-0.0168,2577.38,896.4000,2.02
2025-04-04 11:25:00,914.53,914.68,913.3,913.63,192078,-0.4367,-0.0168,2499.40,896.4000,1.92
2025-04-04 11:30:00,913.65,913.75,912.05,913.6,260772,-0.4266,-0.0168,2439.29,896.4000,1.92
2025-04-04 11:35:00,913.63,914.75,912.33,912.73,379212,-0.4716,-0.0168,2707.14,896.4000,1.82
2025-04-04 11:40:00,912.68,914,912.35,913.68,282630,-0.4315,-0.0168,2468.45,896.4000,1.93
2025-04-04 11:45:00,913.6,914.7,913.03,914.58,229114,-0.3425,-0.0168,1938.69,896.4000,2.03
2025-04-04 11:50:00,914.6,915.05,913.05,913.45,295372,-0.3561,-0.0168,2019.64,896.4000,1.90
2025-04-04 11:55:00,913.33,914.4,912.85,914.08,291102,-0.3203,-0.0168,1806.55,896.4000,1.97
2025-04-04 12:00:00,914.1,914.6,913,914.23,322410,-0.2853,-0.0168,1598.21,896.4000,1.99
2025-04-04 12:05:00,914.23,914.5,912.25,912.88,312266,-0.3476,-0.0168,1969.05,896.4000,1.84
2025-04-04 12:10:00,912.88,913.98,911.88,913.83,248254,-0.3202,-0.0168,1805.95,896.4000,1.94
2025-04-04 12:15:00,913.85,914.35,913.45,914.2,231330,-0.2742,-0.0168,1532.14,896.4000,1.99
2025-04-04 12:20:00,914.2,914.35,913.5,913.93,150030,-0.2592,-0.0168,1442.86,896.4000,1.96
2025-04-04 12:25:00,913.93,913.98,913.4,913.53,182070,-0.2722,-0.0168,1520.24,896.4000,1.91
2025-04-04 12:30:00,913.55,913.98,912.58,912.95,214986,-0.3128,-0.0168,1761.90,896.4000,1.85
2025-04-04 12:35:00,912.98,913.38,912.63,912.98,227636,-0.3290,-0.0168,1858.33,896.4000,1.85
2025-04-04 12:40:00,912.98,913.28,912.55,913.08,190510,-0.3238,-0.0168,1827.38,896.4000,1.86
2025-04-04 12:45:00,913.08,913.23,911.55,911.63,201696,-0.4037,-0.0168,2302.98,896.4000,1.70
2025-04-04 12:50:00,911.65,911.75,911.05,911.18,217942,-0.4680,-0.0168,2685.71,896.4000,1.65
2025-04-04 12:55:00,911.18,912.15,911.05,911.6,207904,-0.4625,-0.0168,2652.98,896.4000,1.70
2025-04-04 13:00:00,911.58,911.63,910.8,910.9,206178,-0.4840,-0.0168,2780.95,896.4000,1.62
2025-04-04 13:05:00,910.9,911.88,910.73,911.68,196108,-0.4258,-0.0168,2434.52,896.4000,1.70
2025-04-04 13:10:00,911.68,911.73,910.03,910.23,245146,-0.4620,-0.0168,2650.00,896.4000,1.54
2025-04-04 13:15:00,910.23,910.5,909.75,910.38,258922,-0.4522,-0.0168,2591.67,896.4000,1.56
2025-04-04 13:20:00,910.43,910.83,909.05,910.13,404724,-0.4388,-0.0168,2511.90,896.4000,1.53
2025-04-04 13:25:00,910.1,910.25,909.23,909.95,273690,-0.4182,-0.0168,2389.29,896.4000,1.51
2025-04-04 13:30:00,910,910.7,909.58,910.08,167556,-0.3734,-0.0168,2122.62,896.4000,1.53
2025-04-04 13:35:00,910.2,911,909.6,910.8,222704,-0.2775,-0.0168,1551.79,896.4000,1.61
2025-04-04 13:40:00,910.98,911.08,909.75,910.1,243434,-0.2444,-0.0168,1354.76,896.4000,1.53
2025-04-04 13:45:00,910.03,910.28,909.1,909.8,395196,-0.2263,-0.0168,1247.02,896.4000,1.49
2025-04-04 13:50:00,909.95,910.35,908.73,909.8,931570,-0.1990,-0.0168,1084.52,896.4000,1.49
2025-04-04 13:55:00,909.35,910.25,908.4,908.93,381946,-0.2224,-0.0168,1223.81,896.4000,1.40
2025-04-04 14:00:00,908.95,910.28,908.78,910,354786,-0.1520,-0.0168,804.76,896.4000,1.52
2025-04-04 14:05:00,910.03,911.65,909.98,911.18,271400,-0.0192,-0.0168,14.29,896.4000,1.65
2025-04-04 14:10:00,911.2,912.5,910.63,912.3,386166,0.1421,-0.0168,-945.83,896.4000,1.77
2025-04-04 14:15:00,912.28,912.5,911.03,911.3,296826,0.1770,-0.0168,-1153.57,896.4000,1.66
2025-04-04 14:20:00,911.3,911.35,909.55,910.33,296342,0.1325,-0.0168,-888.69,896.4000,1.55
2025-04-04 14:25:00,910.33,910.5,908.93,908.93,219900,0.0128,-0.0168,-176.19,896.4000,1.40
2025-04-04 14:30:00,908.93,909.73,908.83,909.3,205964,-0.0349,-0.0168,107.74,896.4000,1.44
2025-04-04 14:35:00,909.3,910.25,909.15,909.85,387194,-0.0233,-0.0168,38.69,896.4000,1.50
2025-04-04 14:40:00,909.85,910,908.53,908.98,742694,-0.0658,-0.0168,291.67,896.4000,1.40
2025-04-04 14:45:00,909.03,909.3,907.85,908.55,326606,-0.1117,-0.0168,564.88,896.4000,1.36
2025-04-04 14:50:00,908.55,909,908,908.25,309364,-0.1488,-0.0168,785.71,896.4000,1.32
2025-04-04 14:55:00,908.25,908.5,907.78,908.25,350564,-0.1589,-0.0168,845.83,896.4000,1.32
2025-04-04 15:00:00,908.25,909.75,907.8,908.5,656660,-0.1353,-0.0168,705.36,896.4000,1.35
2025-04-04 15:05:00,908.5,909.8,907.63,909,849762,-0.0755,-0.0168,349.40,896.4000,1.41
2025-04-04 15:10:00,909.03,909.2,908.1,908.68,570296,-0.0484,-0.0168,188.10,896.4000,1.37
2025-04-04 15:15:00,908.65,909.35,908.08,908.68,657602,-0.0226,-0.0168,34.52,896.4000,1.37
2025-04-04 15:20:00,908.65,908.85,908.1,908.5,687128,-0.0104,-0.0168,-38.10,896.4000,1.35
2025-04-04 15:25:00,908.5,908.98,908,908.4,483998,-0.0022,-0.0168,-86.90,896.4000,1.34
2025-04-07 09:15:00,881.4,889.8,875.7,883.38,4480414,-1.5874,-0.0022,72054.55,908.4000,-2.75
2025-04-07 09:20:00,883.43,889.93,879.23,889.3,1605560,-2.1100,-0.0022,95809.09,908.4000,-2.10
2025-04-07 09:25:00,889.28,889.68,883.7,884.28,1451316,-2.6325,-0.0022,119559.09,908.4000,-2.66
2025-04-07 09:30:00,884.38,888.93,884,885.93,1030110,-2.6959,-0.0022,122440.91,908.4000,-2.47
2025-04-07 09:35:00,885.8,886.58,882.48,884.93,1353936,-2.6313,-0.0022,119504.55,908.4000,-2.58
2025-04-07 09:40:00,884.85,885.28,882.75,883.58,492036,-2.5060,-0.0022,113809.09,908.4000,-2.73
2025-04-07 09:45:00,883.88,887.5,883.33,886.98,379652,-2.0406,-0.0022,92654.55,908.4000,-2.36
2025-04-07 09:50:00,886.98,887.45,882.93,883.18,465314,-1.8411,-0.0022,83586.36,908.4000,-2.78
2025-04-07 09:55:00,883.18,884.98,879.83,879.95,697130,-1.7782,-0.0022,80727.27,908.4000,-3.13
2025-04-07 10:00:00,880.2,882.85,880.08,881.73,451846,-1.4805,-0.0022,67195.45,908.4000,-2.94
2025-04-07 10:05:00,881.73,883.53,880.33,882.2,436074,-1.1313,-0.0022,51322.73,908.4000,-2.88
2025-04-07 10:10:00,882.53,883.48,879.15,879.55,668190,-0.9649,-0.0022,43759.09,908.4000,-3.18
2025-04-07 10:15:00,879.58,881.05,879.55,880.78,581232,-0.6718,-0.0022,30436.36,908.4000,-3.04
2025-04-07 10:20:00,880.68,882.88,880.53,882.35,376998,-0.2914,-0.0022,13145.45,908.4000,-2.87
2025-04-07 10:25:00,882.35,885.23,881.88,885.13,294774,0.2015,-0.0022,-9259.09,908.4000,-2.56
2025-04-07 10:30:00,885.08,885.13,882,882.5,266680,0.3935,-0.0022,-17986.36,908.4000,-2.85
2025-04-07 10:35:00,882.5,882.5,881.25,882.13,370052,0.5301,-0.0022,-24195.45,908.4000,-2.89
2025-04-07 10:40:00,882.13,882.13,879.68,880.93,517424,0.5706,-0.0022,-26036.36,908.4000,-3.02
2025-04-07 10:45:00,880.9,882.25,880.5,881.5,670516,0.6605,-0.0022,-30122.73,908.4000,-2.96
2025-04-07 10:50:00,881.5,884,881.13,882.28,344254,0.7885,-0.0022,-35940.91,908.4000,-2.88
2025-04-07 10:55:00,882.25,882.28,878.5,878.5,241764,0.6409,-0.0022,-29231.82,908.4000,-3.29
2025-04-07 11:00:00,878.6,879.03,877.5,877.78,217116,0.5220,-0.0022,-23827.27,908.4000,-3.37
2025-04-07 11:05:00,877.53,878.23,876.88,877.1,178404,0.4288,-0.0022,-19590.91,908.4000,-3.45
2025-04-07 11:10:00,877.1,877.75,876.53,876.75,177380,0.3767,-0.0022,-17222.73,908.4000,-3.48
2025-04-07 11:15:00,876.75,877.13,875.75,877,320104,0.3904,-0.0022,-17845.45,908.4000,-3.46
2025-04-07 11:20:00,877,877.5,875,875.2,212962,0.3130,-0.0022,-14327.27,908.4000,-3.65
2025-04-07 11:25:00,875.2,877.18,875,876.98,216060,0.4103,-0.0022,-18750.00,908.4000,-3.46
2025-04-07 11:30:00,876.63,879.05,876.58,878.8,190358,0.6136,-0.0022,-27990.91,908.4000,-3.26
2025-04-07 11:35:00,879,879.68,878,878.35,124718,0.7264,-0.0022,-33118.18,908.4000,-3.31
2025-04-07 11:40:00,878.33,878.33,875.68,876.35,183768,0.6760,-0.0022,-30827.27,908.4000,-3.53
2025-04-07 11:45:00,876.5,877.45,875.78,877.33,180298,0.7146,-0.0022,-32581.82,908.4000,-3.42
2025-04-07 11:50:00,877.3,877.48,876.28,877.05,234614,0.7250,-0.0022,-33054.55,908.4000,-3.45
2025-04-07 11:55:00,877,877.13,874.38,875,425432,0.6024,-0.0022,-27481.82,908.4000,-3.68
2025-04-07 12:00:00,875,876.03,874.63,875.7,319294,0.5771,-0.0022,-26331.82,908.4000,-3.60
2025-04-07 12:05:00,875.65,875.73,874,874.83,227640,0.5126,-0.0022,-23400.00,908.4000,-3.70
2025-04-07 12:10:00,874.85,875.25,873.3,873.45,249708,0.3932,-0.0022,-17972.73,908.4000,-3.85
2025-04-07 12:15:00,873.3,873.95,872,872.33,325452,0.2613,-0.0022,-11977.27,908.4000,-3.97
2025-04-07 12:20:00,872.33,873.45,872,872.1,252098,0.1847,-0.0022,-8495.45,908.4000,-4.00
2025-04-07 12:25:00,872,873.2,871.28,872.18,423726,0.1661,-0.0022,-7650.00,908.4000,-3.99
2025-04-07 12:30:00,872.18,873.13,869.28,870.55,392102,0.0754,-0.0022,-3527.27,908.4000,-4.17
2025-04-07 12:35:00,870.18,871.38,869.1,871,293446,0.0768,-0.0022,-3590.91,908.4000,-4.12
2025-04-07 12:40:00,870.95,873.18,870.5,873.15,223960,0.2442,-0.0022,-11200.00,908.4000,-3.88
2025-04-07 12:45:00,873.05,874.5,872.8,874.2,268120,0.4360,-0.0022,-19918.18,908.4000,-3.76
2025-04-07 12:50:00,874.2,874.3,872.38,873.23,211306,0.5033,-0.0022,-22977.27,908.4000,-3.87
2025-04-07 12:55:00,872.98,874.1,871.5,871.93,299898,0.4667,-0.0022,-21313.64,908.4000,-4.01
2025-04-07 13:00:00,871.93,872.38,871.05,871.35,158228,0.4118,-0.0022,-18818.18,908.4000,-4.08
2025-04-07 13:05:00,871.35,872.15,871,871.95,347666,0.4228,-0.0022,-19318.18,908.4000,-4.01
2025-04-07 13:10:00,871.9,872.43,869.4,872.15,324786,0.4478,-0.0022,-20454.55,908.4000,-3.99
2025-04-07 13:15:00,872.13,872.38,869.5,869.7,170684,0.3104,-0.0022,-14209.09,908.4000,-4.26
2025-04-07 13:20:00,869.7,872.25,869.45,872.08,253834,0.3857,-0.0022,-17631.82,908.4000,-4.00
2025-04-07 13:25:00,872.23,874,871.68,872.83,206728,0.4856,-0.0022,-22172.73,908.4000,-3.92
2025-04-07 13:30:00,872.83,874.78,872.05,874.03,183982,0.6233,-0.0022,-28431.82,908.4000,-3.78
2025-04-07 13:35:00,874.03,875.33,873.7,874.08,252934,0.7026,-0.0022,-32036.36,908.4000,-3.78
2025-04-07 13:40:00,874.15,875.3,872.93,874.9,182820,0.7888,-0.0022,-35954.55,908.4000,-3.69
2025-04-07 13:45:00,874.93,877.33,874.2,874.28,399702,0.7809,-0.0022,-35595.45,908.4000,-3.76
2025-04-07 13:50:00,874.48,875.75,873.98,875.65,156916,0.8398,-0.0022,-38272.73,908.4000,-3.61
2025-04-07 13:55:00,875.7,876.18,873.9,874.85,286130,0.7971,-0.0022,-36331.82,908.4000,-3.69
2025-04-07 14:00:00,874.75,874.95,873.1,874.93,202560,0.7472,-0.0022,-34063.64,908.4000,-3.68
2025-04-07 14:05:00,874.95,876.23,874.88,875.6,260370,0.7315,-0.0022,-33350.00,908.4000,-3.61
2025-04-07 14:10:00,875.58,875.75,873.23,873.4,192712,0.5531,-0.0022,-25240.91,908.4000,-3.85
2025-04-07 14:15:00,873.55,874.5,872.53,873.83,281086,0.4487,-0.0022,-20495.45,908.4000,-3.81
2025-04-07 14:20:00,874.13,875.4,873,873.85,272096,0.3689,-0.0022,-16868.18,908.4000,-3.80
2025-04-07 14:25:00,873.85,875.48,873.3,875.08,372044,0.3852,-0.0022,-17609.09,908.4000,-3.67
2025-04-07 14:30:00,875.23,876.95,874.5,875.15,375928,0.3859,-0.0022,-17640.91,908.4000,-3.66
2025-04-07 14:35:00,875.28,875.75,874,874.9,516844,0.3555,-0.0022,-16259.09,908.4000,-3.69
2025-04-07 14:40:00,874.8,874.98,873.5,873.83,287036,0.2541,-0.0022,-11650.00,908.4000,-3.81
2025-04-07 14:45:00,873.85,875.3,873.8,874.78,549482,0.2418,-0.0022,-11090.91,908.4000,-3.70
2025-04-07 14:50:00,874.78,875.33,872.93,873.48,326370,0.1418,-0.0022,-6545.45,908.4000,-3.84
2025-04-07 14:55:00,873.48,875,873.43,874.3,430446,0.1272,-0.0022,-5881.82,908.4000,-3.75
2025-04-07 15:00:00,874.3,876.95,873.95,876.05,947612,0.2258,-0.0022,-10363.64,908.4000,-3.56
2025-04-07 15:05:00,876.03,881.98,875.68,880.9,1199472,0.5875,-0.0022,-26804.55,908.4000,-3.03
2025-04-07 15:10:00,881,881.28,877.45,879.4,1246190,0.6887,-0.0022,-31404.55,908.4000,-3.19
2025-04-07 15:15:00,879.4,879.98,877.85,879.53,1154968,0.7237,-0.0022,-32995.45,908.4000,-3.18
2025-04-07 15:20:00,879.55,882.5,878.85,882.18,1043968,0.8745,-0.0022,-39850.00,908.4000,-2.89
2025-04-07 15:25:00,882.15,882.3,878.63,880.03,741284,0.7817,-0.0022,-35631.82,908.4000,-3.12
2025-04-08 09:15:00,883.5,885.93,879.03,884.28,2603254,0.9477,0.7817,21.24,880.0300,0.48
2025-04-08 09:20:00,884.38,885.25,882.63,884.98,663994,1.0386,0.7817,32.86,880.0300,0.56
2025-04-08 09:25:00,884.98,888.08,883.63,887.85,772838,1.2136,0.7817,55.25,880.0300,0.89
2025-04-08 09:30:00,887.78,889.75,887.63,888.1,589602,1.2624,0.7817,61.49,880.0300,0.92
2025-04-08 09:35:00,888.1,888.58,884.63,885.35,546938,1.0350,0.7817,32.40,880.0300,0.60
2025-04-08 09:40:00,885.3,885.75,883.78,884.75,347580,0.7814,0.7817,-0.04,880.0300,0.54
2025-04-08 09:45:00,884.75,887.5,883.25,884.75,410646,0.5611,0.7817,-28.22,880.0300,0.54
2025-04-08 09:50:00,884.75,885,882.55,883,308120,0.2602,0.7817,-66.71,880.0300,0.34
2025-04-08 09:55:00,882.93,883.5,880.75,882.4,405984,-0.0025,0.7817,-100.32,880.0300,0.27
2025-04-08 10:00:00,882.3,883.15,881.28,881.4,340084,-0.2531,0.7817,-132.38,880.0300,0.16
2025-04-08 10:05:00,881.45,882.65,881,881.75,218644,-0.3962,0.7817,-150.68,880.0300,0.20
2025-04-08 10:10:00,881.75,883,880.83,881,233668,-0.5337,0.7817,-168.27,880.0300,0.11
2025-04-08 10:15:00,880.98,882.48,880.95,881.53,193498,-0.5777,0.7817,-173.90,880.0300,0.17
2025-04-08 10:20:00,881.5,882.93,881.43,882.23,164058,-0.5485,0.7817,-170.17,880.0300,0.25
2025-04-08 10:25:00,882.13,883.28,881.53,883,286660,-0.4692,0.7817,-160.02,880.0300,0.34
2025-04-08 10:30:00,883,883.73,881.88,882.3,268618,-0.4556,0.7817,-158.28,880.0300,0.26
2025-04-08 10:35:00,882.3,882.73,877.18,877.5,771212,-0.7443,0.7817,-195.22,880.0300,-0.29
2025-04-08 10:40:00,877.5,879.25,877.08,879.03,419756,-0.8018,0.7817,-202.57,880.0300,-0.11
2025-04-08 10:45:00,879.15,879.83,877.85,878.65,304130,-0.8314,0.7817,-206.36,880.0300,-0.16
2025-04-08 10:50:00,878.65,882,878.43,881.3,620352,-0.6466,0.7817,-182.72,880.0300,0.14
2025-04-08 10:55:00,881.5,882,880.13,881.7,477098,-0.4794,0.7817,-161.33,880.0300,0.19
2025-04-08 11:00:00,881.9,882.58,880,880.25,299396,-0.4489,0.7817,-157.43,880.0300,0.02
2025-04-08 11:05:00,880.25,882.5,879.28,882.23,398026,-0.2857,0.7817,-136.55,880.0300,0.25
2025-04-08 11:10:00,882.33,882.8,880.8,880.8,226500,-0.2649,0.7817,-133.89,880.0300,0.09
2025-04-08 11:15:00,880.9,881.5,878.5,878.8,196724,-0.3702,0.7817,-147.36,880.0300,-0.14
2025-04-08 11:20:00,878.78,879.9,878.33,879.13,300780,-0.3995,0.7817,-151.11,880.0300,-0.10
2025-04-08 11:25:00,879.1,879.4,876.45,877.5,288948,-0.5038,0.7817,-164.45,880.0300,-0.29
2025-04-08 11:30:00,877.5,877.5,875.25,876.05,308418,-0.6370,0.7817,-181.49,880.0300,-0.45
2025-04-08 11:35:00,876,878,875.15,877.98,243186,-0.5641,0.7817,-172.16,880.0300,-0.23
2025-04-08 11:40:00,877.98,879.65,877.25,878.58,316778,-0.4496,0.7817,-157.52,880.0300,-0.16
2025-04-08 11:45:00,878.5,881.5,878.08,881.2,174970,-0.1849,0.7817,-123.65,880.0300,0.13
2025-04-08 11:50:00,881.4,881.73,879.4,881.43,135924,0.0078,0.7817,-99.00,880.0300,0.16
2025-04-08 11:55:00,881.45,881.7,879.5,880.8,116544,0.0905,0.7817,-88.42,880.0300,0.09
2025-04-08 12:00:00,880.93,882,880.5,881.78,165272,0.2023,0.7817,-74.12,880.0300,0.20
2025-04-08 12:05:00,881.95,883.45,881.45,883,243480,0.3415,0.7817,-56.31,880.0300,0.34
2025-04-08 12:10:00,883,884.8,883,884.2,388640,0.4884,0.7817,-37.52,880.0300,0.47
2025-04-08 12:15:00,884.48,884.7,883.18,883.53,214860,0.5121,0.7817,-34.49,880.0300,0.40
2025-04-08 12:20:00,883.58,885,883.58,884.78,273234,0.5786,0.7817,-25.98,880.0300,0.54
2025-04-08 12:25:00,884.78,886.85,884.5,886.83,440192,0.7182,0.7817,-8.12,880.0300,0.77
2025-04-08 12:30:00,886.85,889.45,886.15,888.83,760310,0.8915,0.7817,14.05,880.0300,1.00
2025-04-08 12:35:00,889,890.9,888.4,889.6,556788,0.9962,0.7817,27.44,880.0300,1.09
2025-04-08 12:40:00,889.6,890.23,888.35,889.63,209146,1.0031,0.7817,28.32,880.0300,1.09
2025-04-08 12:45:00,889.65,890.25,888.58,888.98,207412,0.9025,0.7817,15.45,880.0300,1.02
2025-04-08 12:50:00,889,889.63,888.05,888.13,253264,0.7251,0.7817,-7.24,880.0300,0.92
2025-04-08 12:55:00,888.1,889.5,887.4,889.4,298630,0.6424,0.7817,-17.82,880.0300,1.06
2025-04-08 13:00:00,889.4,889.95,888.23,889.48,453214,0.5460,0.7817,-30.15,880.0300,1.07
2025-04-08 13:05:00,889.5,889.78,888.55,889,171712,0.4091,0.7817,-47.67,880.0300,1.02
2025-04-08 13:10:00,889.23,891,889.13,890.93,375350,0.4069,0.7817,-47.95,880.0300,1.24
2025-04-08 13:15:00,890.93,891,888.78,889.35,213476,0.2643,0.7817,-66.19,880.0300,1.06
2025-04-08 13:20:00,889.45,890.65,888.43,889.98,661520,0.1815,0.7817,-76.78,880.0300,1.13
2025-04-08 13:25:00,889.98,890.83,889.25,890.33,433424,0.1224,0.7817,-84.34,880.0300,1.17
2025-04-08 13:30:00,890.33,890.9,888.98,890.45,280732,0.0662,0.7817,-91.53,880.0300,1.18
2025-04-08 13:35:00,890.43,890.55,885.13,885.58,407570,-0.3038,0.7817,-138.86,880.0300,0.63
2025-04-08 13:40:00,885.6,889.33,884.65,888.25,300158,-0.3692,0.7817,-147.23,880.0300,0.93
2025-04-08 13:45:00,888.08,888.98,885.03,885.6,305944,-0.5790,0.7817,-174.07,880.0300,0.63
2025-04-08 13:50:00,885.53,886.43,883.08,883.73,929972,-0.8171,0.7817,-204.53,880.0300,0.42
2025-04-08 13:55:00,883.78,885.85,883.3,885.55,431854,-0.8232,0.7817,-205.31,880.0300,0.63
2025-04-08 14:00:00,885.55,889.23,885.55,886.05,324210,-0.7659,0.7817,-197.98,880.0300,0.68
2025-04-08 14:05:00,885.98,887.93,884.3,887.93,391856,-0.5820,0.7817,-174.45,880.0300,0.90
2025-04-08 14:10:00,887.78,888.3,886.13,887.48,374136,-0.4758,0.7817,-160.87,880.0300,0.85
2025-04-08 14:15:00,887.5,889.75,887.5,889.5,313844,-0.2652,0.7817,-133.93,880.0300,1.08
2025-04-08 14:20:00,889.6,890.9,888.68,890.55,300224,-0.0614,0.7817,-107.85,880.0300,1.20
2025-04-08 14:25:00,890.63,890.95,888.58,890.48,275386,0.0560,0.7817,-92.84,880.0300,1.19
2025-04-08 14:30:00,890.45,890.88,886,887.38,219496,-0.0803,0.7817,-110.27,880.0300,0.84
2025-04-08 14:35:00,887.38,887.8,884.85,885.28,406328,-0.3045,0.7817,-138.95,880.0300,0.60
2025-04-08 14:40:00,885.28,886.23,884.9,886.03,347614,-0.3895,0.7817,-149.83,880.0300,0.68
2025-04-08 14:45:00,886,887.95,885.13,885.58,417924,-0.4585,0.7817,-158.65,880.0300,0.63
2025-04-08 14:50:00,885.58,888.15,884.98,887.73,319770,-0.3468,0.7817,-144.36,880.0300,0.87
2025-04-08 14:55:00,887.73,888.43,886.43,887.75,314752,-0.2629,0.7817,-133.63,880.0300,0.88
2025-04-08 15:00:00,887.78,887.78,884.13,884.3,1368850,-0.4217,0.7817,-153.95,880.0300,0.49
2025-04-08 15:05:00,884.3,884.7,883.88,884.6,1188550,-0.4840,0.7817,-161.92,880.0300,0.52
2025-04-08 15:10:00,884.6,884.98,883.78,883.88,1309840,-0.5464,0.7817,-169.90,880.0300,0.44
2025-04-08 15:15:00,883.88,884.1,883.28,883.3,1202358,-0.5956,0.7817,-176.19,880.0300,0.37
2025-04-08 15:20:00,883.28,885.1,883.28,884.85,1337406,-0.4966,0.7817,-163.53,880.0300,0.55
2025-04-08 15:25:00,884.85,886.85,884.83,885.08,869938,-0.3930,0.7817,-150.28,880.0300,0.57
2025-04-09 09:15:00,882.6,887.5,880.15,881.15,1708654,-0.5565,-0.3930,41.60,885.0800,-0.44
2025-04-09 09:20:00,881.23,884.55,880.75,883.5,746138,-0.4769,-0.3930,21.35,885.0800,-0.18
2025-04-09 09:25:00,883.5,885.1,882.3,882.85,421558,-0.4393,-0.3930,11.78,885.0800,-0.25
2025-04-09 09:30:00,882.85,885.6,882.5,885.6,302272,-0.2122,-0.3930,-46.01,885.0800,0.06
2025-04-09 09:35:00,885.58,886.45,884.05,885,292516,-0.0914,-0.3930,-76.74,885.0800,-0.01
2025-04-09 09:40:00,884.95,886.73,883.55,886.6,175136,0.0970,-0.3930,-124.68,885.0800,0.17
2025-04-09 09:45:00,886.3,886.6,884.2,884.35,163258,0.0720,-0.3930,-118.32,885.0800,-0.08
2025-04-09 09:50:00,884.35,886.25,884.18,885.35,185864,0.1217,-0.3930,-130.97,885.0800,0.03
2025-04-09 09:55:00,885.4,885.8,883.45,884.05,218766,0.0687,-0.3930,-117.48,885.0800,-0.12
2025-04-09 10:00:00,884.03,885.78,883.48,884.7,190778,0.0783,-0.3930,-119.92,885.0800,-0.04
2025-04-09 10:05:00,884.58,886.83,883.55,886.38,143006,0.1922,-0.3930,-148.91,885.0800,0.15
2025-04-09 10:10:00,886.65,886.65,882.88,883.65,181234,0.0837,-0.3930,-121.30,885.0800,-0.16
2025-04-09 10:15:00,883.58,886.18,883.5,885.45,133474,0.1303,-0.3930,-133.16,885.0800,0.04
2025-04-09 10:20:00,885.55,886.23,884.6,884.8,91762,0.1150,-0.3930,-129.26,885.0800,-0.03
2025-04-09 10:25:00,884.8,884.9,881.95,882.33,123654,-0.0546,-0.3930,-86.11,885.0800,-0.31
2025-04-09 10:30:00,882.28,882.5,879.5,879.6,172646,-0.3285,-0.3930,-16.41,885.0800,-0.62
2025-04-09 10:35:00,879.5,880.05,877.08,879.75,530848,-0.4690,-0.3930,19.34,885.0800,-0.60
2025-04-09 10:40:00,879.83,880.25,878.68,878.68,215266,-0.5951,-0.3930,51.42,885.0800,-0.72
2025-04-09 10:45:00,878.68,880.03,878.38,879.18,305348,-0.6042,-0.3930,53.74,885.0800,-0.67
2025-04-09 10:50:00,879.2,881.7,879.1,880.93,233224,-0.4583,-0.3930,16.62,885.0800,-0.47
2025-04-09 10:55:00,880.85,881.5,880.03,880.33,68332,-0.3718,-0.3930,-5.39,885.0800,-0.54
2025-04-09 11:00:00,880.33,880.73,878.9,878.95,272812,-0.3759,-0.3930,-4.35,885.0800,-0.69
2025-04-09 11:05:00,879.18,879.35,878.03,878.93,357126,-0.3491,-0.3930,-11.17,885.0800,-0.69
2025-04-09 11:10:00,878.95,878.95,876.95,878.08,177268,-0.3564,-0.3930,-9.31,885.0800,-0.79
2025-04-09 11:15:00,878.03,879.3,877.65,879.28,46926,-0.2531,-0.3930,-35.60,885.0800,-0.66
2025-04-09 11:20:00,879.3,880.5,878.88,879.25,89522,-0.1638,-0.3930,-58.32,885.0800,-0.66
2025-04-09 11:25:00,879.25,880,878.85,880,96620,-0.0378,-0.3930,-90.38,885.0800,-0.57
2025-04-09 11:30:00,879.93,880.28,879.2,879.58,51052,0.0301,-0.3930,-107.66,885.0800,-0.62
2025-04-09 11:35:00,879.58,880,878.4,880,298004,0.1114,-0.3930,-128.35,885.0800,-0.57
2025-04-09 11:40:00,879.98,880.95,879.5,879.98,237152,0.1686,-0.3930,-142.90,885.0800,-0.58
2025-04-09 11:45:00,879.98,880.1,878.9,879.08,286102,0.1512,-0.3930,-138.47,885.0800,-0.68
2025-04-09 11:50:00,879.08,879.98,878.33,879.95,223390,0.2004,-0.3930,-150.99,885.0800,-0.58
2025-04-09 11:55:00,879.98,881.2,879.13,879.63,207756,0.2126,-0.3930,-154.10,885.0800,-0.62
2025-04-09 12:00:00,879.6,879.73,878.43,879.23,79200,0.1952,-0.3930,-149.67,885.0800,-0.66
2025-04-09 12:05:00,879.23,879.88,878.88,878.98,135032,0.1693,-0.3930,-143.08,885.0800,-0.69
2025-04-09 12:10:00,878.88,879,877.78,878.75,235198,0.1404,-0.3930,-135.73,885.0800,-0.72
2025-04-09 12:15:00,878.75,879.5,878.05,878.95,106798,0.1382,-0.3930,-135.17,885.0800,-0.69
2025-04-09 12:20:00,878.93,879.25,878.63,878.95,87724,0.1398,-0.3930,-135.57,885.0800,-0.69
2025-04-09 12:25:00,878.95,879.03,878.03,878.38,231634,0.1070,-0.3930,-127.23,885.0800,-0.76
2025-04-09 12:30:00,878.35,878.88,877.5,878.55,427004,0.1013,-0.3930,-125.78,885.0800,-0.74
2025-04-09 12:35:00,878.55,880,877.58,878.75,480476,0.1146,-0.3930,-129.16,885.0800,-0.72
2025-04-09 12:40:00,878.73,880,878.25,880,293134,0.2059,-0.3930,-152.39,885.0800,-0.57
2025-04-09 12:45:00,879.98,880,878.33,879.03,327622,0.1991,-0.3930,-150.66,885.0800,-0.68
2025-04-09 12:50:00,879.05,879.05,877.5,878.53,257580,0.1607,-0.3930,-140.89,885.0800,-0.74
2025-04-09 12:55:00,878.53,878.7,876.83,877.33,335960,0.0595,-0.3930,-115.14,885.0800,-0.88
2025-04-09 13:00:00,877.28,878.28,876.75,877.5,235156,0.0115,-0.3930,-102.93,885.0800,-0.86
2025-04-09 13:05:00,877.5,878.18,876.8,878.15,207932,0.0300,-0.3930,-107.63,885.0800,-0.78
2025-04-09 13:10:00,878.15,878.78,877.58,878.75,215750,0.0860,-0.3930,-121.88,885.0800,-0.72
2025-04-09 13:15:00,878.68,879.25,878.18,879.15,103190,0.1495,-0.3930,-138.04,885.0800,-0.67
2025-04-09 13:20:00,879.15,879.5,878.6,879.5,104948,0.2110,-0.3930,-153.69,885.0800,-0.63
2025-04-09 13:25:00,879.35,879.95,878.18,878.35,206414,0.1716,-0.3930,-143.66,885.0800,-0.76
2025-04-09 13:30:00,878.23,879.35,877.98,878.6,189088,0.1602,-0.3930,-140.76,885.0800,-0.73
2025-04-09 13:35:00,878.6,879.23,878.2,879.15,152624,0.1855,-0.3930,-147.20,885.0800,-0.67
2025-04-09 13:40:00,879.13,879.63,877,877.5,698454,0.0919,-0.3930,-123.38,885.0800,-0.86
2025-04-09 13:45:00,877.28,878.55,876.95,878.48,188134,0.0961,-0.3930,-124.45,885.0800,-0.75
2025-04-09 13:50:00,878.15,878.8,876.95,877.55,221386,0.0394,-0.3930,-110.03,885.0800,-0.85
2025-04-09 13:55:00,877.5,878.95,877.1,877.78,144076,0.0214,-0.3930,-105.45,885.0800,-0.82
2025-04-09 14:00:00,877.78,878.7,877.05,877.7,268856,0.0087,-0.3930,-102.21,885.0800,-0.83
2025-04-09 14:05:00,877.7,878.48,877.5,877.63,158792,0.0007,-0.3930,-100.18,885.0800,-0.84
2025-04-09 14:10:00,877.63,878.95,877.28,878.9,195646,0.0816,-0.3930,-120.76,885.0800,-0.70
2025-04-09 14:15:00,878.9,879.5,878.53,879.5,146234,0.1709,-0.3930,-143.49,885.0800,-0.63
2025-04-09 14:20:00,879.45,880,879.38,880,177064,0.2542,-0.3930,-164.68,885.0800,-0.57
2025-04-09 14:25:00,880,880.45,879.4,880.43,124982,0.3241,-0.3930,-182.47,885.0800,-0.53
2025-04-09 14:30:00,880.43,880.98,879.73,880.98,241236,0.3891,-0.3930,-199.01,885.0800,-0.46
2025-04-09 14:35:00,880.98,881.23,880.18,881.15,231252,0.4223,-0.3930,-207.46,885.0800,-0.44
2025-04-09 14:40:00,881.15,881.5,880.68,881.08,338018,0.4176,-0.3930,-206.26,885.0800,-0.45
2025-04-09 14:45:00,881.08,882.2,880.88,881.75,324868,0.4357,-0.3930,-210.87,885.0800,-0.38
2025-04-09 14:50:00,881.75,882.5,881.33,882.13,342078,0.4476,-0.3930,-213.89,885.0800,-0.33
2025-04-09 14:55:00,882.13,882.28,880.83,881.95,343836,0.4183,-0.3930,-206.44,885.0800,-0.35
2025-04-09 15:00:00,882.03,882.45,881.15,882.05,901694,0.3815,-0.3930,-197.07,885.0800,-0.34
2025-04-09 15:05:00,882.05,882.45,881.65,881.93,604592,0.3272,-0.3930,-183.26,885.0800,-0.36
2025-04-09 15:10:00,881.93,882.7,881.53,882.68,696434,0.3194,-0.3930,-181.27,885.0800,-0.27
2025-04-09 15:15:00,882.65,883.48,882.53,883.15,770986,0.3226,-0.3930,-182.09,885.0800,-0.22
2025-04-09 15:20:00,883.15,883.55,883,883.15,521970,0.3018,-0.3930,-176.79,885.0800,-0.22
2025-04-09 15:25:00,883.15,883.35,882.5,882.65,585040,0.2345,-0.3930,-159.67,885.0800,-0.27
2025-04-11 09:15:00,887.43,900.55,887.43,900,3981716,1.2801,0.2345,445.88,882.6500,1.97
2025-04-11 09:20:00,899.95,902.38,899.3,902.35,1578428,2.0083,0.2345,756.42,882.6500,2.23
2025-04-11 09:25:00,902.38,902.38,895.43,897.4,888818,2.0290,0.2345,765.25,882.6500,1.67
2025-04-11 09:30:00,897.3,900.5,897.2,900.5,339910,2.1142,0.2345,801.58,882.6500,2.02
2025-04-11 09:35:00,900.43,901.18,899.6,900.75,220050,2.0486,0.2345,773.60,882.6500,2.05
2025-04-11 09:40:00,900.63,901.78,900.03,900.58,251480,1.8606,0.2345,693.43,882.6500,2.03
2025-04-11 09:45:00,900.7,903,900.33,902.73,323984,1.7495,0.2345,646.06,882.6500,2.27
2025-04-11 09:50:00,902.9,903.33,901.15,902.68,1101932,1.5480,0.2345,560.13,882.6500,2.27
2025-04-11 09:55:00,902.65,903.25,900.05,900.65,199012,1.1705,0.2345,399.15,882.6500,2.04
2025-04-11 10:00:00,900.65,901.5,900,900.2,169818,0.8007,0.2345,241.45,882.6500,1.99
2025-04-11 10:05:00,900.23,901.25,900,900.73,191254,0.5158,0.2345,119.96,882.6500,2.05
2025-04-11 10:10:00,900.75,901.5,900.55,900.95,187396,0.2781,0.2345,18.59,882.6500,2.07
2025-04-11 10:15:00,900.95,901.15,900,900.5,268276,0.0390,0.2345,-83.37,882.6500,2.02
2025-04-11 10:20:00,900.38,900.95,900,900.5,246694,-0.1598,0.2345,-168.14,882.6500,2.02
2025-04-11 10:25:00,900.33,901.03,900,900.83,193556,-0.3014,0.2345,-228.53,882.6500,2.06
2025-04-11 10:30:00,900.83,902.98,900.48,902.4,446312,-0.3200,0.2345,-236.46,882.6500,2.24
2025-04-11 10:35:00,902.5,902.8,900,900,200298,-0.5131,0.2345,-318.81,882.6500,1.97
2025-04-11 10:40:00,900.05,901.08,900,901.08,296074,-0.5823,0.2345,-348.32,882.6500,2.09
2025-04-11 10:45:00,900.93,901.6,900.05,901.03,218408,-0.6409,0.2345,-373.30,882.6500,2.08
2025-04-11 10:50:00,901.03,901.28,900,900.53,311832,-0.7170,0.2345,-405.76,882.6500,2.03
2025-04-11 10:55:00,900.7,901.03,900,900.75,212410,-0.7526,0.2345,-420.94,882.6500,2.05
2025-04-11 11:00:00,900.75,900.9,899.88,900.53,234120,-0.7873,0.2345,-435.74,882.6500,2.03
2025-04-11 11:05:00,900.58,900.58,899.85,900.03,139308,-0.8357,0.2345,-456.38,882.6500,1.97
2025-04-11 11:10:00,900.13,901.73,899.15,901.1,254386,-0.7880,0.2345,-436.03,882.6500,2.09
2025-04-11 11:15:00,901.1,901.93,900.73,900.73,161780,-0.7726,0.2345,-429.47,882.6500,2.05
2025-04-11 11:20:00,900.7,902.28,900.3,902.2,231538,-0.6593,0.2345,-381.15,882.6500,2.21
2025-04-11 11:25:00,902.25,905,902.23,904.9,660166,-0.4103,0.2345,-274.97,882.6500,2.52
2025-04-11 11:30:00,904.9,906.68,904.55,906.45,541472,-0.1620,0.2345,-169.08,882.6500,2.70
2025-04-11 11:35:00,906.48,907.95,906.23,907.5,446848,0.0415,0.2345,-82.30,882.6500,2.82
2025-04-11 11:40:00,907.48,908.43,905.8,906.78,436268,0.0931,0.2345,-60.30,882.6500,2.73
2025-04-11 11:45:00,906.83,908.33,905.93,905.95,278584,0.0395,0.2345,-83.16,882.6500,2.64
2025-04-11 11:50:00,905.98,906.23,904.4,905.18,159202,-0.0733,0.2345,-131.26,882.6500,2.55
2025-04-11 11:55:00,905.18,907.3,905.13,907.3,170350,-0.0329,0.2345,-114.03,882.6500,2.79
2025-04-11 12:00:00,907.3,907.38,906.05,907,140232,-0.0528,0.2345,-122.52,882.6500,2.76
2025-04-11 12:05:00,907,907.33,906.65,906.75,134928,-0.1063,0.2345,-145.33,882.6500,2.73
2025-04-11 12:10:00,906.75,908,906.73,907.98,209680,-0.0832,0.2345,-135.48,882.6500,2.87
2025-04-11 12:15:00,908,908.53,907.93,907.98,137572,-0.0917,0.2345,-139.10,882.6500,2.87
2025-04-11 12:20:00,908,908,907.05,907.85,143784,-0.1276,0.2345,-154.41,882.6500,2.86
2025-04-11 12:25:00,907.85,908.13,907.53,908.03,131726,-0.1588,0.2345,-167.72,882.6500,2.88
2025-04-11 12:30:00,908,908.83,907.75,908.4,192178,-0.1728,0.2345,-173.69,882.6500,2.92
2025-04-11 12:35:00,908.38,908.4,906.78,907.25,813278,-0.2720,0.2345,-215.99,882.6500,2.79
2025-04-11 12:40:00,907.25,907.85,907.23,907.5,115722,-0.3294,0.2345,-240.47,882.6500,2.82
2025-04-11 12:45:00,907.5,908.63,907.48,908.1,356334,-0.3345,0.2345,-242.64,882.6500,2.88
2025-04-11 12:50:00,908.08,908.3,907.55,907.98,176862,-0.3518,0.2345,-250.02,882.6500,2.87
2025-04-11 12:55:00,907.98,908.6,907.88,907.9,146254,-0.3724,0.2345,-258.81,882.6500,2.86
2025-04-11 13:00:00,907.9,909.7,907.85,908.73,316192,-0.3351,0.2345,-242.90,882.6500,2.95
2025-04-11 13:05:00,908.75,909,908.4,908.78,155240,-0.3125,0.2345,-233.26,882.6500,2.96
2025-04-11 13:10:00,908.8,909.63,907.75,908.08,188104,-0.3474,0.2345,-248.14,882.6500,2.88
2025-04-11 13:15:00,908.1,908.6,907.3,907.43,149848,-0.4125,0.2345,-275.91,882.6500,2.81
2025-04-11 13:20:00,907.43,907.75,907.3,907.7,263382,-0.4336,0.2345,-284.90,882.6500,2.84
2025-04-11 13:25:00,907.7,908.18,907.4,907.88,181776,-0.4307,0.2345,-283.67,882.6500,2.86
2025-04-11 13:30:00,907.9,908.03,907.3,908.03,180178,-0.4138,0.2345,-276.46,882.6500,2.88
2025-04-11 13:35:00,908.03,908.35,907.45,907.48,198184,-0.4328,0.2345,-284.56,882.6500,2.81
2025-04-11 13:40:00,907.5,907.5,906.3,906.8,141644,-0.4805,0.2345,-304.90,882.6500,2.74
2025-04-11 13:45:00,906.83,906.83,905.73,905.78,182614,-0.5645,0.2345,-340.72,882.6500,2.62
2025-04-11 13:50:00,905.88,906.93,905.68,906,237428,-0.5862,0.2345,-349.98,882.6500,2.65
2025-04-11 13:55:00,906,906,905.2,905.7,151582,-0.5997,0.2345,-355.74,882.6500,2.61
2025-04-11 14:00:00,905.73,905.75,904.28,904.28,281270,-0.6775,0.2345,-388.91,882.6500,2.45
2025-04-11 14:05:00,904.53,905.98,904.05,905.8,338624,-0.6022,0.2345,-356.80,882.6500,2.62
2025-04-11 14:10:00,905.83,905.88,904.13,904.33,217390,-0.6244,0.2345,-366.27,882.6500,2.46
2025-04-11 14:15:00,904.45,905,903.5,903.5,201652,-0.6644,0.2345,-383.33,882.6500,2.36
2025-04-11 14:20:00,903.53,903.53,902.3,902.78,309144,-0.7047,0.2345,-400.51,882.6500,2.28
2025-04-11 14:25:00,902.78,904.7,902.1,902.13,1672640,-0.7372,0.2345,-414.37,882.6500,2.21
2025-04-11 14:30:00,902.23,902.93,902.08,902.48,246414,-0.6975,0.2345,-397.44,882.6500,2.25
2025-04-11 14:35:00,902.5,902.5,901.03,901.08,286770,-0.7248,0.2345,-409.08,882.6500,2.09
2025-04-11 14:40:00,901.13,903.08,900.75,902.73,319432,-0.5963,0.2345,-354.29,882.6500,2.27
2025-04-11 14:45:00,902.85,903.95,902.5,903.15,339572,-0.4540,0.2345,-293.60,882.6500,2.32
2025-04-11 14:50:00,903.25,903.3,902.05,902.53,331816,-0.3759,0.2345,-260.30,882.6500,2.25
2025-04-11 14:55:00,902.65,903.23,901.75,903.08,268034,-0.2666,0.2345,-213.69,882.6500,2.31
2025-04-11 15:00:00,903.08,904.5,903.05,904.2,1004128,-0.1065,0.2345,-145.42,882.6500,2.44
2025-04-11 15:05:00,904.2,904.5,903.63,904.03,831462,-0.0050,0.2345,-102.13,882.6500,2.42
2025-04-11 15:10:00,904.05,905,902.95,902.95,829396,-0.0037,0.2345,-101.58,882.6500,2.30
2025-04-11 15:15:00,902.95,903.28,902.05,902.7,1026592,-0.0122,0.2345,-105.20,882.6500,2.27
2025-04-11 15:20:00,902.7,902.95,902.08,902.73,753870,-0.0085,0.2345,-103.62,882.6500,2.27
2025-04-11 15:25:00,902.75,904,902.43,902.6,586554,-0.0076,0.2345,-103.24,882.6500,2.26
2025-04-15 09:15:00,932.5,935,927.5,931.75,6703650,1.8602,-0.0076,-24576.32,902.6000,3.23
2025-04-15 09:20:00,931.75,937.25,931.45,935.45,1867184,3.1717,-0.0076,-41832.89,902.6000,3.64
2025-04-15 09:25:00,935.2,938.4,935.15,935.75,1355370,3.8416,-0.0076,-50647.37,902.6000,3.67
2025-04-15 09:30:00,935.8,936.95,934.55,935.05,757218,4.0017,-0.0076,-52753.95,902.6000,3.60
2025-04-15 09:35:00,935.05,935.6,933.3,935.3,724316,3.8854,-0.0076,-51223.68,902.6000,3.62
2025-04-15 09:40:00,935.5,936.35,934.6,934.75,645168,3.5420,-0.0076,-46705.26,902.6000,3.56
2025-04-15 09:45:00,934.75,936.05,934.6,934.9,458062,3.1108,-0.0076,-41031.58,902.6000,3.58
2025-04-15 09:50:00,934.9,935,933.55,934.5,256662,2.6051,-0.0076,-34377.63,902.6000,3.53
2025-04-15 09:55:00,934.5,935.35,934,934.25,397000,2.0828,-0.0076,-27505.26,902.6000,3.51
2025-04-15 10:00:00,934.3,935.9,934.2,935.4,356200,1.6621,-0.0076,-21969.74,902.6000,3.63
2025-04-15 10:05:00,935.4,936.9,935,935.6,398764,1.2626,-0.0076,-16713.16,902.6000,3.66
2025-04-15 10:10:00,935.7,936.6,934.8,935.95,392220,0.9042,-0.0076,-11997.37,902.6000,3.69
2025-04-15 10:15:00,936,936.45,934.5,934.7,235604,0.4861,-0.0076,-6496.05,902.6000,3.56
2025-04-15 10:20:00,934.75,935,933.6,934.25,207710,0.1024,-0.0076,-1447.37,902.6000,3.51
2025-04-15 10:25:00,934.25,934.35,933.3,933.95,200358,-0.2302,-0.0076,2928.95,902.6000,3.47
2025-04-15 10:30:00,933.95,934.95,933.8,934.95,234262,-0.4299,-0.0076,5556.58,902.6000,3.58
2025-04-15 10:35:00,934.95,935,933.8,934.6,253310,-0.6210,-0.0076,8071.05,902.6000,3.55
2025-04-15 10:40:00,934.5,934.75,933.65,933.65,193498,-0.8336,-0.0076,10868.42,902.6000,3.44
2025-04-15 10:45:00,933.85,934.75,933.65,934.6,218974,-0.9253,-0.0076,12075.00,902.6000,3.55
2025-04-15 10:50:00,934.65,934.95,933.6,933.6,191268,-1.0588,-0.0076,13831.58,902.6000,3.43
2025-04-15 10:55:00,933.6,934.45,933.45,934.15,203716,-1.1102,-0.0076,14507.89,902.6000,3.50
2025-04-15 11:00:00,934.15,934.8,934.1,934.3,176074,-1.1304,-0.0076,14773.68,902.6000,3.51
2025-04-15 11:05:00,934.35,935,934.3,934.9,237826,-1.0987,-0.0076,14356.58,902.6000,3.58
2025-04-15 11:10:00,934.85,935,934.05,934.5,257782,-1.0974,-0.0076,14339.47,902.6000,3.53
2025-04-15 11:15:00,934.45,935,934.3,934.9,159616,-1.0617,-0.0076,13869.74,902.6000,3.58
2025-04-15 11:20:00,934.95,935,934.3,934.75,166668,-1.0391,-0.0076,13572.37,902.6000,3.56
2025-04-15 11:25:00,934.75,935,934.3,934.4,180176,-1.0361,-0.0076,13532.89,902.6000,3.52
2025-04-15 11:30:00,934.4,934.75,934.4,934.45,126248,-1.0178,-0.0076,13292.11,902.6000,3.53
2025-04-15 11:35:00,934.5,934.8,934.25,934.6,125170,-0.9821,-0.0076,12822.37,902.6000,3.55
2025-04-15 11:40:00,934.6,935.5,934.6,935.3,209252,-0.9000,-0.0076,11742.11,902.6000,3.62
2025-04-15 11:45:00,935.45,935.75,934.9,935.2,253382,-0.8422,-0.0076,10981.58,902.6000,3.61
2025-04-15 11:50:00,935.2,936.4,934.65,936.15,301740,-0.7337,-0.0076,9553.95,902.6000,3.72
2025-04-15 11:55:00,936.2,936.85,936.1,936.7,258662,-0.6230,-0.0076,8097.37,902.6000,3.78
2025-04-15 12:00:00,936.55,937.35,936.55,937.25,252638,-0.5152,-0.0076,6678.95,902.6000,3.84
2025-04-15 12:05:00,937.35,937.5,935.7,935.95,325076,-0.5318,-0.0076,6897.37,902.6000,3.69
2025-04-15 12:10:00,935.95,936.35,935.35,935.55,186974,-0.5669,-0.0076,7359.21,902.6000,3.65
2025-04-15 12:15:00,935.65,935.8,934.9,935.2,320196,-0.6073,-0.0076,7890.79,902.6000,3.61
2025-04-15 12:20:00,935.35,936.05,934.75,934.95,623338,-0.6411,-0.0076,8335.53,902.6000,3.58
2025-04-15 12:25:00,935,935.5,932.75,934.9,711660,-0.6547,-0.0076,8514.47,902.6000,3.58
2025-04-15 12:30:00,934.9,935,934.7,934.95,207668,-0.6471,-0.0076,8414.47,902.6000,3.58
2025-04-15 12:35:00,934.9,935,933.9,933.9,817044,-0.6954,-0.0076,9050.00,902.6000,3.47
2025-04-15 12:40:00,933.9,935.05,933.55,933.75,468774,-0.7171,-0.0076,9335.53,902.6000,3.45
2025-04-15 12:45:00,933.8,934.5,933.7,934.05,198580,-0.6906,-0.0076,8986.84,902.6000,3.48
2025-04-15 12:50:00,934.35,934.4,933.95,934.05,279806,-0.6530,-0.0076,8492.11,902.6000,3.48
2025-04-15 12:55:00,934.05,934.5,934,934.3,232976,-0.5928,-0.0076,7700.00,902.6000,3.51
2025-04-15 13:00:00,934.35,934.9,934.1,934.5,284058,-0.5236,-0.0076,6789.47,902.6000,3.53
2025-04-15 13:05:00,934.5,935,934.4,934.9,362544,-0.4383,-0.0076,5667.11,902.6000,3.58
2025-04-15 13:10:00,934.5,935,934.05,934.4,405552,-0.4039,-0.0076,5214.47,902.6000,3.52
2025-04-15 13:15:00,934.45,934.5,933.7,934.1,221540,-0.3894,-0.0076,5023.68,902.6000,3.49
2025-04-15 13:20:00,934.2,934.5,933.95,934.3,212434,-0.3555,-0.0076,4577.63,902.6000,3.51
2025-04-15 13:25:00,934.2,934.5,933.5,934.2,398052,-0.3294,-0.0076,4234.21,902.6000,3.50
2025-04-15 13:30:00,934.15,934.45,933.95,934.25,157424,-0.2994,-0.0076,3839.47,902.6000,3.51
2025-04-15 13:35:00,934.25,934.55,933.6,933.6,314604,-0.3124,-0.0076,4010.53,902.6000,3.43
2025-04-15 13:40:00,933.6,934.4,933.5,933.95,326420,-0.2871,-0.0076,3677.63,902.6000,3.47
2025-04-15 13:45:00,933.95,934.6,933.8,934.6,419422,-0.2194,-0.0076,2786.84,902.6000,3.55
2025-04-15 13:50:00,934.6,934.95,934.3,934.6,359888,-0.1697,-0.0076,2132.89,902.6000,3.55
2025-04-15 13:55:00,934.6,935,934.3,934.45,258728,-0.1430,-0.0076,1781.58,902.6000,3.53
2025-04-15 14:00:00,934.5,935,934,934,234126,-0.1509,-0.0076,1885.53,902.6000,3.48
2025-04-15 14:05:00,934.05,934.5,933.05,933.4,566890,-0.1894,-0.0076,2392.11,902.6000,3.41
2025-04-15 14:10:00,933.45,933.75,933,933.45,348858,-0.2031,-0.0076,2572.37,902.6000,3.42
2025-04-15 14:15:00,933.45,933.5,933.1,933.3,280424,-0.2128,-0.0076,2700.00,902.6000,3.40
2025-04-15 14:20:00,933.35,933.6,932.6,932.7,992602,-0.2478,-0.0076,3160.53,902.6000,3.33
2025-04-15 14:25:00,932.8,933.45,932.45,932.95,1158618,-0.2419,-0.0076,3082.89,902.6000,3.36
2025-04-15 14:30:00,932.95,933.15,932.5,932.6,490834,-0.2485,-0.0076,3169.74,902.6000,3.32
2025-04-15 14:35:00,932.6,932.95,932.5,932.65,346150,-0.2365,-0.0076,3011.84,902.6000,3.33
2025-04-15 14:40:00,932.65,932.75,932,932,645520,-0.2576,-0.0076,3289.47,902.6000,3.26
2025-04-15 14:45:00,932.05,932.5,931.5,932.25,771908,-0.2403,-0.0076,3061.84,902.6000,3.28
2025-04-15 14:50:00,932.3,932.5,931.5,931.8,588882,-0.2439,-0.0076,3109.21,902.6000,3.24
2025-04-15 14:55:00,931.85,931.95,931.15,931.85,750642,-0.2280,-0.0076,2900.00,902.6000,3.24
2025-04-15 15:00:00,931.9,932.45,931.25,931.75,1603646,-0.2098,-0.0076,2660.53,902.6000,3.23
2025-04-15 15:05:00,931.8,932.5,931.75,932.05,1650614,-0.1651,-0.0076,2072.37,902.6000,3.26
2025-04-15 15:10:00,932.05,932.75,931.35,932.25,1966376,-0.1121,-0.0076,1375.00,902.6000,3.28
2025-04-15 15:15:00,932.2,932.8,931.9,932.55,1818904,-0.0501,-0.0076,559.21,902.6000,3.32
2025-04-15 15:20:00,932.55,933.55,932.35,933.15,1437124,0.0337,-0.0076,-543.42,902.6000,3.38
2025-04-15 15:25:00,933.15,935,931.95,932.8,1671872,0.0659,-0.0076,-967.11,902.6000,3.35
2025-04-16 09:15:00,941.75,941.75,937.05,937.9,2820286,0.4118,0.0659,524.89,932.8000,0.55
2025-04-16 09:20:00,937.8,939.3,935.65,936.55,414506,0.5236,0.0659,694.54,932.8000,0.40
2025-04-16 09:25:00,936.85,936.9,935.05,935.7,276974,0.5135,0.0659,679.21,932.8000,0.31
2025-04-16 09:30:00,935.7,936.85,934.5,936.85,412560,0.5541,0.0659,740.82,932.8000,0.43
2025-04-16 09:35:00,936.9,937.4,935.55,936.8,262578,0.5464,0.0659,729.14,932.8000,0.43
2025-04-16 09:40:00,936.7,938.4,936.1,938,294742,0.5874,0.0659,791.35,932.8000,0.56
2025-04-16 09:45:00,937.9,938.35,937.05,938.1,170990,0.5852,0.0659,788.01,932.8000,0.57
2025-04-16 09:50:00,938.2,939.5,937.95,939.1,274210,0.6122,0.0659,828.98,932.8000,0.68
2025-04-16 09:55:00,939.1,939.5,938.3,939.05,173490,0.5876,0.0659,791.65,932.8000,0.67
2025-04-16 10:00:00,938.85,939.1,938.05,938.5,69508,0.4988,0.0659,656.90,932.8000,0.61
2025-04-16 10:05:00,938.5,938.75,937.55,937.6,91466,0.3509,0.0659,432.47,932.8000,0.51
2025-04-16 10:10:00,937.55,937.8,936.65,937,165134,0.1920,0.0659,191.35,932.8000,0.45
2025-04-16 10:15:00,936.9,937.75,936.35,936.9,120198,0.0661,0.0659,0.30,932.8000,0.44
2025-04-16 10:20:00,936.55,936.95,935.9,936.25,100962,-0.0678,0.0659,-202.88,932.8000,0.37
2025-04-16 10:25:00,936.05,936.55,934.55,934.7,168904,-0.2570,0.0659,-489.98,932.8000,0.20
2025-04-16 10:30:00,934.7,935.35,934,934.45,149608,-0.3874,0.0659,-687.86,932.8000,0.18
2025-04-16 10:35:00,934.45,934.55,933.5,933.55,176148,-0.5147,0.0659,-881.03,932.8000,0.08
2025-04-16 10:40:00,933.7,933.85,932,932.25,202368,-0.6577,0.0659,-1098.03,932.8000,-0.06
2025-04-16 10:45:00,932.2,933.3,932,932.5,145880,-0.7027,0.0659,-1166.31,932.8000,-0.03
2025-04-16 10:50:00,932.5,932.5,930.8,931.6,159370,-0.7556,0.0659,-1246.59,932.8000,-0.13
2025-04-16 10:55:00,931.6,932.5,930.95,931.1,183716,-0.7835,0.0659,-1288.92,932.8000,-0.18
2025-04-16 11:00:00,931.1,931.7,930.7,931.5,212370,-0.7351,0.0659,-1215.48,932.8000,-0.14
2025-04-16 11:05:00,931.65,932.5,930.75,932,153482,-0.6332,0.0659,-1060.85,932.8000,-0.09
2025-04-16 11:10:00,932,932.45,931.65,932,98624,-0.5337,0.0659,-909.86,932.8000,-0.09
2025-04-16 11:15:00,932,932.4,931.3,931.5,206624,-0.4716,0.0659,-815.63,932.8000,-0.14
2025-04-16 11:20:00,931.45,932.2,931.4,931.75,117442,-0.3872,0.0659,-687.56,932.8000,-0.11
2025-04-16 11:25:00,931.8,932.15,931.05,931.05,137408,-0.3531,0.0659,-635.81,932.8000,-0.19
2025-04-16 11:30:00,931.05,931.7,930.85,931.05,79352,-0.3067,0.0659,-565.40,932.8000,-0.19
2025-04-16 11:35:00,931.1,932.5,930.25,931.65,99358,-0.2161,0.0659,-427.92,932.8000,-0.12
2025-04-16 11:40:00,931.6,932.5,931.55,932.45,121870,-0.0893,0.0659,-235.51,932.8000,-0.04
2025-04-16 11:45:00,932.35,933.15,932.05,932.9,112034,0.0314,0.0659,-52.35,932.8000,0.01
2025-04-16 11:50:00,932.85,933.25,931.2,932,206258,0.0557,0.0659,-15.48,932.8000,-0.09
2025-04-16 11:55:00,931.95,932.5,931.5,931.75,109052,0.0598,0.0659,-9.26,932.8000,-0.11
2025-04-16 12:00:00,931.6,932.5,931.5,932.25,102372,0.0986,0.0659,49.62,932.8000,-0.06
2025-04-16 12:05:00,932.35,932.45,931.35,932,98756,0.1091,0.0659,65.55,932.8000,-0.09
2025-04-16 12:10:00,932.05,932.1,931.1,931.5,96916,0.0851,0.0659,29.14,932.8000,-0.14
2025-04-16 12:15:00,931.5,931.5,930.55,931,133166,0.0405,0.0659,-38.54,932.8000,-0.19
2025-04-16 12:20:00,931.05,931.5,930.75,931.45,75440,0.0459,0.0659,-30.35,932.8000,-0.14
2025-04-16 12:25:00,931.45,931.5,930.9,931,70818,0.0248,0.0659,-62.37,932.8000,-0.19
2025-04-16 12:30:00,931,931.2,930.5,931,147670,0.0169,0.0659,-74.36,932.8000,-0.19
2025-04-16 12:35:00,931,932.05,930.8,931.85,85292,0.0718,0.0659,8.95,932.8000,-0.10
2025-04-16 12:40:00,931.85,932.9,930.5,931.5,344882,0.0865,0.0659,31.26,932.8000,-0.14
2025-04-16 12:45:00,931.5,931.5,931.2,931.5,57616,0.0974,0.0659,47.80,932.8000,-0.14
2025-04-16 12:50:00,931.5,932,931.25,931.5,63958,0.1051,0.0659,59.48,932.8000,-0.14
2025-04-16 12:55:00,931.5,931.7,931.25,931.4,87052,0.1037,0.0659,57.36,932.8000,-0.15
2025-04-16 13:00:00,931.5,932.25,931.4,932.1,82730,0.1476,0.0659,123.98,932.8000,-0.08
2025-04-16 13:05:00,932.2,933.2,931.9,933.2,67982,0.2427,0.0659,268.29,932.8000,0.04
2025-04-16 13:10:00,933.2,934.3,933,934,115730,0.3453,0.0659,423.98,932.8000,0.13
2025-04-16 13:15:00,934,934.3,933.25,933.4,86328,0.3570,0.0659,441.73,932.8000,0.06
2025-04-16 13:20:00,933.4,933.4,932,932.05,81690,0.2625,0.0659,298.33,932.8000,-0.08
2025-04-16 13:25:00,932.05,932.25,930.85,931.85,101472,0.1791,0.0659,171.78,932.8000,-0.10
2025-04-16 13:30:00,931.7,933,931.5,932.75,96126,0.1769,0.0659,168.44,932.8000,-0.01
2025-04-16 13:35:00,932.75,933.5,932.65,932.7,75746,0.1646,0.0659,149.77,932.8000,-0.01
2025-04-16 13:40:00,932.7,933.4,932.6,932.9,70064,0.1623,0.0659,146.28,932.8000,0.01
2025-04-16 13:45:00,932.85,933.2,932.55,932.95,104760,0.1564,0.0659,137.33,932.8000,0.02
2025-04-16 13:50:00,932.95,933.95,932.7,933.85,94800,0.2024,0.0659,207.13,932.8000,0.11
2025-04-16 13:55:00,933.85,936.35,933.75,935.65,409310,0.3355,0.0659,409.10,932.8000,0.31
2025-04-16 14:00:00,935.6,938,935.6,937.5,345334,0.5187,0.0659,687.10,932.8000,0.50
2025-04-16 14:05:00,937.45,938,937.25,938,126724,0.6363,0.0659,865.55,932.8000,0.56
2025-04-16 14:10:00,937.95,939.5,937.9,939.45,122802,0.7658,0.0659,1062.06,932.8000,0.71
2025-04-16 14:15:00,939.45,939.95,939.1,939.45,175110,0.8018,0.0659,1116.69,932.8000,0.71
2025-04-16 14:20:00,939.5,939.75,938.65,938.9,103466,0.7402,0.0659,1023.22,932.8000,0.65
2025-04-16 14:25:00,938.9,939.5,937.9,938.8,133166,0.6478,0.0659,883.00,932.8000,0.64
2025-04-16 14:30:00,938.75,939,937.95,938.5,118452,0.5267,0.0659,699.24,932.8000,0.61
2025-04-16 14:35:00,938.45,939,937.7,939,125928,0.4438,0.0659,573.44,932.8000,0.66
2025-04-16 14:40:00,939,939.1,938.35,938.8,140232,0.3435,0.0659,421.24,932.8000,0.64
2025-04-16 14:45:00,938.75,938.9,937.8,938.6,143404,0.2367,0.0659,259.18,932.8000,0.62
2025-04-16 14:50:00,938.65,939.7,938.6,939.4,408822,0.1948,0.0659,195.60,932.8000,0.71
2025-04-16 14:55:00,939.5,939.5,938.6,939,266384,0.1187,0.0659,80.12,932.8000,0.66
2025-04-16 15:00:00,939,939.1,938.45,939.1,556256,0.0568,0.0659,-13.81,932.8000,0.68
2025-04-16 15:05:00,939.1,939.5,938.5,938.75,618038,-0.0217,0.0659,-132.93,932.8000,0.64
2025-04-16 15:10:00,938.75,938.8,938.1,938.7,730386,-0.0875,0.0659,-232.78,932.8000,0.63
2025-04-16 15:15:00,938.65,939.6,938.6,939,716546,-0.1192,0.0659,-280.88,932.8000,0.66
2025-04-16 15:20:00,939,939.6,938.95,939.45,678490,-0.1181,0.0659,-279.21,932.8000,0.71
2025-04-16 15:25:00,939.45,939.7,937,937.95,455512,-0.2206,0.0659,-434.75,932.8000,0.55
2025-04-17 09:15:00,941,943.45,938.35,941.25,2602626,-0.0759,-0.2206,-65.59,937.9500,0.35
2025-04-17 09:20:00,941.25,943.35,940.1,942.85,653628,0.1079,-0.2206,-148.91,937.9500,0.52
2025-04-17 09:25:00,942.9,942.95,940.5,941.75,461062,0.1340,-0.2206,-160.74,937.9500,0.41
2025-04-17 09:30:00,941.75,945.95,941,945.7,742560,0.3818,-0.2206,-273.07,937.9500,0.83
2025-04-17 09:35:00,945.55,946.4,944.6,946.15,426424,0.5314,-0.2206,-340.89,937.9500,0.87
2025-04-17 09:40:00,946.2,947.35,945.3,945.45,338696,0.5370,-0.2206,-343.43,937.9500,0.80
2025-04-17 09:45:00,945.5,947.5,945.35,947.1,393840,0.6007,-0.2206,-372.30,937.9500,0.98
2025-04-17 09:50:00,947.05,948.85,946.8,948.55,393410,0.6835,-0.2206,-409.84,937.9500,1.13
2025-04-17 09:55:00,948.55,948.6,947,947.85,200706,0.6351,-0.2206,-387.90,937.9500,1.06
2025-04-17 10:00:00,948,948.1,946.5,946.9,182554,0.4896,-0.2206,-321.94,937.9500,0.95
2025-04-17 10:05:00,946.9,948.05,945.55,945.75,178498,0.2770,-0.2206,-225.57,937.9500,0.83
2025-04-17 10:10:00,945.7,946.2,945,945,212886,0.0583,-0.2206,-126.43,937.9500,0.75
2025-04-17 10:15:00,945.1,946.35,945,945.15,159540,-0.0954,-0.2206,-56.75,937.9500,0.77
2025-04-17 10:20:00,945.15,945.75,944.2,945.6,164222,-0.1809,-0.2206,-18.00,937.9500,0.82
2025-04-17 10:25:00,945.6,947.3,945.55,945.75,191984,-0.2379,-0.2206,7.84,937.9500,0.83
2025-04-17 10:30:00,945.7,946.5,944.8,945.5,358518,-0.2991,-0.2206,35.58,937.9500,0.80
2025-04-17 10:35:00,945.45,945.6,943.5,943.65,290080,-0.4611,-0.2206,109.02,937.9500,0.61
2025-04-17 10:40:00,943.85,944.7,943.5,943.65,288112,-0.5587,-0.2206,153.26,937.9500,0.61
2025-04-17 10:45:00,943.7,944.65,943.65,944.65,126870,-0.5457,-0.2206,147.37,937.9500,0.71
2025-04-17 10:50:00,944.65,944.9,943.65,943.9,207342,-0.5745,-0.2206,160.43,937.9500,0.63
2025-04-17 10:55:00,943.9,944,943.5,943.85,98534,-0.5821,-0.2206,163.87,937.9500,0.63
2025-04-17 11:00:00,943.8,944,942.5,942.65,283454,-0.6479,-0.2206,193.70,937.9500,0.50
2025-04-17 11:05:00,942.65,943.7,942,943.7,329772,-0.6018,-0.2206,172.80,937.9500,0.61
2025-04-17 11:10:00,943.7,944,942.05,943.35,445212,-0.5760,-0.2206,161.11,937.9500,0.58
2025-04-17 11:15:00,943.45,944.1,942.85,943.2,408492,-0.5500,-0.2206,149.32,937.9500,0.56
2025-04-17 11:20:00,943.25,944,942.7,944,133398,-0.4635,-0.2206,110.11,937.9500,0.65
2025-04-17 11:25:00,943.95,945.85,943.9,945,318498,-0.3298,-0.2206,49.50,937.9500,0.75
2025-04-17 11:30:00,945.1,947,944.55,946.55,351518,-0.1376,-0.2206,-37.62,937.9500,0.92
2025-04-17 11:35:00,946.55,947.5,946.05,947.1,254720,0.0176,-0.2206,-107.98,937.9500,0.98
2025-04-17 11:40:00,947.05,948.95,947,948.55,646194,0.1989,-0.2206,-190.16,937.9500,1.13
2025-04-17 11:45:00,948.6,949,947.75,948.95,461468,0.3197,-0.2206,-244.92,937.9500,1.17
2025-04-17 11:50:00,948.9,949.85,948.3,948.95,607914,0.3698,-0.2206,-267.63,937.9500,1.17
2025-04-17 11:55:00,948.95,949.25,947.55,948.6,254306,0.3499,-0.2206,-258.61,937.9500,1.14
2025-04-17 12:00:00,948.6,949,947.75,948.95,307160,0.3311,-0.2206,-250.09,937.9500,1.17
2025-04-17 12:05:00,948.85,950,948.5,949.95,1109086,0.3546,-0.2206,-260.74,937.9500,1.28
2025-04-17 12:10:00,949.95,951.25,949.8,950.75,611682,0.3898,-0.2206,-276.70,937.9500,1.36
2025-04-17 12:15:00,950.7,952.45,950.1,952.45,517018,0.4871,-0.2206,-320.81,937.9500,1.55
2025-04-17 12:20:00,952.45,953.75,951.8,952.75,577540,0.5277,-0.2206,-339.21,937.9500,1.58
2025-04-17 12:25:00,952.75,954.5,952.05,954.35,499688,0.6125,-0.2206,-377.65,937.9500,1.75
2025-04-17 12:30:00,954.35,956.4,953.75,956,739742,0.7222,-0.2206,-427.38,937.9500,1.92
2025-04-17 12:35:00,956,956.1,953,953.45,371344,0.5722,-0.2206,-359.38,937.9500,1.65
2025-04-17 12:40:00,953.45,954.8,953.2,954.15,408198,0.4734,-0.2206,-314.60,937.9500,1.73
2025-04-17 12:45:00,954.15,955.9,953.75,955.35,394284,0.4426,-0.2206,-300.63,937.9500,1.86
2025-04-17 12:50:00,955.35,956.25,954.4,955.95,369710,0.4168,-0.2206,-288.94,937.9500,1.92
2025-04-17 12:55:00,955.7,955.95,954,955.3,273110,0.3147,-0.2206,-242.66,937.9500,1.85
2025-04-17 13:00:00,955.3,956.25,954,954.7,274982,0.1727,-0.2206,-178.29,937.9500,1.79
2025-04-17 13:05:00,954.45,955.95,954,955.15,341606,0.0797,-0.2206,-136.13,937.9500,1.83
2025-04-17 13:10:00,955.35,957.25,955,957,410270,0.1115,-0.2206,-150.54,937.9500,2.03
2025-04-17 13:15:00,957,958.6,956.6,958,703906,0.1653,-0.2206,-174.93,937.9500,2.14
2025-04-17 13:20:00,958,958,955,956.6,393168,0.0765,-0.2206,-134.68,937.9500,1.99
2025-04-17 13:25:00,956.55,957.2,955.05,955.25,503874,-0.0939,-0.2206,-57.43,937.9500,1.84
2025-04-17 13:30:00,955.25,957.95,955,956.35,472006,-0.1501,-0.2206,-31.96,937.9500,1.96
2025-04-17 13:35:00,956.4,958.65,955.65,958.55,744154,-0.0611,-0.2206,-72.30,937.9500,2.20
2025-04-17 13:40:00,958.5,958.6,954.5,956.05,608936,-0.1856,-0.2206,-15.87,937.9500,1.93
2025-04-17 13:45:00,956,956.9,955.55,956.5,314798,-0.2487,-0.2206,12.74,937.9500,1.98
2025-04-17 13:50:00,956.5,958.25,955.75,957.6,612114,-0.2280,-0.2206,3.35,937.9500,2.09
2025-04-17 13:55:00,957.6,958.8,956.8,958.25,437390,-0.1840,-0.2206,-16.59,937.9500,2.16
2025-04-17 14:00:00,958.25,959.5,957.85,958.45,409678,-0.1560,-0.2206,-29.28,937.9500,2.19
2025-04-17 14:05:00,958.35,959.5,957.9,959.35,305320,-0.0946,-0.2206,-57.12,937.9500,2.28
2025-04-17 14:10:00,959.35,959.85,956.6,956.75,450996,-0.2385,-0.2206,8.11,937.9500,2.00
2025-04-17 14:15:00,956.7,957.45,953.8,955.75,727924,-0.4009,-0.2206,81.73,937.9500,1.90
2025-04-17 14:20:00,955.85,956,955,955.15,274412,-0.5399,-0.2206,144.74,937.9500,1.83
2025-04-17 14:25:00,955.15,956.7,954.5,955.1,551052,-0.6207,-0.2206,181.37,937.9500,1.83
2025-04-17 14:30:00,955.1,956.9,955,956.55,362638,-0.5636,-0.2206,155.49,937.9500,1.98
2025-04-17 14:35:00,956.5,956.7,954.8,956.05,565986,-0.5463,-0.2206,147.64,937.9500,1.93
2025-04-17 14:40:00,956.05,956.15,954.8,955.55,272056,-0.5535,-0.2206,150.91,937.9500,1.88
2025-04-17 14:45:00,955.6,955.6,954,955.25,374538,-0.5617,-0.2206,154.62,937.9500,1.84
2025-04-17 14:50:00,955.25,955.25,953.9,954,363810,-0.6294,-0.2206,185.31,937.9500,1.71
2025-04-17 14:55:00,953.95,955.15,952.8,954.85,497432,-0.5955,-0.2206,169.95,937.9500,1.80
2025-04-17 15:00:00,954.9,954.9,953.15,954.35,1033970,-0.5844,-0.2206,164.91,937.9500,1.75
2025-04-17 15:05:00,954.45,954.45,952.55,952.55,779508,-0.6698,-0.2206,203.63,937.9500,1.56
2025-04-17 15:10:00,952.65,952.9,951,952.05,896070,-0.7268,-0.2206,229.47,937.9500,1.50
2025-04-17 15:15:00,952.05,954.45,951.65,953.8,766068,-0.6177,-0.2206,180.01,937.9500,1.69
2025-04-17 15:20:00,953.8,954.05,953.1,954,513062,-0.5077,-0.2206,130.15,937.9500,1.71
2025-04-17 15:25:00,953.95,954.5,951.95,952.9,553278,-0.4848,-0.2206,119.76,937.9500,1.59
2025-04-21 09:15:00,961.5,975.35,955,972.6,5640062,0.8109,-0.4848,-267.26,952.9000,2.07
2025-04-21 09:20:00,972.4,972.95,968.4,972.1,1857580,1.5455,-0.4848,-418.79,952.9000,2.01
2025-04-21 09:25:00,972.1,972.7,968.2,970.5,1215390,1.8161,-0.4848,-474.61,952.9000,1.85
2025-04-21 09:30:00,970.45,970.5,966.8,967.55,815180,1.6915,-0.4848,-448.91,952.9000,1.54
2025-04-21 09:35:00,967.55,968,964.3,964.9,1094498,1.3409,-0.4848,-376.59,952.9000,1.26
2025-04-21 09:40:00,964.9,967.3,964.85,966.7,594280,1.1480,-0.4848,-336.80,952.9000,1.45
2025-04-21 09:45:00,966.7,966.85,961.15,962.65,951606,0.6881,-0.4848,-241.93,952.9000,1.02
2025-04-21 09:50:00,962.65,965.5,962.6,964.65,591964,0.4696,-0.4848,-196.86,952.9000,1.23
2025-04-21 09:55:00,964.65,967.2,964.6,965.2,583138,0.3201,-0.4848,-166.03,952.9000,1.29
2025-04-21 10:00:00,965.2,966.85,964.6,966.45,389756,0.2657,-0.4848,-154.81,952.9000,1.42
2025-04-21 10:05:00,966.45,966.45,964.85,965.95,378808,0.1614,-0.4848,-133.29,952.9000,1.37
2025-04-21 10:10:00,966,966.3,963.05,963.05,259160,-0.1221,-0.4848,-74.81,952.9000,1.07
2025-04-21 10:15:00,963.1,963.75,962,962.25,416324,-0.3689,-0.4848,-23.91,952.9000,0.98
2025-04-21 10:20:00,962.25,962.85,959.55,960.2,800174,-0.6586,-0.4848,35.85,952.9000,0.77
2025-04-21 10:25:00,960.35,961.7,960,960.75,267818,-0.7926,-0.4848,63.49,952.9000,0.82
2025-04-21 10:30:00,960.75,961,960,960,168812,-0.9032,-0.4848,86.30,952.9000,0.75
2025-04-21 10:35:00,960,960.15,957.35,958.2,376176,-1.0582,-0.4848,118.28,952.9000,0.56
2025-04-21 10:40:00,958.25,961.25,957.75,960.9,548842,-0.9434,-0.4848,94.60,952.9000,0.84
2025-04-21 10:45:00,960.85,962.5,960.4,961.35,480796,-0.8068,-0.4848,66.42,952.9000,0.89
2025-04-21 10:50:00,961.35,963.45,961.25,962.55,340186,-0.6142,-0.4848,26.69,952.9000,1.01
2025-04-21 10:55:00,962.6,962.6,961.45,962.3,216776,-0.4876,-0.4848,0.58,952.9000,0.99
2025-04-21 11:00:00,962.3,962.4,961.15,961.4,133928,-0.4494,-0.4848,-7.30,952.9000,0.89
2025-04-21 11:05:00,961.4,962.5,961.25,961.75,156930,-0.3878,-0.4848,-20.01,952.9000,0.93
2025-04-21 11:10:00,961.75,963.25,961.55,963.2,245422,-0.2437,-0.4848,-49.73,952.9000,1.08
2025-04-21 11:15:00,963.2,963.45,961.9,963.1,286360,-0.1538,-0.4848,-68.28,952.9000,1.07
2025-04-21 11:20:00,963.1,963.45,961.75,961.9,250786,-0.1725,-0.4848,-64.42,952.9000,0.94
2025-04-21 11:25:00,961.75,963.95,961.75,963.4,544914,-0.0854,-0.4848,-82.38,952.9000,1.10
2025-04-21 11:30:00,963.4,963.95,962.45,963.6,375244,-0.0195,-0.4848,-95.98,952.9000,1.12
2025-04-21 11:35:00,963.4,964.45,962.75,962.9,204870,-0.0277,-0.4848,-94.29,952.9000,1.05
2025-04-21 11:40:00,962.9,963.5,960.7,961.4,334804,-0.1329,-0.4848,-72.59,952.9000,0.89
2025-04-21 11:45:00,961.5,962.8,961.45,962.65,224012,-0.1175,-0.4848,-75.76,952.9000,1.02
2025-04-21 11:50:00,962.6,963.9,961.6,963.55,251956,-0.0495,-0.4848,-89.79,952.9000,1.12
2025-04-21 11:55:00,963.7,966,963.55,965.1,524758,0.0896,-0.4848,-118.48,952.9000,1.28
2025-04-21 12:00:00,965.2,965.5,964,964.5,415628,0.1285,-0.4848,-126.51,952.9000,1.22
2025-04-21 12:05:00,964.5,965,962.8,964.7,274412,0.1533,-0.4848,-131.62,952.9000,1.24
2025-04-21 12:10:00,964.7,964.9,963.6,964.3,162620,0.1293,-0.4848,-126.67,952.9000,1.20
2025-04-21 12:15:00,964.2,964.75,963.6,964.6,213226,0.1205,-0.4848,-124.86,952.9000,1.23
2025-04-21 12:20:00,964.55,964.85,963.75,964.65,206770,0.1053,-0.4848,-121.72,952.9000,1.23
2025-04-21 12:25:00,964.55,965.5,964.4,964.75,171076,0.0899,-0.4848,-118.54,952.9000,1.24
2025-04-21 12:30:00,964.8,964.9,963.95,964.1,285178,0.0271,-0.4848,-105.59,952.9000,1.18
2025-04-21 12:35:00,963.95,965,963.85,964.9,177222,0.0304,-0.4848,-106.27,952.9000,1.26
2025-04-21 12:40:00,964.8,965,964,964.15,203382,-0.0241,-0.4848,-95.03,952.9000,1.18
2025-04-21 12:45:00,964.1,965.5,964.05,965.2,293498,0.0030,-0.4848,-100.62,952.9000,1.29
2025-04-21 12:50:00,965.2,965.7,964.6,964.85,273986,-0.0095,-0.4848,-98.04,952.9000,1.25
2025-04-21 12:55:00,964.75,965.45,964.65,965.05,185568,-0.0111,-0.4848,-97.71,952.9000,1.28
2025-04-21 13:00:00,965.05,965.45,964.75,965.05,216528,-0.0185,-0.4848,-96.18,952.9000,1.28
2025-04-21 13:05:00,965,965.6,964.65,965.6,171118,0.0060,-0.4848,-101.24,952.9000,1.33
2025-04-21 13:10:00,965.6,965.7,964.6,965.15,127916,-0.0147,-0.4848,-96.97,952.9000,1.29
2025-04-21 13:15:00,964.95,965.25,963.55,963.95,175204,-0.1103,-0.4848,-77.25,952.9000,1.16
2025-04-21 13:20:00,963.6,965.45,963.6,965.25,141246,-0.0882,-0.4848,-81.81,952.9000,1.30
2025-04-21 13:25:00,965.1,965.35,963.15,963.4,190452,-0.1943,-0.4848,-59.92,952.9000,1.10
2025-04-21 13:30:00,963.45,964,962.9,963.5,222320,-0.2502,-0.4848,-48.39,952.9000,1.11
2025-04-21 13:35:00,963.5,963.95,963,963.55,241822,-0.2744,-0.4848,-43.40,952.9000,1.12
2025-04-21 13:40:00,963.8,963.8,962.55,962.75,223024,-0.3311,-0.4848,-31.70,952.9000,1.03
2025-04-21 13:45:00,962.75,963.45,962.15,963.1,228280,-0.3310,-0.4848,-31.72,952.9000,1.07
2025-04-21 13:50:00,963.1,965,962.95,965,382676,-0.1956,-0.4848,-59.65,952.9000,1.27
2025-04-21 13:55:00,964.9,965.3,964.5,965.15,282840,-0.0938,-0.4848,-80.65,952.9000,1.29
2025-04-21 14:00:00,964.95,965.3,964.35,964.4,266536,-0.0756,-0.4848,-84.41,952.9000,1.21
2025-04-21 14:05:00,964.4,964.95,963.8,964.45,299610,-0.0596,-0.4848,-87.71,952.9000,1.21
2025-04-21 14:10:00,964.45,964.95,964,964.6,298986,-0.0391,-0.4848,-91.93,952.9000,1.23
2025-04-21 14:15:00,964.6,964.85,964.05,964.5,259002,-0.0329,-0.4848,-93.21,952.9000,1.22
2025-04-21 14:20:00,964.5,964.85,964.05,964.6,212142,-0.0231,-0.4848,-95.24,952.9000,1.23
2025-04-21 14:25:00,964.6,965,964.2,964.9,310714,0.0012,-0.4848,-100.25,952.9000,1.26
2025-04-21 14:30:00,964.75,965,964.2,964.2,281334,-0.0304,-0.4848,-93.73,952.9000,1.19
2025-04-21 14:35:00,964.5,965,964.2,964.75,350998,-0.0155,-0.4848,-96.80,952.9000,1.24
2025-04-21 14:40:00,964.8,964.85,964,964.5,451322,-0.0234,-0.4848,-95.17,952.9000,1.22
2025-04-21 14:45:00,964.6,965.1,964,964.6,500530,-0.0227,-0.4848,-95.32,952.9000,1.23
2025-04-21 14:50:00,964.65,965.1,964.25,964.75,283028,-0.0135,-0.4848,-97.22,952.9000,1.24
2025-04-21 14:55:00,964.75,965,964.4,964.7,253792,-0.0120,-0.4848,-97.52,952.9000,1.24
2025-04-21 15:00:00,964.7,964.8,962.15,962.9,360930,-0.1273,-0.4848,-73.74,952.9000,1.05
2025-04-21 15:05:00,962.8,963.5,962.5,962.5,308254,-0.2199,-0.4848,-54.64,952.9000,1.01
2025-04-21 15:10:00,962.6,963.25,962.2,962.6,368620,-0.2612,-0.4848,-46.12,952.9000,1.02
2025-04-21 15:15:00,962.6,964.25,962.6,964,553820,-0.1844,-0.4848,-61.96,952.9000,1.16
2025-04-21 15:20:00,963.95,964.5,963.7,964,478078,-0.1268,-0.4848,-73.84,952.9000,1.16
2025-04-21 15:25:00,964.05,964.75,962.5,962.6,472876,-0.1731,-0.4848,-64.29,952.9000,1.02
2025-04-22 09:15:00,967.5,973.65,967.5,972.3,3168294,0.4266,-0.1731,-346.45,962.6000,1.01
2025-04-22 09:20:00,972.5,973.9,971.75,973.65,1047970,0.8659,-0.1731,-600.23,962.6000,1.15
2025-04-22 09:25:00,973.65,974.75,972.3,973.9,1007186,1.1095,-0.1731,-740.96,962.6000,1.17
2025-04-22 09:30:00,973.95,973.95,970.3,971.9,552742,1.0715,-0.1731,-719.01,962.6000,0.97
2025-04-22 09:35:00,971.9,975.85,971.85,975.4,1064696,1.2076,-0.1731,-797.63,962.6000,1.33
2025-04-22 09:40:00,975.3,978.2,975.1,977.95,865590,1.3823,-0.1731,-898.56,962.6000,1.59
2025-04-22 09:45:00,978.05,979,976.3,977.4,866102,1.3710,-0.1731,-892.03,962.6000,1.54
2025-04-22 09:50:00,977.45,979.45,977.35,978.45,807582,1.3428,-0.1731,-875.74,962.6000,1.65
2025-04-22 09:55:00,978.5,981.25,978.25,980.4,836092,1.3597,-0.1731,-885.50,962.6000,1.85
2025-04-22 10:00:00,980.25,982.5,979.1,982.25,724940,1.3947,-0.1731,-905.72,962.6000,2.04
2025-04-22 10:05:00,982.3,983.2,981.25,981.25,762754,1.2540,-0.1731,-824.44,962.6000,1.94
2025-04-22 10:10:00,981.6,982.35,980.3,982.3,514634,1.1385,-0.1731,-757.71,962.6000,2.05
2025-04-22 10:15:00,982.3,983.5,981.7,982.3,493132,0.9754,-0.1731,-663.49,962.6000,2.05
2025-04-22 10:20:00,982.4,984.35,981.9,984.35,515146,0.9195,-0.1731,-631.20,962.6000,2.26
2025-04-22 10:25:00,984.35,985.3,983.5,983.75,1180940,0.7625,-0.1731,-540.50,962.6000,2.20
2025-04-22 10:30:00,983.75,984.7,983.25,983.4,677362,0.5647,-0.1731,-426.23,962.6000,2.16
2025-04-22 10:35:00,983.5,984.55,983.05,983.95,622912,0.4077,-0.1731,-335.53,962.6000,2.22
2025-04-22 10:40:00,983.95,983.95,982.5,982.6,569340,0.1624,-0.1731,-193.82,962.6000,2.08
2025-04-22 10:45:00,982.6,983.4,981.95,982.45,632752,-0.0492,-0.1731,-71.58,962.6000,2.06
2025-04-22 10:50:00,982.65,982.7,980.65,981.6,463218,-0.2732,-0.1731,57.83,962.6000,1.97
2025-04-22 10:55:00,981.6,982.6,981.05,982.55,327446,-0.3776,-0.1731,118.14,962.6000,2.07
2025-04-22 11:00:00,982.55,983.55,982.4,982.95,409582,-0.4359,-0.1731,151.82,962.6000,2.11
2025-04-22 11:05:00,982.95,983,982.25,982.95,313022,-0.4868,-0.1731,181.22,962.6000,2.11
2025-04-22 11:10:00,982.95,984,982.5,983.3,597636,-0.5068,-0.1731,192.78,962.6000,2.15
2025-04-22 11:15:00,983.3,983.45,982.2,982.35,296024,-0.5884,-0.1731,239.92,962.6000,2.05
2025-04-22 11:20:00,982.4,982.4,980,980,531324,-0.7922,-0.1731,357.65,962.6000,1.81
2025-04-22 11:25:00,980,980.9,976.15,977.3,875516,-1.0825,-0.1731,525.36,962.6000,1.53
2025-04-22 11:30:00,977.35,978.05,975.5,975.85,1233818,-1.3295,-0.1731,668.05,962.6000,1.38
2025-04-22 11:35:00,975.85,979,975.75,978.35,518442,-1.2814,-0.1731,640.27,962.6000,1.64
2025-04-22 11:40:00,978.35,979.7,977.55,979.3,324530,-1.1467,-0.1731,562.45,962.6000,1.73
2025-04-22 11:45:00,979.4,979.7,978.5,978.5,375734,-1.0740,-0.1731,520.45,962.6000,1.65
2025-04-22 11:50:00,978.7,979.15,978.25,978.8,230140,-0.9713,-0.1731,461.12,962.6000,1.68
2025-04-22 11:55:00,978.85,979.25,977.9,978.35,312490,-0.9007,-0.1731,420.34,962.6000,1.64
2025-04-22 12:00:00,978.35,978.35,977.05,977.6,304788,-0.8712,-0.1731,403.29,962.6000,1.56
2025-04-22 12:05:00,978,979,977.3,978.55,337400,-0.7584,-0.1731,338.13,962.6000,1.66
2025-04-22 12:10:00,978.6,978.65,976.55,976.55,342874,-0.7859,-0.1731,354.02,962.6000,1.45
2025-04-22 12:15:00,976.8,977.65,976,976.55,636542,-0.7704,-0.1731,345.06,962.6000,1.45
2025-04-22 12:20:00,976.5,976.95,975.85,976.35,301684,-0.7398,-0.1731,327.38,962.6000,1.43
2025-04-22 12:25:00,976.35,977.5,976.1,977.45,337052,-0.6168,-0.1731,256.33,962.6000,1.54
2025-04-22 12:30:00,977.45,977.5,975.7,976.7,727130,-0.5588,-0.1731,222.82,962.6000,1.46
2025-04-22 12:35:00,976.7,976.75,975.15,976.1,351430,-0.5339,-0.1731,208.43,962.6000,1.40
2025-04-22 12:40:00,976.4,978.8,975.6,978.75,408768,-0.3223,-0.1731,86.19,962.6000,1.68
2025-04-22 12:45:00,978.75,979,977.3,978.7,349200,-0.1764,-0.1731,1.91,962.6000,1.67
2025-04-22 12:50:00,978.7,979.1,978.2,978.45,271074,-0.0917,-0.1731,-47.02,962.6000,1.65
2025-04-22 12:55:00,978.45,979,978.15,978.95,220446,-0.0018,-0.1731,-98.96,962.6000,1.70
2025-04-22 13:00:00,978.9,981,978.6,980.85,656124,0.1762,-0.1731,-201.79,962.6000,1.90
2025-04-22 13:05:00,980.9,981.65,980,980.35,654844,0.2463,-0.1731,-242.29,962.6000,1.84
2025-04-22 13:10:00,980.35,981.35,979.75,980.5,635526,0.2862,-0.1731,-265.34,962.6000,1.86
2025-04-22 13:15:00,980.5,981,979.95,980.55,483652,0.2979,-0.1731,-272.10,962.6000,1.86
2025-04-22 13:20:00,980.55,981.35,980.35,980.7,324532,0.2971,-0.1731,-271.63,962.6000,1.88
2025-04-22 13:25:00,980.7,981.45,980.6,981,263856,0.2974,-0.1731,-271.81,962.6000,1.91
2025-04-22 13:30:00,981,982.5,980.85,982.2,476480,0.3551,-0.1731,-305.14,962.6000,2.04
2025-04-22 13:35:00,982.25,982.3,981.25,982,374544,0.3556,-0.1731,-305.43,962.6000,2.02
2025-04-22 13:40:00,982,982.5,981.8,982.45,303898,0.3609,-0.1731,-308.49,962.6000,2.06
2025-04-22 13:45:00,982.45,982.5,980.7,981.15,337428,0.2564,-0.1731,-248.12,962.6000,1.93
2025-04-22 13:50:00,980.7,981.8,980.6,980.95,382034,0.1583,-0.1731,-191.45,962.6000,1.91
2025-04-22 13:55:00,981,981.5,979,980,599948,0.0209,-0.1731,-112.07,962.6000,1.81
2025-04-22 14:00:00,980,980.85,979.6,980.5,420246,-0.0412,-0.1731,-76.20,962.6000,1.86
2025-04-22 14:05:00,980.55,981.85,980.4,981.2,352120,-0.0402,-0.1731,-76.78,962.6000,1.93
2025-04-22 14:10:00,981.25,981.95,980.15,980.5,530630,-0.0888,-0.1731,-48.70,962.6000,1.86
2025-04-22 14:15:00,980.5,980.85,979.65,980,447418,-0.1530,-0.1731,-11.61,962.6000,1.81
2025-04-22 14:20:00,980,981.5,979.5,981.25,480442,-0.1117,-0.1731,-35.47,962.6000,1.94
2025-04-22 14:25:00,981.25,981.3,980.35,980.85,351586,-0.1113,-0.1731,-35.70,962.6000,1.90
2025-04-22 14:30:00,980.85,981,980.2,980.75,364452,-0.1173,-0.1731,-32.24,962.6000,1.89
2025-04-22 14:35:00,980.8,981.15,979.45,981,661944,-0.1044,-0.1731,-39.69,962.6000,1.91
2025-04-22 14:40:00,981.1,981.35,980.2,980.75,340386,-0.1119,-0.1731,-35.36,962.6000,1.89
2025-04-22 14:45:00,980.75,981,978.9,979.55,401300,-0.1922,-0.1731,11.03,962.6000,1.76
2025-04-22 14:50:00,979.6,980.45,979.15,979.7,315922,-0.2274,-0.1731,31.37,962.6000,1.78
2025-04-22 14:55:00,980,980.5,978.15,979.85,553768,-0.2318,-0.1731,33.91,962.6000,1.79
2025-04-22 15:00:00,979.95,981.05,979.5,980.75,768662,-0.1685,-0.1731,-2.66,962.6000,1.89
2025-04-22 15:05:00,980.8,981.45,980.35,981.1,694698,-0.1006,-0.1731,-41.88,962.6000,1.92
2025-04-22 15:10:00,981.15,982,980.35,980.45,955186,-0.0971,-0.1731,-43.91,962.6000,1.85
2025-04-22 15:15:00,980.5,981,980,980.9,836190,-0.0637,-0.1731,-63.20,962.6000,1.90
2025-04-22 15:20:00,980.9,981.65,980.8,981.1,860088,-0.0290,-0.1731,-83.25,962.6000,1.92
2025-04-22 15:25:00,981.1,981.45,978.1,980,700908,-0.0784,-0.1731,-54.71,962.6000,1.81
2025-04-23 09:15:00,988.5,989.4,980,980,2134242,-0.1074,-0.0784,36.99,980.0000,0.00
2025-04-23 09:20:00,980,982.2,980,981.1,413786,-0.0517,-0.0784,-34.06,980.0000,0.11
2025-04-23 09:25:00,981.1,982.35,978.45,978.75,982220,-0.1659,-0.0784,111.61,980.0000,-0.13
2025-04-23 09:30:00,978.75,979.5,976.1,976.35,999414,-0.3833,-0.0784,388.90,980.0000,-0.37
2025-04-23 09:35:00,976.6,977.95,975.25,977.4,533046,-0.4331,-0.0784,452.42,980.0000,-0.27
2025-04-23 09:40:00,977.3,977.95,975.95,977.55,412832,-0.4316,-0.0784,450.51,980.0000,-0.25
2025-04-23 09:45:00,977.55,978.5,976.6,976.75,269278,-0.4577,-0.0784,483.80,980.0000,-0.33
2025-04-23 09:50:00,976.75,976.95,974.8,976.4,300086,-0.4700,-0.0784,499.49,980.0000,-0.37
2025-04-23 09:55:00,976.35,976.45,975.45,975.45,1037422,-0.5102,-0.0784,550.77,980.0000,-0.46
2025-04-23 10:00:00,975.45,975.85,972.45,972.45,374056,-0.6954,-0.0784,786.99,980.0000,-0.77
2025-04-23 10:05:00,972.5,972.5,970.5,971.05,345424,-0.8581,-0.0784,994.52,980.0000,-0.91
2025-04-23 10:10:00,971.05,971.2,968.5,968.75,589062,-1.0537,-0.0784,1244.01,980.0000,-1.15
2025-04-23 10:15:00,968.75,970.8,968.6,969.55,230422,-1.0593,-0.0784,1251.15,980.0000,-1.07
2025-04-23 10:20:00,969.55,969.7,967.25,969,677990,-1.0294,-0.0784,1213.01,980.0000,-1.12
2025-04-23 10:25:00,969,971,968.75,970,856446,-0.8775,-0.0784,1019.26,980.0000,-1.02
2025-04-23 10:30:00,970,970.3,965.15,965.55,666854,-1.0029,-0.0784,1179.21,980.0000,-1.47
2025-04-23 10:35:00,965.5,968,964.55,967.15,593616,-0.9072,-0.0784,1057.14,980.0000,-1.31
2025-04-23 10:40:00,967.15,967.5,966.45,966.45,261368,-0.8226,-0.0784,949.23,980.0000,-1.38
2025-04-23 10:45:00,966.6,967.45,965.95,967.1,471702,-0.6613,-0.0784,743.49,980.0000,-1.32
2025-04-23 10:50:00,967,969,967,968.25,386946,-0.4271,-0.0784,444.77,980.0000,-1.20
2025-04-23 10:55:00,968.4,969.75,967.85,968.9,243516,-0.1903,-0.0784,142.73,980.0000,-1.13
2025-04-23 11:00:00,969.25,969.6,967.55,967.8,321566,-0.0756,-0.0784,-3.57,980.0000,-1.24
2025-04-23 11:05:00,968,968.15,965.55,965.85,317816,-0.0975,-0.0784,24.36,980.0000,-1.44
2025-04-23 11:10:00,966,966.55,964.25,964.5,336026,-0.1654,-0.0784,110.97,980.0000,-1.58
2025-04-23 11:15:00,964.35,966.25,964.35,965.85,529592,-0.0858,-0.0784,9.44,980.0000,-1.44
2025-04-23 11:20:00,965.6,966.3,964.45,964.5,235596,-0.0901,-0.0784,14.92,980.0000,-1.58
2025-04-23 11:25:00,964.45,965.6,964.4,965.05,349322,-0.0252,-0.0784,-67.86,980.0000,-1.53
2025-04-23 11:30:00,965.05,966.45,964.2,966.4,450138,0.1306,-0.0784,-266.58,980.0000,-1.39
2025-04-23 11:35:00,966.4,967.2,965.45,965.65,139454,0.2010,-0.0784,-356.38,980.0000,-1.46
2025-04-23 11:40:00,965.65,966.3,965,966.1,169908,0.2904,-0.0784,-470.41,980.0000,-1.42
2025-04-23 11:45:00,966.2,966.35,965.25,966.15,153664,0.3606,-0.0784,-559.95,980.0000,-1.41
2025-04-23 11:50:00,966.2,966.2,964.95,965,272212,0.3379,-0.0784,-530.99,980.0000,-1.53
2025-04-23 11:55:00,965,965.05,964.9,965.05,374478,0.3339,-0.0784,-525.89,980.0000,-1.53
2025-04-23 12:00:00,965,965.05,964.2,964.3,241962,0.2900,-0.0784,-469.90,980.0000,-1.60
2025-04-23 12:05:00,964.3,964.65,963.2,963.25,222726,0.2035,-0.0784,-359.57,980.0000,-1.71
2025-04-23 12:10:00,963.25,963.65,962.8,963.4,182380,0.1711,-0.0784,-318.24,980.0000,-1.69
2025-04-23 12:15:00,963.35,963.5,962.75,963.15,168768,0.1484,-0.0784,-289.29,980.0000,-1.72
2025-04-23 12:20:00,963.15,964.7,962.55,964.05,306854,0.2059,-0.0784,-362.63,980.0000,-1.63
2025-04-23 12:25:00,964,964.95,963.9,964.05,135070,0.2528,-0.0784,-422.45,980.0000,-1.63
2025-04-23 12:30:00,964,964.5,963.6,964.15,119596,0.2964,-0.0784,-478.06,980.0000,-1.62
2025-04-23 12:35:00,964.05,964.15,963.1,963.6,99700,0.2935,-0.0784,-474.36,980.0000,-1.67
2025-04-23 12:40:00,963.6,965.5,963.5,965.45,188334,0.4141,-0.0784,-628.19,980.0000,-1.48
2025-04-23 12:45:00,965.45,965.8,964.1,964.1,147494,0.4006,-0.0784,-610.97,980.0000,-1.62
2025-04-23 12:50:00,964.25,964.5,963.25,964.2,193618,0.3954,-0.0784,-604.34,980.0000,-1.61
2025-04-23 12:55:00,964.3,964.6,964.05,964.4,85086,0.4012,-0.0784,-611.73,980.0000,-1.59
2025-04-23 13:00:00,964.3,965,964.1,965,92878,0.4381,-0.0784,-658.80,980.0000,-1.53
2025-04-23 13:05:00,965,965,963.6,964.05,136854,0.3927,-0.0784,-600.89,980.0000,-1.63
2025-04-23 13:10:00,964.05,964.15,961.65,962.7,253678,0.2717,-0.0784,-446.56,980.0000,-1.77
2025-04-23 13:15:00,962.6,963.4,962.05,963.35,130844,0.2367,-0.0784,-401.91,980.0000,-1.70
2025-04-23 13:20:00,963.35,963.75,962.55,963.2,143000,0.2057,-0.0784,-362.37,980.0000,-1.71
2025-04-23 13:25:00,963.15,963.6,963.1,963.55,172144,0.2104,-0.0784,-368.37,980.0000,-1.68
2025-04-23 13:30:00,963.6,964.3,963.5,963.95,276608,0.2399,-0.0784,-405.99,980.0000,-1.64
2025-04-23 13:35:00,964,965,963.95,965,242952,0.3244,-0.0784,-513.78,980.0000,-1.53
2025-04-23 13:40:00,965,965,963.2,964.65,148188,0.3487,-0.0784,-544.77,980.0000,-1.57
2025-04-23 13:45:00,964.6,964.75,963.9,964.1,124222,0.3206,-0.0784,-508.93,980.0000,-1.62
2025-04-23 13:50:00,964.1,964.9,963.5,964.9,178828,0.3465,-0.0784,-541.96,980.0000,-1.54
2025-04-23 13:55:00,964.85,965.45,964.5,965.05,162152,0.3625,-0.0784,-562.37,980.0000,-1.53
2025-04-23 14:00:00,965,965.25,964.55,965.25,239690,0.3740,-0.0784,-577.04,980.0000,-1.51
2025-04-23 14:05:00,965.1,965.25,964.1,965,167186,0.3524,-0.0784,-549.49,980.0000,-1.53
2025-04-23 14:10:00,964.95,965,963.45,964.1,391624,0.2690,-0.0784,-443.11,980.0000,-1.62
2025-04-23 14:15:00,964.1,964.1,962.55,963.1,362950,0.1441,-0.0784,-283.80,980.0000,-1.72
2025-04-23 14:20:00,963.1,963.4,961.95,962.35,385880,0.0155,-0.0784,-119.77,980.0000,-1.80
2025-04-23 14:25:00,962.35,963.4,961.95,963.4,354996,0.0060,-0.0784,-107.65,980.0000,-1.69
2025-04-23 14:30:00,963.4,963.85,962.75,962.95,215200,-0.0239,-0.0784,-69.52,980.0000,-1.74
2025-04-23 14:35:00,962.9,963.9,962.3,963.4,906978,-0.0077,-0.0784,-90.18,980.0000,-1.69
2025-04-23 14:40:00,963.4,963.5,962.55,962.8,240810,-0.0303,-0.0784,-61.35,980.0000,-1.76
2025-04-23 14:45:00,962.9,963.5,962.8,963.45,204738,0.0037,-0.0784,-104.72,980.0000,-1.69
2025-04-23 14:50:00,963.35,963.9,962.65,963.05,213468,0.0044,-0.0784,-105.61,980.0000,-1.73
2025-04-23 14:55:00,963.05,963.5,962.55,963.35,247362,0.0289,-0.0784,-136.86,980.0000,-1.70
2025-04-23 15:00:00,963.25,963.35,961.45,962,806854,-0.0384,-0.0784,-51.02,980.0000,-1.84
2025-04-23 15:05:00,961.95,963.1,961.9,962.95,730942,-0.0128,-0.0784,-83.67,980.0000,-1.74
2025-04-23 15:10:00,963,963.1,962.8,962.9,649790,0.0059,-0.0784,-107.53,980.0000,-1.74
2025-04-23 15:15:00,962.9,963,961.35,961.95,798654,-0.0382,-0.0784,-51.28,980.0000,-1.84
2025-04-23 15:20:00,961.9,962,960.7,961.2,866156,-0.1064,-0.0784,35.71,980.0000,-1.92
2025-04-23 15:25:00,960.8,961.25,960.25,960.35,812644,-0.1924,-0.0784,145.41,980.0000,-2.01
2025-04-24 09:15:00,954.95,958.35,952.55,956.95,1803806,-0.4473,-0.1924,132.48,960.3500,-0.35
2025-04-24 09:20:00,956.95,959.5,955.55,957.55,759924,-0.5383,-0.1924,179.78,960.3500,-0.29
2025-04-24 09:25:00,957.55,959.7,957.35,958.65,630826,-0.4888,-0.1924,154.05,960.3500,-0.18
2025-04-24 09:30:00,958.55,960,956.9,959.75,366856,-0.3527,-0.1924,83.32,960.3500,-0.06
2025-04-24 09:35:00,959.75,961.95,957.3,958.5,561880,-0.3186,-0.1924,65.59,960.3500,-0.19
2025-04-24 09:40:00,958.75,958.75,956.25,956.5,206358,-0.3973,-0.1924,106.50,960.3500,-0.40
2025-04-24 09:45:00,956.45,956.8,954.65,955.35,268208,-0.4875,-0.1924,153.38,960.3500,-0.52
2025-04-24 09:50:00,955.3,956.55,955.2,956.4,313510,-0.4387,-0.1924,128.01,960.3500,-0.41
2025-04-24 09:55:00,956.4,956.75,953.95,956.75,295754,-0.3489,-0.1924,81.34,960.3500,-0.37
2025-04-24 10:00:00,956.75,958.35,956.55,958.05,156404,-0.1767,-0.1924,-8.16,960.3500,-0.24
2025-04-24 10:05:00,958.05,959,958,958.85,107632,0.0065,-0.1924,-103.38,960.3500,-0.16
2025-04-24 10:10:00,958.9,959.6,958.5,958.7,161300,0.1264,-0.1924,-165.70,960.3500,-0.17
2025-04-24 10:15:00,958.8,958.85,958.05,958.4,94926,0.1906,-0.1924,-199.06,960.3500,-0.20
2025-04-24 10:20:00,958.4,959.75,958.4,958.85,123362,0.2638,-0.1924,-237.11,960.3500,-0.16
2025-04-24 10:25:00,958.85,959.4,958.2,958.3,94280,0.2744,-0.1924,-242.62,960.3500,-0.21
2025-04-24 10:30:00,958.3,958.55,957.5,958.4,132916,0.2861,-0.1924,-248.70,960.3500,-0.20
2025-04-24 10:35:00,958.35,958.8,958.2,958.65,92566,0.3068,-0.1924,-259.46,960.3500,-0.18
2025-04-24 10:40:00,958.65,959.95,957.05,957.8,227372,0.2612,-0.1924,-235.76,960.3500,-0.27
2025-04-24 10:45:00,957.75,958,957,957.25,177152,0.1949,-0.1924,-201.30,960.3500,-0.32
2025-04-24 10:50:00,957.25,958,956.9,957.25,168944,0.1538,-0.1924,-179.94,960.3500,-0.32
2025-04-24 10:55:00,957.45,958.15,956.65,957.85,130670,0.1686,-0.1924,-187.63,960.3500,-0.26
2025-04-24 11:00:00,957.85,958.75,956.6,957.85,329886,0.1790,-0.1924,-193.04,960.3500,-0.26
2025-04-24 11:05:00,957.85,957.95,957.2,957.9,163324,0.1888,-0.1924,-198.13,960.3500,-0.26
2025-04-24 11:10:00,957.9,959.75,957.45,959.15,276118,0.2739,-0.1924,-242.36,960.3500,-0.12
2025-04-24 11:15:00,959.1,959.15,958,959.05,180414,0.3150,-0.1924,-263.72,960.3500,-0.14
2025-04-24 11:20:00,959.1,959.8,958.9,959.75,133898,0.3767,-0.1924,-295.79,960.3500,-0.06
2025-04-24 11:25:00,959.75,959.85,958.45,959.05,133566,0.3578,-0.1924,-285.97,960.3500,-0.14
2025-04-24 11:30:00,959,959.1,958,958.8,168164,0.3173,-0.1924,-264.92,960.3500,-0.16
2025-04-24 11:35:00,958.75,959.55,958.75,959.45,122202,0.3222,-0.1924,-267.46,960.3500,-0.09
2025-04-24 11:40:00,959.45,959.45,958.75,958.95,111264,0.2810,-0.1924,-246.05,960.3500,-0.15
2025-04-24 11:45:00,958.9,959.75,958.5,959.65,166226,0.2892,-0.1924,-250.31,960.3500,-0.07
2025-04-24 11:50:00,959.65,959.65,958.95,959.5,103560,0.2728,-0.1924,-241.79,960.3500,-0.09
2025-04-24 11:55:00,959.5,959.5,958.6,958.95,120780,0.2159,-0.1924,-212.21,960.3500,-0.15
2025-04-24 12:00:00,958.95,959.25,958.95,959.25,118966,0.1903,-0.1924,-198.91,960.3500,-0.11
2025-04-24 12:05:00,959.25,960.9,959.2,960.5,213510,0.2458,-0.1924,-227.75,960.3500,0.02
2025-04-24 12:10:00,960.35,960.9,960.1,960.15,166262,0.2465,-0.1924,-228.12,960.3500,-0.02
2025-04-24 12:15:00,960.15,960.5,959.85,960.45,216360,0.2539,-0.1924,-231.96,960.3500,0.01
2025-04-24 12:20:00,960.3,960.4,959.85,959.85,87738,0.2070,-0.1924,-207.59,960.3500,-0.05
2025-04-24 12:25:00,959.9,960.5,959.3,960,188092,0.1759,-0.1924,-191.42,960.3500,-0.04
2025-04-24 12:30:00,960.05,960.3,959.55,959.95,74944,0.1432,-0.1924,-174.43,960.3500,-0.04
2025-04-24 12:35:00,960.1,960.2,958.5,959.1,150890,0.0598,-0.1924,-131.08,960.3500,-0.13
2025-04-24 12:40:00,959.1,959.4,958.75,959.1,120406,0.0032,-0.1924,-101.66,960.3500,-0.13
2025-04-24 12:45:00,959.1,960,959.05,959.85,137198,0.0141,-0.1924,-107.33,960.3500,-0.05
2025-04-24 12:50:00,959.85,960.4,958.6,959.45,171034,-0.0066,-0.1924,-96.57,960.3500,-0.09
2025-04-24 12:55:00,959.45,959.6,958.05,958.7,470578,-0.0684,-0.1924,-64.45,960.3500,-0.17
2025-04-24 13:00:00,958.65,959.35,958.3,959.05,168044,-0.0824,-0.1924,-57.17,960.3500,-0.14
2025-04-24 13:05:00,959.15,959.95,958.55,959.45,146052,-0.0622,-0.1924,-67.67,960.3500,-0.09
2025-04-24 13:10:00,959.45,959.85,958.7,959.2,194828,-0.0631,-0.1924,-67.20,960.3500,-0.12
2025-04-24 13:15:00,959.2,959.5,958.65,958.8,104156,-0.0865,-0.1924,-55.04,960.3500,-0.16
2025-04-24 13:20:00,958.8,959.25,958.4,959.05,234780,-0.0811,-0.1924,-57.85,960.3500,-0.14
2025-04-24 13:25:00,959.05,959.6,958.6,959.35,202980,-0.0546,-0.1924,-71.62,960.3500,-0.10
2025-04-24 13:30:00,959.35,960.2,959.35,959.5,172498,-0.0258,-0.1924,-86.59,960.3500,-0.09
2025-04-24 13:35:00,959.5,960.15,959.35,960,132178,0.0255,-0.1924,-113.25,960.3500,-0.04
2025-04-24 13:40:00,960,960.5,959.9,960.2,155430,0.0689,-0.1924,-135.81,960.3500,-0.02
2025-04-24 13:45:00,960.25,960.4,959.2,959.65,233904,0.0571,-0.1924,-129.68,960.3500,-0.07
2025-04-24 13:50:00,959.65,960.1,959.15,959.3,193912,0.0239,-0.1924,-112.42,960.3500,-0.11
2025-04-24 13:55:00,959.3,960.25,959.1,960.1,140690,0.0524,-0.1924,-127.23,960.3500,-0.03
2025-04-24 14:00:00,960.1,960.7,959.95,960.3,219750,0.0797,-0.1924,-141.42,960.3500,-0.01
2025-04-24 14:05:00,960.3,961.1,960.2,960.35,214100,0.0950,-0.1924,-149.38,960.3500,0.00
2025-04-24 14:10:00,960.35,961,960.3,960.6,151776,0.1146,-0.1924,-159.56,960.3500,0.03
2025-04-24 14:15:00,960.65,960.8,960.25,960.5,137692,0.1132,-0.1924,-158.84,960.3500,0.02
2025-04-24 14:20:00,960.55,961.45,960.5,960.95,379964,0.1336,-0.1924,-169.44,960.3500,0.06
2025-04-24 14:25:00,960.95,961.1,960.05,960.35,252380,0.0992,-0.1924,-151.56,960.3500,0.00
2025-04-24 14:30:00,960.35,960.4,960.05,960.1,171374,0.0545,-0.1924,-128.33,960.3500,-0.03
2025-04-24 14:35:00,960.1,960.5,959.15,959.7,405830,-0.0041,-0.1924,-97.87,960.3500,-0.07
2025-04-24 14:40:00,959.65,960.8,959.1,960.55,525576,0.0114,-0.1924,-105.93,960.3500,0.02
2025-04-24 14:45:00,960.65,960.75,959.8,960.7,401912,0.0279,-0.1924,-114.50,960.3500,0.04
2025-04-24 14:50:00,960.7,960.85,959.25,959.7,263898,-0.0293,-0.1924,-84.77,960.3500,-0.07
2025-04-24 14:55:00,959.7,960.35,959.1,959.25,367826,-0.0945,-0.1924,-50.88,960.3500,-0.11
2025-04-24 15:00:00,959.25,960,959.05,959.45,1289756,-0.1196,-0.1924,-37.84,960.3500,-0.09
2025-04-24 15:05:00,959.45,959.7,957.6,958.35,1602028,-0.2010,-0.1924,4.47,960.3500,-0.21
2025-04-24 15:10:00,958.3,959.65,958.05,958.65,1686356,-0.2236,-0.1924,16.22,960.3500,-0.18
2025-04-24 15:15:00,958.6,958.85,958.1,958.4,1444638,-0.2428,-0.1924,26.20,960.3500,-0.20
2025-04-24 15:20:00,958.45,958.55,956.3,957.45,1205406,-0.3028,-0.1924,57.38,960.3500,-0.30
2025-04-24 15:25:00,957.55,958.35,955.8,957.45,890066,-0.3241,-0.1924,68.45,960.3500,-0.30
2025-04-25 09:15:00,961.5,966.5,958.6,962.35,1109450,-0.0065,-0.3241,-97.99,957.4500,0.51
2025-04-25 09:20:00,962.35,963.05,958.5,958.65,551052,-0.0420,-0.3241,-87.04,957.4500,0.13
2025-04-25 09:25:00,958.7,961.5,956.9,960.85,406300,0.0797,-0.3241,-124.59,957.4500,0.36
2025-04-25 09:30:00,960.9,962.75,960.35,962.6,304558,0.2647,-0.3241,-181.67,957.4500,0.54
2025-04-25 09:35:00,962.6,963.3,960.6,960.6,286018,0.2397,-0.3241,-173.96,957.4500,0.33
2025-04-25 09:40:00,960.6,961.25,958.05,961.15,367616,0.2466,-0.3241,-176.09,957.4500,0.39
2025-04-25 09:45:00,961.25,961.25,957.55,958.65,220846,0.0779,-0.3241,-124.04,957.4500,0.13
2025-04-25 09:50:00,958.7,960,957.95,959.4,158156,0.0152,-0.3241,-104.69,957.4500,0.20
2025-04-25 09:55:00,959.1,959.9,957,958.75,610184,-0.0671,-0.3241,-79.30,957.4500,0.14
2025-04-25 10:00:00,958.75,958.75,954.9,955.05,297710,-0.3519,-0.3241,8.58,957.4500,-0.25
2025-04-25 10:05:00,955.05,957.75,955.05,956.9,352300,-0.3937,-0.3241,21.47,957.4500,-0.06
2025-04-25 10:10:00,956.95,957.5,955,955.3,183648,-0.5003,-0.3241,54.37,957.4500,-0.22
2025-04-25 10:15:00,955.3,957,954.35,956.75,106780,-0.4461,-0.3241,37.64,957.4500,-0.07
2025-04-25 10:20:00,956.75,959,956,958.5,179500,-0.2738,-0.3241,-15.52,957.4500,0.11
2025-04-25 10:25:00,958.4,959.3,956.55,957.5,172834,-0.2114,-0.3241,-34.77,957.4500,0.01
2025-04-25 10:30:00,957.45,958.45,955.35,955.5,158174,-0.2845,-0.3241,-12.22,957.4500,-0.20
2025-04-25 10:35:00,955.5,956.4,955,955.7,138972,-0.2976,-0.3241,-8.18,957.4500,-0.18
2025-04-25 10:40:00,955.85,956.5,953.45,953.45,109700,-0.4281,-0.3241,32.09,957.4500,-0.42
2025-04-25 10:45:00,953.45,954.3,952.65,952.65,335514,-0.5319,-0.3241,64.12,957.4500,-0.50
2025-04-25 10:50:00,952.75,953.2,951,951.75,187556,-0.6186,-0.3241,90.87,957.4500,-0.60
2025-04-25 10:55:00,951.75,953.05,951.2,952.45,161310,-0.5865,-0.3241,80.96,957.4500,-0.52
2025-04-25 11:00:00,952.25,952.75,951.6,952,156162,-0.5538,-0.3241,70.87,957.4500,-0.57
2025-04-25 11:05:00,952.2,953,951.15,952.3,101216,-0.4732,-0.3241,46.00,957.4500,-0.54
2025-04-25 11:10:00,952.3,952.8,951.15,952.1,70676,-0.3977,-0.3241,22.71,957.4500,-0.56
2025-04-25 11:15:00,952.05,952.45,950.8,951.55,94546,-0.3508,-0.3241,8.24,957.4500,-0.62
2025-04-25 11:20:00,951.9,952.95,951.55,952.7,86822,-0.2149,-0.3241,-33.69,957.4500,-0.50
2025-04-25 11:25:00,952.8,952.8,951.35,952.1,74714,-0.1416,-0.3241,-56.31,957.4500,-0.56
2025-04-25 11:30:00,952.1,952.6,951,951,182206,-0.1430,-0.3241,-55.88,957.4500,-0.67
2025-04-25 11:35:00,951.1,952,950.7,951.7,59162,-0.0758,-0.3241,-76.61,957.4500,-0.60
2025-04-25 11:40:00,951.65,951.7,950.5,950.95,67410,-0.0617,-0.3241,-80.96,957.4500,-0.68
2025-04-25 11:45:00,950.95,951.1,948.55,948.55,168246,-0.1866,-0.3241,-42.43,957.4500,-0.93
2025-04-25 11:50:00,948.55,949,946.9,947.8,232504,-0.2864,-0.3241,-11.63,957.4500,-1.01
2025-04-25 11:55:00,947.8,948.3,947.45,947.55,95250,-0.3328,-0.3241,2.68,957.4500,-1.03
2025-04-25 12:00:00,947.5,947.55,945.9,946.5,766580,-0.3934,-0.3241,21.38,957.4500,-1.14
2025-04-25 12:05:00,946.55,948.75,946.55,948.1,312686,-0.2898,-0.3241,-10.58,957.4500,-0.98
2025-04-25 12:10:00,948.25,949,947.8,948.55,270294,-0.1615,-0.3241,-50.17,957.4500,-0.93
2025-04-25 12:15:00,948.6,950.55,947.9,949.8,160640,0.0271,-0.3241,-108.36,957.4500,-0.80
2025-04-25 12:20:00,950,950,948.5,949.2,92472,0.1254,-0.3241,-138.69,957.4500,-0.86
2025-04-25 12:25:00,949.3,951.5,948.45,951.45,292526,0.3436,-0.3241,-206.02,957.4500,-0.63
2025-04-25 12:30:00,951.45,951.75,950.45,950.75,108310,0.4364,-0.3241,-234.65,957.4500,-0.70
2025-04-25 12:35:00,950.55,952.35,950.3,952.15,88134,0.5788,-0.3241,-278.59,957.4500,-0.55
2025-04-25 12:40:00,952.1,952.4,950.65,950.9,92288,0.5743,-0.3241,-277.20,957.4500,-0.68
2025-04-25 12:45:00,950.9,952.5,950.8,952.05,101106,0.6300,-0.3241,-294.38,957.4500,-0.56
2025-04-25 12:50:00,952.05,952.5,951.3,951.8,85526,0.6296,-0.3241,-294.26,957.4500,-0.59
2025-04-25 12:55:00,951.8,954.75,951.5,954.15,237382,0.7585,-0.3241,-334.03,957.4500,-0.34
2025-04-25 13:00:00,954.25,954.95,953.25,953.5,97768,0.7687,-0.3241,-337.18,957.4500,-0.41
2025-04-25 13:05:00,953.5,954.5,953.15,953.85,157036,0.7658,-0.3241,-336.29,957.4500,-0.38
2025-04-25 13:10:00,953.85,954.4,953.2,954,77820,0.7405,-0.3241,-328.48,957.4500,-0.36
2025-04-25 13:15:00,954,955,953.75,954.45,112310,0.7199,-0.3241,-322.12,957.4500,-0.31
2025-04-25 13:20:00,954.25,954.5,953.7,953.95,120812,0.6410,-0.3241,-297.78,957.4500,-0.37
2025-04-25 13:25:00,953.95,954.15,953.4,953.45,107464,0.5283,-0.3241,-263.01,957.4500,-0.42
2025-04-25 13:30:00,953.75,955,953.4,954.9,141672,0.5235,-0.3241,-261.52,957.4500,-0.27
2025-04-25 13:35:00,954.9,956.25,954.55,955.35,162514,0.5217,-0.3241,-260.97,957.4500,-0.22
2025-04-25 13:40:00,955.2,956.8,955.15,956.55,107858,0.5684,-0.3241,-275.38,957.4500,-0.09
2025-04-25 13:45:00,956.55,958.6,956.5,958.5,186154,0.6897,-0.3241,-312.80,957.4500,0.11
2025-04-25 13:50:00,958.6,959.7,958.4,958.9,119750,0.7509,-0.3241,-331.69,957.4500,0.15
2025-04-25 13:55:00,958.75,960,958.55,959.85,86926,0.8046,-0.3241,-348.26,957.4500,0.25
2025-04-25 14:00:00,959.8,960,958.7,958.9,76756,0.7277,-0.3241,-324.53,957.4500,0.15
2025-04-25 14:05:00,959.05,959.25,956.75,956.75,111076,0.4947,-0.3241,-252.64,957.4500,-0.07
2025-04-25 14:10:00,956.85,957,955.25,956.8,208412,0.3154,-0.3241,-197.32,957.4500,-0.07
2025-04-25 14:15:00,957,958.75,956.7,957.9,163726,0.2454,-0.3241,-175.72,957.4500,0.05
2025-04-25 14:20:00,957.65,958.75,957.35,957.95,156452,0.1800,-0.3241,-155.54,957.4500,0.05
2025-04-25 14:25:00,957.95,957.95,956.25,956.35,88628,0.0153,-0.3241,-104.72,957.4500,-0.11
2025-04-25 14:30:00,956.5,956.75,955.5,956,105698,-0.1234,-0.3241,-61.93,957.4500,-0.15
2025-04-25 14:35:00,956.05,956.05,953.6,955.7,190082,-0.2349,-0.3241,-27.52,957.4500,-0.18
2025-04-25 14:40:00,955.7,955.95,954.95,955.8,169560,-0.2976,-0.3241,-8.18,957.4500,-0.17
2025-04-25 14:45:00,955.5,955.95,954.85,955.9,194904,-0.3257,-0.3241,0.49,957.4500,-0.16
2025-04-25 14:50:00,955.95,957.15,955.9,957.05,237314,-0.2629,-0.3241,-18.88,957.4500,-0.04
2025-04-25 14:55:00,956.9,958.05,956.5,956.7,391994,-0.2415,-0.3241,-25.49,957.4500,-0.08
2025-04-25 15:00:00,956.7,956.9,956,956.55,772774,-0.2338,-0.3241,-27.86,957.4500,-0.09
2025-04-25 15:05:00,956.55,957.35,955.4,955.85,620970,-0.2698,-0.3241,-16.75,957.4500,-0.17
2025-04-25 15:10:00,955.55,956.45,955,956.15,705608,-0.2668,-0.3241,-17.68,957.4500,-0.14
2025-04-25 15:15:00,956.1,956.2,955.3,956,697770,-0.2676,-0.3241,-17.43,957.4500,-0.15
2025-04-25 15:20:00,956,956.05,953.6,954.1,855166,-0.3819,-0.3241,17.83,957.4500,-0.35
2025-04-25 15:25:00,954.25,955,953.5,954,517436,-0.4455,-0.3241,37.46,957.4500,-0.36
2025-04-28 09:15:00,955.55,961.05,954.2,958.9,745664,-0.1540,-0.4455,-65.43,954.0000,0.51
2025-04-28 09:20:00,958.95,961.95,955,959.1,717472,0.0453,-0.4455,-110.17,954.0000,0.53
2025-04-28 09:25:00,959.1,962.5,959.05,962.25,358718,0.3645,-0.4455,-181.82,954.0000,0.86
2025-04-28 09:30:00,962.35,964.05,961.25,963.35,522400,0.6105,-0.4455,-237.04,954.0000,0.98
2025-04-28 09:35:00,963.6,964.45,962.15,963,275980,0.7037,-0.4455,-257.96,954.0000,0.94
2025-04-28 09:40:00,962.95,964,961.8,963.3,165880,0.7362,-0.4455,-265.25,954.0000,0.97
2025-04-28 09:45:00,963.3,964.25,962.35,962.6,126130,0.6634,-0.4455,-248.91,954.0000,0.90
2025-04-28 09:50:00,962.6,963.35,961.45,962,178516,0.5333,-0.4455,-219.71,954.0000,0.84
2025-04-28 09:55:00,962,963.5,961.75,962.75,91042,0.4590,-0.4455,-203.03,954.0000,0.92
2025-04-28 10:00:00,962.85,962.85,959.1,961.05,241422,0.2663,-0.4455,-159.78,954.0000,0.74
2025-04-28 10:05:00,961.1,962.85,961.1,962,92234,0.1779,-0.4455,-139.93,954.0000,0.84
2025-04-28 10:10:00,962,963.5,961.65,963.5,203042,0.1942,-0.4455,-143.59,954.0000,1.00
2025-04-28 10:15:00,963.25,963.85,962.95,963.4,201374,0.1728,-0.4455,-138.79,954.0000,0.99
2025-04-28 10:20:00,963.35,963.5,961.85,962.15,113698,0.0550,-0.4455,-112.35,954.0000,0.85
2025-04-28 10:25:00,962.05,963.15,961,961.25,67682,-0.0948,-0.4455,-78.72,954.0000,0.76
2025-04-28 10:30:00,961.35,963,961.05,963,62050,-0.0874,-0.4455,-80.38,954.0000,0.94
2025-04-28 10:35:00,962.95,963.3,961.5,962.7,153584,-0.1126,-0.4455,-74.73,954.0000,0.91
2025-04-28 10:40:00,962.65,963.5,962.45,962.8,148316,-0.1310,-0.4455,-70.59,954.0000,0.92
2025-04-28 10:45:00,962.85,963.5,962.2,962.95,421574,-0.1408,-0.4455,-68.40,954.0000,0.94
2025-04-28 10:50:00,962.95,964.85,962.65,963.5,367262,-0.1188,-0.4455,-73.33,954.0000,1.00
2025-04-28 10:55:00,963.45,963.5,962.9,963.35,139986,-0.1224,-0.4455,-72.53,954.0000,0.98
2025-04-28 11:00:00,963.35,963.4,962.05,962.35,153858,-0.1959,-0.4455,-56.03,954.0000,0.88
2025-04-28 11:05:00,962.25,962.5,961.6,962.1,179384,-0.2610,-0.4455,-41.41,954.0000,0.85
2025-04-28 11:10:00,962.1,962.5,960.75,961.4,103760,-0.3455,-0.4455,-22.45,954.0000,0.78
2025-04-28 11:15:00,961.4,961.95,960.05,960.8,47894,-0.4306,-0.4455,-3.34,954.0000,0.71
2025-04-28 11:20:00,960.75,961.9,960.4,961.2,103424,-0.4468,-0.4455,0.29,954.0000,0.75
2025-04-28 11:25:00,961,961.7,960.8,961.35,57206,-0.4340,-0.4455,-2.58,954.0000,0.77
2025-04-28 11:30:00,961.35,961.9,960.7,961.65,223278,-0.3930,-0.4455,-11.78,954.0000,0.80
2025-04-28 11:35:00,961.65,962.05,960.85,960.85,357848,-0.4058,-0.4455,-8.91,954.0000,0.72
2025-04-28 11:40:00,960.85,961.9,960.85,961.5,180478,-0.3583,-0.4455,-19.57,954.0000,0.79
2025-04-28 11:45:00,961.5,962.7,961.5,962.45,114036,-0.2554,-0.4455,-42.67,954.0000,0.89
2025-04-28 11:50:00,962.5,963.4,962.2,962.5,201178,-0.1801,-0.4455,-59.57,954.0000,0.89
2025-04-28 11:55:00,962.5,962.65,961.25,961.75,116834,-0.1767,-0.4455,-60.34,954.0000,0.81
2025-04-28 12:00:00,961.75,962.3,960.45,960.45,83588,-0.2531,-0.4455,-43.19,954.0000,0.68
2025-04-28 12:05:00,960.45,961.5,959.2,959.6,127616,-0.3464,-0.4455,-22.24,954.0000,0.59
2025-04-28 12:10:00,959.95,961.5,959.35,961.2,121750,-0.2882,-0.4455,-35.31,954.0000,0.75
2025-04-28 12:15:00,961.45,963.35,961.15,962.6,177914,-0.1502,-0.4455,-66.29,954.0000,0.90
2025-04-28 12:20:00,962.6,962.85,961.95,962.35,71352,-0.0743,-0.4455,-83.32,954.0000,0.88
2025-04-28 12:25:00,962.4,963.35,962.2,963,145114,0.0162,-0.4455,-103.64,954.0000,0.94
2025-04-28 12:30:00,962.95,963.25,962,962.4,78522,0.0314,-0.4455,-107.05,954.0000,0.88
2025-04-28 12:35:00,962.4,962.95,961.95,962.4,74906,0.0367,-0.4455,-108.24,954.0000,0.88
2025-04-28 12:40:00,962.7,962.75,961.35,961.7,69214,-0.0091,-0.4455,-97.96,954.0000,0.81
2025-04-28 12:45:00,961.9,961.9,960.75,961,58612,-0.0846,-0.4455,-81.01,954.0000,0.73
2025-04-28 12:50:00,961.1,962,960.9,961.6,51802,-0.0916,-0.4455,-79.44,954.0000,0.80
2025-04-28 12:55:00,961.8,963,961.5,962.6,61620,-0.0296,-0.4455,-93.36,954.0000,0.90
2025-04-28 13:00:00,962.6,962.65,961.4,961.75,81934,-0.0455,-0.4455,-89.79,954.0000,0.81
2025-04-28 13:05:00,962,962.95,961.35,962.45,119714,-0.0104,-0.4455,-97.67,954.0000,0.89
2025-04-28 13:10:00,962.9,963.35,961.85,962.5,105694,0.0134,-0.4455,-103.01,954.0000,0.89
2025-04-28 13:15:00,962.5,962.65,961.5,961.55,104706,-0.0351,-0.4455,-92.12,954.0000,0.79
2025-04-28 13:20:00,961.55,961.85,960.9,961.5,82066,-0.0687,-0.4455,-84.58,954.0000,0.79
2025-04-28 13:25:00,961.5,962.7,961.45,962.35,116088,-0.0337,-0.4455,-92.44,954.0000,0.88
2025-04-28 13:30:00,962.35,963.25,961.75,963.05,90502,0.0329,-0.4455,-107.38,954.0000,0.95
2025-04-28 13:35:00,963.2,963.4,961.75,962.4,106444,0.0297,-0.4455,-106.67,954.0000,0.88
2025-04-28 13:40:00,962.4,963,962.1,962.95,60678,0.0594,-0.4455,-113.33,954.0000,0.94
2025-04-28 13:45:00,963,963.5,962.5,962.55,84792,0.0474,-0.4455,-110.64,954.0000,0.90
2025-04-28 13:50:00,962.85,963.25,962.1,962.55,98592,0.0353,-0.4455,-107.92,954.0000,0.90
2025-04-28 13:55:00,962.55,963,961.85,962.25,178062,0.0046,-0.4455,-101.03,954.0000,0.86
2025-04-28 14:00:00,962.4,963.4,962.05,962.6,124798,0.0052,-0.4455,-101.17,954.0000,0.90
2025-04-28 14:05:00,962.65,963.25,962.15,962.45,84810,-0.0064,-0.4455,-98.56,954.0000,0.89
2025-04-28 14:10:00,962.5,963.4,962.45,962.9,111376,0.0132,-0.4455,-102.96,954.0000,0.93
2025-04-28 14:15:00,963.2,963.5,962.5,962.95,96444,0.0258,-0.4455,-105.79,954.0000,0.94
2025-04-28 14:20:00,963,963.2,962,962.1,100670,-0.0242,-0.4455,-94.57,954.0000,0.85
2025-04-28 14:25:00,962.1,962.45,961.35,961.55,105842,-0.0915,-0.4455,-79.46,954.0000,0.79
2025-04-28 14:30:00,961.65,962.1,960.6,960.65,151348,-0.1884,-0.4455,-57.71,954.0000,0.70
2025-04-28 14:35:00,960.7,960.7,958.5,958.65,287372,-0.3684,-0.4455,-17.31,954.0000,0.49
2025-04-28 14:40:00,958.65,959.1,957.85,958.35,183692,-0.4818,-0.4455,8.15,954.0000,0.46
2025-04-28 14:45:00,958.4,959.4,958.2,959.2,187368,-0.4730,-0.4455,6.17,954.0000,0.55
2025-04-28 14:50:00,959.25,960.2,958.5,959.95,258150,-0.3934,-0.4455,-11.69,954.0000,0.62
2025-04-28 14:55:00,960,960.4,959.2,959.6,172864,-0.3429,-0.4455,-23.03,954.0000,0.59
2025-04-28 15:00:00,959.85,960.9,959.45,960.35,407670,-0.2422,-0.4455,-45.63,954.0000,0.67
2025-04-28 15:05:00,960.35,960.5,959.25,959.25,311302,-0.2330,-0.4455,-47.70,954.0000,0.55
2025-04-28 15:10:00,959.25,960.3,959.25,959.8,338782,-0.1757,-0.4455,-60.56,954.0000,0.61
2025-04-28 15:15:00,959.9,960.35,959.75,960.25,274572,-0.0972,-0.4455,-78.18,954.0000,0.66
2025-04-28 15:20:00,960.3,960.45,959.65,959.9,440744,-0.0604,-0.4455,-86.44,954.0000,0.62
2025-04-28 15:25:00,959.9,961,959.8,960.5,379806,0.0091,-0.4455,-102.04,954.0000,0.68
2025-04-29 09:15:00,959.4,964.4,958.5,961.85,880448,0.1432,0.0091,1473.63,960.5000,0.14
2025-04-29 09:20:00,961.85,963.85,961,963.1,561258,0.3042,0.0091,3242.86,960.5000,0.27
2025-04-29 09:25:00,963,963.5,960.55,961,339424,0.2591,0.0091,2747.25,960.5000,0.05
2025-04-29 09:30:00,961.1,962.5,959.55,961.5,270726,0.2525,0.0091,2674.73,960.5000,0.10
2025-04-29 09:35:00,961.5,961.5,957,957.7,364076,-0.0047,0.0091,-151.65,960.5000,-0.29
2025-04-29 09:40:00,958,959.85,954.85,955.55,428896,-0.3000,0.0091,-3396.70,960.5000,-0.52
2025-04-29 09:45:00,955.6,957.9,955.6,956.45,280160,-0.4085,0.0091,-4589.01,960.5000,-0.42
2025-04-29 09:50:00,956.4,956.95,954.4,955.7,276392,-0.4986,0.0091,-5579.12,960.5000,-0.50
2025-04-29 09:55:00,955.65,958,955.4,957.45,198292,-0.4117,0.0091,-4624.18,960.5000,-0.32
2025-04-29 10:00:00,957.45,957.7,955.8,956.4,158400,-0.3962,0.0091,-4453.85,960.5000,-0.43
2025-04-29 10:05:00,956.4,956.45,952.55,952.8,283300,-0.5881,0.0091,-6562.64,960.5000,-0.80
2025-04-29 10:10:00,952.85,954.5,951.9,953.95,158750,-0.5954,0.0091,-6642.86,960.5000,-0.68
2025-04-29 10:15:00,954,954.3,952.6,952.95,197750,-0.6226,0.0091,-6941.76,960.5000,-0.79
2025-04-29 10:20:00,952.95,955,952.95,954.6,182976,-0.4902,0.0091,-5486.81,960.5000,-0.61
2025-04-29 10:25:00,954.6,954.75,952.4,952.95,161658,-0.4742,0.0091,-5310.99,960.5000,-0.79
2025-04-29 10:30:00,953.15,954,952.5,952.65,100798,-0.4448,0.0091,-4987.91,960.5000,-0.82
2025-04-29 10:35:00,952.7,953.2,951.75,952,105982,-0.4298,0.0091,-4823.08,960.5000,-0.88
2025-04-29 10:40:00,951.9,952,950.3,950.5,155176,-0.4780,0.0091,-5352.75,960.5000,-1.04
2025-04-29 10:45:00,950.5,952.4,950.1,951.7,162814,-0.3897,0.0091,-4382.42,960.5000,-0.92
2025-04-29 10:50:00,951.75,952.2,950.85,951.05,97436,-0.3378,0.0091,-3812.09,960.5000,-0.98
2025-04-29 10:55:00,951.05,951.8,950.65,950.85,82086,-0.2819,0.0091,-3197.80,960.5000,-1.00
2025-04-29 11:00:00,950.9,951.1,950.5,950.85,119004,-0.2131,0.0091,-2441.76,960.5000,-1.00
2025-04-29 11:05:00,950.85,953.1,950.85,952.35,315172,-0.0434,0.0091,-576.92,960.5000,-0.85
2025-04-29 11:10:00,952.4,952.6,951.6,952.5,98086,0.0944,0.0091,937.36,960.5000,-0.83
2025-04-29 11:15:00,952.5,953.05,951.85,952.95,104002,0.2240,0.0091,2361.54,960.5000,-0.79
2025-04-29 11:20:00,952.95,953.2,951.65,951.95,87054,0.2485,0.0091,2630.77,960.5000,-0.89
2025-04-29 11:25:00,952,952.5,951.55,951.55,68914,0.2438,0.0091,2579.12,960.5000,-0.93
2025-04-29 11:30:00,951.55,952.5,951.25,952.3,121554,0.2936,0.0091,3126.37,960.5000,-0.85
2025-04-29 11:35:00,952.3,952.75,952.05,952.3,125704,0.3266,0.0091,3489.01,960.5000,-0.85
2025-04-29 11:40:00,952.3,953.55,952.2,953.05,105434,0.3945,0.0091,4235.16,960.5000,-0.78
2025-04-29 11:45:00,953,953.5,952.25,953.1,124326,0.4350,0.0091,4680.22,960.5000,-0.77
2025-04-29 11:50:00,953.1,953.1,952.5,952.85,92028,0.4361,0.0091,4692.31,960.5000,-0.80
2025-04-29 11:55:00,952.9,953.8,952.85,953.25,157052,0.4530,0.0091,4878.02,960.5000,-0.75
2025-04-29 12:00:00,953.25,954.25,953.1,953.35,85662,0.4587,0.0091,4940.66,960.5000,-0.74
2025-04-29 12:05:00,953.4,953.4,952.15,952.75,101000,0.4113,0.0091,4419.78,960.5000,-0.81
2025-04-29 12:10:00,952.7,952.85,951.25,951.3,174352,0.2780,0.0091,2954.95,960.5000,-0.96
2025-04-29 12:15:00,951.3,952,951.05,951.6,112834,0.2089,0.0091,2195.60,960.5000,-0.93
2025-04-29 12:20:00,951.6,953,951.6,952.5,102108,0.2215,0.0091,2334.07,960.5000,-0.83
2025-04-29 12:25:00,952.45,952.5,952,952.3,89712,0.2138,0.0091,2249.45,960.5000,-0.85
2025-04-29 12:30:00,952.25,952.5,951.4,951.55,203530,0.1583,0.0091,1639.56,960.5000,-0.93
2025-04-29 12:35:00,951.55,952.45,950.9,951.65,262128,0.1297,0.0091,1325.27,960.5000,-0.92
2025-04-29 12:40:00,951.7,952.45,951.3,951.9,193670,0.1286,0.0091,1313.19,960.5000,-0.90
2025-04-29 12:45:00,951.9,951.95,950.5,951.5,248828,0.1031,0.0091,1032.97,960.5000,-0.94
2025-04-29 12:50:00,951.45,952.2,950.9,952.2,124612,0.1336,0.0091,1368.13,960.5000,-0.86
2025-04-29 12:55:00,952.15,953.5,952.05,953.1,162470,0.2100,0.0091,2207.69,960.5000,-0.77
2025-04-29 13:00:00,953.1,953.9,952.8,953.6,250066,0.2852,0.0091,3034.07,960.5000,-0.72
2025-04-29 13:05:00,953.55,953.65,952.5,953.05,153292,0.2881,0.0091,3065.93,960.5000,-0.78
2025-04-29 13:10:00,953.05,954,952.95,953.8,149426,0.3278,0.0091,3502.20,960.5000,-0.70
2025-04-29 13:15:00,953.85,953.85,952.5,953,146902,0.2888,0.0091,3073.63,960.5000,-0.78
2025-04-29 13:20:00,953.05,954,952.35,954,160980,0.3167,0.0091,3380.22,960.5000,-0.68
2025-04-29 13:25:00,953.85,954,953.15,953.15,131990,0.2664,0.0091,2827.47,960.5000,-0.77
2025-04-29 13:30:00,953.3,953.65,952.75,952.85,125256,0.2041,0.0091,2142.86,960.5000,-0.80
2025-04-29 13:35:00,952.85,953.3,952.5,953.05,86770,0.1690,0.0091,1757.14,960.5000,-0.78
2025-04-29 13:40:00,953.05,953.4,953,953.05,107758,0.1397,0.0091,1435.16,960.5000,-0.78
2025-04-29 13:45:00,953,953.5,953,953.45,90456,0.1407,0.0091,1446.15,960.5000,-0.73
2025-04-29 13:50:00,953.4,953.7,953,953.5,115544,0.1381,0.0091,1417.58,960.5000,-0.73
2025-04-29 13:55:00,953.55,953.75,953,953.05,115536,0.1010,0.0091,1009.89,960.5000,-0.78
2025-04-29 14:00:00,953,953.4,952.2,952.8,415872,0.0569,0.0091,525.27,960.5000,-0.80
2025-04-29 14:05:00,952.8,953.4,952.4,953.2,144274,0.0520,0.0091,471.43,960.5000,-0.76
2025-04-29 14:10:00,953.1,953.9,952.4,952.9,174068,0.0272,0.0091,198.90,960.5000,-0.79
2025-04-29 14:15:00,952.9,953.5,952.5,953.15,261278,0.0262,0.0091,187.91,960.5000,-0.77
2025-04-29 14:20:00,953.15,953.9,952.8,953.5,262558,0.0465,0.0091,410.99,960.5000,-0.73
2025-04-29 14:25:00,953.45,954.25,953.05,953.8,234450,0.0758,0.0091,732.97,960.5000,-0.70
2025-04-29 14:30:00,953.8,954,953.5,953.95,165312,0.0994,0.0091,992.31,960.5000,-0.68
2025-04-29 14:35:00,953.95,954.5,953.45,953.65,184848,0.0894,0.0091,882.42,960.5000,-0.71
2025-04-29 14:40:00,953.65,954.25,952.9,952.95,140438,0.0330,0.0091,262.64,960.5000,-0.79
2025-04-29 14:45:00,952.95,953.75,952.9,953.55,208072,0.0334,0.0091,267.03,960.5000,-0.72
2025-04-29 14:50:00,953.55,954.15,953.15,953.4,271376,0.0214,0.0091,135.16,960.5000,-0.74
2025-04-29 14:55:00,953.4,954.45,952.75,954.3,346016,0.0693,0.0091,661.54,960.5000,-0.65
2025-04-29 15:00:00,954.4,955.9,953.05,954.35,1273742,0.0978,0.0091,974.73,960.5000,-0.64
2025-04-29 15:05:00,954.35,955,953.35,954.7,863538,0.1315,0.0091,1345.05,960.5000,-0.60
2025-04-29 15:10:00,954.7,955,953.95,955,873156,0.1633,0.0091,1694.51,960.5000,-0.57
2025-04-29 15:15:00,955,955.65,954.2,955.55,936564,0.2078,0.0091,2183.52,960.5000,-0.52
2025-04-29 15:20:00,955.65,955.65,953.1,953.25,944344,0.0755,0.0091,729.67,960.5000,-0.75
2025-04-29 15:25:00,953.25,953.7,951.6,953,466156,-0.0299,0.0091,-428.57,960.5000,-0.78
2025-04-30 09:15:00,956.5,965.5,955.15,964.6,1562252,0.6433,-0.0299,-2251.51,953.0000,1.22
2025-04-30 09:20:00,964.55,964.65,959,961,546214,0.7977,-0.0299,-2767.89,953.0000,0.84
2025-04-30 09:25:00,961.05,963.4,961,962.85,289296,0.9649,-0.0299,-3327.09,953.0000,1.03
2025-04-30 09:30:00,962.85,963.85,961.5,963.2,369030,1.0334,-0.0299,-3556.19,953.0000,1.07
2025-04-30 09:35:00,963.3,966.5,962,966,528540,1.1905,-0.0299,-4081.61,953.0000,1.36
2025-04-30 09:40:00,965.85,967.2,964.65,965.35,246392,1.1719,-0.0299,-4019.40,953.0000,1.30
2025-04-30 09:45:00,964.9,967.5,964.9,966.8,285686,1.1756,-0.0299,-4031.77,953.0000,1.45
2025-04-30 09:50:00,966.85,967.5,965.75,967.2,384976,1.1233,-0.0299,-3856.86,953.0000,1.49
2025-04-30 09:55:00,967.05,968.45,966.45,966.8,433292,0.9851,-0.0299,-3394.65,953.0000,1.45
2025-04-30 10:00:00,966.7,967.5,964.65,964.95,206738,0.7055,-0.0299,-2459.53,953.0000,1.25
2025-04-30 10:05:00,964.95,967.35,964.95,966.25,252736,0.5514,-0.0299,-1944.15,953.0000,1.39
2025-04-30 10:10:00,966.3,966.5,964.85,964.95,113846,0.3167,-0.0299,-1159.20,953.0000,1.25
2025-04-30 10:15:00,964.9,966.3,964.2,964.8,241638,0.1166,-0.0299,-489.97,953.0000,1.24
2025-04-30 10:20:00,964.85,965.55,963.55,964.4,172346,-0.0675,-0.0299,125.75,953.0000,1.20
2025-04-30 10:25:00,964.4,964.65,961.7,962.5,163500,-0.3277,-0.0299,995.99,953.0000,1.00
2025-04-30 10:30:00,962.5,962.55,960.95,961.55,260662,-0.5604,-0.0299,1774.25,953.0000,0.90
2025-04-30 10:35:00,961.5,962,960,961.05,287198,-0.7337,-0.0299,2353.85,953.0000,0.84
2025-04-30 10:40:00,961.05,962.55,960.7,962.5,278694,-0.7347,-0.0299,2357.19,953.0000,1.00
2025-04-30 10:45:00,962.5,963,961.5,962.15,163944,-0.7407,-0.0299,2377.26,953.0000,0.96
2025-04-30 10:50:00,961.95,962.7,961.95,962,85084,-0.7351,-0.0299,2358.53,953.0000,0.94
2025-04-30 10:55:00,962,962.95,961.6,961.85,205576,-0.7209,-0.0299,2311.04,953.0000,0.93
2025-04-30 11:00:00,961.85,963.1,961.85,962.45,71496,-0.6525,-0.0299,2082.27,953.0000,0.99
2025-04-30 11:05:00,962.5,962.65,960.95,961.25,239120,-0.6671,-0.0299,2131.10,953.0000,0.87
2025-04-30 11:10:00,961.15,962.35,960.95,962.1,329284,-0.6006,-0.0299,1908.70,953.0000,0.95
2025-04-30 11:15:00,962.05,963,960.45,961.4,647722,-0.5844,-0.0299,1854.52,953.0000,0.88
2025-04-30 11:20:00,961.4,961.5,960.5,960.9,146352,-0.5863,-0.0299,1860.87,953.0000,0.83
2025-04-30 11:25:00,960.95,962,960.45,961,255970,-0.5600,-0.0299,1772.91,953.0000,0.84
2025-04-30 11:30:00,961,961.5,960.45,960.7,117274,-0.5416,-0.0299,1711.37,953.0000,0.81
2025-04-30 11:35:00,960.7,961.75,960.7,961.1,100544,-0.4831,-0.0299,1515.72,953.0000,0.85
2025-04-30 11:40:00,961.05,962.35,960.95,961.75,91692,-0.3856,-0.0299,1189.63,953.0000,0.92
2025-04-30 11:45:00,961.75,961.9,960.2,961.05,122840,-0.3540,-0.0299,1083.95,953.0000,0.84
2025-04-30 11:50:00,961,961.3,960.45,961.15,91890,-0.3136,-0.0299,948.83,953.0000,0.86
2025-04-30 11:55:00,961.2,961.95,961.05,961.3,49284,-0.2657,-0.0299,788.63,953.0000,0.87
2025-04-30 12:00:00,961.35,961.75,961.1,961.5,60822,-0.2120,-0.0299,609.03,953.0000,0.89
2025-04-30 12:05:00,961.5,961.6,960.75,961.35,53796,-0.1792,-0.0299,499.33,953.0000,0.88
2025-04-30 12:10:00,961.25,961.5,960.95,960.95,52322,-0.1768,-0.0299,491.30,953.0000,0.83
2025-04-30 12:15:00,960.95,961.5,960.8,961.35,93402,-0.1422,-0.0299,375.59,953.0000,0.88
2025-04-30 12:20:00,961.4,962.5,961.4,962.4,85660,-0.0473,-0.0299,58.19,953.0000,0.99
2025-04-30 12:25:00,962.45,964,962.4,963.3,264528,0.0709,-0.0299,-337.12,953.0000,1.08
2025-04-30 12:30:00,963.5,964.15,962.95,964.15,94308,0.1941,-0.0299,-749.16,953.0000,1.17
2025-04-30 12:35:00,964.1,964.3,962.4,963.9,189184,0.2434,-0.0299,-914.05,953.0000,1.14
2025-04-30 12:40:00,963.9,964.5,963.85,964.05,115272,0.2687,-0.0299,-998.66,953.0000,1.16
2025-04-30 12:45:00,964.1,964.75,963.9,964.4,88800,0.2899,-0.0299,-1069.57,953.0000,1.20
2025-04-30 12:50:00,964.4,964.9,963.7,963.8,122560,0.2460,-0.0299,-922.74,953.0000,1.13
2025-04-30 12:55:00,963.8,964.25,962.55,962.95,143554,0.1472,-0.0299,-592.31,953.0000,1.04
2025-04-30 13:00:00,962.95,963.75,962.7,962.8,109156,0.0634,-0.0299,-312.04,953.0000,1.03
2025-04-30 13:05:00,962.75,964,962.7,963.35,96920,0.0380,-0.0299,-227.09,953.0000,1.09
2025-04-30 13:10:00,963.35,963.75,963.15,963.25,117400,0.0090,-0.0299,-130.10,953.0000,1.08
2025-04-30 13:15:00,963.25,964.45,962.9,964.1,277064,0.0397,-0.0299,-232.78,953.0000,1.16
2025-04-30 13:20:00,964.05,964.5,963.25,964.05,273496,0.0489,-0.0299,-263.55,953.0000,1.16
2025-04-30 13:25:00,964.05,964.25,962.55,962.95,208424,-0.0232,-0.0299,-22.41,953.0000,1.04
2025-04-30 13:30:00,962.95,963.85,962.65,962.7,150194,-0.0880,-0.0299,194.31,953.0000,1.02
2025-04-30 13:35:00,962.7,963.05,962.15,962.45,112042,-0.1447,-0.0299,383.95,953.0000,0.99
2025-04-30 13:40:00,962.45,963,962.15,962.65,117746,-0.1643,-0.0299,449.50,953.0000,1.01
2025-04-30 13:45:00,962.5,963,962.4,962.6,69568,-0.1752,-0.0299,485.95,953.0000,1.01
2025-04-30 13:50:00,962.55,963,962.2,962.4,103818,-0.1892,-0.0299,532.78,953.0000,0.99
2025-04-30 13:55:00,962.4,962.85,962.05,962.4,120178,-0.1913,-0.0299,539.80,953.0000,0.99
2025-04-30 14:00:00,962.35,962.75,961.9,962,116666,-0.2109,-0.0299,605.35,953.0000,0.94
2025-04-30 14:05:00,962,962.05,961.5,961.85,147338,-0.2239,-0.0299,648.83,953.0000,0.93
2025-04-30 14:10:00,961.85,962.65,961.75,962,164364,-0.2126,-0.0299,611.04,953.0000,0.94
2025-04-30 14:15:00,962.15,962.5,961.5,962,200842,-0.1956,-0.0299,554.18,953.0000,0.94
2025-04-30 14:20:00,962.05,962.5,962,962.4,130022,-0.1500,-0.0299,401.67,953.0000,0.99
2025-04-30 14:25:00,962.4,962.5,961.75,962.2,198034,-0.1269,-0.0299,324.41,953.0000,0.97
2025-04-30 14:30:00,962.25,962.5,961.7,962.15,216492,-0.1091,-0.0299,264.88,953.0000,0.96
2025-04-30 14:35:00,962.2,962.25,960.55,962,423280,-0.1018,-0.0299,240.47,953.0000,0.94
2025-04-30 14:40:00,962,963.5,961.8,962.4,449982,-0.0661,-0.0299,121.07,953.0000,0.99
2025-04-30 14:45:00,962.45,962.8,961.75,962.55,331366,-0.0302,-0.0299,1.00,953.0000,1.00
2025-04-30 14:50:00,962.6,964.5,962.25,964.45,487352,0.1156,-0.0299,-486.62,953.0000,1.20
2025-04-30 14:55:00,964.5,964.5,962.55,962.6,512488,0.0831,-0.0299,-377.93,953.0000,1.01
2025-04-30 15:00:00,962.6,963.85,961.35,962.1,2817710,0.0265,-0.0299,-188.63,953.0000,0.95
2025-04-30 15:05:00,962.1,964.5,962.1,964.25,1916712,0.1268,-0.0299,-524.08,953.0000,1.18
2025-04-30 15:10:00,964.25,965.1,963.25,964.5,2180376,0.1986,-0.0299,-764.21,953.0000,1.21
2025-04-30 15:15:00,964.55,964.55,960.9,961.95,2641724,0.0698,-0.0299,-333.44,953.0000,0.94
2025-04-30 15:20:00,961.95,962.55,960.55,962.1,3414948,-0.0060,-0.0299,-79.93,953.0000,0.95
2025-04-30 15:25:00,962.05,962.5,957.55,960.05,1980322,-0.1849,-0.0299,518.39,953.0000,0.74
2025-05-02 09:15:00,964.9,970.95,963.2,967.4,1584506,0.1812,-0.1849,-198.00,960.0500,0.77
2025-05-02 09:20:00,967.35,968.3,966.05,967.4,532942,0.4003,-0.1849,-316.50,960.0500,0.77
2025-05-02 09:25:00,967.4,968.9,966.8,968.85,587338,0.6073,-0.1849,-428.45,960.0500,0.92
2025-05-02 09:30:00,968.85,969.45,967.8,969.3,633920,0.7308,-0.1849,-495.24,960.0500,0.96
2025-05-02 09:35:00,969.3,969.9,967.85,969.65,371104,0.7873,-0.1849,-525.80,960.0500,1.00
2025-05-02 09:40:00,969.8,969.9,967,967.7,444690,0.6504,-0.1849,-451.76,960.0500,0.80
2025-05-02 09:45:00,967.7,969.3,967.1,968.85,281578,0.5957,-0.1849,-422.17,960.0500,0.92
2025-05-02 09:50:00,968.7,969.45,968.35,968.65,226234,0.5079,-0.1849,-374.69,960.0500,0.90
2025-05-02 09:55:00,968.5,969.5,968.35,968.85,316382,0.4284,-0.1849,-331.69,960.0500,0.92
2025-05-02 10:00:00,968.8,969.95,968.65,969.65,202276,0.3955,-0.1849,-313.90,960.0500,1.00
2025-05-02 10:05:00,969.65,970,968.35,969.15,242542,0.3097,-0.1849,-267.50,960.0500,0.95
2025-05-02 10:10:00,969.45,969.55,968.1,968.8,177132,0.2042,-0.1849,-210.44,960.0500,0.91
2025-05-02 10:15:00,968.8,969.25,966.6,966.8,212990,-0.0141,-0.1849,-92.37,960.0500,0.70
2025-05-02 10:20:00,966.85,968,966.75,967.85,184722,-0.0968,-0.1849,-47.65,960.0500,0.81
2025-05-02 10:25:00,967.85,968.25,967.3,967.65,159650,-0.1698,-0.1849,-8.17,960.0500,0.79
2025-05-02 10:30:00,967.75,967.95,966.25,966.5,386868,-0.2931,-0.1849,58.52,960.0500,0.67
2025-05-02 10:35:00,966.5,967.5,965.7,966.7,501332,-0.3546,-0.1849,91.78,960.0500,0.69
2025-05-02 10:40:00,967,967.75,966.3,966.45,385574,-0.4022,-0.1849,117.52,960.0500,0.67
2025-05-02 10:45:00,966.45,967.4,965.95,967.05,355310,-0.3833,-0.1849,107.30,960.0500,0.73
2025-05-02 10:50:00,967.05,967.65,965.35,965.7,244192,-0.4473,-0.1849,141.91,960.0500,0.59
2025-05-02 10:55:00,965.8,966.95,965.5,966.6,248010,-0.4153,-0.1849,124.61,960.0500,0.68
2025-05-02 11:00:00,966.6,967.45,966,966.05,127860,-0.4164,-0.1849,125.20,960.0500,0.62
2025-05-02 11:05:00,966.05,966.65,964.7,966.05,297536,-0.4022,-0.1849,117.52,960.0500,0.62
2025-05-02 11:10:00,966.05,966.5,965.4,966.2,116658,-0.3686,-0.1849,99.35,960.0500,0.64
2025-05-02 11:15:00,966.25,967.45,965.8,966.1,138714,-0.3397,-0.1849,83.72,960.0500,0.63
2025-05-02 11:20:00,966,966.5,965.55,965.65,121914,-0.3369,-0.1849,82.21,960.0500,0.58
2025-05-02 11:25:00,965.65,966.25,964.75,965.1,258086,-0.3561,-0.1849,92.59,960.0500,0.53
2025-05-02 11:30:00,965.1,965.45,964.25,964.35,248394,-0.4001,-0.1849,116.39,960.0500,0.45
2025-05-02 11:35:00,964.35,964.9,964.1,964.4,124116,-0.4054,-0.1849,119.25,960.0500,0.45
2025-05-02 11:40:00,964.45,964.7,963.1,963.15,196334,-0.4682,-0.1849,153.22,960.0500,0.32
2025-05-02 11:45:00,963.2,964.35,963.15,964.1,265912,-0.4223,-0.1849,128.39,960.0500,0.42
2025-05-02 11:50:00,964.05,964.35,963.35,964.2,166930,-0.3639,-0.1849,96.81,960.0500,0.43
2025-05-02 11:55:00,964.3,964.95,964,964.45,198900,-0.2903,-0.1849,57.00,960.0500,0.46
2025-05-02 12:00:00,964.4,965,964.1,964.25,160850,-0.2392,-0.1849,29.37,960.0500,0.44
2025-05-02 12:05:00,964.25,964.75,963.3,963.6,209972,-0.2329,-0.1849,25.96,960.0500,0.37
2025-05-02 12:10:00,963.6,963.7,962.95,963.2,134812,-0.2387,-0.1849,29.10,960.0500,0.33
2025-05-02 12:15:00,963.2,963.6,962.5,963,126894,-0.2383,-0.1849,28.88,960.0500,0.31
2025-05-02 12:20:00,962.95,963.95,962.95,963.45,103164,-0.1922,-0.1849,3.95,960.0500,0.35
2025-05-02 12:25:00,963.4,963.65,961.45,961.95,179436,-0.2437,-0.1849,31.80,960.0500,0.20
2025-05-02 12:30:00,961.75,963.2,961.55,963,190718,-0.1905,-0.1849,3.03,960.0500,0.31
2025-05-02 12:35:00,962.95,963.15,962.4,962.7,193644,-0.1601,-0.1849,-13.41,960.0500,0.28
2025-05-02 12:40:00,962.65,963.05,961.65,963.05,244164,-0.1038,-0.1849,-43.86,960.0500,0.31
2025-05-02 12:45:00,963,964.6,963,964.5,261894,0.0362,-0.1849,-119.58,960.0500,0.46
2025-05-02 12:50:00,964.5,964.75,963.1,963.45,141092,0.0618,-0.1849,-133.42,960.0500,0.35
2025-05-02 12:55:00,963.45,963.95,963.1,963.1,166814,0.0588,-0.1849,-131.80,960.0500,0.32
2025-05-02 13:00:00,963.1,963.95,962.7,963.4,154262,0.0794,-0.1849,-142.94,960.0500,0.35
2025-05-02 13:05:00,963.35,964.25,962.15,963.65,219748,0.1103,-0.1849,-159.65,960.0500,0.37
2025-05-02 13:10:00,963.5,964,963.35,963.5,129670,0.1203,-0.1849,-165.06,960.0500,0.36
2025-05-02 13:15:00,963.5,964.9,963.45,964.75,211634,0.2058,-0.1849,-211.30,960.0500,0.49
2025-05-02 13:20:00,964.55,964.7,963.85,964.45,166406,0.2347,-0.1849,-226.93,960.0500,0.46
2025-05-02 13:25:00,964.35,965.4,963.95,965.25,246010,0.2962,-0.1849,-260.19,960.0500,0.54
2025-05-02 13:30:00,965.25,966.5,965,966.45,210320,0.3999,-0.1849,-316.28,960.0500,0.67
2025-05-02 13:35:00,966.4,967.45,966.2,967.25,131148,0.4981,-0.1849,-369.39,960.0500,0.75
2025-05-02 13:40:00,967.25,967.5,966.2,966.9,258548,0.5131,-0.1849,-377.50,960.0500,0.71
2025-05-02 13:45:00,966.9,967.5,965.95,967.45,180068,0.5316,-0.1849,-387.51,960.0500,0.77
2025-05-02 13:50:00,967.15,967.5,966.45,967.3,203414,0.5053,-0.1849,-373.28,960.0500,0.76
2025-05-02 13:55:00,967.3,967.5,966.3,966.65,184004,0.4194,-0.1849,-326.83,960.0500,0.69
2025-05-02 14:00:00,966.65,966.75,965.45,966.65,208128,0.3410,-0.1849,-284.42,960.0500,0.69
2025-05-02 14:05:00,966.65,967,965.7,965.95,193384,0.2260,-0.1849,-222.23,960.0500,0.61
2025-05-02 14:10:00,965.95,966.45,965,965.65,178624,0.1192,-0.1849,-164.47,960.0500,0.58
2025-05-02 14:15:00,965.65,966.35,965,965,159094,0.0004,-0.1849,-100.22,960.0500,0.52
2025-05-02 14:20:00,965,965.4,963,963.55,312364,-0.1707,-0.1849,-7.68,960.0500,0.36
2025-05-02 14:25:00,963.55,963.7,961.75,962,216714,-0.3715,-0.1849,100.92,960.0500,0.20
2025-05-02 14:30:00,962,962.3,960.85,960.95,249812,-0.5478,-0.1849,196.27,960.0500,0.09
2025-05-02 14:35:00,961,961.2,960,961,219350,-0.6280,-0.1849,239.64,960.0500,0.10
2025-05-02 14:40:00,961,962.25,960.8,962,216598,-0.5816,-0.1849,214.55,960.0500,0.20
2025-05-02 14:45:00,961.95,962.7,961.4,961.95,217494,-0.5241,-0.1849,183.45,960.0500,0.20
2025-05-02 14:50:00,962,963.85,961.95,963.85,265898,-0.3370,-0.1849,82.26,960.0500,0.40
2025-05-02 14:55:00,963.8,964.8,963.65,964.05,211330,-0.1861,-0.1849,0.65,960.0500,0.42
2025-05-02 15:00:00,964.05,964.95,961.95,962.25,735124,-0.1931,-0.1849,4.43,960.0500,0.23
2025-05-02 15:05:00,962.2,962.65,961.95,962,724014,-0.1993,-0.1849,7.79,960.0500,0.20
2025-05-02 15:10:00,962.05,963.65,961.35,963.5,669896,-0.0926,-0.1849,-49.92,960.0500,0.36
2025-05-02 15:15:00,963.45,963.8,961.4,962.05,724400,-0.1087,-0.1849,-41.21,960.0500,0.21
2025-05-02 15:20:00,962.05,963,962,962.25,701140,-0.0955,-0.1849,-48.35,960.0500,0.23
2025-05-02 15:25:00,962.35,962.55,961.1,961.75,496434,-0.1089,-0.1849,-41.10,960.0500,0.18
2025-05-05 09:15:00,967.5,971.35,967.15,969.6,1280902,0.3947,-0.1089,-462.44,961.7500,0.82
2025-05-05 09:20:00,969.6,971.05,969.1,970.5,450684,0.7516,-0.1089,-790.17,961.7500,0.91
2025-05-05 09:25:00,970.6,972,969.55,970.85,281814,0.9610,-0.1089,-982.46,961.7500,0.95
2025-05-05 09:30:00,970.85,972,969.5,969.9,209908,0.9818,-0.1089,-1001.56,961.7500,0.85
2025-05-05 09:35:00,970,971.25,969.1,969.75,239480,0.9321,-0.1089,-955.92,961.7500,0.83
2025-05-05 09:40:00,969.85,971.25,969.65,970.35,274794,0.8866,-0.1089,-914.14,961.7500,0.89
2025-05-05 09:45:00,970.35,971.2,969.75,969.95,106796,0.7803,-0.1089,-816.53,961.7500,0.85
2025-05-05 09:50:00,969.95,972.5,969.75,972.4,272460,0.8215,-0.1089,-854.36,961.7500,1.11
2025-05-05 09:55:00,972.5,973.4,972.1,973.35,381308,0.8555,-0.1089,-885.58,961.7500,1.21
2025-05-05 10:00:00,973.35,974.45,973,973.95,222714,0.8588,-0.1089,-888.61,961.7500,1.27
2025-05-05 10:05:00,973.95,974.9,972.75,974.5,244552,0.8376,-0.1089,-869.15,961.7500,1.33
2025-05-05 10:10:00,974.3,974.95,974,974.4,212066,0.7587,-0.1089,-796.69,961.7500,1.32
2025-05-05 10:15:00,974.2,976,974.1,974.8,650396,0.6780,-0.1089,-722.59,961.7500,1.36
2025-05-05 10:20:00,974.75,975.5,973.6,973.8,117888,0.5095,-0.1089,-567.86,961.7500,1.25
2025-05-05 10:25:00,973.8,974.75,973.75,973.8,98948,0.3575,-0.1089,-428.28,961.7500,1.25
2025-05-05 10:30:00,973.85,975.5,973.85,975,156900,0.2996,-0.1089,-375.11,961.7500,1.38
2025-05-05 10:35:00,974.75,975.45,974.3,974.3,109878,0.1816,-0.1089,-266.76,961.7500,1.30
2025-05-05 10:40:00,974.35,975,974.15,974.65,67480,0.0989,-0.1089,-190.82,961.7500,1.34
2025-05-05 10:45:00,974.7,975,973.6,973.65,73092,-0.0438,-0.1089,-59.78,961.7500,1.24
2025-05-05 10:50:00,973.75,973.85,971.55,971.65,123422,-0.2803,-0.1089,157.39,961.7500,1.03
2025-05-05 10:55:00,971.65,972.5,969.9,970,885226,-0.5403,-0.1089,396.14,961.7500,0.86
2025-05-05 11:00:00,970,971.3,969.5,969.5,237014,-0.7267,-0.1089,567.31,961.7500,0.81
2025-05-05 11:05:00,969.7,970.45,968.9,969.4,191768,-0.8300,-0.1089,662.17,961.7500,0.80
2025-05-05 11:10:00,969.75,970.45,969.3,970,181758,-0.8293,-0.1089,661.52,961.7500,0.86
2025-05-05 11:15:00,970.25,970.5,969.1,969.5,83232,-0.8318,-0.1089,663.82,961.7500,0.81
2025-05-05 11:20:00,969.65,971.25,969.5,971.1,121906,-0.7001,-0.1089,542.88,961.7500,0.97
2025-05-05 11:25:00,971.15,971.45,970.05,970.45,96038,-0.6334,-0.1089,481.63,961.7500,0.90
2025-05-05 11:30:00,970.45,971,970.35,970.65,69748,-0.5550,-0.1089,409.64,961.7500,0.93
2025-05-05 11:35:00,970.65,971,970.15,971,70296,-0.4628,-0.1089,324.98,961.7500,0.96
2025-05-05 11:40:00,971,971,969.6,970.8,238920,-0.4006,-0.1089,267.86,961.7500,0.94
2025-05-05 11:45:00,970.8,970.9,969.5,969.6,155736,-0.4235,-0.1089,288.89,961.7500,0.82
2025-05-05 11:50:00,969.6,970.2,968.95,970.15,197004,-0.3859,-0.1089,254.36,961.7500,0.87
2025-05-05 11:55:00,970.15,970.5,969,970.25,129334,-0.3401,-0.1089,212.30,961.7500,0.88
2025-05-05 12:00:00,970.25,970.5,969.3,969.8,88154,-0.3259,-0.1089,199.27,961.7500,0.84
2025-05-05 12:05:00,969.8,970,969.15,969.8,94506,-0.3029,-0.1089,178.15,961.7500,0.84
2025-05-05 12:10:00,969.8,969.95,968.75,969.45,146760,-0.2971,-0.1089,172.82,961.7500,0.80
2025-05-05 12:15:00,969.4,969.45,968.1,968.1,110874,-0.3656,-0.1089,235.72,961.7500,0.66
2025-05-05 12:20:00,968.1,968.95,968.1,968.1,101390,-0.3901,-0.1089,258.22,961.7500,0.66
2025-05-05 12:25:00,968.3,968.95,968.05,968.75,109284,-0.3433,-0.1089,215.24,961.7500,0.73
2025-05-05 12:30:00,968.75,969,967.3,967.55,203636,-0.3717,-0.1089,241.32,961.7500,0.60
2025-05-05 12:35:00,967.9,968.1,966.15,967.25,166996,-0.3872,-0.1089,255.56,961.7500,0.57
2025-05-05 12:40:00,967.4,968.6,967.15,968.1,163410,-0.3198,-0.1089,193.66,961.7500,0.66
2025-05-05 12:45:00,968.4,968.9,967.55,968.9,85834,-0.2063,-0.1089,89.44,961.7500,0.74
2025-05-05 12:50:00,968.7,969.35,968.35,968.95,91166,-0.1172,-0.1089,7.62,961.7500,0.75
2025-05-05 12:55:00,968.95,969,967.55,968.3,107044,-0.0926,-0.1089,-14.97,961.7500,0.68
2025-05-05 13:00:00,968.3,968.85,967.75,968.8,94918,-0.0360,-0.1089,-66.94,961.7500,0.73
2025-05-05 13:05:00,968.8,968.95,967.85,968.4,96184,-0.0197,-0.1089,-81.91,961.7500,0.69
2025-05-05 13:10:00,968.4,968.45,967.5,967.8,90598,-0.0423,-0.1089,-61.16,961.7500,0.63
2025-05-05 13:15:00,967.5,968.45,967.45,967.85,103988,-0.0464,-0.1089,-57.39,961.7500,0.63
2025-05-05 13:20:00,967.95,969.65,967.5,968.95,119472,0.0283,-0.1089,-125.99,961.7500,0.75
2025-05-05 13:25:00,969,969,968.45,968.8,86458,0.0687,-0.1089,-163.09,961.7500,0.73
2025-05-05 13:30:00,968.95,969.95,968.8,969.5,96418,0.1396,-0.1089,-228.19,961.7500,0.81
2025-05-05 13:35:00,969.5,969.65,968.5,968.6,104044,0.1234,-0.1089,-213.31,961.7500,0.71
2025-05-05 13:40:00,968.8,969.7,968.8,969.35,83518,0.1586,-0.1089,-245.64,961.7500,0.79
2025-05-05 13:45:00,969.45,970,969.25,969.7,113290,0.1981,-0.1089,-281.91,961.7500,0.83
2025-05-05 13:50:00,969.75,970.45,969.5,970.3,100204,0.2539,-0.1089,-333.15,961.7500,0.89
2025-05-05 13:55:00,970.4,970.95,970.25,970.35,100966,0.2812,-0.1089,-358.22,961.7500,0.89
2025-05-05 14:00:00,970.65,970.75,969.55,970,108686,0.2631,-0.1089,-341.60,961.7500,0.86
2025-05-05 14:05:00,970,971.45,969.75,970.95,107614,0.2999,-0.1089,-375.39,961.7500,0.96
2025-05-05 14:10:00,970.95,972,970.65,971,104046,0.3109,-0.1089,-385.49,961.7500,0.96
2025-05-05 14:15:00,970.95,971.3,969.8,969.95,122882,0.2344,-0.1089,-315.24,961.7500,0.85
2025-05-05 14:20:00,969.85,970.6,969.5,970.3,105210,0.1958,-0.1089,-279.80,961.7500,0.89
2025-05-05 14:25:00,970.3,971.5,970,970.65,109650,0.1825,-0.1089,-267.58,961.7500,0.93
2025-05-05 14:30:00,970.75,972,970.75,971.85,108630,0.2397,-0.1089,-320.11,961.7500,1.05
2025-05-05 14:35:00,971.85,972.35,970.8,971.3,154806,0.2258,-0.1089,-307.35,961.7500,0.99
2025-05-05 14:40:00,971.45,972,970.95,971.2,160846,0.1962,-0.1089,-280.17,961.7500,0.98
2025-05-05 14:45:00,971.3,971.9,970.3,970.85,128448,0.1420,-0.1089,-230.39,961.7500,0.95
2025-05-05 14:50:00,971,971,969.45,969.85,145048,0.0334,-0.1089,-130.67,961.7500,0.84
2025-05-05 14:55:00,969.9,970.4,968.6,968.65,235160,-0.1164,-0.1089,6.89,961.7500,0.72
2025-05-05 15:00:00,968.8,969.6,967.4,968.3,498062,-0.2298,-0.1089,111.02,961.7500,0.68
2025-05-05 15:05:00,968.35,968.65,967.3,967.95,349130,-0.3138,-0.1089,188.15,961.7500,0.64
2025-05-05 15:10:00,967.95,968.55,967.35,968.2,419398,-0.3360,-0.1089,208.54,961.7500,0.67
2025-05-05 15:15:00,968.2,969.7,967.75,969.2,346150,-0.2696,-0.1089,147.57,961.7500,0.77
2025-05-05 15:20:00,969.4,969.5,968.25,969.05,340144,-0.2240,-0.1089,105.69,961.7500,0.76
2025-05-05 15:25:00,969.4,970,967.75,967.9,271790,-0.2572,-0.1089,136.18,961.7500,0.64
2025-05-06 09:15:00,964.95,970.05,964.5,966.7,838300,-0.3405,-0.2572,32.39,967.9000,-0.12
2025-05-06 09:20:00,966.7,967.8,965.8,966,244574,-0.4183,-0.2572,62.64,967.9000,-0.20
2025-05-06 09:25:00,966,966.9,964.25,964.3,213272,-0.5513,-0.2572,114.35,967.9000,-0.37
2025-05-06 09:30:00,964.45,965,963.85,964.5,197676,-0.5895,-0.2572,129.20,967.9000,-0.35
2025-05-06 09:35:00,964.25,964.75,963.15,964.7,155244,-0.5649,-0.2572,119.63,967.9000,-0.33
2025-05-06 09:40:00,964.5,965,963.65,964.15,180578,-0.5489,-0.2572,113.41,967.9000,-0.39
2025-05-06 09:45:00,964.15,965.4,963.25,965.15,137408,-0.4388,-0.2572,70.61,967.9000,-0.28
2025-05-06 09:50:00,965.15,966.5,965.05,966.25,150274,-0.2682,-0.2572,4.28,967.9000,-0.17
2025-05-06 09:55:00,966.2,967.4,966.15,966.55,125772,-0.1191,-0.2572,-53.69,967.9000,-0.14
2025-05-06 10:00:00,966.4,966.95,964.75,965.4,135632,-0.0835,-0.2572,-67.53,967.9000,-0.26
2025-05-06 10:05:00,965.4,966,964.75,965.55,104506,-0.0377,-0.2572,-85.34,967.9000,-0.24
2025-05-06 10:10:00,965.1,965.55,964.3,964.35,100318,-0.0741,-0.2572,-71.19,967.9000,-0.37
2025-05-06 10:15:00,964.3,964.75,963.5,964.1,132238,-0.0993,-0.2572,-61.39,967.9000,-0.39
2025-05-06 10:20:00,964.1,965,964,964.55,156010,-0.0711,-0.2572,-72.36,967.9000,-0.35
2025-05-06 10:25:00,964.55,965.35,964.1,965.25,103592,0.0050,-0.2572,-101.94,967.9000,-0.27
2025-05-06 10:30:00,965.25,965.8,964.15,964.2,112134,-0.0045,-0.2572,-98.25,967.9000,-0.38
2025-05-06 10:35:00,964.2,964.8,963.45,963.75,146834,-0.0287,-0.2572,-88.84,967.9000,-0.43
2025-05-06 10:40:00,963.65,964.1,962.75,963.15,168326,-0.0706,-0.2572,-72.55,967.9000,-0.49
2025-05-06 10:45:00,963.25,963.6,962.15,963,159034,-0.0923,-0.2572,-64.11,967.9000,-0.51
2025-05-06 10:50:00,962.95,963.8,962.7,962.95,131156,-0.0938,-0.2572,-63.53,967.9000,-0.51
2025-05-06 10:55:00,963.1,964.4,963,963.85,146112,-0.0215,-0.2572,-91.64,967.9000,-0.42
2025-05-06 11:00:00,963.85,964.4,963.4,964,161656,0.0452,-0.2572,-117.57,967.9000,-0.40
2025-05-06 11:05:00,964,964.95,963.25,964.75,296654,0.1433,-0.2572,-155.72,967.9000,-0.33
2025-05-06 11:10:00,964.75,965.8,964.2,965.3,115958,0.2427,-0.2572,-194.36,967.9000,-0.27
2025-05-06 11:15:00,965.3,965.9,964.45,965.55,95160,0.3181,-0.2572,-223.68,967.9000,-0.24
2025-05-06 11:20:00,965.55,966.7,965.15,966.4,146100,0.4120,-0.2572,-260.19,967.9000,-0.15
2025-05-06 11:25:00,966.25,967.5,966.1,967.2,157938,0.5085,-0.2572,-297.71,967.9000,-0.07
2025-05-06 11:30:00,967.25,968,966.3,966.7,138002,0.5174,-0.2572,-301.17,967.9000,-0.12
2025-05-06 11:35:00,966.7,967,965.45,965.55,128324,0.4283,-0.2572,-266.52,967.9000,-0.24
2025-05-06 11:40:00,965.65,967.15,965.45,966.65,132150,0.4251,-0.2572,-265.28,967.9000,-0.13
2025-05-06 11:45:00,966.7,967.1,965.5,966.3,93070,0.3823,-0.2572,-248.64,967.9000,-0.17
2025-05-06 11:50:00,966.4,966.9,965.4,965.55,1101246,0.2906,-0.2572,-212.99,967.9000,-0.24
2025-05-06 11:55:00,965.75,966.15,964.7,964.7,100170,0.1660,-0.2572,-164.54,967.9000,-0.33
2025-05-06 12:00:00,964.7,966.2,964.6,965.55,135540,0.1354,-0.2572,-152.64,967.9000,-0.24
2025-05-06 12:05:00,965.7,966.25,964.9,965.7,94624,0.1204,-0.2572,-146.81,967.9000,-0.23
2025-05-06 12:10:00,965.7,965.85,964.5,965.35,246184,0.0837,-0.2572,-132.54,967.9000,-0.26
2025-05-06 12:15:00,965.3,966,964.65,965.35,321492,0.0575,-0.2572,-122.36,967.9000,-0.26
2025-05-06 12:20:00,965.35,966,964.95,965.55,745952,0.0519,-0.2572,-120.18,967.9000,-0.24
2025-05-06 12:25:00,965.55,966.3,964.95,966.15,207344,0.0849,-0.2572,-133.01,967.9000,-0.18
2025-05-06 12:30:00,966.15,966.7,965.55,965.9,104092,0.0860,-0.2572,-133.44,967.9000,-0.21
2025-05-06 12:35:00,965.95,966.25,965.4,965.85,136298,0.0795,-0.2572,-130.91,967.9000,-0.21
2025-05-06 12:40:00,965.85,966.1,965.3,965.8,133790,0.0684,-0.2572,-126.59,967.9000,-0.22
2025-05-06 12:45:00,965.45,965.95,964.8,965.65,119000,0.0486,-0.2572,-118.90,967.9000,-0.23
2025-05-06 12:50:00,965.65,965.8,964.8,965.25,120574,0.0081,-0.2572,-103.15,967.9000,-0.27
2025-05-06 12:55:00,965.25,965.5,964.85,965.45,114912,-0.0048,-0.2572,-98.13,967.9000,-0.25
2025-05-06 13:00:00,965.4,966.95,964.95,966.75,120196,0.0705,-0.2572,-127.41,967.9000,-0.12
2025-05-06 13:05:00,966.75,966.95,965.55,966.65,180520,0.1075,-0.2572,-141.80,967.9000,-0.13
2025-05-06 13:10:00,966.25,966.85,965.45,966.6,108228,0.1216,-0.2572,-147.28,967.9000,-0.13
2025-05-06 13:15:00,966.2,967,965.65,966.75,118322,0.1330,-0.2572,-151.71,967.9000,-0.12
2025-05-06 13:20:00,966.55,966.95,965.95,966.45,111394,0.1132,-0.2572,-144.01,967.9000,-0.15
2025-05-06 13:25:00,966.45,967.35,966,967,134452,0.1288,-0.2572,-150.08,967.9000,-0.09
2025-05-06 13:30:00,967,967.35,966.35,967.15,104154,0.1399,-0.2572,-154.39,967.9000,-0.08
2025-05-06 13:35:00,966.85,967.35,966.35,966.7,101054,0.1091,-0.2572,-142.42,967.9000,-0.12
2025-05-06 13:40:00,966.55,967,966.35,966.9,110452,0.0948,-0.2572,-136.86,967.9000,-0.10
2025-05-06 13:45:00,966.65,967.4,966.4,967.2,123468,0.0979,-0.2572,-138.06,967.9000,-0.07
2025-05-06 13:50:00,967,967.75,966.55,967.1,173444,0.0858,-0.2572,-133.36,967.9000,-0.08
2025-05-06 13:55:00,967.05,967.45,966.45,966.95,110868,0.0615,-0.2572,-123.91,967.9000,-0.10
2025-05-06 14:00:00,966.95,967.3,966.5,966.75,114624,0.0275,-0.2572,-110.69,967.9000,-0.12
2025-05-06 14:05:00,966.5,967.2,966.15,966.65,152262,-0.0044,-0.2572,-98.29,967.9000,-0.13
2025-05-06 14:10:00,966.6,967.2,966.5,967.15,134556,0.0049,-0.2572,-101.91,967.9000,-0.08
2025-05-06 14:15:00,966.95,967.25,966.3,966.95,166178,-0.0052,-0.2572,-97.98,967.9000,-0.10
2025-05-06 14:20:00,966.55,967.35,966.35,966.95,151518,-0.0140,-0.2572,-94.56,967.9000,-0.10
2025-05-06 14:25:00,966.7,967.95,966.5,967.15,262148,-0.0089,-0.2572,-96.54,967.9000,-0.08
2025-05-06 14:30:00,967.2,969.5,967.15,968.25,365440,0.0622,-0.2572,-124.18,967.9000,0.04
2025-05-06 14:35:00,968.3,968.75,967.05,968.05,372058,0.0879,-0.2572,-134.18,967.9000,0.02
2025-05-06 14:40:00,968,968.4,967,967.1,340496,0.0356,-0.2572,-113.84,967.9000,-0.08
2025-05-06 14:45:00,967.05,967.5,966.35,966.55,403932,-0.0374,-0.2572,-85.46,967.9000,-0.14
2025-05-06 14:50:00,966.55,967,966.15,966.65,359970,-0.0779,-0.2572,-69.71,967.9000,-0.13
2025-05-06 14:55:00,966.65,966.95,965.5,966.05,492748,-0.1404,-0.2572,-45.41,967.9000,-0.19
2025-05-06 15:00:00,965.8,966.5,965.05,965.55,802726,-0.2067,-0.2572,-19.63,967.9000,-0.24
2025-05-06 15:05:00,965.55,967.6,965.5,966.2,681900,-0.1982,-0.2572,-22.94,967.9000,-0.18
2025-05-06 15:10:00,966.2,966.5,966.05,966.2,421110,-0.1841,-0.2572,-28.42,967.9000,-0.18
2025-05-06 15:15:00,966.25,966.35,964.7,965.15,482614,-0.2339,-0.2572,-9.06,967.9000,-0.28
2025-05-06 15:20:00,965.15,966,965.15,965.7,468840,-0.2185,-0.2572,-15.05,967.9000,-0.23
2025-05-06 15:25:00,965.65,966.25,964.3,964.3,397624,-0.2870,-0.2572,11.59,967.9000,-0.37
2025-05-07 09:15:00,966.5,972,961.2,971.05,1875548,0.1163,-0.2870,-140.52,964.3000,0.70
2025-05-07 09:20:00,971.05,972,969.05,971,581538,0.3599,-0.2870,-225.40,964.3000,0.69
2025-05-07 09:25:00,970.7,971.95,970.05,971.1,417742,0.4995,-0.2870,-274.04,964.3000,0.71
2025-05-07 09:30:00,971.05,971.75,969.1,970.4,185962,0.5143,-0.2870,-279.20,964.3000,0.63
2025-05-07 09:35:00,970.35,970.4,968.4,968.95,165194,0.4011,-0.2870,-239.76,964.3000,0.48
2025-05-07 09:40:00,969,971,968.7,970.3,234016,0.3913,-0.2870,-236.34,964.3000,0.62
2025-05-07 09:45:00,970.3,970.75,969,969.2,211694,0.2897,-0.2870,-200.94,964.3000,0.51
2025-05-07 09:50:00,969.25,969.35,968.2,968.7,185712,0.1735,-0.2870,-160.45,964.3000,0.46
2025-05-07 09:55:00,968.75,970,968.3,968.75,202114,0.0889,-0.2870,-130.98,964.3000,0.46
2025-05-07 10:00:00,968.75,969,967.1,967.5,205756,-0.0546,-0.2870,-80.98,964.3000,0.33
2025-05-07 10:05:00,967.5,967.55,965.8,966.05,180182,-0.2402,-0.2870,-16.31,964.3000,0.18
2025-05-07 10:10:00,966.05,967.5,965.55,967.3,111004,-0.2695,-0.2870,-6.10,964.3000,0.31
2025-05-07 10:15:00,967.1,967.75,966.3,966.5,113420,-0.3295,-0.2870,14.81,964.3000,0.23
2025-05-07 10:20:00,966.3,967.5,966,966.5,138658,-0.3539,-0.2870,23.31,964.3000,0.23
2025-05-07 10:25:00,966.6,967.65,965.8,965.9,151298,-0.3922,-0.2870,36.66,964.3000,0.17
2025-05-07 10:30:00,965.95,966.7,965.5,966.6,81654,-0.3532,-0.2870,23.07,964.3000,0.24
2025-05-07 10:35:00,966.55,966.65,965.95,966,76262,-0.3501,-0.2870,21.99,964.3000,0.18
2025-05-07 10:40:00,965.9,966.45,965.5,966.3,80548,-0.3113,-0.2870,8.47,964.3000,0.21
2025-05-07 10:45:00,966.3,967,966.25,966.45,69434,-0.2611,-0.2870,-9.02,964.3000,0.22
2025-05-07 10:50:00,966.5,967,965.55,966.25,90264,-0.2282,-0.2870,-20.49,964.3000,0.20
2025-05-07 10:55:00,966.3,966.9,965.55,966.3,275262,-0.1912,-0.2870,-33.38,964.3000,0.21
2025-05-07 11:00:00,966.45,967.3,966.25,966.7,59332,-0.1310,-0.2870,-54.36,964.3000,0.25
2025-05-07 11:05:00,966.7,966.75,966.25,966.25,45078,-0.1132,-0.2870,-60.56,964.3000,0.20
2025-05-07 11:10:00,966.3,966.5,966.25,966.35,54266,-0.0877,-0.2870,-69.44,964.3000,0.21
2025-05-07 11:15:00,966.35,966.95,966,966.45,106626,-0.0584,-0.2870,-79.65,964.3000,0.22
2025-05-07 11:20:00,966.45,967.2,966.4,967,52844,0.0006,-0.2870,-100.21,964.3000,0.28
2025-05-07 11:25:00,966.95,967.5,966.6,966.9,92978,0.0336,-0.2870,-111.71,964.3000,0.27
2025-05-07 11:30:00,966.9,968,966.85,967.5,134142,0.0932,-0.2870,-132.47,964.3000,0.33
2025-05-07 11:35:00,967.5,968,966.85,967.25,111772,0.1118,-0.2870,-138.95,964.3000,0.31
2025-05-07 11:40:00,967.2,967.35,967,967.05,43966,0.1068,-0.2870,-137.21,964.3000,0.29
2025-05-07 11:45:00,967.05,967.15,966.7,967,84376,0.0965,-0.2870,-133.62,964.3000,0.28
2025-05-07 11:50:00,966.9,967,966.15,966.3,97470,0.0417,-0.2870,-114.53,964.3000,0.21
2025-05-07 11:55:00,966.35,966.7,966.1,966.3,54696,0.0065,-0.2870,-102.26,964.3000,0.21
2025-05-07 12:00:00,966.35,966.55,966.2,966.45,45744,-0.0049,-0.2870,-98.29,964.3000,0.22
2025-05-07 12:05:00,966.45,966.6,966.1,966.25,64168,-0.0233,-0.2870,-91.88,964.3000,0.20
2025-05-07 12:10:00,966.5,966.65,966.2,966.45,60540,-0.0195,-0.2870,-93.21,964.3000,0.22
2025-05-07 12:15:00,966.4,967.4,965.75,966.35,112082,-0.0210,-0.2870,-92.68,964.3000,0.21
2025-05-07 12:20:00,966.35,966.9,965.85,966.4,114138,-0.0162,-0.2870,-94.36,964.3000,0.22
2025-05-07 12:25:00,966.45,966.8,966.05,966.7,35124,0.0084,-0.2870,-102.93,964.3000,0.25
2025-05-07 12:30:00,966.75,966.85,966,966.3,65072,-0.0007,-0.2870,-99.76,964.3000,0.21
2025-05-07 12:35:00,966.25,966.95,966.1,966.5,96672,0.0079,-0.2870,-102.75,964.3000,0.23
2025-05-07 12:40:00,966.5,967.15,966,966.4,65822,0.0079,-0.2870,-102.75,964.3000,0.22
2025-05-07 12:45:00,966.5,966.55,966.35,966.45,35642,0.0122,-0.2870,-104.25,964.3000,0.22
2025-05-07 12:50:00,966.45,966.55,966.1,966.3,97468,0.0061,-0.2870,-102.13,964.3000,0.21
2025-05-07 12:55:00,966.35,966.5,966,966.45,56154,0.0130,-0.2870,-104.53,964.3000,0.22
2025-05-07 13:00:00,966.45,966.55,966.2,966.4,80276,0.0148,-0.2870,-105.16,964.3000,0.22
2025-05-07 13:05:00,966.45,966.55,966.3,966.45,36108,0.0197,-0.2870,-106.86,964.3000,0.22
2025-05-07 13:10:00,966.5,966.5,966.05,966.25,70890,0.0103,-0.2870,-103.59,964.3000,0.20
2025-05-07 13:15:00,966.25,966.5,966.25,966.45,46002,0.0179,-0.2870,-106.24,964.3000,0.22
2025-05-07 13:20:00,966.45,966.75,966.3,966.45,108844,0.0230,-0.2870,-108.01,964.3000,0.22
2025-05-07 13:25:00,966.45,966.75,966.45,966.5,118040,0.0294,-0.2870,-110.24,964.3000,0.23
2025-05-07 13:30:00,966.5,966.55,966.05,966.35,116246,0.0234,-0.2870,-108.15,964.3000,0.21
2025-05-07 13:35:00,966.5,967,966.1,966.95,51472,0.0577,-0.2870,-120.10,964.3000,0.27
2025-05-07 13:40:00,966.95,968,966.9,967.95,113840,0.1410,-0.2870,-149.13,964.3000,0.38
2025-05-07 13:45:00,968,969.1,967.8,968.5,190400,0.2216,-0.2870,-177.21,964.3000,0.44
2025-05-07 13:50:00,968.65,968.75,968,968.5,144604,0.2605,-0.2870,-190.77,964.3000,0.44
2025-05-07 13:55:00,968.35,969.1,968.35,968.9,167664,0.2964,-0.2870,-203.28,964.3000,0.48
2025-05-07 14:00:00,968.9,969.9,968.5,969.4,169880,0.3340,-0.2870,-216.38,964.3000,0.53
2025-05-07 14:05:00,969.35,970,969.3,969.95,217476,0.3733,-0.2870,-230.07,964.3000,0.59
2025-05-07 14:10:00,969.95,970.5,969.45,969.9,303568,0.3724,-0.2870,-229.76,964.3000,0.58
2025-05-07 14:15:00,969.8,970.2,969.45,969.75,182482,0.3391,-0.2870,-218.15,964.3000,0.57
2025-05-07 14:20:00,969.65,970,968.75,969.15,215922,0.2578,-0.2870,-189.83,964.3000,0.50
2025-05-07 14:25:00,969,969.9,968.6,969.5,287960,0.2107,-0.2870,-173.41,964.3000,0.54
2025-05-07 14:30:00,969.5,970,969,969.85,240100,0.1870,-0.2870,-165.16,964.3000,0.58
2025-05-07 14:35:00,969.8,970,969.3,969.55,309934,0.1373,-0.2870,-147.84,964.3000,0.54
2025-05-07 14:40:00,969.55,970,969.15,969.65,241158,0.0992,-0.2870,-134.56,964.3000,0.55
2025-05-07 14:45:00,969.6,969.8,968.85,968.85,254774,0.0126,-0.2870,-104.39,964.3000,0.47
2025-05-07 14:50:00,968.85,969,968.05,968.25,398912,-0.0871,-0.2870,-69.65,964.3000,0.41
2025-05-07 14:55:00,968.3,969.7,968.25,968.7,463856,-0.1225,-0.2870,-57.32,964.3000,0.46
2025-05-07 15:00:00,968.7,972.05,968.25,972,1430418,0.0663,-0.2870,-123.10,964.3000,0.80
2025-05-07 15:05:00,972.05,974.35,972.05,973.1,2046952,0.2453,-0.2870,-185.47,964.3000,0.91
2025-05-07 15:10:00,973.1,973.75,972.7,973.6,1276312,0.3698,-0.2870,-228.85,964.3000,0.96
2025-05-07 15:15:00,973.6,974.2,972.7,972.9,1649926,0.3763,-0.2870,-231.11,964.3000,0.89
2025-05-07 15:20:00,972.8,973.15,971.75,972,1072724,0.2948,-0.2870,-202.72,964.3000,0.80
2025-05-07 15:25:00,971.95,973,971.5,972.5,648068,0.2511,-0.2870,-187.49,964.3000,0.85
2025-05-08 09:15:00,976.65,976.8,968.45,969,1442910,-0.0224,0.2511,-108.92,972.5000,-0.36
2025-05-08 09:20:00,968.95,969.25,965.6,966.35,477538,-0.3713,0.2511,-247.87,972.5000,-0.63
2025-05-08 09:25:00,966.2,966.95,965.1,965.7,269512,-0.6208,0.2511,-347.23,972.5000,-0.70
2025-05-08 09:30:00,965.75,965.75,963.1,963.3,260838,-0.9051,0.2511,-460.45,972.5000,-0.95
2025-05-08 09:35:00,963.3,964.95,962.5,964.75,199248,-0.9486,0.2511,-477.78,972.5000,-0.80
2025-05-08 09:40:00,964.7,964.8,963.1,964.2,152380,-0.9643,0.2511,-484.03,972.5000,-0.85
2025-05-08 09:45:00,964.2,964.95,963.8,964.55,115954,-0.9021,0.2511,-459.26,972.5000,-0.82
2025-05-08 09:50:00,964.6,964.65,962.55,962.75,197602,-0.9296,0.2511,-470.21,972.5000,-1.00
2025-05-08 09:55:00,962.75,964,962.5,963.7,110078,-0.8341,0.2511,-432.18,972.5000,-0.90
2025-05-08 10:00:00,963.7,963.8,961.55,962.1,163328,-0.8275,0.2511,-429.55,972.5000,-1.07
2025-05-08 10:05:00,962.1,962.95,961.9,962.65,103192,-0.7378,0.2511,-393.83,972.5000,-1.01
2025-05-08 10:10:00,962.65,964.9,962.5,964.5,142864,-0.5161,0.2511,-305.54,972.5000,-0.82
2025-05-08 10:15:00,964.55,964.95,964.25,964.55,86308,-0.3370,0.2511,-234.21,972.5000,-0.82
2025-05-08 10:20:00,964.55,966.05,964.2,965.6,146664,-0.1293,0.2511,-151.49,972.5000,-0.71
2025-05-08 10:25:00,965.6,966.4,965.2,966,116586,0.0441,0.2511,-82.44,972.5000,-0.67
2025-05-08 10:30:00,966.2,966.25,965.7,965.9,58162,0.1550,0.2511,-38.27,972.5000,-0.68
2025-05-08 10:35:00,965.95,967,965.65,966.85,92524,0.2876,0.2511,14.54,972.5000,-0.58
2025-05-08 10:40:00,966.8,968.55,966.6,968.05,153126,0.4421,0.2511,76.07,972.5000,-0.46
2025-05-08 10:45:00,968.05,968.7,968,968,72114,0.5214,0.2511,107.65,972.5000,-0.46
2025-05-08 10:50:00,968,968.45,966.85,967.45,105852,0.5164,0.2511,105.66,972.5000,-0.52
2025-05-08 10:55:00,967.5,967.95,967.25,967.45,65038,0.4927,0.2511,96.22,972.5000,-0.52
2025-05-08 11:00:00,967.35,967.8,966.65,967.15,83094,0.4382,0.2511,74.51,972.5000,-0.55
2025-05-08 11:05:00,967.15,968.2,966.95,968.15,92520,0.4493,0.2511,78.93,972.5000,-0.45
2025-05-08 11:10:00,968,968.25,967.2,967.95,91092,0.4233,0.2511,68.58,972.5000,-0.47
2025-05-08 11:15:00,967.85,968.2,967.35,967.4,70892,0.3521,0.2511,40.22,972.5000,-0.52
2025-05-08 11:20:00,967.45,967.85,966.3,966.5,109080,0.2332,0.2511,-7.13,972.5000,-0.62
2025-05-08 11:25:00,966.5,967.05,966.05,966.4,136054,0.1412,0.2511,-43.77,972.5000,-0.63
2025-05-08 11:30:00,966.4,967.4,966.4,967.35,85622,0.1374,0.2511,-45.28,972.5000,-0.53
2025-05-08 11:35:00,967.3,968.25,967.3,967.9,86206,0.1634,0.2511,-34.93,972.5000,-0.47
2025-05-08 11:40:00,967.9,968.15,967.85,967.95,70958,0.1744,0.2511,-30.55,972.5000,-0.47
2025-05-08 11:45:00,967.9,967.95,967.35,967.4,111528,0.1367,0.2511,-45.56,972.5000,-0.52
2025-05-08 11:50:00,967.4,967.4,966.95,967.25,136510,0.0956,0.2511,-61.93,972.5000,-0.54
2025-05-08 11:55:00,967.25,967.95,966.95,967.85,149046,0.1023,0.2511,-59.26,972.5000,-0.48
2025-05-08 12:00:00,967.95,968,966.85,967.25,231992,0.0618,0.2511,-75.39,972.5000,-0.54
2025-05-08 12:05:00,967.25,967.5,965.8,967.2,330046,0.0287,0.2511,-88.57,972.5000,-0.54
2025-05-08 12:10:00,967.2,967.8,966.75,967.8,178490,0.0434,0.2511,-82.72,972.5000,-0.48
2025-05-08 12:15:00,967.75,968,966.95,967,218034,-0.0021,0.2511,-100.84,972.5000,-0.57
2025-05-08 12:20:00,966.95,967.95,966.9,967.2,172402,-0.0191,0.2511,-107.61,972.5000,-0.54
2025-05-08 12:25:00,967.15,968,967.05,967.8,265802,0.0081,0.2511,-96.77,972.5000,-0.48
2025-05-08 12:30:00,967.65,968.05,967.65,967.9,136876,0.0298,0.2511,-88.13,972.5000,-0.47
2025-05-08 12:35:00,967.85,968.6,967.65,968.4,247650,0.0722,0.2511,-71.25,972.5000,-0.42
2025-05-08 12:40:00,968.4,968.9,967.85,968.15,243864,0.0775,0.2511,-69.14,972.5000,-0.45
2025-05-08 12:45:00,968.25,968.9,967.95,968.55,484434,0.1005,0.2511,-59.98,972.5000,-0.41
2025-05-08 12:50:00,968.5,971.85,968.05,971.55,499748,0.2991,0.2511,19.12,972.5000,-0.10
2025-05-08 12:55:00,971.5,971.55,969.45,970.15,306584,0.3158,0.2511,25.77,972.5000,-0.24
2025-05-08 13:00:00,970.05,971.1,970,970.3,171076,0.3159,0.2511,25.81,972.5000,-0.23
2025-05-08 13:05:00,970.25,971.05,969.9,970.4,271342,0.3016,0.2511,20.11,972.5000,-0.22
2025-05-08 13:10:00,970.4,971.1,970.05,970.5,192102,0.2785,0.2511,10.91,972.5000,-0.21
2025-05-08 13:15:00,970.5,971.2,969.35,970,255358,0.2120,0.2511,-15.57,972.5000,-0.26
2025-05-08 13:20:00,970,970,968.3,968.35,166814,0.0479,0.2511,-80.92,972.5000,-0.43
2025-05-08 13:25:00,968.35,969.45,968.35,969,148232,-0.0220,0.2511,-108.76,972.5000,-0.36
2025-05-08 13:30:00,968.95,970.7,968.9,970.2,177822,0.0059,0.2511,-97.65,972.5000,-0.24
2025-05-08 13:35:00,970.1,970.15,968.5,969.35,128370,-0.0371,0.2511,-114.77,972.5000,-0.32
2025-05-08 13:40:00,969.4,969.45,968.15,968.75,189828,-0.1064,0.2511,-142.37,972.5000,-0.39
2025-05-08 13:45:00,968.65,969,967.5,968.8,395230,-0.1467,0.2511,-158.42,972.5000,-0.38
2025-05-08 13:50:00,968.8,969.35,968,968.45,220246,-0.1920,0.2511,-176.46,972.5000,-0.42
2025-05-08 13:55:00,968.4,968.55,967,967.15,216326,-0.2982,0.2511,-218.76,972.5000,-0.55
2025-05-08 14:00:00,967.15,968.6,967,968.05,1421226,-0.2959,0.2511,-217.84,972.5000,-0.46
2025-05-08 14:05:00,968,969.05,967.7,968.25,323954,-0.2698,0.2511,-207.45,972.5000,-0.44
2025-05-08 14:10:00,968.15,968.75,967.55,967.85,283414,-0.2677,0.2511,-206.61,972.5000,-0.48
2025-05-08 14:15:00,967.9,969.45,967.45,968.2,617770,-0.2324,0.2511,-192.55,972.5000,-0.44
2025-05-08 14:20:00,968.2,968.4,967.25,967.4,395232,-0.2510,0.2511,-199.96,972.5000,-0.52
2025-05-08 14:25:00,967.4,967.85,966.8,967.5,1415016,-0.2443,0.2511,-197.29,972.5000,-0.51
2025-05-08 14:30:00,967.5,968,966.85,966.85,319542,-0.2694,0.2511,-207.29,972.5000,-0.58
2025-05-08 14:35:00,966.85,967.65,966.65,967.25,461852,-0.2456,0.2511,-197.81,972.5000,-0.54
2025-05-08 14:40:00,967.25,967.55,966.75,967,320508,-0.2333,0.2511,-192.91,972.5000,-0.57
2025-05-08 14:45:00,967,967.3,966.05,966.45,392092,-0.2474,0.2511,-198.53,972.5000,-0.62
2025-05-08 14:50:00,966.5,967,963.8,963.95,1897972,-0.4012,0.2511,-259.78,972.5000,-0.88
2025-05-08 14:55:00,964,965.8,963,963.3,829020,-0.5156,0.2511,-305.34,972.5000,-0.95
2025-05-08 15:00:00,963.3,965.05,962.75,964.45,3157772,-0.4832,0.2511,-292.43,972.5000,-0.83
2025-05-08 15:05:00,964.45,967.3,964,966.7,2148620,-0.2891,0.2511,-215.13,972.5000,-0.60
2025-05-08 15:10:00,966.7,967.45,965.55,966.7,2613256,-0.1469,0.2511,-158.50,972.5000,-0.60
2025-05-08 15:15:00,966.7,966.75,961.45,961.75,2403102,-0.3602,0.2511,-243.45,972.5000,-1.11
2025-05-08 15:20:00,961.85,962.9,961.4,961.4,1334424,-0.4908,0.2511,-295.46,972.5000,-1.14
2025-05-08 15:25:00,961.45,962,959.55,960.75,1026836,-0.5806,0.2511,-331.22,972.5000,-1.21
2025-05-09 09:15:00,955.05,959.5,952,956.5,1002860,-0.8687,-0.5806,49.62,960.7500,-0.44
2025-05-09 09:20:00,956.6,957.5,953.65,954.95,237372,-1.0916,-0.5806,88.01,960.7500,-0.60
2025-05-09 09:25:00,954.95,955.8,951.75,952.3,359694,-1.3297,-0.5806,129.02,960.7500,-0.88
2025-05-09 09:30:00,952.35,952.5,948.1,948.95,435358,-1.6065,-0.5806,176.70,960.7500,-1.23
2025-05-09 09:35:00,948.9,951.5,948.75,951.15,292858,-1.5352,-0.5806,164.42,960.7500,-1.00
2025-05-09 09:40:00,951.15,952.1,949.5,949.9,255874,-1.4661,-0.5806,152.51,960.7500,-1.13
2025-05-09 09:45:00,950,950.4,949,949.9,196318,-1.3189,-0.5806,127.16,960.7500,-1.13
2025-05-09 09:50:00,949.9,952.75,949.35,951.3,178460,-1.0381,-0.5806,78.80,960.7500,-0.98
2025-05-09 09:55:00,951.3,951.75,948.55,948.9,216308,-0.9284,-0.5806,59.90,960.7500,-1.23
2025-05-09 10:00:00,948.85,949.4,948,948.45,204232,-0.8052,-0.5806,38.68,960.7500,-1.28
2025-05-09 10:05:00,948.45,949.9,947.5,949.1,194416,-0.6079,-0.5806,4.70,960.7500,-1.21
2025-05-09 10:10:00,949.15,950.65,948.05,950.65,123498,-0.3157,-0.5806,-45.63,960.7500,-1.05
2025-05-09 10:15:00,950.4,953,950.25,951.2,212776,-0.0425,-0.5806,-92.68,960.7500,-0.99
2025-05-09 10:20:00,951.25,952.5,950.05,952.2,124142,0.2334,-0.5806,-140.20,960.7500,-0.89
2025-05-09 10:25:00,952.2,952.9,951.35,951.5,109534,0.3874,-0.5806,-166.72,960.7500,-0.96
2025-05-09 10:30:00,951.5,952,950.05,950.35,105940,0.4274,-0.5806,-173.61,960.7500,-1.08
2025-05-09 10:35:00,950.05,951.9,949,949,214776,0.3801,-0.5806,-165.47,960.7500,-1.22
2025-05-09 10:40:00,949,949.95,947.9,947.95,206184,0.2988,-0.5806,-151.46,960.7500,-1.33
2025-05-09 10:45:00,947.95,948.5,947.75,947.75,137038,0.2541,-0.5806,-143.77,960.7500,-1.35
2025-05-09 10:50:00,947.75,947.85,945.45,945.6,202410,0.1096,-0.5806,-118.88,960.7500,-1.58
2025-05-09 10:55:00,945.6,946.7,945.3,946.45,174398,0.1013,-0.5806,-117.45,960.7500,-1.49
2025-05-09 11:00:00,946.5,946.9,945.5,946.5,130730,0.1275,-0.5806,-121.96,960.7500,-1.48
2025-05-09 11:05:00,946.5,947.3,946.3,946.35,116230,0.1610,-0.5806,-127.73,960.7500,-1.50
2025-05-09 11:10:00,946.3,948.25,946,947.7,141974,0.2926,-0.5806,-150.40,960.7500,-1.36
2025-05-09 11:15:00,947.65,948,946,946.05,125318,0.2867,-0.5806,-149.38,960.7500,-1.53
2025-05-09 11:20:00,946.05,946.55,945.4,945.75,93610,0.2804,-0.5806,-148.29,960.7500,-1.56
2025-05-09 11:25:00,945.75,950,945.75,949.8,199208,0.5512,-0.5806,-194.94,960.7500,-1.14
2025-05-09 11:30:00,949.8,951.45,949.05,949.55,199068,0.7058,-0.5806,-221.56,960.7500,-1.17
2025-05-09 11:35:00,949.5,949.7,947.6,947.65,189278,0.6725,-0.5806,-215.83,960.7500,-1.36
2025-05-09 11:40:00,947.65,948.4,946.35,946.35,164188,0.5599,-0.5806,-196.43,960.7500,-1.50
2025-05-09 11:45:00,946.5,946.5,945.1,945.7,197180,0.4438,-0.5806,-176.44,960.7500,-1.57
2025-05-09 11:50:00,945.7,946.5,945.4,945.85,151562,0.3817,-0.5806,-165.74,960.7500,-1.55
2025-05-09 11:55:00,945.8,946.45,945.5,946,138372,0.3556,-0.5806,-161.25,960.7500,-1.54
2025-05-09 12:00:00,945.95,946.15,945.35,945.85,108230,0.3337,-0.5806,-157.48,960.7500,-1.55
2025-05-09 12:05:00,945.85,945.9,945.2,945.45,82002,0.2988,-0.5806,-151.46,960.7500,-1.59
2025-05-09 12:10:00,945.5,945.6,945,945.6,123418,0.2919,-0.5806,-150.28,960.7500,-1.58
2025-05-09 12:15:00,945.55,946,944.55,944.95,167124,0.2513,-0.5806,-143.28,960.7500,-1.64
2025-05-09 12:20:00,944.95,945.6,944,945.5,113726,0.2677,-0.5806,-146.11,960.7500,-1.59
2025-05-09 12:25:00,945.4,945.55,944.55,944.65,194818,0.2290,-0.5806,-139.44,960.7500,-1.68
2025-05-09 12:30:00,944.75,944.85,944.35,944.6,109208,0.2083,-0.5806,-135.88,960.7500,-1.68
2025-05-09 12:35:00,944.55,945,944,944.65,151244,0.2059,-0.5806,-135.46,960.7500,-1.68
2025-05-09 12:40:00,944.65,945.35,944.35,945.15,109208,0.2433,-0.5806,-141.90,960.7500,-1.62
2025-05-09 12:45:00,945.15,945.4,944.5,944.85,99648,0.2522,-0.5806,-143.44,960.7500,-1.65
2025-05-09 12:50:00,944.85,945.7,944.85,945.55,88324,0.3059,-0.5806,-152.69,960.7500,-1.58
2025-05-09 12:55:00,945.5,945.85,945,945.65,84052,0.3459,-0.5806,-159.58,960.7500,-1.57
2025-05-09 13:00:00,945.65,945.95,944.6,944.7,77408,0.3074,-0.5806,-152.95,960.7500,-1.67
2025-05-09 13:05:00,944.8,945,944.25,945,110434,0.3008,-0.5806,-151.81,960.7500,-1.64
2025-05-09 13:10:00,944.95,945.4,944.65,944.95,116202,0.2916,-0.5806,-150.22,960.7500,-1.64
2025-05-09 13:15:00,944.95,945.8,944.75,945.65,149202,0.3283,-0.5806,-156.54,960.7500,-1.57
2025-05-09 13:20:00,945.65,945.65,944.2,944.3,96690,0.2604,-0.5806,-144.85,960.7500,-1.71
2025-05-09 13:25:00,944.3,944.85,944,944.25,99228,0.2128,-0.5806,-136.65,960.7500,-1.72
2025-05-09 13:30:00,944.2,945.9,944,945.5,192620,0.2630,-0.5806,-145.30,960.7500,-1.59
2025-05-09 13:35:00,945.5,946.15,945.1,946,161496,0.3232,-0.5806,-155.67,960.7500,-1.54
2025-05-09 13:40:00,945.9,946.25,945.15,945.75,104294,0.3381,-0.5806,-158.23,960.7500,-1.56
2025-05-09 13:45:00,945.85,946.95,945.65,946.25,117682,0.3709,-0.5806,-163.88,960.7500,-1.51
2025-05-09 13:50:00,946.2,948,945.95,948,143026,0.4920,-0.5806,-184.74,960.7500,-1.33
2025-05-09 13:55:00,947.85,948.2,946.7,947.25,128008,0.5015,-0.5806,-186.38,960.7500,-1.41
2025-05-09 14:00:00,947.05,947.75,947,947.05,155076,0.4746,-0.5806,-181.74,960.7500,-1.43
2025-05-09 14:05:00,947.05,947.05,945.65,946.3,136236,0.3900,-0.5806,-167.17,960.7500,-1.50
2025-05-09 14:10:00,946.3,946.6,945.4,946.05,120268,0.3047,-0.5806,-152.48,960.7500,-1.53
2025-05-09 14:15:00,946.05,947.45,945.7,946.85,118288,0.2898,-0.5806,-149.91,960.7500,-1.45
2025-05-09 14:20:00,946.85,947.5,945,945.15,207382,0.1596,-0.5806,-127.49,960.7500,-1.62
2025-05-09 14:25:00,945.1,945.2,943.7,944,229980,-0.0014,-0.5806,-99.76,960.7500,-1.74
2025-05-09 14:30:00,944.05,945.85,943.75,944.75,233494,-0.0519,-0.5806,-91.06,960.7500,-1.67
2025-05-09 14:35:00,944.75,945.45,944.55,944.9,280390,-0.0687,-0.5806,-88.17,960.7500,-1.65
2025-05-09 14:40:00,944.7,945.55,944.1,945.5,973642,-0.0347,-0.5806,-94.02,960.7500,-1.59
2025-05-09 14:45:00,945.55,946,945.25,945.55,160122,-0.0055,-0.5806,-99.05,960.7500,-1.58
2025-05-09 14:50:00,945.55,945.7,945,945,247554,-0.0193,-0.5806,-96.68,960.7500,-1.64
2025-05-09 14:55:00,944.95,945.1,944.7,945.1,297656,-0.0176,-0.5806,-96.97,960.7500,-1.63
2025-05-09 15:00:00,945.05,945.5,944.55,944.65,545894,-0.0415,-0.5806,-92.85,960.7500,-1.68
2025-05-09 15:05:00,944.6,945.45,944.2,944.4,599992,-0.0673,-0.5806,-88.41,960.7500,-1.70
2025-05-09 15:10:00,944.35,944.4,943.7,943.75,485870,-0.1183,-0.5806,-79.62,960.7500,-1.77
2025-05-09 15:15:00,943.7,944.85,943.4,944.85,694738,-0.0704,-0.5806,-87.87,960.7500,-1.65
2025-05-09 15:20:00,944.8,945,944,945,665762,-0.0236,-0.5806,-95.94,960.7500,-1.64
2025-05-09 15:25:00,945,947.9,944.65,946.65,688636,0.1159,-0.5806,-119.96,960.7500,-1.47
2025-05-12 09:15:00,958.5,968.45,956.15,967.3,2146748,1.5184,0.1159,1210.09,946.6500,2.18
2025-05-12 09:20:00,967.4,969.6,967.3,969,345302,2.4263,0.1159,1993.44,946.6500,2.36
2025-05-12 09:25:00,968.65,971.6,968.65,970.95,726364,2.9870,0.1159,2477.22,946.6500,2.57
2025-05-12 09:30:00,970.7,972,970.5,971.1,353370,3.1789,0.1159,2642.80,946.6500,2.58
2025-05-12 09:35:00,971.1,973,970.1,972.25,499426,3.1863,0.1159,2649.18,946.6500,2.70
2025-05-12 09:40:00,972.4,973.45,971.9,972.35,422746,3.0033,0.1159,2491.29,946.6500,2.71
2025-05-12 09:45:00,972.35,973.35,971.65,972.35,298514,2.6974,0.1159,2227.35,946.6500,2.71
2025-05-12 09:50:00,972.35,974,971.85,973.75,486346,2.4136,0.1159,1982.48,946.6500,2.86
2025-05-12 09:55:00,973.8,977.2,973.3,976.6,816380,2.2457,0.1159,1837.62,946.6500,3.16
2025-05-12 10:00:00,976.65,976.65,974.25,974.9,360240,1.8636,0.1159,1507.94,946.6500,2.98
2025-05-12 10:05:00,974.9,976.5,974.45,975.4,234450,1.5036,0.1159,1197.33,946.6500,3.04
2025-05-12 10:10:00,975.5,976.05,974.05,975.9,369366,1.1727,0.1159,911.82,946.6500,3.09
2025-05-12 10:15:00,975.9,977.45,975.25,975.3,282362,0.8047,0.1159,594.31,946.6500,3.03
2025-05-12 10:20:00,975.3,977.15,975.3,975.9,200062,0.5074,0.1159,337.79,946.6500,3.09
2025-05-12 10:25:00,975.9,976.85,975.55,976.4,212430,0.2624,0.1159,126.40,946.6500,3.14
2025-05-12 10:30:00,976.4,977,975.95,976.3,118568,0.0243,0.1159,-79.03,946.6500,3.13
2025-05-12 10:35:00,976.3,977,975.55,976.05,222146,-0.2068,0.1159,-278.43,946.6500,3.11
2025-05-12 10:40:00,976.05,977.7,975.85,977.55,345644,-0.3091,0.1159,-366.70,946.6500,3.26
2025-05-12 10:45:00,977.5,977.7,976.4,977.5,306766,-0.4237,0.1159,-465.57,946.6500,3.26
2025-05-12 10:50:00,977.5,978.1,977.05,978,266784,-0.5037,0.1159,-534.60,946.6500,3.31
2025-05-12 10:55:00,978,978.5,977,977.85,163246,-0.5984,0.1159,-616.31,946.6500,3.30
2025-05-12 11:00:00,977.85,978.45,977.2,977.6,150144,-0.7022,0.1159,-705.87,946.6500,3.27
2025-05-12 11:05:00,977.45,978.35,977,977.9,123448,-0.7696,0.1159,-764.02,946.6500,3.30
2025-05-12 11:10:00,978.1,978.45,977.3,977.5,116034,-0.8536,0.1159,-836.50,946.6500,3.26
2025-05-12 11:15:00,977.5,978.2,977.3,977.7,241382,-0.9033,0.1159,-879.38,946.6500,3.28
2025-05-12 11:20:00,977.85,979.25,977.7,978.9,277298,-0.8631,0.1159,-844.69,946.6500,3.41
2025-05-12 11:25:00,979.15,979.8,978.9,979.55,240418,-0.8017,0.1159,-791.72,946.6500,3.48
2025-05-12 11:30:00,979.55,979.95,979.2,979.75,230120,-0.7572,0.1159,-753.32,946.6500,3.50
2025-05-12 11:35:00,979.7,979.85,978.25,978.45,122330,-0.8196,0.1159,-807.16,946.6500,3.36
2025-05-12 11:40:00,978.5,979.15,978.2,978.4,59438,-0.8641,0.1159,-845.56,946.6500,3.35
2025-05-12 11:45:00,978.45,978.45,977.6,977.65,60636,-0.9378,0.1159,-909.15,946.6500,3.27
2025-05-12 11:50:00,977.75,977.9,977.6,977.65,100670,-0.9758,0.1159,-941.93,946.6500,3.27
2025-05-12 11:55:00,977.75,978.75,976.6,976.75,179114,-1.0448,0.1159,-1001.47,946.6500,3.18
2025-05-12 12:00:00,976.8,976.95,976.2,976.25,72854,-1.1016,0.1159,-1050.47,946.6500,3.13
2025-05-12 12:05:00,976.3,976.6,975.25,975.25,87716,-1.1772,0.1159,-1115.70,946.6500,3.02
2025-05-12 12:10:00,975.35,975.75,975,975.1,103410,-1.2037,0.1159,-1138.57,946.6500,3.01
2025-05-12 12:15:00,975.2,975.75,975,975.25,71598,-1.1761,0.1159,-1114.75,946.6500,3.02
2025-05-12 12:20:00,975.4,976.2,975.15,975.5,80904,-1.1071,0.1159,-1055.22,946.6500,3.05
2025-05-12 12:25:00,975.6,976.5,975.05,976,128786,-0.9972,0.1159,-960.40,946.6500,3.10
2025-05-12 12:30:00,976.1,979.35,976,978.65,466572,-0.7279,0.1159,-728.04,946.6500,3.38
2025-05-12 12:35:00,978.95,979.5,978.1,979.5,114554,-0.4861,0.1159,-519.41,946.6500,3.47
2025-05-12 12:40:00,979.5,979.5,977.75,978.2,126056,-0.4103,0.1159,-454.01,946.6500,3.33
2025-05-12 12:45:00,978.2,978.7,977.65,977.75,84536,-0.3873,0.1159,-434.17,946.6500,3.29
2025-05-12 12:50:00,978,978.5,977.7,977.95,61402,-0.3563,0.1159,-407.42,946.6500,3.31
2025-05-12 12:55:00,978,978.75,977.35,977.5,158466,-0.3625,0.1159,-412.77,946.6500,3.26
2025-05-12 13:00:00,977.5,977.65,976.4,976.6,84406,-0.4197,0.1159,-462.12,946.6500,3.16
2025-05-12 13:05:00,976.75,977.35,976.05,976.3,64514,-0.4665,0.1159,-502.50,946.6500,3.13
2025-05-12 13:10:00,976.4,976.5,975.3,975.35,55184,-0.5448,0.1159,-570.06,946.6500,3.03
2025-05-12 13:15:00,975.55,976.25,975.35,975.95,73660,-0.5386,0.1159,-564.71,946.6500,3.10
2025-05-12 13:20:00,976,977.5,975.8,977.5,132230,-0.4178,0.1159,-460.48,946.6500,3.26
2025-05-12 13:25:00,977.5,977.5,976.6,977.4,112490,-0.3360,0.1159,-389.91,946.6500,3.25
2025-05-12 13:30:00,977.4,977.5,976.75,977.3,90926,-0.2821,0.1159,-343.40,946.6500,3.24
2025-05-12 13:35:00,977.35,977.4,976.35,976.8,60730,-0.2734,0.1159,-335.89,946.6500,3.18
2025-05-12 13:40:00,977,977.5,976.4,976.6,68902,-0.2737,0.1159,-336.15,946.6500,3.16
2025-05-12 13:45:00,976.95,977.5,976.45,976.45,75686,-0.2758,0.1159,-337.96,946.6500,3.15
2025-05-12 13:50:00,976.8,976.9,975.5,975.8,94120,-0.3102,0.1159,-367.64,946.6500,3.08
2025-05-12 13:55:00,975.8,976.45,975.2,976.45,111380,-0.2795,0.1159,-341.16,946.6500,3.15
2025-05-12 14:00:00,976.4,976.65,975.8,975.9,84334,-0.2853,0.1159,-346.16,946.6500,3.09
2025-05-12 14:05:00,975.95,976.9,975.8,976.15,55940,-0.2622,0.1159,-326.23,946.6500,3.12
2025-05-12 14:10:00,976.15,977.5,976,977.45,162666,-0.1545,0.1159,-233.30,946.6500,3.25
2025-05-12 14:15:00,977.45,978.95,977.1,977.8,484104,-0.0597,0.1159,-151.51,946.6500,3.29
2025-05-12 14:20:00,977.95,978.3,977.2,977.8,88996,-0.0001,0.1159,-100.09,946.6500,3.29
2025-05-12 14:25:00,978,978.25,976.95,978.05,62624,0.0502,0.1159,-56.69,946.6500,3.32
2025-05-12 14:30:00,978.05,978.6,977,977.55,86780,0.0440,0.1159,-62.04,946.6500,3.26
2025-05-12 14:35:00,977.55,977.85,975.85,976.05,395738,-0.0611,0.1159,-152.72,946.6500,3.11
2025-05-12 14:40:00,976.2,977,975.65,976.55,164556,-0.0949,0.1159,-181.88,946.6500,3.16
2025-05-12 14:45:00,976.55,976.95,975.65,976.5,74138,-0.1172,0.1159,-201.12,946.6500,3.15
2025-05-12 14:50:00,976.5,978.15,976,977.6,208126,-0.0574,0.1159,-149.53,946.6500,3.27
2025-05-12 14:55:00,977.65,978.5,977.1,978.25,127338,0.0221,0.1159,-80.93,946.6500,3.34
2025-05-12 15:00:00,978.45,978.75,977.35,977.6,290260,0.0268,0.1159,-76.88,946.6500,3.27
2025-05-12 15:05:00,977.6,978,977.1,977.65,273180,0.0289,0.1159,-75.06,946.6500,3.27
2025-05-12 15:10:00,977.65,978,977.15,977.3,321552,0.0038,0.1159,-96.72,946.6500,3.24
2025-05-12 15:15:00,977.3,979.95,977.15,979.7,697584,0.1383,0.1159,19.33,946.6500,3.49
2025-05-12 15:20:00,979.7,979.75,978.3,978.95,509144,0.1646,0.1159,42.02,946.6500,3.41
2025-05-12 15:25:00,978.9,979.4,977.5,978.2,419452,0.1212,0.1159,4.57,946.6500,3.33
2025-05-13 09:15:00,975.05,980.85,974.35,977.5,1520284,0.0394,0.1212,-67.49,978.2000,-0.07
2025-05-13 09:20:00,977.4,977.45,972.5,972.55,415848,-0.3336,0.1212,-375.25,978.2000,-0.58
2025-05-13 09:25:00,972.5,974.05,970.4,971.05,363392,-0.6485,0.1212,-635.07,978.2000,-0.73
2025-05-13 09:30:00,971.05,971.1,967.5,970,628512,-0.8804,0.1212,-826.40,978.2000,-0.84
2025-05-13 09:35:00,970,973.35,969.6,972.85,294002,-0.7972,0.1212,-757.76,978.2000,-0.55
2025-05-13 09:40:00,973.4,973.4,967.85,967.9,342756,-1.0167,0.1212,-938.86,978.2000,-1.05
2025-05-13 09:45:00,967.9,968.35,965,965.6,425684,-1.2432,0.1212,-1125.74,978.2000,-1.29
2025-05-13 09:50:00,965.65,967.5,965,966.4,219622,-1.2614,0.1212,-1140.76,978.2000,-1.21
2025-05-13 09:55:00,966.35,968.05,965.85,966.25,133296,-1.2058,0.1212,-1094.88,978.2000,-1.22
2025-05-13 10:00:00,966.15,967.25,965,965.15,225086,-1.1649,0.1212,-1061.14,978.2000,-1.33
2025-05-13 10:05:00,965.1,968.45,965.1,968.45,107274,-0.8518,0.1212,-802.81,978.2000,-1.00
2025-05-13 10:10:00,968.45,969.25,966.6,967.7,178756,-0.6410,0.1212,-628.88,978.2000,-1.07
2025-05-13 10:15:00,967.75,968.6,966.75,967.6,108390,-0.4625,0.1212,-481.60,978.2000,-1.08
2025-05-13 10:20:00,967.65,968.5,966.6,967.6,196080,-0.3061,0.1212,-352.56,978.2000,-1.08
2025-05-13 10:25:00,967.55,968.6,964.3,964.35,414188,-0.3785,0.1212,-412.29,978.2000,-1.42
2025-05-13 10:30:00,964.35,965.5,963.75,964.75,299792,-0.3567,0.1212,-394.31,978.2000,-1.37
2025-05-13 10:35:00,964.4,965.75,964,965.6,141210,-0.2475,0.1212,-304.21,978.2000,-1.29
2025-05-13 10:40:00,965.4,966.35,965.4,966.2,109490,-0.1046,0.1212,-186.30,978.2000,-1.23
2025-05-13 10:45:00,966.2,967.25,965.5,967.25,134736,0.0809,0.1212,-33.25,978.2000,-1.12
2025-05-13 10:50:00,967.25,969,967.1,968.05,187918,0.2672,0.1212,120.46,978.2000,-1.04
2025-05-13 10:55:00,968.05,969.2,966.4,968.9,106898,0.4468,0.1212,268.65,978.2000,-0.95
2025-05-13 11:00:00,968.95,972.5,968.1,970.8,290140,0.6788,0.1212,460.07,978.2000,-0.76
2025-05-13 11:05:00,970.85,970.9,968.75,969.2,102730,0.7066,0.1212,483.00,978.2000,-0.92
2025-05-13 11:10:00,969.2,969.2,966.7,967.5,141224,0.5970,0.1212,392.57,978.2000,-1.09
2025-05-13 11:15:00,967.5,970.35,967.4,970.15,159462,0.6832,0.1212,463.70,978.2000,-0.82
2025-05-13 11:20:00,970.1,970.3,968.25,968.55,132806,0.6148,0.1212,407.26,978.2000,-0.99
2025-05-13 11:25:00,968.55,971.9,968.35,970.75,183886,0.6942,0.1212,472.77,978.2000,-0.76
2025-05-13 11:30:00,970.95,972.15,969.5,970.2,204180,0.6851,0.1212,465.26,978.2000,-0.82
2025-05-13 11:35:00,970.1,970.2,967.6,968.15,84622,0.5236,0.1212,332.01,978.2000,-1.03
2025-05-13 11:40:00,968.15,969.55,967.7,968,110686,0.3951,0.1212,225.99,978.2000,-1.04
2025-05-13 11:45:00,968,969.25,967.5,968.15,107220,0.3124,0.1212,157.76,978.2000,-1.03
2025-05-13 11:50:00,968.25,968.8,966.9,968.4,126014,0.2683,0.1212,121.37,978.2000,-1.00
2025-05-13 11:55:00,968.4,968.6,966.55,966.8,121968,0.1320,0.1212,8.91,978.2000,-1.17
2025-05-13 12:00:00,966.75,967.7,965.6,966.6,230432,0.0342,0.1212,-71.78,978.2000,-1.19
2025-05-13 12:05:00,966.5,968.4,966.45,967.4,133418,0.0294,0.1212,-75.74,978.2000,-1.10
2025-05-13 12:10:00,967.4,968.45,966.6,967.55,172452,0.0415,0.1212,-65.76,978.2000,-1.09
2025-05-13 12:15:00,967.7,968.5,966.3,966.35,280526,-0.0227,0.1212,-118.73,978.2000,-1.21
2025-05-13 12:20:00,966.35,967.05,965.3,965.35,410436,-0.1184,0.1212,-197.69,978.2000,-1.31
2025-05-13 12:25:00,965.4,966.15,964.4,965.4,352394,-0.1617,0.1212,-233.42,978.2000,-1.31
2025-05-13 12:30:00,965.4,966.1,963.4,963.85,410642,-0.2715,0.1212,-324.01,978.2000,-1.47
2025-05-13 12:35:00,963.85,964.45,962.5,964.35,444548,-0.2859,0.1212,-335.89,978.2000,-1.42
2025-05-13 12:40:00,964.35,964.6,962.35,962.65,432692,-0.3794,0.1212,-413.04,978.2000,-1.59
2025-05-13 12:45:00,962.65,964.15,962.55,963.95,198004,-0.3253,0.1212,-368.40,978.2000,-1.46
2025-05-13 12:50:00,964,964.5,962.65,962.9,272350,-0.3308,0.1212,-372.94,978.2000,-1.56
2025-05-13 12:55:00,962.9,963.5,961.75,962,428240,-0.3629,0.1212,-399.42,978.2000,-1.66
2025-05-13 13:00:00,962.1,963.2,961.75,962.1,187112,-0.3455,0.1212,-385.07,978.2000,-1.65
2025-05-13 13:05:00,962.25,963,961.6,962.45,262570,-0.2812,0.1212,-332.01,978.2000,-1.61
2025-05-13 13:10:00,962.25,963.1,961.8,962.85,232940,-0.1870,0.1212,-254.29,978.2000,-1.57
2025-05-13 13:15:00,963.05,963.05,961,961.35,304660,-0.1998,0.1212,-264.85,978.2000,-1.72
2025-05-13 13:20:00,961.35,962.4,961.2,961.9,152560,-0.1478,0.1212,-221.95,978.2000,-1.67
2025-05-13 13:25:00,961.95,962.2,961.05,961.1,183200,-0.1437,0.1212,-218.56,978.2000,-1.75
2025-05-13 13:30:00,961.1,961.85,961.1,961.3,179376,-0.1057,0.1212,-187.21,978.2000,-1.73
2025-05-13 13:35:00,961.4,962.5,961,962.35,209040,0.0061,0.1212,-94.97,978.2000,-1.62
2025-05-13 13:40:00,962.4,962.9,961.8,962.75,176886,0.1167,0.1212,-3.71,978.2000,-1.58
2025-05-13 13:45:00,962.75,962.75,961.55,962.1,156148,0.1536,0.1212,26.73,978.2000,-1.65
2025-05-13 13:50:00,962.1,962.45,961.6,961.9,135316,0.1706,0.1212,40.76,978.2000,-1.67
2025-05-13 13:55:00,961.9,962.5,961.6,962,185440,0.1931,0.1212,59.32,978.2000,-1.66
2025-05-13 14:00:00,962,963.05,961.8,962,167472,0.2110,0.1212,74.09,978.2000,-1.66
2025-05-13 14:05:00,961.95,962.9,961.8,962.4,239672,0.2502,0.1212,106.44,978.2000,-1.62
2025-05-13 14:10:00,962.4,962.9,961.75,962.35,260594,0.2713,0.1212,123.84,978.2000,-1.62
2025-05-13 14:15:00,962.35,962.5,961.65,961.95,109602,0.2570,0.1212,112.05,978.2000,-1.66
2025-05-13 14:20:00,962,962.3,961.5,961.85,179014,0.2399,0.1212,97.94,978.2000,-1.67
2025-05-13 14:25:00,961.9,962.75,961.25,961.75,258954,0.2214,0.1212,82.67,978.2000,-1.68
2025-05-13 14:30:00,961.75,962.25,961.05,961.05,565862,0.1641,0.1212,35.40,978.2000,-1.75
2025-05-13 14:35:00,961.1,961.85,961.1,961.4,367012,0.1522,0.1212,25.58,978.2000,-1.72
2025-05-13 14:40:00,961.35,961.8,960.9,961.45,273492,0.1498,0.1212,23.60,978.2000,-1.71
2025-05-13 14:45:00,961.4,963.2,961.35,962,556102,0.1852,0.1212,52.81,978.2000,-1.66
2025-05-13 14:50:00,962,963.15,961.95,962.5,430704,0.2387,0.1212,96.95,978.2000,-1.60
2025-05-13 14:55:00,962.5,963.2,961.55,962,862164,0.2364,0.1212,95.05,978.2000,-1.66
2025-05-13 15:00:00,962,962.75,961,961.05,972544,0.1700,0.1212,40.26,978.2000,-1.75
2025-05-13 15:05:00,961.1,961.45,960.45,961,836840,0.1239,0.1212,2.23,978.2000,-1.76
2025-05-13 15:10:00,961,961.05,960,960.7,792662,0.0768,0.1212,-36.63,978.2000,-1.79
2025-05-13 15:15:00,960.7,962.4,960.65,961.15,998436,0.0792,0.1212,-34.65,978.2000,-1.74
2025-05-13 15:20:00,961.25,961.9,960.45,961.1,1008236,0.0804,0.1212,-33.66,978.2000,-1.75
2025-05-13 15:25:00,961,962.5,960.35,962.45,455570,0.1699,0.1212,40.18,978.2000,-1.61
2025-05-14 09:15:00,961.3,965.1,960.5,963.2,907658,0.2714,0.1699,59.74,962.4500,0.08
2025-05-14 09:20:00,963.2,963.8,961.25,962.2,371170,0.2629,0.1699,54.74,962.4500,-0.03
2025-05-14 09:25:00,962.2,962.5,961.85,962.35,181260,0.2585,0.1699,52.15,962.4500,-0.01
2025-05-14 09:30:00,962.35,962.4,959.05,959.25,282480,0.0491,0.1699,-71.10,962.4500,-0.33
2025-05-14 09:35:00,959.2,960.5,958.5,959.05,243218,-0.0930,0.1699,-154.74,962.4500,-0.35
2025-05-14 09:40:00,959,961.75,958.8,961.1,181720,-0.0416,0.1699,-124.48,962.4500,-0.14
2025-05-14 09:45:00,961.05,961.35,959.5,959.6,298682,-0.0980,0.1699,-157.68,962.4500,-0.30
2025-05-14 09:50:00,959.55,959.55,956.95,958.45,375826,-0.1966,0.1699,-215.72,962.4500,-0.42
2025-05-14 09:55:00,958.45,960,957.75,959.35,249878,-0.1851,0.1699,-208.95,962.4500,-0.32
2025-05-14 10:00:00,959.4,960.5,959.25,959.3,175342,-0.1655,0.1699,-197.41,962.4500,-0.33
2025-05-14 10:05:00,959.3,960.75,959.05,960.35,149268,-0.0711,0.1699,-141.85,962.4500,-0.22
2025-05-14 10:10:00,960.45,962.4,960,962.4,229762,0.1290,0.1699,-24.07,962.4500,-0.01
2025-05-14 10:15:00,962.35,962.35,960.95,961.8,116448,0.2156,0.1699,26.90,962.4500,-0.07
2025-05-14 10:20:00,961.75,962,960.45,961.9,448358,0.2707,0.1699,59.33,962.4500,-0.06
2025-05-14 10:25:00,961.7,961.9,960.15,960.95,92758,0.2354,0.1699,38.55,962.4500,-0.16
2025-05-14 10:30:00,961.05,961.1,960,960.15,53142,0.1545,0.1699,-9.06,962.4500,-0.24
2025-05-14 10:35:00,960.25,960.9,960,960.25,146182,0.1062,0.1699,-37.49,962.4500,-0.23
2025-05-14 10:40:00,960,960.55,959.5,960.25,109414,0.0744,0.1699,-56.21,962.4500,-0.23
2025-05-14 10:45:00,960.25,960.75,959.85,959.85,70648,0.0288,0.1699,-83.05,962.4500,-0.27
2025-05-14 10:50:00,959.85,959.95,959.45,959.8,64318,-0.0008,0.1699,-100.47,962.4500,-0.28
2025-05-14 10:55:00,959.75,959.85,959.4,959.6,63378,-0.0283,0.1699,-116.66,962.4500,-0.30
2025-05-14 11:00:00,959.6,959.9,959.5,959.85,276832,-0.0244,0.1699,-114.36,962.4500,-0.27
2025-05-14 11:05:00,959.85,961.25,959.8,961.25,98400,0.0726,0.1699,-57.27,962.4500,-0.12
2025-05-14 11:10:00,961.15,961.95,961.05,961.85,69508,0.1715,0.1699,0.94,962.4500,-0.06
2025-05-14 11:15:00,961.85,962,960.9,961.9,66488,0.2310,0.1699,35.96,962.4500,-0.06
2025-05-14 11:20:00,961.9,962,961.3,961.9,73846,0.2589,0.1699,52.38,962.4500,-0.06
2025-05-14 11:25:00,961.95,962.2,961.15,962.1,68428,0.2778,0.1699,63.51,962.4500,-0.04
2025-05-14 11:30:00,962.1,962.15,961.2,961.5,50144,0.2383,0.1699,40.26,962.4500,-0.10
2025-05-14 11:35:00,961.45,962.1,960.55,960.75,101356,0.1541,0.1699,-9.30,962.4500,-0.18
2025-05-14 11:40:00,960.9,961.4,960.3,960.85,56148,0.1004,0.1699,-40.91,962.4500,-0.17
2025-05-14 11:45:00,960.75,960.85,959.35,959.85,92952,-0.0020,0.1699,-101.18,962.4500,-0.27
2025-05-14 11:50:00,959.8,960.45,959,959,82132,-0.1199,0.1699,-170.57,962.4500,-0.36
2025-05-14 11:55:00,959.15,959.5,958.55,958.9,89660,-0.1932,0.1699,-213.71,962.4500,-0.37
2025-05-14 12:00:00,958.85,959,957.9,958.3,150206,-0.2662,0.1699,-256.68,962.4500,-0.43
2025-05-14 12:05:00,958.25,958.45,957.75,958,90678,-0.3154,0.1699,-285.64,962.4500,-0.46
2025-05-14 12:10:00,957.9,958.95,957.9,958.85,80252,-0.2730,0.1699,-260.68,962.4500,-0.37
2025-05-14 12:15:00,958.8,959.1,957.7,957.75,127748,-0.2993,0.1699,-276.16,962.4500,-0.49
2025-05-14 12:20:00,957.75,958.25,957.5,957.95,149874,-0.2835,0.1699,-266.86,962.4500,-0.47
2025-05-14 12:25:00,958.05,958.25,957.5,957.6,119162,-0.2767,0.1699,-262.86,962.4500,-0.50
2025-05-14 12:30:00,957.65,957.95,956.8,957,226862,-0.2912,0.1699,-271.39,962.4500,-0.57
2025-05-14 12:35:00,957,957,955.05,955.6,189390,-0.3686,0.1699,-316.95,962.4500,-0.71
2025-05-14 12:40:00,955.55,955.95,954.55,955.65,159162,-0.3881,0.1699,-328.43,962.4500,-0.71
2025-05-14 12:45:00,955.65,956.25,954.35,954.55,118380,-0.4428,0.1699,-360.62,962.4500,-0.82
2025-05-14 12:50:00,954.4,954.5,951.5,953.85,363044,-0.4901,0.1699,-388.46,962.4500,-0.89
2025-05-14 12:55:00,953.85,954.35,952.95,953.95,170138,-0.4781,0.1699,-381.40,962.4500,-0.88
2025-05-14 13:00:00,954.05,955.6,953.75,954.75,331370,-0.3838,0.1699,-325.90,962.4500,-0.80
2025-05-14 13:05:00,954.75,955,954,954.1,83400,-0.3346,0.1699,-296.94,962.4500,-0.87
2025-05-14 13:10:00,954.1,954.85,953.55,954.25,105714,-0.2643,0.1699,-255.56,962.4500,-0.85
2025-05-14 13:15:00,954.25,954.7,952.9,953,140712,-0.2733,0.1699,-260.86,962.4500,-0.98
2025-05-14 13:20:00,953,954.45,952.75,954.15,179762,-0.1778,0.1699,-204.65,962.4500,-0.86
2025-05-14 13:25:00,954.15,955,953.75,954.25,93480,-0.0883,0.1699,-151.97,962.4500,-0.85
2025-05-14 13:30:00,954.25,954.75,954.15,954.6,71780,0.0089,0.1699,-94.76,962.4500,-0.82
2025-05-14 13:35:00,954.6,954.65,953.7,953.9,88094,0.0388,0.1699,-77.16,962.4500,-0.89
2025-05-14 13:40:00,953.9,954.7,953.25,953.35,103246,0.0343,0.1699,-79.81,962.4500,-0.95
2025-05-14 13:45:00,953.35,953.85,952.5,953.25,116678,0.0373,0.1699,-78.05,962.4500,-0.96
2025-05-14 13:50:00,953.25,953.35,952.85,953.35,87902,0.0574,0.1699,-66.22,962.4500,-0.95
2025-05-14 13:55:00,953.35,953.5,952.3,952.55,159278,0.0297,0.1699,-82.52,962.4500,-1.03
2025-05-14 14:00:00,952.55,953.45,952.05,952.75,102320,0.0371,0.1699,-78.16,962.4500,-1.01
2025-05-14 14:05:00,952.75,953.65,952.65,953.65,113778,0.1108,0.1699,-34.79,962.4500,-0.91
2025-05-14 14:10:00,953.6,954.45,953.4,954.4,138994,0.2124,0.1699,25.01,962.4500,-0.84
2025-05-14 14:15:00,954.4,954.45,952.7,953.3,174694,0.2075,0.1699,22.13,962.4500,-0.95
2025-05-14 14:20:00,953.5,954.75,953.05,954.65,191818,0.2921,0.1699,71.92,962.4500,-0.81
2025-05-14 14:25:00,954.65,954.65,953.6,954.1,210998,0.3064,0.1699,80.34,962.4500,-0.87
2025-05-14 14:30:00,954.1,954.45,951.95,952.25,215014,0.1922,0.1699,13.13,962.4500,-1.06
2025-05-14 14:35:00,952.5,953.15,952.2,952.75,315744,0.1530,0.1699,-9.95,962.4500,-1.01
2025-05-14 14:40:00,952.7,955.8,952.65,954.5,413588,0.2422,0.1699,42.55,962.4500,-0.83
2025-05-14 14:45:00,954.5,954.75,953.75,954,203430,0.2632,0.1699,54.91,962.4500,-0.88
2025-05-14 14:50:00,954,954.45,953.65,954.1,203902,0.2780,0.1699,63.63,962.4500,-0.87
2025-05-14 14:55:00,954.1,954.7,953.55,953.8,217186,0.2620,0.1699,54.21,962.4500,-0.90
2025-05-14 15:00:00,953.8,955.95,953.6,954.95,591928,0.3194,0.1699,87.99,962.4500,-0.78
2025-05-14 15:05:00,954.95,955.75,954.9,955.7,444472,0.3936,0.1699,131.67,962.4500,-0.70
2025-05-14 15:10:00,955.7,955.7,954.95,955.45,469946,0.4097,0.1699,141.14,962.4500,-0.73
2025-05-14 15:15:00,955.45,955.45,954.15,954.4,548742,0.3365,0.1699,98.06,962.4500,-0.84
2025-05-14 15:20:00,954.4,955.7,954.2,955.65,492458,0.3573,0.1699,110.30,962.4500,-0.71
2025-05-14 15:25:00,955.65,957.5,955.55,956.75,394114,0.4254,0.1699,150.38,962.4500,-0.59
2025-05-15 09:15:00,956.95,958.55,952,953.85,1174872,0.2635,0.4254,-38.06,956.7500,-0.30
2025-05-15 09:20:00,953.85,954.1,951.2,951.6,360354,0.0067,0.4254,-98.43,956.7500,-0.54
2025-05-15 09:25:00,951.5,952.2,951.25,951.45,260252,-0.1621,0.4254,-138.11,956.7500,-0.55
2025-05-15 09:30:00,951.35,951.85,950.9,951.25,255896,-0.2698,0.4254,-163.42,956.7500,-0.57
2025-05-15 09:35:00,951.15,951.45,949.65,951.1,959674,-0.3296,0.4254,-177.48,956.7500,-0.59
2025-05-15 09:40:00,951.15,951.75,950.2,950.6,408506,-0.3779,0.4254,-188.83,956.7500,-0.64
2025-05-15 09:45:00,950.6,951.1,949.15,949.85,844622,-0.4315,0.4254,-201.43,956.7500,-0.72
2025-05-15 09:50:00,949.85,951.2,949.45,950.15,273186,-0.4177,0.4254,-198.19,956.7500,-0.69
2025-05-15 09:55:00,950.4,950.9,949.6,950.65,239078,-0.3486,0.4254,-181.95,956.7500,-0.64
2025-05-15 10:00:00,950.65,950.85,949.45,949.6,291210,-0.3467,0.4254,-181.50,956.7500,-0.75
2025-05-15 10:05:00,949.6,950.15,948.5,950,352886,-0.2935,0.4254,-168.99,956.7500,-0.71
2025-05-15 10:10:00,949.8,951.25,949.5,950.95,172372,-0.1753,0.4254,-141.21,956.7500,-0.61
2025-05-15 10:15:00,950.65,951.2,949.35,949.35,176318,-0.1849,0.4254,-143.46,956.7500,-0.77
2025-05-15 10:20:00,949.35,950.75,948.85,950.3,206176,-0.1109,0.4254,-126.07,956.7500,-0.67
2025-05-15 10:25:00,950.3,950.85,949.4,949.75,139686,-0.0839,0.4254,-119.72,956.7500,-0.73
2025-05-15 10:30:00,949.75,952.15,949.7,951.4,211596,0.0529,0.4254,-87.56,956.7500,-0.56
2025-05-15 10:35:00,951.35,957.5,950.8,957.5,429044,0.5352,0.4254,25.81,956.7500,0.08
2025-05-15 10:40:00,957.35,960.95,956.75,956.95,747648,0.7831,0.4254,84.09,956.7500,0.02
2025-05-15 10:45:00,956.8,958,954.8,956.55,222430,0.8789,0.4254,106.61,956.7500,-0.02
2025-05-15 10:50:00,956.35,957.35,955.15,955.7,99998,0.8437,0.4254,98.33,956.7500,-0.11
2025-05-15 10:55:00,955.7,958.75,955.6,958.75,287910,0.9751,0.4254,129.22,956.7500,0.21
2025-05-15 11:00:00,958.75,958.8,954.75,954.75,89238,0.7519,0.4254,76.75,956.7500,-0.21
2025-05-15 11:05:00,954.75,955.35,953.5,954.6,149538,0.5622,0.4254,32.16,956.7500,-0.22
2025-05-15 11:10:00,954.65,954.8,951.9,952.8,517484,0.2968,0.4254,-30.23,956.7500,-0.41
2025-05-15 11:15:00,952.75,954.95,952.15,953.75,195758,0.1727,0.4254,-59.40,956.7500,-0.31
2025-05-15 11:20:00,953.95,954.5,952.45,952.85,168194,0.0252,0.4254,-94.08,956.7500,-0.41
2025-05-15 11:25:00,952.9,954.85,952.85,953.5,77508,-0.0303,0.4254,-107.12,956.7500,-0.34
2025-05-15 11:30:00,953.55,954.1,952.65,953.65,133522,-0.0571,0.4254,-113.42,956.7500,-0.32
2025-05-15 11:35:00,953.55,954.05,952.35,952.85,261352,-0.1251,0.4254,-129.41,956.7500,-0.41
2025-05-15 11:40:00,952.85,954.25,952.45,953.85,215826,-0.1001,0.4254,-123.53,956.7500,-0.30
2025-05-15 11:45:00,953.85,954.5,952.5,952.5,112562,-0.1678,0.4254,-139.45,956.7500,-0.44
2025-05-15 11:50:00,952.45,953.1,951.9,952.95,143446,-0.1750,0.4254,-141.14,956.7500,-0.40
2025-05-15 11:55:00,952.9,953.85,952.3,952.3,123312,-0.2135,0.4254,-150.19,956.7500,-0.47
2025-05-15 12:00:00,952.4,953,951.85,952.95,109714,-0.1863,0.4254,-143.79,956.7500,-0.40
2025-05-15 12:05:00,952.95,956.15,952.75,955.5,350982,0.0024,0.4254,-99.44,956.7500,-0.13
2025-05-15 12:10:00,955.5,955.5,953.35,954.05,89434,0.0272,0.4254,-93.61,956.7500,-0.28
2025-05-15 12:15:00,954.05,958.15,954,956.4,283630,0.1903,0.4254,-55.27,956.7500,-0.04
2025-05-15 12:20:00,956.4,956.4,953.75,955.35,91072,0.2142,0.4254,-49.65,956.7500,-0.15
2025-05-15 12:25:00,955.4,955.4,953.85,954.35,134330,0.1523,0.4254,-64.20,956.7500,-0.25
2025-05-15 12:30:00,954.4,955.35,954.15,954.95,90862,0.1416,0.4254,-66.71,956.7500,-0.19
2025-05-15 12:35:00,954.95,957,954.4,955.8,156962,0.1792,0.4254,-57.87,956.7500,-0.10
2025-05-15 12:40:00,955.75,955.8,953.45,953.85,136518,0.0660,0.4254,-84.49,956.7500,-0.30
2025-05-15 12:45:00,953.95,954.5,953.4,953.95,97694,-0.0051,0.4254,-101.20,956.7500,-0.29
2025-05-15 12:50:00,953.95,955.65,953.5,955.5,84148,0.0465,0.4254,-89.07,956.7500,-0.13
2025-05-15 12:55:00,955.5,956.15,955.1,955.4,64052,0.0668,0.4254,-84.30,956.7500,-0.14
2025-05-15 13:00:00,955.45,958.8,955.4,957.95,283896,0.2355,0.4254,-44.64,956.7500,0.13
2025-05-15 13:05:00,957.95,962.4,957.9,960.85,1277892,0.5100,0.4254,19.89,956.7500,0.43
2025-05-15 13:10:00,961,964,961,963.95,910286,0.8482,0.4254,99.39,956.7500,0.75
2025-05-15 13:15:00,963.95,965.95,962.05,963.35,843172,0.9705,0.4254,128.14,956.7500,0.69
2025-05-15 13:20:00,963.3,963.95,962.1,963.5,315918,0.9966,0.4254,134.27,956.7500,0.71
2025-05-15 13:25:00,963.5,964.95,962.45,964.9,318482,1.0387,0.4254,144.17,956.7500,0.85
2025-05-15 13:30:00,964.9,967.5,964.9,967,1105394,1.1308,0.4254,165.82,956.7500,1.07
2025-05-15 13:35:00,966.95,968.5,965.5,968.2,838714,1.1895,0.4254,179.62,956.7500,1.20
2025-05-15 13:40:00,968.05,969.1,966.9,967.4,667882,1.0937,0.4254,157.10,956.7500,1.11
2025-05-15 13:45:00,967.4,971.1,967.35,969.8,1184144,1.1080,0.4254,160.46,956.7500,1.36
2025-05-15 13:50:00,969.85,971.2,969.05,969.8,553870,1.0347,0.4254,143.23,956.7500,1.36
2025-05-15 13:55:00,969.85,970.9,969.35,970.2,300928,0.9336,0.4254,119.46,956.7500,1.41
2025-05-15 14:00:00,970.2,971.8,968.7,971.25,969088,0.8597,0.4254,102.09,956.7500,1.52
2025-05-15 14:05:00,971.25,971.9,969.8,970.7,458462,0.7026,0.4254,65.16,956.7500,1.46
2025-05-15 14:10:00,970.7,972.4,970.65,971.35,480872,0.5767,0.4254,35.57,956.7500,1.53
2025-05-15 14:15:00,971.35,971.75,968.9,970.5,375152,0.3798,0.4254,-10.72,956.7500,1.44
2025-05-15 14:20:00,970.5,971,968.35,969.55,534700,0.1415,0.4254,-66.74,956.7500,1.34
2025-05-15 14:25:00,969.9,970.15,968,969.55,424628,-0.0499,0.4254,-111.73,956.7500,1.34
2025-05-15 14:30:00,969.45,970.2,966.7,966.95,622798,-0.3677,0.4254,-186.44,956.7500,1.07
2025-05-15 14:35:00,966.9,968.05,966.15,966.85,787600,-0.5878,0.4254,-238.18,956.7500,1.06
2025-05-15 14:40:00,966.85,968.05,965.95,968.05,461036,-0.6507,0.4254,-252.96,956.7500,1.18
2025-05-15 14:45:00,968.05,968.9,966.7,968,409262,-0.6900,0.4254,-262.20,956.7500,1.18
2025-05-15 14:50:00,968.1,969.15,967.25,967.55,201436,-0.7366,0.4254,-273.15,956.7500,1.13
2025-05-15 14:55:00,967.4,967.4,966.15,966.75,447858,-0.8058,0.4254,-289.42,956.7500,1.05
2025-05-15 15:00:00,966.75,967.15,964.8,966.9,1356480,-0.8232,0.4254,-293.51,956.7500,1.06
2025-05-15 15:05:00,966.8,969.55,966.8,968.65,932558,-0.7032,0.4254,-265.30,956.7500,1.24
2025-05-15 15:10:00,968.65,968.65,966.6,966.65,624470,-0.7411,0.4254,-274.21,956.7500,1.03
2025-05-15 15:15:00,966.6,967.6,966.1,966.2,669906,-0.7753,0.4254,-282.25,956.7500,0.99
2025-05-15 15:20:00,966.2,967.3,965.6,966.75,649886,-0.7399,0.4254,-273.93,956.7500,1.05
2025-05-15 15:25:00,966.65,968.85,965.9,966.9,460642,-0.6865,0.4254,-261.38,956.7500,1.06
2025-05-16 09:15:00,967,971.9,965.5,965.9,1214108,-0.6965,-0.6865,1.46,966.9000,-0.10
2025-05-16 09:20:00,965.75,968.1,964.65,965.85,395730,-0.6834,-0.6865,-0.45,966.9000,-0.11
2025-05-16 09:25:00,965.85,967.5,965.25,967.35,174232,-0.5562,-0.6865,-18.98,966.9000,0.05
2025-05-16 09:30:00,967.2,968.45,966.25,966.4,217554,-0.5191,-0.6865,-24.38,966.9000,-0.05
2025-05-16 09:35:00,966.3,967.4,966,967,160800,-0.4404,-0.6865,-35.85,966.9000,0.01
2025-05-16 09:40:00,966.95,968.5,966.1,967.05,85016,-0.3737,-0.6865,-45.56,966.9000,0.02
2025-05-16 09:45:00,967.05,967.5,966.65,967,87920,-0.3238,-0.6865,-52.83,966.9000,0.01
2025-05-16 09:50:00,967,967.5,966,966.3,114860,-0.3275,-0.6865,-52.29,966.9000,-0.06
2025-05-16 09:55:00,966.35,967.5,966.1,966.75,106662,-0.2907,-0.6865,-57.65,966.9000,-0.02
2025-05-16 10:00:00,966.75,968.5,966.6,967.2,446662,-0.2297,-0.6865,-66.54,966.9000,0.03
2025-05-16 10:05:00,967.2,967.5,966.5,966.55,96990,-0.2264,-0.6865,-67.02,966.9000,-0.04
2025-05-16 10:10:00,966.55,967.4,966,967.4,103356,-0.1631,-0.6865,-76.24,966.9000,0.05
2025-05-16 10:15:00,967.15,968.15,966.9,967.5,78766,-0.1132,-0.6865,-83.51,966.9000,0.06
2025-05-16 10:20:00,967.5,968.5,966.95,967.2,69472,-0.0994,-0.6865,-85.52,966.9000,0.03
2025-05-16 10:25:00,967.15,968.55,966.75,968.15,59372,-0.0291,-0.6865,-95.76,966.9000,0.13
2025-05-16 10:30:00,968.2,968.7,967.75,968.05,59274,0.0061,-0.6865,-100.89,966.9000,0.12
2025-05-16 10:35:00,968.05,968.2,966.55,966.9,105476,-0.0496,-0.6865,-92.77,966.9000,0.00
2025-05-16 10:40:00,966.85,967.5,966.6,966.95,80746,-0.0827,-0.6865,-87.95,966.9000,0.01
2025-05-16 10:45:00,966.95,967.3,966.55,966.8,78998,-0.1125,-0.6865,-83.61,966.9000,-0.01
2025-05-16 10:50:00,966.8,966.9,966.25,966.25,84444,-0.1638,-0.6865,-76.14,966.9000,-0.07
2025-05-16 10:55:00,966.25,967.35,966.25,967.25,1110712,-0.1267,-0.6865,-81.54,966.9000,0.04
2025-05-16 11:00:00,967.25,967.35,966.25,966.9,94678,-0.1220,-0.6865,-82.23,966.9000,0.00
2025-05-16 11:05:00,966.95,967.2,966.25,966.25,122388,-0.1567,-0.6865,-77.17,966.9000,-0.07
2025-05-16 11:10:00,966.25,967,966,966.5,104060,-0.1565,-0.6865,-77.20,966.9000,-0.04
2025-05-16 11:15:00,966.5,967.1,966,966.6,80676,-0.1436,-0.6865,-79.08,966.9000,-0.03
2025-05-16 11:20:00,966.6,967.1,966.6,967.1,66248,-0.0977,-0.6865,-85.77,966.9000,0.02
2025-05-16 11:25:00,966.9,967.1,966.3,966.7,60134,-0.0906,-0.6865,-86.80,966.9000,-0.02
2025-05-16 11:30:00,966.7,967.5,966.7,967.2,85726,-0.0506,-0.6865,-92.63,966.9000,0.03
2025-05-16 11:35:00,967.2,967.7,967,967.3,79768,-0.0174,-0.6865,-97.47,966.9000,0.04
2025-05-16 11:40:00,967.3,967.85,966.65,967.45,83086,0.0129,-0.6865,-101.88,966.9000,0.06
2025-05-16 11:45:00,967.45,968,966.9,967.05,76416,0.0047,-0.6865,-100.68,966.9000,0.02
2025-05-16 11:50:00,967.05,968,967.05,967.35,100914,0.0175,-0.6865,-102.55,966.9000,0.05
2025-05-16 11:55:00,967.3,968.05,966.95,967.8,101226,0.0523,-0.6865,-107.62,966.9000,0.09
2025-05-16 12:00:00,967.8,968.25,967.55,967.75,141688,0.0670,-0.6865,-109.76,966.9000,0.09
2025-05-16 12:05:00,967.75,967.8,966.9,967.25,83012,0.0396,-0.6865,-105.77,966.9000,0.04
2025-05-16 12:10:00,967.25,967.3,966.65,966.65,75816,-0.0194,-0.6865,-97.17,966.9000,-0.03
2025-05-16 12:15:00,966.7,967.4,966.55,967.1,98162,-0.0280,-0.6865,-95.92,966.9000,0.02
2025-05-16 12:20:00,967.25,968,966.95,967.2,147474,-0.0268,-0.6865,-96.10,966.9000,0.03
2025-05-16 12:25:00,967.2,967.75,967.15,967.3,87868,-0.0195,-0.6865,-97.16,966.9000,0.04
2025-05-16 12:30:00,967.3,967.35,966.3,967.1,168170,-0.0278,-0.6865,-95.95,966.9000,0.02
2025-05-16 12:35:00,967.1,967.1,966.1,966.8,125648,-0.0518,-0.6865,-92.45,966.9000,-0.01
2025-05-16 12:40:00,966.8,967.3,966,966.85,207890,-0.0619,-0.6865,-90.98,966.9000,-0.01
2025-05-16 12:45:00,966.85,968,966.25,966.85,141264,-0.0659,-0.6865,-90.40,966.9000,-0.01
2025-05-16 12:50:00,966.85,967.25,966,966.3,192916,-0.1007,-0.6865,-85.33,966.9000,-0.06
2025-05-16 12:55:00,966.3,966.5,965.5,965.7,169784,-0.1560,-0.6865,-77.28,966.9000,-0.12
2025-05-16 13:00:00,965.65,966.25,965.55,966.05,137832,-0.1603,-0.6865,-76.65,966.9000,-0.09
2025-05-16 13:05:00,966.05,966.1,965.45,965.55,118432,-0.1862,-0.6865,-72.88,966.9000,-0.14
2025-05-16 13:10:00,965.55,966.7,965.1,965.8,304436,-0.1761,-0.6865,-74.35,966.9000,-0.11
2025-05-16 13:15:00,965.85,966.25,965.25,965.85,173784,-0.1562,-0.6865,-77.25,966.9000,-0.11
2025-05-16 13:20:00,965.85,966.5,965.25,965.9,297078,-0.1309,-0.6865,-80.93,966.9000,-0.10
2025-05-16 13:25:00,965.75,966.45,965.75,966.45,100330,-0.0714,-0.6865,-89.60,966.9000,-0.05
2025-05-16 13:30:00,966.35,967,964.9,965.7,2389230,-0.0763,-0.6865,-88.89,966.9000,-0.12
2025-05-16 13:35:00,965.7,966.65,965.65,966.35,151668,-0.0319,-0.6865,-95.35,966.9000,-0.06
2025-05-16 13:40:00,966.25,966.5,965.25,965.25,98384,-0.0704,-0.6865,-89.75,966.9000,-0.17
2025-05-16 13:45:00,965.3,965.4,964.2,965,176302,-0.1045,-0.6865,-84.78,966.9000,-0.20
2025-05-16 13:50:00,965.1,966,964.95,965.75,114554,-0.0700,-0.6865,-89.80,966.9000,-0.12
2025-05-16 13:55:00,965.8,966.9,965.75,966.75,85054,0.0218,-0.6865,-103.18,966.9000,-0.02
2025-05-16 14:00:00,966.85,967.5,966.5,967.1,126958,0.1032,-0.6865,-115.03,966.9000,0.02
2025-05-16 14:05:00,967.3,968,967,967.55,138522,0.1800,-0.6865,-126.22,966.9000,0.07
2025-05-16 14:10:00,967.55,967.95,967.05,967.5,91632,0.2174,-0.6865,-131.67,966.9000,0.06
2025-05-16 14:15:00,967.5,967.55,966.5,966.85,132188,0.1896,-0.6865,-127.62,966.9000,-0.01
2025-05-16 14:20:00,966.85,967.45,966.5,967,117282,0.1728,-0.6865,-125.17,966.9000,0.01
2025-05-16 14:25:00,966.95,967.45,966.55,967,130784,0.1539,-0.6865,-122.42,966.9000,0.01
2025-05-16 14:30:00,966.95,967.5,966.75,967.05,96376,0.1375,-0.6865,-120.03,966.9000,0.02
2025-05-16 14:35:00,967.4,967.5,966.65,967.3,106224,0.1360,-0.6865,-119.81,966.9000,0.04
2025-05-16 14:40:00,967.3,967.7,966.9,967.1,131586,0.1149,-0.6865,-116.74,966.9000,0.02
2025-05-16 14:45:00,967.25,967.5,966.9,967,125776,0.0887,-0.6865,-112.92,966.9000,0.01
2025-05-16 14:50:00,967.05,967.75,966.9,967.4,172328,0.0924,-0.6865,-113.46,966.9000,0.05
2025-05-16 14:55:00,967.4,968.5,966.9,968.2,165806,0.1400,-0.6865,-120.39,966.9000,0.13
2025-05-16 15:00:00,968.25,968.5,966.85,968,352596,0.1484,-0.6865,-121.62,966.9000,0.11
2025-05-16 15:05:00,968.05,968.2,967.5,967.55,407096,0.1156,-0.6865,-116.84,966.9000,0.07
2025-05-16 15:10:00,967.55,967.85,966.95,967.55,411932,0.0870,-0.6865,-112.67,966.9000,0.07
2025-05-16 15:15:00,967.45,967.55,966.8,966.85,394196,0.0178,-0.6865,-102.59,966.9000,-0.01
2025-05-16 15:20:00,966.85,967.4,966.15,967,451408,-0.0190,-0.6865,-97.23,966.9000,0.01
2025-05-16 15:25:00,966.85,967.75,966.5,967.25,303410,-0.0273,-0.6865,-96.02,966.9000,0.04
2025-05-19 09:15:00,968,971.85,967.55,970.2,340184,0.1552,-0.0273,-668.50,967.2500,0.30
2025-05-19 09:20:00,970.2,971.65,970,970.15,113268,0.2559,-0.0273,-1037.36,967.2500,0.30
2025-05-19 09:25:00,970.1,970.55,968.75,969.15,58734,0.2389,-0.0273,-975.09,967.2500,0.20
2025-05-19 09:30:00,969.15,970.2,967.5,968.35,150294,0.1611,-0.0273,-690.11,967.2500,0.11
2025-05-19 09:35:00,968.3,969,967.35,968.4,90770,0.1032,-0.0273,-478.02,967.2500,0.12
2025-05-19 09:40:00,968.4,968.5,967.35,967.5,65046,-0.0000,-0.0273,-100.00,967.2500,0.03
2025-05-19 09:45:00,967.5,967.5,966.65,967.2,34996,-0.0880,-0.0273,222.34,967.2500,-0.01
2025-05-19 09:50:00,967.1,968.45,966.55,967.4,63232,-0.1296,-0.0273,374.73,967.2500,0.02
2025-05-19 09:55:00,967.35,967.4,966.05,966.1,61862,-0.2355,-0.0273,762.64,967.2500,-0.12
2025-05-19 10:00:00,966.05,967.5,965.65,966.95,44448,-0.2383,-0.0273,772.89,967.2500,-0.03
2025-05-19 10:05:00,966.8,967.5,966.4,967.5,37284,-0.1951,-0.0273,614.65,967.2500,0.03
2025-05-19 10:10:00,967.5,968.5,967.4,968.4,48554,-0.1024,-0.0273,275.09,967.2500,0.12
2025-05-19 10:15:00,968.35,969.7,968.35,968.5,52646,-0.0344,-0.0273,26.01,967.2500,0.13
2025-05-19 10:20:00,968.5,969.75,968.5,969.75,76708,0.0881,-0.0273,-422.71,967.2500,0.26
2025-05-19 10:25:00,969.5,970.5,969.15,969.75,124146,0.1582,-0.0273,-679.49,967.2500,0.26
2025-05-19 10:30:00,969.65,970.5,969.5,969.9,48140,0.2011,-0.0273,-836.63,967.2500,0.27
2025-05-19 10:35:00,969.6,970,969,969.65,25986,0.1987,-0.0273,-827.84,967.2500,0.25
2025-05-19 10:40:00,969.6,970.5,969.15,969.75,65284,0.1900,-0.0273,-795.97,967.2500,0.26
2025-05-19 10:45:00,969.8,970.4,969.65,969.75,67470,0.1708,-0.0273,-725.64,967.2500,0.26
2025-05-19 10:50:00,969.85,972,969.65,971.9,125138,0.2830,-0.0273,-1136.63,967.2500,0.48
2025-05-19 10:55:00,971.75,972.5,970.9,971.15,176540,0.2859,-0.0273,-1147.25,967.2500,0.40
2025-05-19 11:00:00,971.15,971.2,970.2,971.1,49226,0.2642,-0.0273,-1067.77,967.2500,0.40
2025-05-19 11:05:00,971.05,971.45,970.9,970.95,33426,0.2212,-0.0273,-910.26,967.2500,0.38
2025-05-19 11:10:00,970.95,971.4,970.35,970.7,113438,0.1602,-0.0273,-686.81,967.2500,0.36
2025-05-19 11:15:00,970.7,971.45,970.55,970.85,52656,0.1163,-0.0273,-526.01,967.2500,0.37
2025-05-19 11:20:00,970.85,971.1,970.05,970.2,45268,0.0342,-0.0273,-225.27,967.2500,0.30
2025-05-19 11:25:00,970.25,970.45,969.5,970,73150,-0.0391,-0.0273,43.22,967.2500,0.28
2025-05-19 11:30:00,970,970,968.3,968.7,150938,-0.1730,-0.0273,533.70,967.2500,0.15
2025-05-19 11:35:00,968.75,969.3,968.4,968.45,167406,-0.2705,-0.0273,890.84,967.2500,0.12
2025-05-19 11:40:00,968.45,968.95,968.1,968.1,57782,-0.3459,-0.0273,1167.03,967.2500,0.09
2025-05-19 11:45:00,968.1,968.65,967.75,967.9,93962,-0.3930,-0.0273,1339.56,967.2500,0.07
2025-05-19 11:50:00,967.9,970,967.8,969.4,127758,-0.3106,-0.0273,1037.73,967.2500,0.22
2025-05-19 11:55:00,969.45,969.8,968.85,969.5,106856,-0.2400,-0.0273,779.12,967.2500,0.23
2025-05-19 12:00:00,969.45,969.9,968.8,969.5,113344,-0.1863,-0.0273,582.42,967.2500,0.23
2025-05-19 12:05:00,969.5,970,969.35,969.65,69124,-0.1360,-0.0273,398.17,967.2500,0.25
2025-05-19 12:10:00,969.65,970,968.75,970,173054,-0.0774,-0.0273,183.52,967.2500,0.28
2025-05-19 12:15:00,969.8,971.15,969.05,971.1,151178,0.0313,-0.0273,-214.65,967.2500,0.40
2025-05-19 12:20:00,971.1,971.45,970.3,971,208820,0.0891,-0.0273,-426.37,967.2500,0.39
2025-05-19 12:25:00,971.05,971.35,969.75,970.45,88628,0.0831,-0.0273,-404.40,967.2500,0.33
2025-05-19 12:30:00,970.45,970.75,969.5,969.5,55316,0.0117,-0.0273,-142.86,967.2500,0.23
2025-05-19 12:35:00,969.65,970.1,969,969.7,192632,-0.0237,-0.0273,-13.19,967.2500,0.25
2025-05-19 12:40:00,969.7,969.85,969,969,42682,-0.0919,-0.0273,236.63,967.2500,0.18
2025-05-19 12:45:00,969,969.25,968.7,969.25,93520,-0.1164,-0.0273,326.37,967.2500,0.21
2025-05-19 12:50:00,969.25,970.45,969.2,970.1,190134,-0.0736,-0.0273,169.60,967.2500,0.29
2025-05-19 12:55:00,970.1,970.25,969.6,969.75,69888,-0.0672,-0.0273,146.15,967.2500,0.26
2025-05-19 13:00:00,969.7,970,969,969.95,94406,-0.0488,-0.0273,78.75,967.2500,0.28
2025-05-19 13:05:00,969.95,970.15,968.85,968.95,134208,-0.1003,-0.0273,267.40,967.2500,0.18
2025-05-19 13:10:00,968.85,968.95,968,968.55,92438,-0.1544,-0.0273,465.57,967.2500,0.13
2025-05-19 13:15:00,968.55,969,968.25,968.45,120366,-0.1877,-0.0273,587.55,967.2500,0.12
2025-05-19 13:20:00,968.5,969.95,968.45,969.9,149786,-0.1070,-0.0273,291.94,967.2500,0.27
2025-05-19 13:25:00,969.95,969.95,968.2,968.85,191092,-0.1183,-0.0273,333.33,967.2500,0.17
2025-05-19 13:30:00,968.85,969.8,968.35,969,167028,-0.1099,-0.0273,302.56,967.2500,0.18
2025-05-19 13:35:00,968.9,969.4,968.3,969,62444,-0.0988,-0.0273,261.90,967.2500,0.18
2025-05-19 13:40:00,969,969.4,968.15,968.3,70290,-0.1311,-0.0273,380.22,967.2500,0.11
2025-05-19 13:45:00,968.3,968.5,967.15,967.5,118208,-0.1950,-0.0273,614.29,967.2500,0.03
2025-05-19 13:50:00,967.45,968.4,967,968.4,131996,-0.1664,-0.0273,509.52,967.2500,0.12
2025-05-19 13:55:00,968.4,968.4,967.5,967.6,57674,-0.1895,-0.0273,594.14,967.2500,0.04
2025-05-19 14:00:00,967.65,967.85,966.4,967.05,103446,-0.2273,-0.0273,732.60,967.2500,-0.02
2025-05-19 14:05:00,966.75,967.15,966.1,966.45,81372,-0.2750,-0.0273,907.33,967.2500,-0.08
2025-05-19 14:10:00,966.45,967,965.5,966.65,103174,-0.2749,-0.0273,906.96,967.2500,-0.06
2025-05-19 14:15:00,966.6,967.5,966.55,967.4,104896,-0.2089,-0.0273,665.20,967.2500,0.02
2025-05-19 14:20:00,967.5,967.5,966.65,966.85,73980,-0.1877,-0.0273,587.55,967.2500,-0.04
2025-05-19 14:25:00,966.85,967.5,966.7,967.05,101324,-0.1473,-0.0273,439.56,967.2500,-0.02
2025-05-19 14:30:00,967,968.45,966.95,967.95,107288,-0.0520,-0.0273,90.48,967.2500,0.07
2025-05-19 14:35:00,967.85,968.45,967.5,967.7,115852,-0.0006,-0.0273,-97.80,967.2500,0.05
2025-05-19 14:40:00,967.75,967.95,967.3,967.4,114246,0.0174,-0.0273,-163.74,967.2500,0.02
2025-05-19 14:45:00,967.45,967.5,966.2,966.9,105610,0.0008,-0.0273,-102.93,967.2500,-0.04
2025-05-19 14:50:00,966.9,967.5,966.55,967,82360,0.0016,-0.0273,-105.86,967.2500,-0.03
2025-05-19 14:55:00,967.2,967.5,966.8,967.5,159634,0.0388,-0.0273,-242.12,967.2500,0.03
2025-05-19 15:00:00,967.5,969.8,967.35,968.95,600124,0.1574,-0.0273,-676.56,967.2500,0.18
2025-05-19 15:05:00,969,970.4,968.7,969.25,532226,0.2471,-0.0273,-1005.13,967.2500,0.21
2025-05-19 15:10:00,969.25,969.75,968.6,969,450938,0.2783,-0.0273,-1119.41,967.2500,0.18
2025-05-19 15:15:00,969,969.95,968.95,969.55,449534,0.3215,-0.0273,-1277.66,967.2500,0.24
2025-05-19 15:20:00,969.55,969.85,969.4,969.6,449416,0.3375,-0.0273,-1336.26,967.2500,0.24
2025-05-19 15:25:00,969.7,970.25,968.1,968.55,410990,0.2645,-0.0273,-1068.86,967.2500,0.13
2025-05-20 09:15:00,964.5,967.3,964.5,965.15,1941198,-0.0109,0.2645,-104.12,968.5500,-0.35
2025-05-20 09:20:00,965.4,965.8,963.5,963.8,737924,-0.2680,0.2645,-201.32,968.5500,-0.49
2025-05-20 09:25:00,963.85,963.85,960.75,961,179754,-0.5920,0.2645,-323.82,968.5500,-0.78
2025-05-20 09:30:00,961,961.8,960.5,961.6,165512,-0.7226,0.2645,-373.19,968.5500,-0.72
2025-05-20 09:35:00,961.6,962,961.05,961.7,106178,-0.7555,0.2645,-385.63,968.5500,-0.71
2025-05-20 09:40:00,961.7,961.7,959.05,959.2,186516,-0.8895,0.2645,-436.29,968.5500,-0.97
2025-05-20 09:45:00,959.1,959.8,958.25,958.95,297186,-0.9344,0.2645,-453.27,968.5500,-0.99
2025-05-20 09:50:00,958.85,959,958,958.75,275324,-0.9156,0.2645,-446.16,968.5500,-1.01
2025-05-20 09:55:00,958.75,959.35,958.1,958.5,125646,-0.8591,0.2645,-424.80,968.5500,-1.04
2025-05-20 10:00:00,958.3,959.1,957.75,958.1,144032,-0.7894,0.2645,-398.45,968.5500,-1.08
2025-05-20 10:05:00,958.05,958.95,957.85,958.4,108758,-0.6688,0.2645,-352.85,968.5500,-1.05
2025-05-20 10:10:00,958.4,958.8,958.1,958.65,92988,-0.5241,0.2645,-298.15,968.5500,-1.02
2025-05-20 10:15:00,958.65,959.3,958.55,959,110122,-0.3645,0.2645,-237.81,968.5500,-0.99
2025-05-20 10:20:00,958.95,959.2,958.25,958.9,79444,-0.2316,0.2645,-187.56,968.5500,-1.00
2025-05-20 10:25:00,958.9,960.2,958.5,959.8,131432,-0.0582,0.2645,-122.00,968.5500,-0.90
2025-05-20 10:30:00,959.75,960.2,959.15,959.45,155378,0.0519,0.2645,-80.38,968.5500,-0.94
2025-05-20 10:35:00,959.5,960.85,959.5,960.7,96546,0.2185,0.2645,-17.39,968.5500,-0.81
2025-05-20 10:40:00,960.65,961.3,960.05,960.5,85734,0.3188,0.2645,20.53,968.5500,-0.83
2025-05-20 10:45:00,960.4,962,960.4,961.4,131194,0.4418,0.2645,67.03,968.5500,-0.74
2025-05-20 10:50:00,961.4,961.6,960.6,960.95,61568,0.4853,0.2645,83.48,968.5500,-0.78
2025-05-20 10:55:00,960.95,960.95,959.95,960.25,83312,0.4597,0.2645,73.80,968.5500,-0.86
2025-05-20 11:00:00,960.25,960.75,959.5,960,77382,0.4198,0.2645,58.71,968.5500,-0.88
2025-05-20 11:05:00,960,960.5,959.85,960,82702,0.3880,0.2645,46.69,968.5500,-0.88
2025-05-20 11:10:00,960,960.5,959.5,960.25,60238,0.3781,0.2645,42.95,968.5500,-0.86
2025-05-20 11:15:00,960.2,960.2,959.05,959.3,63082,0.3049,0.2645,15.27,968.5500,-0.96
2025-05-20 11:20:00,959.3,959.6,958.7,959.15,61194,0.2462,0.2645,-6.92,968.5500,-0.97
2025-05-20 11:25:00,959.15,959.55,958.25,958.5,125570,0.1673,0.2645,-36.75,968.5500,-1.04
2025-05-20 11:30:00,958.5,958.9,958.2,958.6,96710,0.1273,0.2645,-51.87,968.5500,-1.03
2025-05-20 11:35:00,958.65,958.95,958.05,958.25,84926,0.0848,0.2645,-67.94,968.5500,-1.06
2025-05-20 11:40:00,958.25,958.5,958,958.4,75900,0.0747,0.2645,-71.76,968.5500,-1.05
2025-05-20 11:45:00,958.4,958.6,958.15,958.6,85204,0.0883,0.2645,-66.62,968.5500,-1.03
2025-05-20 11:50:00,958.6,959.65,958.3,959.6,84250,0.1671,0.2645,-36.82,968.5500,-0.92
2025-05-20 11:55:00,959.6,959.6,958.8,959.1,61992,0.1864,0.2645,-29.53,968.5500,-0.98
2025-05-20 12:00:00,958.95,959.5,958.65,959.4,66990,0.2181,0.2645,-17.54,968.5500,-0.94
2025-05-20 12:05:00,959.4,959.7,959.15,959.5,72068,0.2426,0.2645,-8.28,968.5500,-0.93
2025-05-20 12:10:00,959.5,959.6,958.5,958.65,104514,0.2001,0.2645,-24.35,968.5500,-1.02
2025-05-20 12:15:00,958.9,959.7,958.65,959.3,106974,0.2132,0.2645,-19.40,968.5500,-0.96
2025-05-20 12:20:00,959.3,959.95,959.2,959.6,85856,0.2375,0.2645,-10.21,968.5500,-0.92
2025-05-20 12:25:00,959.6,959.95,959.1,959.45,94362,0.2384,0.2645,-9.87,968.5500,-0.94
2025-05-20 12:30:00,959.45,960,959,960,232266,0.2687,0.2645,1.59,968.5500,-0.88
2025-05-20 12:35:00,959.95,960,958.7,958.75,142858,0.2003,0.2645,-24.27,968.5500,-1.01
2025-05-20 12:40:00,958.8,959.3,958.5,958.85,150280,0.1594,0.2645,-39.74,968.5500,-1.00
2025-05-20 12:45:00,958.85,959.6,958.1,958.2,210920,0.0896,0.2645,-66.12,968.5500,-1.07
2025-05-20 12:50:00,958.3,959.1,957.6,958.15,269558,0.0434,0.2645,-83.59,968.5500,-1.07
2025-05-20 12:55:00,958.15,958.6,956.8,957.35,373118,-0.0335,0.2645,-112.67,968.5500,-1.16
2025-05-20 13:00:00,957.25,957.75,956.9,956.95,216190,-0.1000,0.2645,-137.81,968.5500,-1.20
2025-05-20 13:05:00,957.3,958.1,957,957.45,261608,-0.0988,0.2645,-137.35,968.5500,-1.15
2025-05-20 13:10:00,957.45,958.2,956.9,957.15,192398,-0.1062,0.2645,-140.15,968.5500,-1.18
2025-05-20 13:15:00,957.1,957.3,956.5,956.85,169960,-0.1182,0.2645,-144.69,968.5500,-1.21
2025-05-20 13:20:00,956.85,957.75,956.8,957.2,171074,-0.0908,0.2645,-134.33,968.5500,-1.17
2025-05-20 13:25:00,957.15,958.05,957.05,957.55,178226,-0.0399,0.2645,-115.09,968.5500,-1.14
2025-05-20 13:30:00,957.55,958,957.2,957.95,211960,0.0264,0.2645,-90.02,968.5500,-1.09
2025-05-20 13:35:00,957.95,958.95,957.35,958.65,327062,0.1178,0.2645,-55.46,968.5500,-1.02
2025-05-20 13:40:00,958.6,959.25,958,958.5,289022,0.1658,0.2645,-37.32,968.5500,-1.04
2025-05-20 13:45:00,958.45,959.2,958.1,958.8,238406,0.2123,0.2645,-19.74,968.5500,-1.01
2025-05-20 13:50:00,958.5,959.4,958.4,958.85,180586,0.2391,0.2645,-9.60,968.5500,-1.00
2025-05-20 13:55:00,958.75,959.4,958.4,958.85,172606,0.2483,0.2645,-6.12,968.5500,-1.00
2025-05-20 14:00:00,958.9,959.05,958.2,958.75,214502,0.2391,0.2645,-9.60,968.5500,-1.01
2025-05-20 14:05:00,958.75,958.75,957.8,958.75,178390,0.2247,0.2645,-15.05,968.5500,-1.01
2025-05-20 14:10:00,958.7,959.2,958.35,959.15,212834,0.2327,0.2645,-12.02,968.5500,-0.97
2025-05-20 14:15:00,959.15,959.5,958.5,958.85,339036,0.2093,0.2645,-20.87,968.5500,-1.00
2025-05-20 14:20:00,958.85,959.2,958.35,958.85,277224,0.1859,0.2645,-29.72,968.5500,-1.00
2025-05-20 14:25:00,958.85,958.85,957.9,958.45,269610,0.1380,0.2645,-47.83,968.5500,-1.04
2025-05-20 14:30:00,958.45,958.45,957.55,958,322616,0.0736,0.2645,-72.17,968.5500,-1.09
2025-05-20 14:35:00,958,958.3,957.5,957.75,311112,0.0148,0.2645,-94.40,968.5500,-1.12
2025-05-20 14:40:00,957.75,957.95,957.2,957.8,454500,-0.0181,0.2645,-106.84,968.5500,-1.11
2025-05-20 14:45:00,957.75,957.85,957,957.3,136686,-0.0683,0.2645,-125.82,968.5500,-1.16
2025-05-20 14:50:00,957.4,957.7,956.85,957.3,426628,-0.0946,0.2645,-135.77,968.5500,-1.16
2025-05-20 14:55:00,957.3,957.65,956.75,957.15,680112,-0.1138,0.2645,-143.02,968.5500,-1.18
2025-05-20 15:00:00,957.1,957.75,956.85,957.35,1566182,-0.1051,0.2645,-139.74,968.5500,-1.16
2025-05-20 15:05:00,957.25,957.6,956.6,957.55,1556428,-0.0790,0.2645,-129.87,968.5500,-1.14
2025-05-20 15:10:00,957.45,957.55,956.8,957.4,1627116,-0.0656,0.2645,-124.80,968.5500,-1.15
2025-05-20 15:15:00,957.4,958.15,957,957.3,1356902,-0.0575,0.2645,-121.74,968.5500,-1.16
2025-05-20 15:20:00,957.35,958.55,957.2,958.35,1210182,0.0204,0.2645,-92.29,968.5500,-1.05
2025-05-20 15:25:00,958.45,959,957.85,958.55,593838,0.0837,0.2645,-68.36,968.5500,-1.03
2025-05-21 09:15:00,962.5,964.85,961.95,964.6,1113932,0.5076,0.0837,506.45,958.5500,0.63
2025-05-21 09:20:00,964.6,965,963.25,963.8,167626,0.6970,0.0837,732.74,958.5500,0.55
2025-05-21 09:25:00,963.6,964.45,962.3,964.05,172408,0.7950,0.0837,849.82,958.5500,0.57
2025-05-21 09:30:00,964,965.75,963.7,964.9,233892,0.8669,0.0837,935.72,958.5500,0.66
2025-05-21 09:35:00,965.1,966.45,964.8,966.45,106676,0.9615,0.0837,1048.75,958.5500,0.82
2025-05-21 09:40:00,966.45,968,966.15,968,147970,1.0631,0.0837,1170.13,958.5500,0.99
2025-05-21 09:45:00,968,969.95,967.7,968.6,398378,1.1008,0.0837,1215.17,958.5500,1.05
2025-05-21 09:50:00,968.65,971,968.35,970.5,299790,1.1768,0.0837,1305.97,958.5500,1.25
2025-05-21 09:55:00,970.4,970.5,969.6,969.85,170112,1.1075,0.0837,1223.18,958.5500,1.18
2025-05-21 10:00:00,969.85,970.5,969.85,970,105516,0.9993,0.0837,1093.91,958.5500,1.19
2025-05-21 10:05:00,970,970.75,969.75,970.35,117056,0.8828,0.0837,954.72,958.5500,1.23
2025-05-21 10:10:00,970.3,971,969.75,970.8,103468,0.7716,0.0837,821.86,958.5500,1.28
2025-05-21 10:15:00,970.9,971.75,970.5,971.6,256232,0.6902,0.0837,724.61,958.5500,1.36
2025-05-21 10:20:00,971.65,973.45,971.4,972.35,417628,0.6269,0.0837,648.98,958.5500,1.44
2025-05-21 10:25:00,972.6,972.7,970.65,971.2,162462,0.4556,0.0837,444.32,958.5500,1.32
2025-05-21 10:30:00,971.2,971.45,970.85,970.9,49024,0.2788,0.0837,233.09,958.5500,1.29
2025-05-21 10:35:00,970.9,972.5,970.75,971.6,79776,0.1710,0.0837,104.30,958.5500,1.36
2025-05-21 10:40:00,971.6,972,970.3,970.3,135614,-0.0159,0.0837,-119.00,958.5500,1.23
2025-05-21 10:45:00,970.45,970.5,969.75,970.35,93304,-0.1565,0.0837,-286.98,958.5500,1.23
2025-05-21 10:50:00,970.3,970.5,969.75,970,150168,-0.2857,0.0837,-441.34,958.5500,1.19
2025-05-21 10:55:00,969.95,970.6,969,969.35,218146,-0.4196,0.0837,-601.31,958.5500,1.13
2025-05-21 11:00:00,969.35,970.45,968.05,968.1,253582,-0.5867,0.0837,-800.96,958.5500,1.00
2025-05-21 11:05:00,968.2,969.75,968.05,969.5,95728,-0.5955,0.0837,-811.47,958.5500,1.14
2025-05-21 11:10:00,969.5,970,969,969.05,105166,-0.6212,0.0837,-842.17,958.5500,1.10
2025-05-21 11:15:00,969.05,969.4,968.4,968.6,74718,-0.6548,0.0837,-882.32,958.5500,1.05
2025-05-21 11:20:00,968.5,969.05,967.25,967.55,77804,-0.7284,0.0837,-970.25,958.5500,0.94
2025-05-21 11:25:00,967.55,968.85,967.5,967.8,186798,-0.7385,0.0837,-982.32,958.5500,0.96
2025-05-21 11:30:00,967.8,967.85,966.5,967.15,127942,-0.7641,0.0837,-1012.90,958.5500,0.90
2025-05-21 11:35:00,967.15,967.3,966.5,966.9,65112,-0.7708,0.0837,-1020.91,958.5500,0.87
2025-05-21 11:40:00,966.9,967.4,966.55,966.55,57122,-0.7699,0.0837,-1019.83,958.5500,0.83
2025-05-21 11:45:00,966.55,966.9,965.75,965.9,53806,-0.7817,0.0837,-1033.93,958.5500,0.77
2025-05-21 11:50:00,965.9,966.05,965.25,965.6,52190,-0.7767,0.0837,-1027.96,958.5500,0.74
2025-05-21 11:55:00,965.6,966.3,965.6,966,59012,-0.7150,0.0837,-954.24,958.5500,0.78
2025-05-21 12:00:00,966.1,966.55,964.3,964.8,456236,-0.7215,0.0837,-962.01,958.5500,0.65
2025-05-21 12:05:00,964.8,965.15,964.3,964.7,44822,-0.6985,0.0837,-934.53,958.5500,0.64
2025-05-21 12:10:00,964.7,964.7,962,962.5,117776,-0.7907,0.0837,-1044.68,958.5500,0.41
2025-05-21 12:15:00,962.5,962.5,960.55,962.25,131370,-0.8240,0.0837,-1084.47,958.5500,0.39
2025-05-21 12:20:00,962.25,963.75,962,963.1,147616,-0.7466,0.0837,-992.00,958.5500,0.47
2025-05-21 12:25:00,963.1,963.45,961.55,962.4,122730,-0.7010,0.0837,-937.51,958.5500,0.40
2025-05-21 12:30:00,962.5,964.1,961.9,963.05,302648,-0.5900,0.0837,-804.90,958.5500,0.47
2025-05-21 12:35:00,963.1,964.9,963.05,964.2,117480,-0.4107,0.0837,-590.68,958.5500,0.59
2025-05-21 12:40:00,964.2,964.5,963.25,963.55,66898,-0.3117,0.0837,-472.40,958.5500,0.52
2025-05-21 12:45:00,963.55,964.15,962.2,962.85,122054,-0.2709,0.0837,-423.66,958.5500,0.45
2025-05-21 12:50:00,963.1,963.25,961.4,961.5,122792,-0.3095,0.0837,-469.77,958.5500,0.31
2025-05-21 12:55:00,961.8,963.4,961.5,963.1,142392,-0.2069,0.0837,-347.19,958.5500,0.47
2025-05-21 13:00:00,963.05,964.4,962.35,964.25,149358,-0.0493,0.0837,-158.90,958.5500,0.59
2025-05-21 13:05:00,964.3,964.5,962.85,963.7,293248,0.0259,0.0837,-69.06,958.5500,0.54
2025-05-21 13:10:00,963.75,964.45,963.6,963.95,51922,0.0967,0.0837,15.53,958.5500,0.56
2025-05-21 13:15:00,964,965,963.5,964.85,119592,0.2022,0.0837,141.58,958.5500,0.66
2025-05-21 13:20:00,964.9,965.5,963.1,963.45,130510,0.1768,0.0837,111.23,958.5500,0.51
2025-05-21 13:25:00,963.45,963.5,962,962.05,89502,0.0701,0.0837,-16.25,958.5500,0.37
2025-05-21 13:30:00,962.05,962.6,962.05,962.5,65874,0.0360,0.0837,-56.99,958.5500,0.41
2025-05-21 13:35:00,962.5,963.05,961.15,962.25,117786,0.0045,0.0837,-94.62,958.5500,0.39
2025-05-21 13:40:00,962.25,962.7,961.3,961.85,113346,-0.0333,0.0837,-139.78,958.5500,0.34
2025-05-21 13:45:00,961.75,963,961.25,962.85,54566,0.0163,0.0837,-80.53,958.5500,0.45
2025-05-21 13:50:00,962.85,962.9,961.95,962.45,61032,0.0287,0.0837,-65.71,958.5500,0.41
2025-05-21 13:55:00,962.5,963.1,962.05,962.5,77518,0.0458,0.0837,-45.28,958.5500,0.41
2025-05-21 14:00:00,962.5,962.5,960.95,961.25,75880,-0.0181,0.0837,-121.62,958.5500,0.28
2025-05-21 14:05:00,961.3,962.35,961.25,962.1,79012,0.0046,0.0837,-94.50,958.5500,0.37
2025-05-21 14:10:00,962.3,963.2,961.5,963.2,63658,0.0964,0.0837,15.17,958.5500,0.49
2025-05-21 14:15:00,963.2,963.45,962.75,962.9,85962,0.1370,0.0837,63.68,958.5500,0.45
2025-05-21 14:20:00,962.8,964.2,962.5,963.75,96950,0.2166,0.0837,158.78,958.5500,0.54
2025-05-21 14:25:00,963.75,964.4,963.35,964.25,84120,0.2936,0.0837,250.78,958.5500,0.59
2025-05-21 14:30:00,964.2,964.65,963.35,964.05,88716,0.3196,0.0837,281.84,958.5500,0.57
2025-05-21 14:35:00,964.05,964.95,963.55,963.85,282248,0.3115,0.0837,272.16,958.5500,0.55
2025-05-21 14:40:00,963.85,964.65,962.75,962.95,227700,0.2371,0.0837,183.27,958.5500,0.46
2025-05-21 14:45:00,962.95,964.15,962.75,963.55,237190,0.2202,0.0837,163.08,958.5500,0.52
2025-05-21 14:50:00,963.75,964.4,963.4,964.4,158680,0.2557,0.0837,205.50,958.5500,0.61
2025-05-21 14:55:00,964.25,964.45,963,963.55,142208,0.2132,0.0837,154.72,958.5500,0.52
2025-05-21 15:00:00,963.55,965,963.25,963.45,859558,0.1712,0.0837,104.54,958.5500,0.51
2025-05-21 15:05:00,963.45,964.35,963.45,963.6,599852,0.1475,0.0837,76.22,958.5500,0.53
2025-05-21 15:10:00,963.6,963.6,962.3,962.4,526920,0.0499,0.0837,-40.38,958.5500,0.40
2025-05-21 15:15:00,962.45,964,962.4,963.4,643692,0.0514,0.0837,-38.59,958.5500,0.51
2025-05-21 15:20:00,963.45,963.9,961.9,962.1,525880,-0.0319,0.0837,-138.11,958.5500,0.37
2025-05-21 15:25:00,962.1,963.25,961.5,962.6,404136,-0.0491,0.0837,-158.66,958.5500,0.42
2025-05-22 09:15:00,958,961.25,956.65,957.3,1170100,-0.3940,-0.0491,702.44,962.6000,-0.55
2025-05-22 09:20:00,957.15,957.2,953,953.35,568884,-0.8392,-0.0491,1609.16,962.6000,-0.96
2025-05-22 09:25:00,953.35,956.25,953,954.2,633502,-1.0156,-0.0491,1968.43,962.6000,-0.87
2025-05-22 09:30:00,954.05,954.65,952.6,954.2,439052,-1.0662,-0.0491,2071.49,962.6000,-0.87
2025-05-22 09:35:00,954.25,956.05,953.4,954.45,314232,-1.0170,-0.0491,1971.28,962.6000,-0.85
2025-05-22 09:40:00,954.45,955.7,953.9,955.1,267798,-0.8800,-0.0491,1692.26,962.6000,-0.78
2025-05-22 09:45:00,955.05,955.4,953.8,954.95,204422,-0.7441,-0.0491,1415.48,962.6000,-0.79
2025-05-22 09:50:00,954.95,956.65,954.5,955.7,155126,-0.5569,-0.0491,1034.22,962.6000,-0.72
2025-05-22 09:55:00,955.55,956.9,954.5,956.9,143474,-0.3174,-0.0491,546.44,962.6000,-0.59
2025-05-22 10:00:00,956.65,956.95,955.5,955.8,105216,-0.2037,-0.0491,314.87,962.6000,-0.71
2025-05-22 10:05:00,955.8,956.45,954.55,956.1,144522,-0.0851,-0.0491,73.32,962.6000,-0.68
2025-05-22 10:10:00,956.1,956.5,955.15,956.45,117332,0.0339,-0.0491,-169.04,962.6000,-0.64
2025-05-22 10:15:00,956.45,956.7,955.7,956,95794,0.0956,-0.0491,-294.70,962.6000,-0.69
2025-05-22 10:20:00,955.95,956.95,955.75,956.1,92516,0.1532,-0.0491,-412.02,962.6000,-0.68
2025-05-22 10:25:00,956.1,956.2,954.65,955.5,561730,0.1601,-0.0491,-426.07,962.6000,-0.74
2025-05-22 10:30:00,955.55,956.8,955.25,956.7,103196,0.2494,-0.0491,-607.94,962.6000,-0.61
2025-05-22 10:35:00,956.65,959.1,956.35,958.2,201680,0.4042,-0.0491,-923.22,962.6000,-0.46
2025-05-22 10:40:00,958.2,959.1,957.75,957.95,211198,0.4793,-0.0491,-1076.17,962.6000,-0.48
2025-05-22 10:45:00,957.85,958.7,957.75,957.95,105908,0.5155,-0.0491,-1149.90,962.6000,-0.48
2025-05-22 10:50:00,957.95,959.5,957.8,958.75,104112,0.5752,-0.0491,-1271.49,962.6000,-0.40
2025-05-22 10:55:00,958.75,959.05,958.05,959,103830,0.6102,-0.0491,-1342.77,962.6000,-0.37
2025-05-22 11:00:00,959,959.95,958.55,959.7,138264,0.6551,-0.0491,-1434.22,962.6000,-0.30
2025-05-22 11:05:00,959.65,960.25,958.35,958.9,108754,0.6066,-0.0491,-1335.44,962.6000,-0.38
2025-05-22 11:10:00,958.85,959.05,958.45,958.8,91756,0.5455,-0.0491,-1211.00,962.6000,-0.39
2025-05-22 11:15:00,958.75,959.8,958.7,958.95,90644,0.4944,-0.0491,-1106.92,962.6000,-0.38
2025-05-22 11:20:00,959,959.05,957.65,957.85,115660,0.3713,-0.0491,-856.21,962.6000,-0.49
2025-05-22 11:25:00,957.85,958.15,957.25,957.65,122916,0.2661,-0.0491,-641.96,962.6000,-0.51
2025-05-22 11:30:00,957.6,957.95,957.45,957.7,80812,0.1931,-0.0491,-493.28,962.6000,-0.51
2025-05-22 11:35:00,957.65,957.7,955.1,955.6,277734,0.0063,-0.0491,-112.83,962.6000,-0.73
2025-05-22 11:40:00,955.6,956,954.5,955.35,215872,-0.1239,-0.0491,152.34,962.6000,-0.75
2025-05-22 11:45:00,955.3,956.7,954.95,955.75,161510,-0.1700,-0.0491,246.23,962.6000,-0.71
2025-05-22 11:50:00,955.75,956.7,955.6,956.45,150020,-0.1415,-0.0491,188.19,962.6000,-0.64
2025-05-22 11:55:00,956.45,957,955.5,956.85,191026,-0.0866,-0.0491,76.37,962.6000,-0.60
2025-05-22 12:00:00,956.8,957.95,956.55,957,89080,-0.0337,-0.0491,-31.36,962.6000,-0.58
2025-05-22 12:05:00,956.95,957.15,956.5,957.05,103642,0.0089,-0.0491,-118.13,962.6000,-0.58
2025-05-22 12:10:00,957.05,957.6,956.65,957.15,114192,0.0459,-0.0491,-193.48,962.6000,-0.57
2025-05-22 12:15:00,957.15,957.25,955.4,955.65,185226,-0.0248,-0.0491,-49.49,962.6000,-0.72
2025-05-22 12:20:00,955.65,956.6,955.65,956.4,181072,-0.0156,-0.0491,-68.23,962.6000,-0.64
2025-05-22 12:25:00,956.3,956.65,955.9,956.25,154020,-0.0141,-0.0491,-71.28,962.6000,-0.66
2025-05-22 12:30:00,956.15,957.1,955.75,956.3,172758,-0.0049,-0.0491,-90.02,962.6000,-0.65
2025-05-22 12:35:00,956.05,957.5,956.05,956.9,172866,0.0439,-0.0491,-189.41,962.6000,-0.59
2025-05-22 12:40:00,956.9,957.15,956.2,956.75,201694,0.0669,-0.0491,-236.25,962.6000,-0.61
2025-05-22 12:45:00,956.75,957.15,955.95,956.4,161976,0.0597,-0.0491,-221.59,962.6000,-0.64
2025-05-22 12:50:00,956.5,957,955.7,955.85,226496,0.0210,-0.0491,-142.77,962.6000,-0.70
2025-05-22 12:55:00,955.9,956.6,955.05,955.9,245642,0.0028,-0.0491,-105.70,962.6000,-0.70
2025-05-22 13:00:00,955.95,956.05,955.45,955.85,148368,-0.0079,-0.0491,-83.91,962.6000,-0.70
2025-05-22 13:05:00,955.85,955.9,955,955.5,194138,-0.0326,-0.0491,-33.60,962.6000,-0.74
2025-05-22 13:10:00,955.45,956.45,955.45,956.25,191734,0.0056,-0.0491,-111.41,962.6000,-0.66
2025-05-22 13:15:00,956.25,956.95,956.15,956.25,96356,0.0334,-0.0491,-168.02,962.6000,-0.66
2025-05-22 13:20:00,956.3,956.9,956.2,956.65,111134,0.0785,-0.0491,-259.88,962.6000,-0.62
2025-05-22 13:25:00,956.65,957.4,956.2,956.7,170386,0.1097,-0.0491,-323.42,962.6000,-0.61
2025-05-22 13:30:00,956.65,957.15,955.4,956.1,191410,0.0888,-0.0491,-280.86,962.6000,-0.68
2025-05-22 13:35:00,956.05,956.9,956,956.7,47552,0.1127,-0.0491,-329.53,962.6000,-0.61
2025-05-22 13:40:00,956.65,957.4,956.25,957,87690,0.1440,-0.0491,-393.28,962.6000,-0.58
2025-05-22 13:45:00,957,957.35,956.05,956.45,414970,0.1237,-0.0491,-351.93,962.6000,-0.64
2025-05-22 13:50:00,956.5,956.5,954.85,955,174374,0.0145,-0.0491,-129.53,962.6000,-0.79
2025-05-22 13:55:00,955.05,955.9,955,955.4,73664,-0.0267,-0.0491,-45.62,962.6000,-0.75
2025-05-22 14:00:00,955.4,956.25,955.15,956.15,71070,-0.0007,-0.0491,-98.57,962.6000,-0.67
2025-05-22 14:05:00,956.15,956.25,955.15,955.4,76040,-0.0298,-0.0491,-39.31,962.6000,-0.75
2025-05-22 14:10:00,955.55,956.35,955.4,955.8,49214,-0.0183,-0.0491,-62.73,962.6000,-0.71
2025-05-22 14:15:00,955.8,956,954.95,955.6,190064,-0.0203,-0.0491,-58.66,962.6000,-0.73
2025-05-22 14:20:00,955.6,956.4,954.85,955.15,540412,-0.0465,-0.0491,-5.30,962.6000,-0.77
2025-05-22 14:25:00,955.2,956.2,954.85,955.85,241980,-0.0130,-0.0491,-73.52,962.6000,-0.70
2025-05-22 14:30:00,955.85,956.85,955.8,956.55,236008,0.0561,-0.0491,-214.26,962.6000,-0.63
2025-05-22 14:35:00,956.5,956.65,955.55,956.2,232380,0.0769,-0.0491,-256.62,962.6000,-0.66
2025-05-22 14:40:00,956.2,959.9,956.15,957.2,808222,0.1522,-0.0491,-409.98,962.6000,-0.56
2025-05-22 14:45:00,957.2,958.85,955.85,958.6,476966,0.2829,-0.0491,-676.17,962.6000,-0.42
2025-05-22 14:50:00,958.55,959.3,957.1,957.8,551044,0.3005,-0.0491,-712.02,962.6000,-0.50
2025-05-22 14:55:00,957.8,962.1,957.75,961.2,832578,0.5136,-0.0491,-1146.03,962.6000,-0.15
2025-05-22 15:00:00,961.2,961.45,959.55,960.55,1052210,0.5784,-0.0491,-1278.00,962.6000,-0.21
2025-05-22 15:05:00,960.5,961,959.85,960.85,1001068,0.6062,-0.0491,-1334.62,962.6000,-0.18
2025-05-22 15:10:00,960.85,960.95,959.1,959.15,713186,0.4803,-0.0491,-1078.21,962.6000,-0.36
2025-05-22 15:15:00,959.2,959.85,958.55,959.45,1099024,0.3913,-0.0491,-896.95,962.6000,-0.33
2025-05-22 15:20:00,959.45,960.55,958.6,959.7,801670,0.3259,-0.0491,-763.75,962.6000,-0.30
2025-05-22 15:25:00,959.7,962,959.3,962,319616,0.4088,-0.0491,-932.59,962.6000,-0.06
2025-05-23 09:15:00,960.05,961.9,957.25,957.9,256674,0.1710,0.4088,-58.17,962.0000,-0.43
2025-05-23 09:20:00,957.9,961,957.55,960.45,134604,0.1687,0.4088,-58.73,962.0000,-0.16
2025-05-23 09:25:00,960.6,961.05,959.8,959.9,95150,0.1158,0.4088,-71.67,962.0000,-0.22
2025-05-23 09:30:00,959.9,961.4,959.05,961.15,138710,0.1486,0.4088,-63.65,962.0000,-0.09
2025-05-23 09:35:00,961.15,963.05,961.15,962.65,129928,0.2490,0.4088,-39.09,962.0000,0.07
2025-05-23 09:40:00,962.6,965,962.5,965,172194,0.4403,0.4088,7.71,962.0000,0.31
2025-05-23 09:45:00,965,966.15,964.75,964.75,145256,0.5115,0.4088,25.12,962.0000,0.29
2025-05-23 09:50:00,964.8,965.15,963.75,964.6,126932,0.5089,0.4088,24.49,962.0000,0.27
2025-05-23 09:55:00,964.7,964.7,963.75,964.2,67788,0.4431,0.4088,8.39,962.0000,0.23
2025-05-23 10:00:00,964.05,965.7,964,965.35,127874,0.4390,0.4088,7.39,962.0000,0.35
2025-05-23 10:05:00,965.1,966,964.55,966,52324,0.4410,0.4088,7.88,962.0000,0.42
2025-05-23 10:10:00,965.95,966.5,965.45,965.45,97150,0.3690,0.4088,-9.74,962.0000,0.36
2025-05-23 10:15:00,965.5,965.75,963.85,963.95,79390,0.1930,0.4088,-52.79,962.0000,0.20
2025-05-23 10:20:00,963.9,963.95,962.25,962.25,66936,-0.0522,0.4088,-112.77,962.0000,0.03
2025-05-23 10:25:00,962.25,963.7,962.25,963.05,62978,-0.1682,0.4088,-141.14,962.0000,0.11
2025-05-23 10:30:00,963.05,963.45,962,962.4,59902,-0.2894,0.4088,-170.79,962.0000,0.04
2025-05-23 10:35:00,962.25,962.95,961.45,961.85,156624,-0.4003,0.4088,-197.92,962.0000,-0.02
2025-05-23 10:40:00,961.85,963,961.8,962.5,198632,-0.4216,0.4088,-203.13,962.0000,0.05
2025-05-23 10:45:00,962.4,965.95,962.2,965.6,199356,-0.2282,0.4088,-155.82,962.0000,0.37
2025-05-23 10:50:00,965.7,967,964.75,965,161604,-0.1461,0.4088,-135.74,962.0000,0.31
2025-05-23 10:55:00,964.75,966.9,964.75,965.55,114724,-0.0642,0.4088,-115.70,962.0000,0.37
2025-05-23 11:00:00,965.65,966.1,964.95,965.6,124646,-0.0185,0.4088,-104.53,962.0000,0.37
2025-05-23 11:05:00,965.55,965.75,964.4,965.25,100884,-0.0235,0.4088,-105.75,962.0000,0.34
2025-05-23 11:10:00,965.2,966.7,965,966.15,140928,0.0199,0.4088,-95.13,962.0000,0.43
2025-05-23 11:15:00,966.35,966.35,964.95,965.3,42912,-0.0203,0.4088,-104.97,962.0000,0.34
2025-05-23 11:20:00,965.3,966.4,964.6,966.05,64674,-0.0087,0.4088,-102.13,962.0000,0.42
2025-05-23 11:25:00,966.05,967,965.6,966.7,73844,0.0284,0.4088,-93.05,962.0000,0.49
2025-05-23 11:30:00,966.75,968.5,966.7,967.3,165984,0.0762,0.4088,-81.36,962.0000,0.55
2025-05-23 11:35:00,967.35,967.4,966.45,966.55,86820,0.0420,0.4088,-89.73,962.0000,0.47
2025-05-23 11:40:00,966.55,967.3,966.1,966.35,101836,-0.0068,0.4088,-101.66,962.0000,0.45
2025-05-23 11:45:00,966.3,966.75,962.85,963.05,280298,-0.2601,0.4088,-163.63,962.0000,0.11
2025-05-23 11:50:00,963.05,964.5,963.05,963.9,81278,-0.3629,0.4088,-188.77,962.0000,0.20
2025-05-23 11:55:00,963.9,964.5,963.35,963.95,109740,-0.4160,0.4088,-201.76,962.0000,0.20
2025-05-23 12:00:00,963.95,964.65,963.45,963.8,49410,-0.4472,0.4088,-209.39,962.0000,0.19
2025-05-23 12:05:00,963.7,964.35,963.25,964.15,115056,-0.4300,0.4088,-205.19,962.0000,0.22
2025-05-23 12:10:00,964.05,964.1,962.4,963.7,212454,-0.4334,0.4088,-206.02,962.0000,0.18
2025-05-23 12:15:00,963.85,965.1,963.35,964.65,170772,-0.3593,0.4088,-187.89,962.0000,0.28
2025-05-23 12:20:00,964.65,966.5,964.6,966.1,270130,-0.2078,0.4088,-150.83,962.0000,0.43
2025-05-23 12:25:00,966.2,966.3,964.7,966,168342,-0.1141,0.4088,-127.91,962.0000,0.42
2025-05-23 12:30:00,966.25,966.9,965.7,966.4,54904,-0.0293,0.4088,-107.17,962.0000,0.46
2025-05-23 12:35:00,966.45,967.3,965.6,965.85,91252,-0.0152,0.4088,-103.72,962.0000,0.40
2025-05-23 12:40:00,965.85,966.5,965.15,965.3,45066,-0.0461,0.4088,-111.28,962.0000,0.34
2025-05-23 12:45:00,965.3,966.25,965.25,966.2,46890,-0.0110,0.4088,-102.69,962.0000,0.44
2025-05-23 12:50:00,966.15,966.45,965.4,965.7,49342,-0.0255,0.4088,-106.24,962.0000,0.38
2025-05-23 12:55:00,965.7,966.25,965.1,965.1,40338,-0.0769,0.4088,-118.81,962.0000,0.32
2025-05-23 13:00:00,965.35,966.55,965,966.5,90804,-0.0207,0.4088,-105.06,962.0000,0.47
2025-05-23 13:05:00,966.55,967.95,966.45,967.25,157102,0.0584,0.4088,-85.71,962.0000,0.55
2025-05-23 13:10:00,967.25,967.25,965.85,966.25,50044,0.0360,0.4088,-91.19,962.0000,0.44
2025-05-23 13:15:00,966.25,967.1,966.25,966.65,78776,0.0403,0.4088,-90.14,962.0000,0.48
2025-05-23 13:20:00,966.7,967.35,966.3,966.9,39544,0.0516,0.4088,-87.38,962.0000,0.51
2025-05-23 13:25:00,967,967.25,966.45,967.05,36198,0.0601,0.4088,-85.30,962.0000,0.52
2025-05-23 13:30:00,967.05,967.2,966.25,966.85,106970,0.0439,0.4088,-89.26,962.0000,0.50
2025-05-23 13:35:00,966.85,967.3,965.85,966.25,86720,-0.0125,0.4088,-103.06,962.0000,0.44
2025-05-23 13:40:00,966.25,966.7,965,965.25,104662,-0.1166,0.4088,-128.52,962.0000,0.34
2025-05-23 13:45:00,965.25,966.3,965,965.2,98476,-0.1844,0.4088,-145.11,962.0000,0.33
2025-05-23 13:50:00,965.2,966.55,965,965.75,73642,-0.1870,0.4088,-145.74,962.0000,0.39
2025-05-23 13:55:00,965.9,965.9,965.3,965.7,48448,-0.1866,0.4088,-145.65,962.0000,0.38
2025-05-23 14:00:00,965.7,966.5,965.7,966.2,51362,-0.1488,0.4088,-136.40,962.0000,0.44
2025-05-23 14:05:00,966.15,966.5,965.8,966,43836,-0.1338,0.4088,-132.73,962.0000,0.42
2025-05-23 14:10:00,966,966.45,965.55,965.95,109076,-0.1240,0.4088,-130.33,962.0000,0.41
2025-05-23 14:15:00,965.95,966.15,964.9,965.65,63528,-0.1337,0.4088,-132.71,962.0000,0.38
2025-05-23 14:20:00,965.65,966.85,965.5,966.5,62108,-0.0814,0.4088,-119.91,962.0000,0.47
2025-05-23 14:25:00,966.5,966.9,965.8,966.2,80810,-0.0662,0.4088,-116.19,962.0000,0.44
2025-05-23 14:30:00,966.25,966.5,965.8,966,60420,-0.0685,0.4088,-116.76,962.0000,0.42
2025-05-23 14:35:00,966,966.75,965.25,965.45,254842,-0.1039,0.4088,-125.42,962.0000,0.36
2025-05-23 14:40:00,965.4,966.25,964.8,964.95,71794,-0.1546,0.4088,-137.82,962.0000,0.31
2025-05-23 14:45:00,964.8,966.15,964.75,965.5,131784,-0.1450,0.4088,-135.47,962.0000,0.36
2025-05-23 14:50:00,965.5,965.65,964.3,964.55,96246,-0.1935,0.4088,-147.33,962.0000,0.27
2025-05-23 14:55:00,964.65,965.45,964.4,965,111844,-0.1860,0.4088,-145.50,962.0000,0.31
2025-05-23 15:00:00,965,967,964.95,966.95,357060,-0.0478,0.4088,-111.69,962.0000,0.51
2025-05-23 15:05:00,966.9,967.05,966.3,966.6,395506,0.0186,0.4088,-95.45,962.0000,0.48
2025-05-23 15:10:00,966.55,967.25,965.9,966.8,281060,0.0714,0.4088,-82.53,962.0000,0.50
2025-05-23 15:15:00,966.75,967.5,966.55,967.2,326436,0.1256,0.4088,-69.28,962.0000,0.54
2025-05-23 15:20:00,967.25,967.5,967,967.4,304956,0.1648,0.4088,-59.69,962.0000,0.56
2025-05-23 15:25:00,967.35,967.5,966,966.75,217870,0.1379,0.4088,-66.27,962.0000,0.49
2025-05-26 09:15:00,967.5,973.65,967.1,971.65,627768,0.4248,0.1379,208.05,966.7500,0.51
2025-05-26 09:20:00,971.65,974.25,971.4,971.5,280396,0.5702,0.1379,313.49,966.7500,0.49
2025-05-26 09:25:00,971.6,973.25,970.9,972.95,188234,0.7200,0.1379,422.12,966.7500,0.64
2025-05-26 09:30:00,972.8,974,971.85,973.05,167002,0.7770,0.1379,463.45,966.7500,0.65
2025-05-26 09:35:00,973,973.5,971.85,973.4,119806,0.7869,0.1379,470.63,966.7500,0.69
2025-05-26 09:40:00,973.3,973.75,972.7,973.15,130472,0.7268,0.1379,427.05,966.7500,0.66
2025-05-26 09:45:00,973.45,974.95,973,974.7,322706,0.7392,0.1379,436.04,966.7500,0.82
2025-05-26 09:50:00,974.7,974.95,973.4,973.8,155714,0.6382,0.1379,362.80,966.7500,0.73
2025-05-26 09:55:00,974,974.15,972.8,974,134646,0.5403,0.1379,291.81,966.7500,0.75
2025-05-26 10:00:00,974,974.35,972.3,972.5,259346,0.3397,0.1379,146.34,966.7500,0.59
2025-05-26 10:05:00,972.5,972.7,971.5,972.3,179674,0.1675,0.1379,21.46,966.7500,0.57
2025-05-26 10:10:00,972.3,972.9,971.7,972.15,173580,0.0249,0.1379,-81.94,966.7500,0.56
2025-05-26 10:15:00,972.1,972.45,970.8,971.25,144202,-0.1397,0.1379,-201.31,966.7500,0.47
2025-05-26 10:20:00,971.25,971.7,970.35,971.7,101590,-0.2228,0.1379,-261.57,966.7500,0.51
2025-05-26 10:25:00,971.6,971.7,966.15,968.25,218116,-0.4990,0.1379,-461.86,966.7500,0.16
2025-05-26 10:30:00,968.2,968.55,967,967.85,127672,-0.6859,0.1379,-597.39,966.7500,0.11
2025-05-26 10:35:00,967.8,967.8,963.45,966.65,204404,-0.8565,0.1379,-721.10,966.7500,-0.01
2025-05-26 10:40:00,966.65,968,965.3,967.1,104316,-0.9007,0.1379,-753.15,966.7500,0.04
2025-05-26 10:45:00,967.45,968.55,966,966.8,125962,-0.9092,0.1379,-759.32,966.7500,0.01
2025-05-26 10:50:00,966.8,967.95,966.4,967.45,82832,-0.8322,0.1379,-703.48,966.7500,0.07
2025-05-26 10:55:00,967.45,969,966.9,967.95,75306,-0.7132,0.1379,-617.19,966.7500,0.12
2025-05-26 11:00:00,968,968.2,966.75,968,50550,-0.6014,0.1379,-536.11,966.7500,0.13
2025-05-26 11:05:00,967.95,968.05,967,967.5,47510,-0.5335,0.1379,-486.87,966.7500,0.08
2025-05-26 11:10:00,967.5,967.75,966.75,967.15,43540,-0.4860,0.1379,-452.43,966.7500,0.04
2025-05-26 11:15:00,967.1,968.75,967.05,967.75,128316,-0.3921,0.1379,-384.34,966.7500,0.10
2025-05-26 11:20:00,967.8,969.45,967.6,968.25,113690,-0.2794,0.1379,-302.61,966.7500,0.16
2025-05-26 11:25:00,968.05,968.5,966.5,967.25,66236,-0.2560,0.1379,-285.64,966.7500,0.05
2025-05-26 11:30:00,967.25,967.7,966.6,967.3,54468,-0.2221,0.1379,-261.06,966.7500,0.06
2025-05-26 11:35:00,967.3,967.3,966.4,966.9,71356,-0.2117,0.1379,-253.52,966.7500,0.02
2025-05-26 11:40:00,967.1,967.9,966.7,967.9,92616,-0.1268,0.1379,-191.95,966.7500,0.12
2025-05-26 11:45:00,967.8,968.6,966.9,967.5,83306,-0.0886,0.1379,-164.25,966.7500,0.08
2025-05-26 11:50:00,967.3,968.95,967.3,968.7,168084,0.0206,0.1379,-85.06,966.7500,0.20
2025-05-26 11:55:00,968.75,969.25,968,968.45,102634,0.0760,0.1379,-44.89,966.7500,0.18
2025-05-26 12:00:00,968.45,969.25,967.7,969,78194,0.1457,0.1379,5.66,966.7500,0.23
2025-05-26 12:05:00,969.25,969.4,968.05,968.4,104094,0.1469,0.1379,6.53,966.7500,0.17
2025-05-26 12:10:00,968.4,969.9,968.35,969.7,76600,0.2260,0.1379,63.89,966.7500,0.31
2025-05-26 12:15:00,969.7,969.7,968.8,969.15,69414,0.2313,0.1379,67.73,966.7500,0.25
2025-05-26 12:20:00,969.15,969.9,969.05,969.55,52236,0.2501,0.1379,81.36,966.7500,0.29
2025-05-26 12:25:00,969.65,971.4,969.5,971,120168,0.3429,0.1379,148.66,966.7500,0.44
2025-05-26 12:30:00,971,971.35,969.85,969.9,75446,0.3136,0.1379,127.41,966.7500,0.33
2025-05-26 12:35:00,969.9,969.95,968.85,969.6,77538,0.2597,0.1379,88.32,966.7500,0.29
2025-05-26 12:40:00,969.6,969.95,968.6,968.6,58836,0.1479,0.1379,7.25,966.7500,0.19
2025-05-26 12:45:00,968.6,969.35,968.15,968.45,50640,0.0596,0.1379,-56.78,966.7500,0.18
2025-05-26 12:50:00,968.45,969.05,968.15,968.4,45764,-0.0031,0.1379,-102.25,966.7500,0.17
2025-05-26 12:55:00,968.45,969.25,967.3,969.05,95610,-0.0017,0.1379,-101.23,966.7500,0.24
2025-05-26 13:00:00,969,969.35,968.35,968.9,64064,-0.0114,0.1379,-108.27,966.7500,0.22
2025-05-26 13:05:00,968.65,969.85,968.45,969.6,111132,0.0268,0.1379,-80.57,966.7500,0.29
2025-05-26 13:10:00,969.65,969.7,968.25,968.45,68724,-0.0251,0.1379,-118.20,966.7500,0.18
2025-05-26 13:15:00,968.45,969,967.85,968,94236,-0.0860,0.1379,-162.36,966.7500,0.13
2025-05-26 13:20:00,968,968.9,967.6,968.05,83048,-0.1173,0.1379,-185.06,966.7500,0.13
2025-05-26 13:25:00,968.05,968.45,967.5,967.75,45918,-0.1504,0.1379,-209.06,966.7500,0.10
2025-05-26 13:30:00,967.9,968.15,967.05,967.8,134648,-0.1603,0.1379,-216.24,966.7500,0.11
2025-05-26 13:35:00,967.9,968.6,967.5,968.6,55938,-0.1069,0.1379,-177.52,966.7500,0.19
2025-05-26 13:40:00,968.6,969.05,968.05,968.7,73260,-0.0610,0.1379,-144.23,966.7500,0.20
2025-05-26 13:45:00,968.65,968.95,967.8,968.5,107180,-0.0412,0.1379,-129.88,966.7500,0.18
2025-05-26 13:50:00,968.75,968.95,968,968.6,61136,-0.0197,0.1379,-114.29,966.7500,0.19
2025-05-26 13:55:00,968.9,969.25,967.75,967.75,59398,-0.0587,0.1379,-142.57,966.7500,0.10
2025-05-26 14:00:00,967.75,968.65,967.75,967.9,60748,-0.0696,0.1379,-150.47,966.7500,0.12
2025-05-26 14:05:00,967.8,968.6,967,968.5,131174,-0.0336,0.1379,-124.37,966.7500,0.18
2025-05-26 14:10:00,968.5,968.75,967.9,968.65,121868,0.0014,0.1379,-98.98,966.7500,0.20
2025-05-26 14:15:00,968.7,968.7,967.5,968.15,67616,-0.0076,0.1379,-105.51,966.7500,0.14
2025-05-26 14:20:00,968.15,968.25,966.7,967.05,111416,-0.0819,0.1379,-159.39,966.7500,0.03
2025-05-26 14:25:00,967.45,968.3,967,968,100904,-0.0623,0.1379,-145.18,966.7500,0.13
2025-05-26 14:30:00,968.1,969,967.5,968.9,79188,0.0120,0.1379,-91.30,966.7500,0.22
2025-05-26 14:35:00,968.85,969,968.35,968.4,103766,0.0275,0.1379,-80.06,966.7500,0.17
2025-05-26 14:40:00,968.75,969,968,968.25,97484,0.0275,0.1379,-80.06,966.7500,0.16
2025-05-26 14:45:00,968.35,968.75,967.85,968.3,107034,0.0305,0.1379,-77.88,966.7500,0.16
2025-05-26 14:50:00,968.3,969.4,967.95,969.2,106754,0.0894,0.1379,-35.17,966.7500,0.25
2025-05-26 14:55:00,969.3,970,968.15,969.45,341162,0.1386,0.1379,0.51,966.7500,0.28
2025-05-26 15:00:00,969.15,970.35,969.15,969.4,359486,0.1596,0.1379,15.74,966.7500,0.27
2025-05-26 15:05:00,969.7,970.2,969.3,969.9,259274,0.1966,0.1379,42.57,966.7500,0.33
2025-05-26 15:10:00,969.8,970.2,969.4,970.05,332398,0.2189,0.1379,58.74,966.7500,0.34
2025-05-26 15:15:00,970.15,970.55,969.65,970.25,285496,0.2336,0.1379,69.40,966.7500,0.36
2025-05-26 15:20:00,970.45,970.7,969.85,970.55,426536,0.2485,0.1379,80.20,966.7500,0.39
2025-05-26 15:25:00,970.5,971.25,969.7,970.15,292042,0.2175,0.1379,57.72,966.7500,0.35
2025-05-27 09:15:00,967.3,967.4,963.5,964.5,953320,-0.1761,0.2175,-180.97,970.1500,-0.58
2025-05-27 09:20:00,964.6,965.45,961.2,961.5,824952,-0.6069,0.2175,-379.03,970.1500,-0.89
2025-05-27 09:25:00,961.5,963.15,961,962.2,332816,-0.8009,0.2175,-468.23,970.1500,-0.82
2025-05-27 09:30:00,962.2,964.35,961,962.9,322036,-0.8344,0.2175,-483.63,970.1500,-0.75
2025-05-27 09:35:00,962.9,965.7,962.3,965.35,253494,-0.6521,0.2175,-399.82,970.1500,-0.49
2025-05-27 09:40:00,965.35,965.5,963,964.4,163964,-0.5595,0.2175,-357.24,970.1500,-0.59
2025-05-27 09:45:00,964.4,964.7,963.1,963.35,205536,-0.5331,0.2175,-345.10,970.1500,-0.70
2025-05-27 09:50:00,963.35,964.2,962,962.1,243644,-0.5611,0.2175,-357.98,970.1500,-0.83
2025-05-27 09:55:00,962.1,963.3,961.15,961.75,157706,-0.5631,0.2175,-358.90,970.1500,-0.87
2025-05-27 10:00:00,961.75,962.75,960.6,962.5,196168,-0.4771,0.2175,-319.36,970.1500,-0.79
2025-05-27 10:05:00,962.5,963.35,961.75,962.6,182718,-0.3810,0.2175,-275.17,970.1500,-0.78
2025-05-27 10:10:00,962.65,962.65,961.15,961.35,167764,-0.3687,0.2175,-269.52,970.1500,-0.91
2025-05-27 10:15:00,961.2,961.5,960.1,960.75,137426,-0.3674,0.2175,-268.92,970.1500,-0.97
2025-05-27 10:20:00,960.75,961.15,960,960.15,88244,-0.3722,0.2175,-271.13,970.1500,-1.03
2025-05-27 10:25:00,960.2,960.7,959.5,959.75,139156,-0.3669,0.2175,-268.69,970.1500,-1.07
2025-05-27 10:30:00,959.75,960.7,959.6,960,184210,-0.3132,0.2175,-244.00,970.1500,-1.05
2025-05-27 10:35:00,960,961.25,959.9,960.4,126398,-0.2218,0.2175,-201.98,970.1500,-1.00
2025-05-27 10:40:00,960.35,961.15,959.6,959.85,178252,-0.1717,0.2175,-178.94,970.1500,-1.06
2025-05-27 10:45:00,959.6,960.1,959.15,959.45,145456,-0.1400,0.2175,-164.37,970.1500,-1.10
2025-05-27 10:50:00,959.45,960.55,959.4,960.35,137326,-0.0383,0.2175,-117.61,970.1500,-1.01
2025-05-27 10:55:00,960.35,961.35,959.75,960.1,190700,0.0286,0.2175,-86.85,970.1500,-1.04
2025-05-27 11:00:00,960.15,963.5,960,962.9,499270,0.2648,0.2175,21.75,970.1500,-0.75
2025-05-27 11:05:00,962.85,968.3,961.2,963.65,797008,0.4633,0.2175,113.01,970.1500,-0.67
2025-05-27 11:10:00,963.6,965,962.05,965,191102,0.6650,0.2175,205.75,970.1500,-0.53
2025-05-27 11:15:00,965,969.2,964.9,966.95,383772,0.8950,0.2175,311.49,970.1500,-0.33
2025-05-27 11:20:00,967,968.5,964.95,968.15,201170,1.0806,0.2175,396.83,970.1500,-0.21
2025-05-27 11:25:00,968.25,971.5,967.95,971.5,349620,1.3635,0.2175,526.90,970.1500,0.14
2025-05-27 11:30:00,971.5,974,971.05,972.4,382826,1.5331,0.2175,604.87,970.1500,0.23
2025-05-27 11:35:00,972.45,972.9,968.5,970.9,186360,1.4661,0.2175,574.07,970.1500,0.08
2025-05-27 11:40:00,971,971.1,968.1,969.6,126422,1.2637,0.2175,481.01,970.1500,-0.06
2025-05-27 11:45:00,969.7,970.2,966.75,967.9,123576,0.9587,0.2175,340.78,970.1500,-0.23
2025-05-27 11:50:00,967.55,969,966.5,969,73498,0.7819,0.2175,259.49,970.1500,-0.12
2025-05-27 11:55:00,968.95,970.85,968.3,969.3,83526,0.6418,0.2175,195.08,970.1500,-0.09
2025-05-27 12:00:00,969.3,970.9,967.7,970.3,72698,0.5754,0.2175,164.55,970.1500,0.02
2025-05-27 12:05:00,970.25,970.6,969.15,970.05,36978,0.4774,0.2175,119.49,970.1500,-0.01
2025-05-27 12:10:00,970.05,971,969.65,970.15,71488,0.3861,0.2175,77.52,970.1500,0.00
2025-05-27 12:15:00,970.05,970.45,968.5,969.05,196902,0.2263,0.2175,4.05,970.1500,-0.11
2025-05-27 12:20:00,969.2,969.5,966.9,968.2,292510,0.0474,0.2175,-78.21,970.1500,-0.20
2025-05-27 12:25:00,968.05,968.45,964.95,965.7,315734,-0.2395,0.2175,-210.11,970.1500,-0.46
2025-05-27 12:30:00,965.75,967.9,963.3,966,663806,-0.3998,0.2175,-283.82,970.1500,-0.43
2025-05-27 12:35:00,966.45,966.8,964.65,965.35,296270,-0.5321,0.2175,-344.64,970.1500,-0.49
2025-05-27 12:40:00,965.35,966.2,964.2,965.6,180078,-0.5813,0.2175,-367.26,970.1500,-0.47
2025-05-27 12:45:00,965.75,967.1,964.55,965.45,116050,-0.6000,0.2175,-375.86,970.1500,-0.48
2025-05-27 12:50:00,965.25,965.95,963.6,965.25,209240,-0.6004,0.2175,-376.05,970.1500,-0.51
2025-05-27 12:55:00,965.25,965.25,963.4,963.65,327324,-0.6773,0.2175,-411.40,970.1500,-0.67
2025-05-27 13:00:00,963.65,964.7,962.55,963.35,472804,-0.7137,0.2175,-428.14,970.1500,-0.70
2025-05-27 13:05:00,963.35,964.2,962.1,964.2,267388,-0.6476,0.2175,-397.75,970.1500,-0.61
2025-05-27 13:10:00,964.1,965,963.55,964.55,163402,-0.5513,0.2175,-353.47,970.1500,-0.58
2025-05-27 13:15:00,964.55,965.5,963.15,963.35,139700,-0.5388,0.2175,-347.72,970.1500,-0.70
2025-05-27 13:20:00,963.2,964.6,963.1,963.35,125596,-0.5015,0.2175,-330.57,970.1500,-0.70
2025-05-27 13:25:00,963.55,964.85,963.25,964.25,188888,-0.3922,0.2175,-280.32,970.1500,-0.61
2025-05-27 13:30:00,964.35,965.4,963.75,964.35,127934,-0.2936,0.2175,-234.99,970.1500,-0.60
2025-05-27 13:35:00,964.3,965,963.45,964.95,153176,-0.1743,0.2175,-180.14,970.1500,-0.54
2025-05-27 13:40:00,964.9,965.95,964.25,965.95,121750,-0.0224,0.2175,-110.30,970.1500,-0.43
2025-05-27 13:45:00,965.85,967.5,965.05,965.6,123984,0.0559,0.2175,-74.30,970.1500,-0.47
2025-05-27 13:50:00,965.5,965.65,963.25,963.7,153738,-0.0150,0.2175,-106.90,970.1500,-0.66
2025-05-27 13:55:00,963.45,963.8,961.3,961.45,262078,-0.1981,0.2175,-191.08,970.1500,-0.90
2025-05-27 14:00:00,961.45,962.25,960.25,961.4,367576,-0.3011,0.2175,-238.44,970.1500,-0.90
2025-05-27 14:05:00,961.5,962.45,960.6,961.15,352536,-0.3605,0.2175,-265.75,970.1500,-0.93
2025-05-27 14:10:00,961.25,961.9,959.8,960.75,230174,-0.3982,0.2175,-283.08,970.1500,-0.97
2025-05-27 14:15:00,960.8,961.7,958.6,959.4,561310,-0.4801,0.2175,-320.74,970.1500,-1.11
2025-05-27 14:20:00,959.4,959.8,958.15,959.55,353202,-0.4886,0.2175,-324.64,970.1500,-1.09
2025-05-27 14:25:00,959.55,959.7,958.15,958.8,362154,-0.5069,0.2175,-333.06,970.1500,-1.17
2025-05-27 14:30:00,958.8,960.8,958.6,960.8,302974,-0.3537,0.2175,-262.62,970.1500,-0.96
2025-05-27 14:35:00,960.75,961.05,959.95,960.7,318016,-0.2344,0.2175,-207.77,970.1500,-0.97
2025-05-27 14:40:00,960.95,962.1,960.8,961.6,214702,-0.0781,0.2175,-135.91,970.1500,-0.88
2025-05-27 14:45:00,961.6,963.45,961.15,962.7,302152,0.1060,0.2175,-51.26,970.1500,-0.77
2025-05-27 14:50:00,962.7,963.6,962.2,962.75,580694,0.2308,0.2175,6.11,970.1500,-0.76
2025-05-27 14:55:00,962.45,964,961.75,964,435320,0.3878,0.2175,78.30,970.1500,-0.63
2025-05-27 15:00:00,963.75,964,961.8,962.05,1440930,0.3517,0.2175,61.70,970.1500,-0.83
2025-05-27 15:05:00,962.05,963.55,961.9,963.35,1497958,0.4030,0.2175,85.29,970.1500,-0.70
2025-05-27 15:10:00,963.4,964.1,962.5,964.1,1441272,0.4705,0.2175,116.32,970.1500,-0.62
2025-05-27 15:15:00,964.1,965.4,962.3,963.1,1401660,0.4318,0.2175,98.53,970.1500,-0.73
2025-05-27 15:20:00,963,963.85,962.65,963.35,1145052,0.4073,0.2175,87.26,970.1500,-0.70
2025-05-27 15:25:00,963.1,963.7,962.05,963.4,738226,0.3794,0.2175,74.44,970.1500,-0.70
2025-05-28 09:15:00,960.5,966.75,960.1,965.05,919050,0.4520,0.3794,19.14,963.4000,0.17
2025-05-28 09:20:00,965.05,967.25,962.65,963.1,326776,0.3530,0.3794,-6.96,963.4000,-0.03
2025-05-28 09:25:00,963.1,963.9,961,961.7,390448,0.1860,0.3794,-50.98,963.4000,-0.18
2025-05-28 09:30:00,961.5,962.75,960.6,961.4,322400,0.0549,0.3794,-85.53,963.4000,-0.21
2025-05-28 09:35:00,961.4,962.85,960,961.75,288224,-0.0056,0.3794,-101.48,963.4000,-0.17
2025-05-28 09:40:00,961.9,963.65,961.8,963.65,184278,0.0804,0.3794,-78.81,963.4000,0.03
2025-05-28 09:45:00,963.45,964.5,961,962,1745376,0.0270,0.3794,-92.88,963.4000,-0.15
2025-05-28 09:50:00,962,963,961.1,962.45,148538,0.0228,0.3794,-93.99,963.4000,-0.10
2025-05-28 09:55:00,962.35,962.95,961.5,962.3,107176,0.0115,0.3794,-96.97,963.4000,-0.11
2025-05-28 10:00:00,962.3,962.4,961.05,961.25,99296,-0.0612,0.3794,-116.13,963.4000,-0.22
2025-05-28 10:05:00,961.25,961.55,959.05,960.05,247494,-0.1780,0.3794,-146.92,963.4000,-0.35
2025-05-28 10:10:00,960.05,961.55,959.8,960.9,124242,-0.1851,0.3794,-148.79,963.4000,-0.26
2025-05-28 10:15:00,960.8,961,959.75,960.45,119206,-0.2056,0.3794,-154.19,963.4000,-0.31
2025-05-28 10:20:00,960.4,961.3,959.9,961.05,92254,-0.1659,0.3794,-143.73,963.4000,-0.24
2025-05-28 10:25:00,961.05,961.5,960.5,960.5,92004,-0.1637,0.3794,-143.15,963.4000,-0.30
2025-05-28 10:30:00,960.5,961.45,960,961.45,67078,-0.0888,0.3794,-123.41,963.4000,-0.20
2025-05-28 10:35:00,961.4,961.45,959.5,959.75,201968,-0.1414,0.3794,-137.27,963.4000,-0.38
2025-05-28 10:40:00,959.75,961.7,959.55,959.85,232812,-0.1558,0.3794,-141.06,963.4000,-0.37
2025-05-28 10:45:00,959.85,961,959.55,960.15,229280,-0.1325,0.3794,-134.92,963.4000,-0.34
2025-05-28 10:50:00,960.3,961.2,960.15,960.85,186020,-0.0609,0.3794,-116.05,963.4000,-0.26
2025-05-28 10:55:00,960.95,961.3,960.2,960.75,102634,-0.0137,0.3794,-103.61,963.4000,-0.28
2025-05-28 11:00:00,960.7,961.5,960.6,961.25,81196,0.0541,0.3794,-85.74,963.4000,-0.22
2025-05-28 11:05:00,961.25,961.25,960.7,960.95,85852,0.0800,0.3794,-78.91,963.4000,-0.25
2025-05-28 11:10:00,960.85,960.95,958.85,959.4,159194,-0.0016,0.3794,-100.42,963.4000,-0.42
2025-05-28 11:15:00,959.4,961.5,959.35,960.15,240686,0.0004,0.3794,-99.89,963.4000,-0.34
2025-05-28 11:20:00,960.05,961,959.9,960,99092,-0.0027,0.3794,-100.71,963.4000,-0.35
2025-05-28 11:25:00,960,960.65,959.75,960.15,194536,0.0103,0.3794,-97.29,963.4000,-0.34
2025-05-28 11:30:00,960.25,960.8,959,959.7,117152,-0.0056,0.3794,-101.48,963.4000,-0.38
2025-05-28 11:35:00,959.7,960,959.25,959.45,84290,-0.0260,0.3794,-106.85,963.4000,-0.41
2025-05-28 11:40:00,959.45,960.15,959.3,959.95,139652,-0.0002,0.3794,-100.05,963.4000,-0.36
2025-05-28 11:45:00,960.15,960.35,959.5,960.05,91082,0.0277,0.3794,-92.70,963.4000,-0.35
2025-05-28 11:50:00,960.1,962,960.05,961.7,250834,0.1542,0.3794,-59.36,963.4000,-0.18
2025-05-28 11:55:00,961.75,962.4,960.85,961.05,301262,0.1888,0.3794,-50.24,963.4000,-0.24
2025-05-28 12:00:00,961.05,961.15,960,960.5,117294,0.1700,0.3794,-55.19,963.4000,-0.30
2025-05-28 12:05:00,960.5,960.9,959.65,959.95,196538,0.1182,0.3794,-68.85,963.4000,-0.36
2025-05-28 12:10:00,959.95,960.55,959.55,959.75,580672,0.0706,0.3794,-81.39,963.4000,-0.38
2025-05-28 12:15:00,959.75,960.25,959.5,960.25,200662,0.0726,0.3794,-80.86,963.4000,-0.33
2025-05-28 12:20:00,960.15,960.25,959.9,960.2,102224,0.0703,0.3794,-81.47,963.4000,-0.33
2025-05-28 12:25:00,960.25,960.75,960,960.3,99800,0.0749,0.3794,-80.26,963.4000,-0.32
2025-05-28 12:30:00,960.3,961.65,960.3,961.15,95528,0.1312,0.3794,-65.42,963.4000,-0.23
2025-05-28 12:35:00,961.1,961.9,960.8,961.75,115278,0.2007,0.3794,-47.10,963.4000,-0.17
2025-05-28 12:40:00,961.75,961.95,961.05,961.55,148968,0.2234,0.3794,-41.12,963.4000,-0.19
2025-05-28 12:45:00,961.55,962.35,961.1,962,210400,0.2565,0.3794,-32.39,963.4000,-0.15
2025-05-28 12:50:00,962,963,961.75,962.3,178108,0.2842,0.3794,-25.09,963.4000,-0.11
2025-05-28 12:55:00,962.3,962.5,961.3,961.55,126230,0.2395,0.3794,-36.87,963.4000,-0.19
2025-05-28 13:00:00,961.6,963.15,961.55,963.05,129928,0.2947,0.3794,-22.32,963.4000,-0.04
2025-05-28 13:05:00,963.05,963.05,961.4,961.7,235530,0.2271,0.3794,-40.14,963.4000,-0.18
2025-05-28 13:10:00,961.55,961.65,960.7,960.85,102756,0.1175,0.3794,-69.03,963.4000,-0.26
2025-05-28 13:15:00,960.85,961.6,960.15,960.65,232416,0.0285,0.3794,-92.49,963.4000,-0.29
2025-05-28 13:20:00,960.65,961.15,960,960.5,159236,-0.0398,0.3794,-110.49,963.4000,-0.30
2025-05-28 13:25:00,960.5,961.95,959.95,961.3,444356,-0.0308,0.3794,-108.12,963.4000,-0.22
2025-05-28 13:30:00,961.6,961.75,960.5,961.15,208022,-0.0344,0.3794,-109.07,963.4000,-0.23
2025-05-28 13:35:00,961.15,961.8,960.3,960.75,261396,-0.0615,0.3794,-116.21,963.4000,-0.28
2025-05-28 13:40:00,960.75,961.9,960.15,960.7,318330,-0.0796,0.3794,-120.98,963.4000,-0.28
2025-05-28 13:45:00,960.6,961,960.25,960.55,132256,-0.0972,0.3794,-125.62,963.4000,-0.30
2025-05-28 13:50:00,960.5,961.45,960.5,961.45,144298,-0.0463,0.3794,-112.20,963.4000,-0.20
2025-05-28 13:55:00,961.45,962.35,960.75,960.85,131996,-0.0508,0.3794,-113.39,963.4000,-0.26
2025-05-28 14:00:00,960.85,961.05,960.05,960.5,150912,-0.0738,0.3794,-119.45,963.4000,-0.30
2025-05-28 14:05:00,960.5,961.45,960.05,961.45,124404,-0.0239,0.3794,-106.30,963.4000,-0.20
2025-05-28 14:10:00,961.4,961.6,960.85,960.95,108884,-0.0235,0.3794,-106.19,963.4000,-0.25
2025-05-28 14:15:00,960.9,961.25,960.6,961.2,106678,-0.0063,0.3794,-101.66,963.4000,-0.23
2025-05-28 14:20:00,961.2,961.8,961,961.35,112160,0.0143,0.3794,-96.23,963.4000,-0.21
2025-05-28 14:25:00,961.35,961.4,960.25,960.25,223952,-0.0439,0.3794,-111.57,963.4000,-0.33
2025-05-28 14:30:00,960.25,961.4,959.9,961.05,430266,-0.0271,0.3794,-107.14,963.4000,-0.24
2025-05-28 14:35:00,960.75,961.75,960.7,961.35,258086,0.0040,0.3794,-98.95,963.4000,-0.21
2025-05-28 14:40:00,961.35,962.05,961.05,961.85,253386,0.0552,0.3794,-85.45,963.4000,-0.16
2025-05-28 14:45:00,961.85,962.75,961.5,962.5,148068,0.1257,0.3794,-66.87,963.4000,-0.09
2025-05-28 14:50:00,962.5,962.65,961.5,961.6,154120,0.1054,0.3794,-72.22,963.4000,-0.19
2025-05-28 14:55:00,961.5,962.1,961.05,961.95,134706,0.1089,0.3794,-71.30,963.4000,-0.15
2025-05-28 15:00:00,962,962.35,960.9,961.5,486638,0.0757,0.3794,-80.05,963.4000,-0.20
2025-05-28 15:05:00,961.5,962.3,961.2,961.4,356888,0.0434,0.3794,-88.56,963.4000,-0.21
2025-05-28 15:10:00,961.4,961.9,960.65,961.05,524172,-0.0026,0.3794,-100.69,963.4000,-0.24
2025-05-28 15:15:00,961.1,962,960.8,961.7,736432,0.0090,0.3794,-97.63,963.4000,-0.18
2025-05-28 15:20:00,961.75,963,961.7,962.9,390926,0.0912,0.3794,-75.96,963.4000,-0.05
2025-05-28 15:25:00,963,964.45,961.7,964.2,340424,0.2195,0.3794,-42.15,963.4000,0.08
2025-05-29 09:15:00,964,970.4,963.7,967.2,775610,0.4779,0.2195,117.72,964.2000,0.31
2025-05-29 09:20:00,967.2,967.75,964.25,964.4,320124,0.4331,0.2195,97.31,964.2000,0.02
2025-05-29 09:25:00,964.3,965.9,964.05,964.15,168402,0.3624,0.2195,65.10,964.2000,-0.01
2025-05-29 09:30:00,964.25,965.75,963.25,963.55,264998,0.2560,0.2195,16.63,964.2000,-0.07
2025-05-29 09:35:00,963.5,963.5,961,962.2,810276,0.0843,0.2195,-61.59,964.2000,-0.21
2025-05-29 09:40:00,962.1,964,961.95,962.7,140240,-0.0014,0.2195,-100.64,964.2000,-0.16
2025-05-29 09:45:00,962.8,962.9,961.8,962.4,101186,-0.0798,0.2195,-136.36,964.2000,-0.19
2025-05-29 09:50:00,962.4,963.1,962.05,962.65,78114,-0.1142,0.2195,-152.03,964.2000,-0.16
2025-05-29 09:55:00,962.55,963.4,962.5,962.95,78820,-0.1157,0.2195,-152.71,964.2000,-0.13
2025-05-29 10:00:00,963,963.75,961.85,962.85,236864,-0.1219,0.2195,-155.54,964.2000,-0.14
2025-05-29 10:05:00,962.85,963.95,962.15,962.3,401480,-0.1591,0.2195,-172.48,964.2000,-0.20
2025-05-29 10:10:00,962.3,962.75,960,961,285716,-0.2613,0.2195,-219.04,964.2000,-0.33
2025-05-29 10:15:00,961,961.4,959.95,961,123130,-0.3153,0.2195,-243.64,964.2000,-0.33
2025-05-29 10:20:00,960.8,961.7,960.6,960.8,62098,-0.3483,0.2195,-258.68,964.2000,-0.35
2025-05-29 10:25:00,960.8,961.4,960,960.65,219078,-0.3624,0.2195,-265.10,964.2000,-0.37
2025-05-29 10:30:00,960.65,961.85,960.15,961.65,374304,-0.2898,0.2195,-232.03,964.2000,-0.26
2025-05-29 10:35:00,961.7,961.85,960.55,960.55,494136,-0.2999,0.2195,-236.63,964.2000,-0.38
2025-05-29 10:40:00,960.5,960.9,959.35,959.5,152162,-0.3575,0.2195,-262.87,964.2000,-0.49
2025-05-29 10:45:00,959.6,959.85,959,959.5,85772,-0.3740,0.2195,-270.39,964.2000,-0.49
2025-05-29 10:50:00,959.65,961.05,959.45,959.85,320224,-0.3407,0.2195,-255.22,964.2000,-0.45
2025-05-29 10:55:00,959.8,961.05,958.7,958.75,164652,-0.3697,0.2195,-268.43,964.2000,-0.57
2025-05-29 11:00:00,958.95,959.65,957.6,957.8,197024,-0.4258,0.2195,-293.99,964.2000,-0.66
2025-05-29 11:05:00,957.8,959.05,957.8,958.65,154072,-0.3801,0.2195,-273.17,964.2000,-0.58
2025-05-29 11:10:00,958.7,959.05,956.55,956.55,293374,-0.4604,0.2195,-309.75,964.2000,-0.79
2025-05-29 11:15:00,956.55,957.05,956,956.15,146908,-0.5059,0.2195,-330.48,964.2000,-0.83
2025-05-29 11:20:00,956.15,957.15,955.75,956.2,83952,-0.4973,0.2195,-326.56,964.2000,-0.83
2025-05-29 11:25:00,956.25,957.2,955.5,956.4,128994,-0.4447,0.2195,-302.60,964.2000,-0.81
2025-05-29 11:30:00,956.4,957,955.7,956.1,86752,-0.3980,0.2195,-281.32,964.2000,-0.84
2025-05-29 11:35:00,956.05,957.05,955.05,955.85,334138,-0.3534,0.2195,-261.00,964.2000,-0.87
2025-05-29 11:40:00,955.85,955.95,954.05,954.1,159194,-0.4074,0.2195,-285.60,964.2000,-1.05
2025-05-29 11:45:00,954.1,954.5,954,954.1,100060,-0.4077,0.2195,-285.74,964.2000,-1.05
2025-05-29 11:50:00,954.1,955,954.1,954.6,75320,-0.3415,0.2195,-255.58,964.2000,-1.00
2025-05-29 11:55:00,954.65,955.55,954.35,955.25,109644,-0.2268,0.2195,-203.33,964.2000,-0.93
2025-05-29 12:00:00,955.3,955.8,954.5,955.25,95414,-0.1287,0.2195,-158.63,964.2000,-0.93
2025-05-29 12:05:00,955.2,955.75,954.9,955.7,81248,-0.0170,0.2195,-107.74,964.2000,-0.88
2025-05-29 12:10:00,955.75,955.75,954.55,954.7,141422,0.0047,0.2195,-97.86,964.2000,-0.99
2025-05-29 12:15:00,954.65,955.55,954.5,955.05,268524,0.0552,0.2195,-74.85,964.2000,-0.95
2025-05-29 12:20:00,955.05,956.05,954.9,955.95,210292,0.1559,0.2195,-28.97,964.2000,-0.86
2025-05-29 12:25:00,955.95,957.9,955.95,957.05,231552,0.2953,0.2195,34.53,964.2000,-0.74
2025-05-29 12:30:00,957.1,957.5,956.05,956.55,81442,0.3488,0.2195,58.91,964.2000,-0.79
2025-05-29 12:35:00,956.55,957.45,954.5,954.5,448772,0.2459,0.2195,12.03,964.2000,-1.01
2025-05-29 12:40:00,954.5,955.3,953.65,955,433808,0.2127,0.2195,-3.10,964.2000,-0.95
2025-05-29 12:45:00,955,955.9,954.45,954.95,473054,0.1892,0.2195,-13.80,964.2000,-0.96
2025-05-29 12:50:00,954.95,955.4,954.1,954.8,279552,0.1663,0.2195,-24.24,964.2000,-0.97
2025-05-29 12:55:00,954.85,957.55,954.55,957.2,302096,0.3072,0.2195,39.95,964.2000,-0.73
2025-05-29 13:00:00,957.2,957.8,955.8,956.9,344372,0.3705,0.2195,68.79,964.2000,-0.76
2025-05-29 13:05:00,956.95,957.45,955.95,957.3,121158,0.4256,0.2195,93.90,964.2000,-0.72
2025-05-29 13:10:00,957.25,957.45,955.45,956.7,225284,0.4080,0.2195,85.88,964.2000,-0.78
2025-05-29 13:15:00,957,957.35,955.95,956.05,283658,0.3415,0.2195,55.58,964.2000,-0.85
2025-05-29 13:20:00,956.15,957.45,956.05,957,238462,0.3492,0.2195,59.09,964.2000,-0.75
2025-05-29 13:25:00,957,957.95,956.4,957.2,281750,0.3543,0.2195,61.41,964.2000,-0.73
2025-05-29 13:30:00,957.3,958.4,956.9,956.95,166288,0.3281,0.2195,49.48,964.2000,-0.75
2025-05-29 13:35:00,956.95,957.5,956.6,956.85,187178,0.2924,0.2195,33.21,964.2000,-0.76
2025-05-29 13:40:00,956.8,957.65,956.5,957.3,193668,0.2871,0.2195,30.80,964.2000,-0.72
2025-05-29 13:45:00,957.25,957.8,956.85,957.65,251528,0.2940,0.2195,33.94,964.2000,-0.68
2025-05-29 13:50:00,957.6,958.4,957.1,958,261980,0.3076,0.2195,40.14,964.2000,-0.64
2025-05-29 13:55:00,957.95,958.6,957.1,957.9,304930,0.2952,0.2195,34.49,964.2000,-0.65
2025-05-29 14:00:00,957.9,958.35,956.95,957.05,331626,0.2187,0.2195,-0.36,964.2000,-0.74
2025-05-29 14:05:00,957.05,957.75,956.2,956.55,299926,0.1278,0.2195,-41.78,964.2000,-0.79
2025-05-29 14:10:00,956.6,957.65,956.05,956.15,359120,0.0388,0.2195,-82.32,964.2000,-0.83
2025-05-29 14:15:00,956.1,957.1,955.5,956,329252,-0.0285,0.2195,-112.98,964.2000,-0.85
2025-05-29 14:20:00,955.95,957.25,955.75,956.55,193288,-0.0340,0.2195,-115.49,964.2000,-0.79
2025-05-29 14:25:00,956.7,957.95,956.5,956.85,224832,-0.0163,0.2195,-107.43,964.2000,-0.76
2025-05-29 14:30:00,956.85,958.45,956.7,957.1,321570,0.0119,0.2195,-94.58,964.2000,-0.74
2025-05-29 14:35:00,957.35,958.5,957.15,957.8,247018,0.0738,0.2195,-66.38,964.2000,-0.66
2025-05-29 14:40:00,957.75,958.5,957.4,957.9,347038,0.1152,0.2195,-47.52,964.2000,-0.65
2025-05-29 14:45:00,957.95,958.5,956.3,956.95,592764,0.0743,0.2195,-66.15,964.2000,-0.75
2025-05-29 14:50:00,956.9,957.75,956.5,957.65,227510,0.0890,0.2195,-59.45,964.2000,-0.68
2025-05-29 14:55:00,957.65,958.75,957.25,958.25,783400,0.1313,0.2195,-40.18,964.2000,-0.62
2025-05-29 15:00:00,958.45,961.35,958.25,960.7,2181408,0.3064,0.2195,39.59,964.2000,-0.36
2025-05-29 15:05:00,960.75,963,960.15,962.1,1870374,0.4879,0.2195,122.28,964.2000,-0.22
2025-05-29 15:10:00,962.05,965.25,962,965.05,1910768,0.7616,0.2195,246.97,964.2000,0.09
2025-05-29 15:15:00,965.05,966.25,964.15,965.6,2178788,0.9239,0.2195,320.91,964.2000,0.15
2025-05-29 15:20:00,965.55,968,964.55,967.8,1588864,1.1111,0.2195,406.20,964.2000,0.37
2025-05-29 15:25:00,967.8,969.75,966.7,968.8,1223710,1.2249,0.2195,458.04,964.2000,0.48
2025-05-30 09:15:00,965.8,968.5,962.7,964.45,505876,0.9426,1.2249,-23.05,968.8000,-0.45
2025-05-30 09:20:00,964.45,966.8,964.45,966.45,312688,0.8299,1.2249,-32.25,968.8000,-0.24
2025-05-30 09:25:00,966.25,967.4,965.8,966.5,189884,0.7030,1.2249,-42.61,968.8000,-0.24
2025-05-30 09:30:00,966.55,967.4,965.85,965.9,158304,0.5309,1.2249,-56.66,968.8000,-0.30
2025-05-30 09:35:00,965.95,966.5,965.2,965.85,137020,0.3732,1.2249,-69.53,968.8000,-0.30
2025-05-30 09:40:00,965.85,966.5,965.75,966.25,226758,0.2608,1.2249,-78.71,968.8000,-0.26
2025-05-30 09:45:00,966.5,967,964.3,965.6,522836,0.1151,1.2249,-90.60,968.8000,-0.33
2025-05-30 09:50:00,965.6,966.5,964.7,964.85,169496,-0.0506,1.2249,-104.13,968.8000,-0.41
2025-05-30 09:55:00,964.85,965.95,964.65,965,91562,-0.1625,1.2249,-113.27,968.8000,-0.39
2025-05-30 10:00:00,965.05,966.45,964.1,966,136250,-0.1802,1.2249,-114.71,968.8000,-0.29
2025-05-30 10:05:00,966,968.4,965.55,967.55,276688,-0.1025,1.2249,-108.37,968.8000,-0.13
2025-05-30 10:10:00,967.55,968.55,967.55,967.7,132584,-0.0581,1.2249,-104.74,968.8000,-0.11
2025-05-30 10:15:00,967.75,967.75,965.65,966.3,141372,-0.1357,1.2249,-111.08,968.8000,-0.26
2025-05-30 10:20:00,966,966.8,965.65,965.75,76364,-0.2312,1.2249,-118.88,968.8000,-0.31
2025-05-30 10:25:00,965.75,967,965.55,965.9,113446,-0.2877,1.2249,-123.49,968.8000,-0.30
2025-05-30 10:30:00,965.95,965.95,964.55,964.75,95448,-0.3990,1.2249,-132.57,968.8000,-0.42
2025-05-30 10:35:00,964.7,965.5,964.05,964.85,150012,-0.4583,1.2249,-137.42,968.8000,-0.41
2025-05-30 10:40:00,964.85,964.95,964.05,964.15,74606,-0.5318,1.2249,-143.42,968.8000,-0.48
2025-05-30 10:45:00,964.15,964.15,963.15,964,166302,-0.5740,1.2249,-146.86,968.8000,-0.50
2025-05-30 10:50:00,964,965.15,963.75,964.8,623684,-0.5325,1.2249,-143.47,968.8000,-0.41
2025-05-30 10:55:00,964.8,964.95,964.1,964.5,107800,-0.5097,1.2249,-141.61,968.8000,-0.44
2025-05-30 11:00:00,964.55,965.4,964.5,965.15,127048,-0.4381,1.2249,-135.77,968.8000,-0.38
2025-05-30 11:05:00,965.15,965.9,964.6,964.8,1138520,-0.4023,1.2249,-132.84,968.8000,-0.41
2025-05-30 11:10:00,964.8,965.65,964.75,965.3,63930,-0.3358,1.2249,-127.41,968.8000,-0.36
2025-05-30 11:15:00,965.3,966.55,965.25,965.8,443594,-0.2527,1.2249,-120.63,968.8000,-0.31
2025-05-30 11:20:00,965.85,966.1,965.55,965.6,114054,-0.2077,1.2249,-116.96,968.8000,-0.33
2025-05-30 11:25:00,965.65,966.3,965.3,965.5,288700,-0.1821,1.2249,-114.87,968.8000,-0.34
2025-05-30 11:30:00,965.55,966.35,965.35,965.8,162702,-0.1440,1.2249,-111.76,968.8000,-0.31
2025-05-30 11:35:00,965.9,967.05,965.65,966.95,119048,-0.0455,1.2249,-103.71,968.8000,-0.19
2025-05-30 11:40:00,966.95,967.1,965.55,966,203260,-0.0483,1.2249,-103.94,968.8000,-0.29
2025-05-30 11:45:00,966,967,965.9,966.5,224682,-0.0217,1.2249,-101.77,968.8000,-0.24
2025-05-30 11:50:00,966.5,966.5,966,966.45,101218,-0.0131,1.2249,-101.07,968.8000,-0.24
2025-05-30 11:55:00,966.5,966.5,965.4,965.7,129306,-0.0610,1.2249,-104.98,968.8000,-0.32
2025-05-30 12:00:00,965.7,966.05,965.1,965.8,46440,-0.0873,1.2249,-107.13,968.8000,-0.31
2025-05-30 12:05:00,965.8,966.45,965.45,965.85,343660,-0.1017,1.2249,-108.30,968.8000,-0.30
2025-05-30 12:10:00,966,966.15,965.05,965.35,78964,-0.1428,1.2249,-111.66,968.8000,-0.36
2025-05-30 12:15:00,965.6,966,965.1,965.8,69614,-0.1375,1.2249,-111.23,968.8000,-0.31
2025-05-30 12:20:00,965.85,966,965.35,965.8,67262,-0.1318,1.2249,-110.76,968.8000,-0.31
2025-05-30 12:25:00,965.9,966.4,965.2,965.45,88676,-0.1482,1.2249,-112.10,968.8000,-0.35
2025-05-30 12:30:00,965.45,965.5,964.8,965.3,80040,-0.1645,1.2249,-113.43,968.8000,-0.36
2025-05-30 12:35:00,965.3,965.5,965,965,63696,-0.1890,1.2249,-115.43,968.8000,-0.39
2025-05-30 12:40:00,965.15,965.25,964.8,965.25,54026,-0.1819,1.2249,-114.85,968.8000,-0.37
2025-05-30 12:45:00,965.25,965.35,964.95,965.2,44130,-0.1741,1.2249,-114.21,968.8000,-0.37
2025-05-30 12:50:00,965.1,965.4,964.95,965.35,185970,-0.1531,1.2249,-112.50,968.8000,-0.36
2025-05-30 12:55:00,965.1,965.9,965.1,965.2,95942,-0.1437,1.2249,-111.73,968.8000,-0.37
2025-05-30 13:00:00,965.2,967,965.2,966.95,70692,-0.0205,1.2249,-101.67,968.8000,-0.19
2025-05-30 13:05:00,967,967.5,966.45,967.05,153194,0.0623,1.2249,-94.91,968.8000,-0.18
2025-05-30 13:10:00,967.05,967.1,966.05,966.5,82984,0.0739,1.2249,-93.97,968.8000,-0.24
2025-05-30 13:15:00,966.45,967.2,965.55,965.65,611516,0.0208,1.2249,-98.30,968.8000,-0.33
2025-05-30 13:20:00,965.85,966.5,965.65,966.1,191234,0.0130,1.2249,-98.94,968.8000,-0.28
2025-05-30 13:25:00,966.25,969.55,966.05,968.45,335734,0.1551,1.2249,-87.34,968.8000,-0.04
2025-05-30 13:30:00,968.4,970,968.4,969.2,231608,0.2814,1.2249,-77.03,968.8000,0.04
2025-05-30 13:35:00,969.2,969.5,967.8,968.1,87958,0.2723,1.2249,-77.77,968.8000,-0.07
2025-05-30 13:40:00,968.1,969.35,967.8,968.15,111242,0.2517,1.2249,-79.45,968.8000,-0.07
2025-05-30 13:45:00,968.3,969,967.3,968,1156128,0.2115,1.2249,-82.73,968.8000,-0.08
2025-05-30 13:50:00,968,969.35,967.7,968.6,75032,0.2087,1.2249,-82.96,968.8000,-0.02
2025-05-30 13:55:00,968.65,970.85,968.4,970.65,246196,0.3214,1.2249,-73.76,968.8000,0.19
2025-05-30 14:00:00,970.65,971.9,970.65,970.9,192638,0.3850,1.2249,-68.57,968.8000,0.22
2025-05-30 14:05:00,970.9,970.95,969.65,970.25,99764,0.3562,1.2249,-70.92,968.8000,0.15
2025-05-30 14:10:00,970.25,970.65,969.1,969.45,112264,0.2606,1.2249,-78.72,968.8000,0.07
2025-05-30 14:15:00,969.35,970.65,969.05,970.6,101538,0.2521,1.2249,-79.42,968.8000,0.19
2025-05-30 14:20:00,970.6,971.35,970.6,971.3,136410,0.2692,1.2249,-78.02,968.8000,0.26
2025-05-30 14:25:00,971.3,971.9,970.9,971.05,182974,0.2402,1.2249,-80.39,968.8000,0.23
2025-05-30 14:30:00,971.05,972.35,970.9,971.15,295334,0.2057,1.2249,-83.21,968.8000,0.24
2025-05-30 14:35:00,971.15,971.2,969.65,970.3,272080,0.1085,1.2249,-91.14,968.8000,0.15
2025-05-30 14:40:00,970.35,970.95,969.95,970.3,158358,0.0310,1.2249,-97.47,968.8000,0.15
2025-05-30 14:45:00,970.25,971.05,969.5,970.95,177008,0.0113,1.2249,-99.08,968.8000,0.22
2025-05-30 14:50:00,970.95,971.5,970.05,970.9,179196,-0.0157,1.2249,-101.28,968.8000,0.22
2025-05-30 14:55:00,970.9,971.45,970.35,970.95,241754,-0.0396,1.2249,-103.23,968.8000,0.22
2025-05-30 15:00:00,970.95,974.4,970.85,972.85,3142264,0.0580,1.2249,-95.26,968.8000,0.42
2025-05-30 15:05:00,972.85,973.75,971.15,971.95,2742962,0.0477,1.2249,-96.11,968.8000,0.33
2025-05-30 15:10:00,971.95,972.65,971.6,972.5,2567486,0.0628,1.2249,-94.87,968.8000,0.38
2025-05-30 15:15:00,972.55,972.55,972.45,972.5,2076828,0.0577,1.2249,-95.29,968.8000,0.38
2025-05-30 15:20:00,972.5,972.5,972.45,972.5,2016996,0.0402,1.2249,-96.72,968.8000,0.38
2025-05-30 15:25:00,972.5,972.55,969.75,970.75,1682162,-0.0960,1.2249,-107.84,968.8000,0.20
2025-06-02 09:15:00,967,967.9,958.35,958.9,887792,-0.9438,-0.0960,883.12,970.7500,-1.22
2025-06-02 09:20:00,958.8,959.4,954.5,955.1,713012,-1.6773,-0.0960,1647.19,970.7500,-1.61
2025-06-02 09:25:00,955.1,957.55,954.3,956.6,382434,-1.9586,-0.0960,1940.21,970.7500,-1.46
2025-06-02 09:30:00,956.85,957.4,954,956.3,249188,-2.0522,-0.0960,2037.71,970.7500,-1.49
2025-06-02 09:35:00,956.3,958,956.2,957.65,187722,-1.9132,-0.0960,1892.92,970.7500,-1.35
2025-06-02 09:40:00,957.55,958.45,956.5,957.1,151676,-1.7526,-0.0960,1725.62,970.7500,-1.41
2025-06-02 09:45:00,957.1,958.1,956.5,957.5,137202,-1.5223,-0.0960,1485.73,970.7500,-1.36
2025-06-02 09:50:00,957.7,958.25,957,957.75,937632,-1.2665,-0.0960,1219.27,970.7500,-1.34
2025-06-02 09:55:00,957.75,958.9,956.9,958.85,153378,-0.9509,-0.0960,890.52,970.7500,-1.23
2025-06-02 10:00:00,958.85,958.85,957.9,958.25,132484,-0.7208,-0.0960,650.83,970.7500,-1.29
2025-06-02 10:05:00,958.25,959,957.9,958.5,126818,-0.5004,-0.0960,421.25,970.7500,-1.26
2025-06-02 10:10:00,958.5,959.35,958.25,959.1,79034,-0.2742,-0.0960,185.63,970.7500,-1.20
2025-06-02 10:15:00,959.3,959.45,958.5,959.15,75486,-0.0907,-0.0960,-5.52,970.7500,-1.19
2025-06-02 10:20:00,959.15,959.95,958.8,959.45,175486,0.0727,-0.0960,-175.73,970.7500,-1.16
2025-06-02 10:25:00,959.45,959.8,959.1,959.75,57864,0.2146,-0.0960,-323.54,970.7500,-1.13
2025-06-02 10:30:00,959.75,959.75,958.2,958.8,130032,0.2555,-0.0960,-366.15,970.7500,-1.23
2025-06-02 10:35:00,958.8,959.95,958.75,959.95,88880,0.3642,-0.0960,-479.38,970.7500,-1.11
2025-06-02 10:40:00,959.85,960,959.35,959.75,84514,0.4228,-0.0960,-540.42,970.7500,-1.13
2025-06-02 10:45:00,959.75,959.95,959.25,959.5,71816,0.4428,-0.0960,-561.25,970.7500,-1.16
2025-06-02 10:50:00,959.6,961.35,959.25,960.15,174774,0.4940,-0.0960,-614.58,970.7500,-1.09
2025-06-02 10:55:00,960.15,960.5,959.85,960.3,59632,0.5289,-0.0960,-650.94,970.7500,-1.08
2025-06-02 11:00:00,960.3,961.5,960,961.05,94448,0.5890,-0.0960,-713.54,970.7500,-1.00
2025-06-02 11:05:00,961.05,961.5,959.3,960.1,88468,0.5519,-0.0960,-674.90,970.7500,-1.10
2025-06-02 11:10:00,959.9,960.15,959,959.25,108828,0.4608,-0.0960,-580.00,970.7500,-1.18
2025-06-02 11:15:00,959.4,960.25,958.5,959.9,155940,0.4354,-0.0960,-553.54,970.7500,-1.12
2025-06-02 11:20:00,959.9,961.3,959.1,960.7,167756,0.4611,-0.0960,-580.31,970.7500,-1.04
2025-06-02 11:25:00,960.95,961,959.9,960.95,191856,0.4814,-0.0960,-601.46,970.7500,-1.01
2025-06-02 11:30:00,960.9,961.15,960.6,961,39414,0.4832,-0.0960,-603.33,970.7500,-1.00
2025-06-02 11:35:00,960.95,961,960.1,960.25,74062,0.4213,-0.0960,-538.85,970.7500,-1.08
2025-06-02 11:40:00,960.25,961.25,960,960.3,143944,0.3728,-0.0960,-488.33,970.7500,-1.08
2025-06-02 11:45:00,960.3,961,960,960.95,73796,0.3727,-0.0960,-488.23,970.7500,-1.01
2025-06-02 11:50:00,960.65,961.95,960.65,961,139594,0.3637,-0.0960,-478.85,970.7500,-1.00
2025-06-02 11:55:00,961.1,962.4,961,962.3,131290,0.4286,-0.0960,-546.46,970.7500,-0.87
2025-06-02 12:00:00,962.25,962.95,961.9,962.5,107374,0.4653,-0.0960,-584.69,970.7500,-0.85
2025-06-02 12:05:00,962.5,962.85,961.9,962.1,85878,0.4429,-0.0960,-561.35,970.7500,-0.89
2025-06-02 12:10:00,962.05,962.55,961.55,962.2,511326,0.4157,-0.0960,-533.02,970.7500,-0.88
2025-06-02 12:15:00,962.2,963,961.8,962.65,106642,0.4082,-0.0960,-525.21,970.7500,-0.83
2025-06-02 12:20:00,962.65,963.65,962.5,962.9,128122,0.3997,-0.0960,-516.35,970.7500,-0.81
2025-06-02 12:25:00,962.9,963.25,962.4,963.1,96156,0.3871,-0.0960,-503.23,970.7500,-0.79
2025-06-02 12:30:00,963.2,964.25,962.7,964.25,148042,0.4322,-0.0960,-550.21,970.7500,-0.67
2025-06-02 12:35:00,964.25,965.25,963.6,965.1,216824,0.4910,-0.0960,-611.46,970.7500,-0.58
2025-06-02 12:40:00,965.25,965.5,964.2,965.35,112202,0.5158,-0.0960,-637.29,970.7500,-0.56
2025-06-02 12:45:00,965.35,965.75,964.6,965.5,105638,0.5106,-0.0960,-631.88,970.7500,-0.54
2025-06-02 12:50:00,965.45,965.95,964.75,965.9,95216,0.5016,-0.0960,-622.50,970.7500,-0.50
2025-06-02 12:55:00,965.95,965.95,963.9,964.35,204426,0.3650,-0.0960,-480.21,970.7500,-0.66
2025-06-02 13:00:00,964.45,965.25,964.05,964.65,131336,0.2730,-0.0960,-384.38,970.7500,-0.63
2025-06-02 13:05:00,964.65,964.65,963.55,964.05,88390,0.1556,-0.0960,-262.08,970.7500,-0.69
2025-06-02 13:10:00,964.2,964.55,963.75,964.45,69946,0.0919,-0.0960,-195.73,970.7500,-0.65
2025-06-02 13:15:00,964.45,965.5,964.4,965.45,62106,0.1033,-0.0960,-207.60,970.7500,-0.55
2025-06-02 13:20:00,965.45,965.85,965,965.45,54276,0.0971,-0.0960,-201.15,970.7500,-0.55
2025-06-02 13:25:00,965.7,965.85,965,965.3,78608,0.0704,-0.0960,-173.33,970.7500,-0.56
2025-06-02 13:30:00,965.35,965.7,964.35,964.45,104826,-0.0126,-0.0960,-86.88,970.7500,-0.65
2025-06-02 13:35:00,964.45,965.75,964.45,965.7,72828,0.0076,-0.0960,-107.92,970.7500,-0.52
2025-06-02 13:40:00,965.65,965.85,965.1,965.7,37266,0.0116,-0.0960,-112.08,970.7500,-0.52
2025-06-02 13:45:00,965.75,966,965.15,965.25,66820,-0.0236,-0.0960,-75.42,970.7500,-0.57
2025-06-02 13:50:00,965.3,965.4,964.7,965,54450,-0.0686,-0.0960,-28.54,970.7500,-0.59
2025-06-02 13:55:00,964.95,965.3,964.25,964.85,73816,-0.1109,-0.0960,15.52,970.7500,-0.61
2025-06-02 14:00:00,964.85,965.05,964.25,964.3,62316,-0.1745,-0.0960,81.77,970.7500,-0.66
2025-06-02 14:05:00,964.4,964.7,963.5,964,92366,-0.2319,-0.0960,141.56,970.7500,-0.70
2025-06-02 14:10:00,964.2,964.25,963.6,964.05,47778,-0.2594,-0.0960,170.21,970.7500,-0.69
2025-06-02 14:15:00,964.05,964.55,963.9,964.5,57294,-0.2407,-0.0960,150.73,970.7500,-0.64
2025-06-02 14:20:00,964.45,964.5,963.7,964.05,97522,-0.2508,-0.0960,161.25,970.7500,-0.69
2025-06-02 14:25:00,964.05,964.95,964,964.7,67318,-0.2077,-0.0960,116.35,970.7500,-0.62
2025-06-02 14:30:00,964.7,965.05,962.55,963.1,165366,-0.2767,-0.0960,188.23,970.7500,-0.79
2025-06-02 14:35:00,963.05,964.45,962.9,964.15,119370,-0.2425,-0.0960,152.60,970.7500,-0.68
2025-06-02 14:40:00,964.1,964.6,963.55,964.25,152710,-0.2056,-0.0960,114.17,970.7500,-0.67
2025-06-02 14:45:00,964.45,964.5,963,963.8,100450,-0.2034,-0.0960,111.87,970.7500,-0.72
2025-06-02 14:50:00,963.75,964.75,963.6,964.4,96428,-0.1558,-0.0960,62.29,970.7500,-0.65
2025-06-02 14:55:00,964.35,965.85,964.2,965.6,127850,-0.0434,-0.0960,-54.79,970.7500,-0.53
2025-06-02 15:00:00,965.55,967.5,965.55,967.35,453646,0.1388,-0.0960,-244.58,970.7500,-0.35
2025-06-02 15:05:00,967.4,968,965.5,966.15,426692,0.1667,-0.0960,-273.65,970.7500,-0.47
2025-06-02 15:10:00,966.2,967,965.85,966.05,1127430,0.1662,-0.0960,-273.13,970.7500,-0.48
2025-06-02 15:15:00,966.05,966.15,965,965.9,360710,0.1443,-0.0960,-250.31,970.7500,-0.50
2025-06-02 15:20:00,965.95,966.65,965.35,965.35,452778,0.0844,-0.0960,-187.92,970.7500,-0.56
2025-06-02 15:25:00,965.35,966.85,964.45,965.5,624956,0.0482,-0.0960,-150.21,970.7500,-0.54
2025-06-03 09:15:00,969.35,972.5,967.7,968.8,1053486,0.2297,0.0482,376.56,965.5000,0.34
2025-06-03 09:20:00,968.9,969.7,966.95,968.8,438770,0.3270,0.0482,578.42,965.5000,0.34
2025-06-03 09:25:00,968.6,969.15,967.15,968.2,184116,0.3275,0.0482,579.46,965.5000,0.28
2025-06-03 09:30:00,968.05,968.05,965.45,967.1,359690,0.2345,0.0482,386.51,965.5000,0.17
2025-06-03 09:35:00,967,970.85,966.6,970.5,263144,0.3745,0.0482,676.97,965.5000,0.52
2025-06-03 09:40:00,970.4,971.45,969.5,969.75,235198,0.3874,0.0482,703.73,965.5000,0.44
2025-06-03 09:45:00,969.75,971.35,969.05,971.3,137398,0.4660,0.0482,866.80,965.5000,0.60
2025-06-03 09:50:00,971.3,972.25,970.3,970.3,685120,0.4178,0.0482,766.80,965.5000,0.50
2025-06-03 09:55:00,970.45,971,968.4,968.65,414230,0.2502,0.0482,419.09,965.5000,0.33
2025-06-03 10:00:00,968.7,969.3,967.85,968.2,128540,0.0926,0.0482,92.12,965.5000,0.28
2025-06-03 10:05:00,968.2,970,968.1,969.25,119376,0.0450,0.0482,-6.64,965.5000,0.39
2025-06-03 10:10:00,969.25,971,969,970.85,126490,0.1038,0.0482,115.35,965.5000,0.55
2025-06-03 10:15:00,970.75,972.95,970.3,972.95,383162,0.2580,0.0482,435.27,965.5000,0.77
2025-06-03 10:20:00,972.8,975.75,972.8,975.4,772050,0.4856,0.0482,907.47,965.5000,1.03
2025-06-03 10:25:00,975.35,976,974.15,974.4,479776,0.5259,0.0482,991.08,965.5000,0.92
2025-06-03 10:30:00,974.4,975.35,973.55,974.55,179136,0.5191,0.0482,976.97,965.5000,0.94
2025-06-03 10:35:00,974.5,974.6,969.3,970.35,346622,0.2041,0.0482,323.44,965.5000,0.50
2025-06-03 10:40:00,970.35,970.45,968.2,969.5,264574,-0.0740,0.0482,-253.53,965.5000,0.41
2025-06-03 10:45:00,969.35,970.45,969.15,969.95,183234,-0.2315,0.0482,-580.29,965.5000,0.46
2025-06-03 10:50:00,969.95,970.6,969.45,969.95,296122,-0.3331,0.0482,-791.08,965.5000,0.46
2025-06-03 10:55:00,970,970.3,968.9,969.1,286498,-0.4480,0.0482,-1029.46,965.5000,0.37
2025-06-03 11:00:00,969.1,969.5,968.75,969.25,171500,-0.5003,0.0482,-1137.97,965.5000,0.39
2025-06-03 11:05:00,969.25,969.95,968.8,969.3,219042,-0.5159,0.0482,-1170.33,965.5000,0.39
2025-06-03 11:10:00,969.3,970.4,968.2,968.4,260106,-0.5671,0.0482,-1276.56,965.5000,0.30
2025-06-03 11:15:00,968.4,969.5,967.55,969.25,183000,-0.5250,0.0482,-1189.21,965.5000,0.39
2025-06-03 11:20:00,969.2,969.3,967.9,968.9,147228,-0.5020,0.0482,-1141.49,965.5000,0.35
2025-06-03 11:25:00,968.9,969.5,968.5,969.3,564026,-0.4431,0.0482,-1019.29,965.5000,0.39
2025-06-03 11:30:00,969.2,971.6,969.15,971.05,726126,-0.2777,0.0482,-676.14,965.5000,0.57
2025-06-03 11:35:00,971.05,971.45,968.7,969.35,202412,-0.2737,0.0482,-667.84,965.5000,0.40
2025-06-03 11:40:00,969.35,969.9,968.5,968.85,147438,-0.2939,0.0482,-709.75,965.5000,0.35
2025-06-03 11:45:00,969.2,969.55,968.5,969.55,115674,-0.2510,0.0482,-620.75,965.5000,0.42
2025-06-03 11:50:00,969.55,969.6,968.75,969.4,88626,-0.2244,0.0482,-565.56,965.5000,0.40
2025-06-03 11:55:00,969.45,969.5,968.2,968.5,73606,-0.2568,0.0482,-632.78,965.5000,0.31
2025-06-03 12:00:00,968.45,969,968.05,968.95,138886,-0.2377,0.0482,-593.15,965.5000,0.36
2025-06-03 12:05:00,968.95,969,967.6,967.85,147342,-0.2858,0.0482,-692.95,965.5000,0.24
2025-06-03 12:10:00,967.8,968.2,967.05,967.4,100558,-0.3312,0.0482,-787.14,965.5000,0.20
2025-06-03 12:15:00,967.3,967.3,966,966.9,154796,-0.3751,0.0482,-878.22,965.5000,0.15
2025-06-03 12:20:00,966.85,967.2,965.85,965.85,109124,-0.4500,0.0482,-1033.61,965.5000,0.04
2025-06-03 12:25:00,965.9,967.25,965.9,967.1,248558,-0.3925,0.0482,-914.32,965.5000,0.17
2025-06-03 12:30:00,967.05,968,966.9,967.85,212790,-0.2862,0.0482,-693.78,965.5000,0.24
2025-06-03 12:35:00,967.8,968.65,967.25,967.85,264512,-0.2019,0.0482,-518.88,965.5000,0.24
2025-06-03 12:40:00,967.8,968.15,967.15,967.4,111156,-0.1642,0.0482,-440.66,965.5000,0.20
2025-06-03 12:45:00,967.4,967.45,966,966.65,114680,-0.1764,0.0482,-465.98,965.5000,0.12
2025-06-03 12:50:00,966.65,966.7,962.95,964.15,524728,-0.3306,0.0482,-785.89,965.5000,-0.14
2025-06-03 12:55:00,964.05,965,963.15,963.75,218114,-0.4308,0.0482,-993.78,965.5000,-0.18
2025-06-03 13:00:00,963.75,963.75,962.15,963.1,224318,-0.5070,0.0482,-1151.87,965.5000,-0.25
2025-06-03 13:05:00,963,963.15,961.95,962.65,328630,-0.5502,0.0482,-1241.49,965.5000,-0.30
2025-06-03 13:10:00,962.65,963.4,962.25,963.15,319358,-0.5086,0.0482,-1155.19,965.5000,-0.24
2025-06-03 13:15:00,963.15,963.5,962.15,963,280298,-0.4563,0.0482,-1046.68,965.5000,-0.26
2025-06-03 13:20:00,963.05,964.3,962.35,962.75,297248,-0.4054,0.0482,-941.08,965.5000,-0.28
2025-06-03 13:25:00,962.75,964.05,962.55,963.75,152406,-0.2774,0.0482,-675.52,965.5000,-0.18
2025-06-03 13:30:00,963.75,964.4,963.5,964.3,222408,-0.1358,0.0482,-381.74,965.5000,-0.12
2025-06-03 13:35:00,964.3,965.6,964.1,965.15,444872,0.0264,0.0482,-45.23,965.5000,-0.04
2025-06-03 13:40:00,965.05,965.35,964,964.4,378896,0.0907,0.0482,88.17,965.5000,-0.11
2025-06-03 13:45:00,964.45,965,964,964.35,256142,0.1348,0.0482,179.67,965.5000,-0.12
2025-06-03 13:50:00,964.4,965.2,964.35,965.15,254318,0.2179,0.0482,352.07,965.5000,-0.04
2025-06-03 13:55:00,965.15,966,965,965.35,369404,0.2823,0.0482,485.68,965.5000,-0.02
2025-06-03 14:00:00,965.3,966.5,965,965.5,316262,0.3277,0.0482,579.88,965.5000,0.00
2025-06-03 14:05:00,965.5,966.15,965,965.55,277960,0.3517,0.0482,629.67,965.5000,0.01
2025-06-03 14:10:00,965.55,966.3,964.8,964.85,390866,0.3124,0.0482,548.13,965.5000,-0.07
2025-06-03 14:15:00,964.85,965.05,964,964.5,319644,0.2571,0.0482,433.40,965.5000,-0.10
2025-06-03 14:20:00,964.5,965.35,964,964.65,265024,0.2260,0.0482,368.88,965.5000,-0.09
2025-06-03 14:25:00,964.65,965.2,964.05,964.1,255310,0.1665,0.0482,245.44,965.5000,-0.15
2025-06-03 14:30:00,964.35,965.25,964,965.2,388234,0.1973,0.0482,309.34,965.5000,-0.03
2025-06-03 14:35:00,965.2,966.2,965,965.65,341116,0.2410,0.0482,400.00,965.5000,0.02
2025-06-03 14:40:00,965.65,965.85,964.8,965.25,342672,0.2358,0.0482,389.21,965.5000,-0.03
2025-06-03 14:45:00,965.25,965.35,964,964.15,566794,0.1550,0.0482,221.58,965.5000,-0.14
2025-06-03 14:50:00,964.1,964.5,963.3,964,392540,0.0914,0.0482,89.63,965.5000,-0.16
2025-06-03 14:55:00,963.95,964.25,963.3,963.85,318116,0.0416,0.0482,-13.69,965.5000,-0.17
2025-06-03 15:00:00,963.8,964.25,962.25,962.6,769238,-0.0672,0.0482,-239.42,965.5000,-0.30
2025-06-03 15:05:00,962.55,962.65,961.65,961.7,603074,-0.1848,0.0482,-483.40,965.5000,-0.39
2025-06-03 15:10:00,961.7,962.3,961.5,962.05,543930,-0.2215,0.0482,-559.54,965.5000,-0.36
2025-06-03 15:15:00,962.05,963.2,961.85,961.85,844508,-0.2403,0.0482,-598.55,965.5000,-0.38
2025-06-03 15:20:00,961.95,962.1,960,961.4,516848,-0.2621,0.0482,-643.78,965.5000,-0.42
2025-06-03 15:25:00,961.45,962.1,960.75,961.75,293020,-0.2332,0.0482,-583.82,965.5000,-0.39
2025-06-04 09:15:00,960.5,967.3,960.45,964.5,1085440,-0.0202,-0.2332,-91.34,961.7500,0.29
2025-06-04 09:20:00,964.4,965.95,964.2,965.1,270810,0.1599,-0.2332,-168.57,961.7500,0.35
2025-06-04 09:25:00,965.05,966.4,964.7,964.95,115888,0.2615,-0.2332,-212.14,961.7500,0.33
2025-06-04 09:30:00,964.95,965,963.35,963.4,131512,0.2189,-0.2332,-193.87,961.7500,0.17
2025-06-04 09:35:00,963.4,963.8,962.25,962.5,189604,0.1289,-0.2332,-155.27,961.7500,0.08
2025-06-04 09:40:00,962.5,963.2,962.05,962.95,348546,0.0999,-0.2332,-142.84,961.7500,0.12
2025-06-04 09:45:00,962.95,963,962.35,962.55,292192,0.0562,-0.2332,-124.10,961.7500,0.08
2025-06-04 09:50:00,962.6,963.75,962.15,963.75,179810,0.1074,-0.2332,-146.05,961.7500,0.21
2025-06-04 09:55:00,963.7,964.1,962.9,963.1,104588,0.0973,-0.2332,-141.72,961.7500,0.14
2025-06-04 10:00:00,963.1,964,963,963.5,151106,0.1159,-0.2332,-149.70,961.7500,0.18
2025-06-04 10:05:00,963.55,965,963.3,964.15,108438,0.1674,-0.2332,-171.78,961.7500,0.25
2025-06-04 10:10:00,964.15,964.45,963.45,964.2,78288,0.1980,-0.2332,-184.91,961.7500,0.25
2025-06-04 10:15:00,964.2,964.65,963.8,964.3,212912,0.2166,-0.2332,-192.88,961.7500,0.27
2025-06-04 10:20:00,964.35,965.3,963.9,964.1,225790,0.2072,-0.2332,-188.85,961.7500,0.24
2025-06-04 10:25:00,964.1,964.25,963.65,963.95,125698,0.1834,-0.2332,-178.64,961.7500,0.23
2025-06-04 10:30:00,963.95,965.9,963.95,965.55,150106,0.2631,-0.2332,-212.82,961.7500,0.40
2025-06-04 10:35:00,965.5,965.5,965,965.15,97122,0.2753,-0.2332,-218.05,961.7500,0.35
2025-06-04 10:40:00,965.25,967,965.1,966.65,197430,0.3651,-0.2332,-256.56,961.7500,0.51
2025-06-04 10:45:00,966.75,968.5,966.45,968.2,195962,0.5012,-0.2332,-314.92,961.7500,0.67
2025-06-04 10:50:00,968.45,969,967.75,967.75,127818,0.5304,-0.2332,-327.44,961.7500,0.62
2025-06-04 10:55:00,967.8,968.3,967.3,968.15,141936,0.5442,-0.2332,-333.36,961.7500,0.67
2025-06-04 11:00:00,968.2,968.5,967.5,967.95,100374,0.5079,-0.2332,-317.80,961.7500,0.64
2025-06-04 11:05:00,968,968.15,967.6,968,86742,0.4571,-0.2332,-296.01,961.7500,0.65
2025-06-04 11:10:00,968,968.05,967.45,968,58164,0.3956,-0.2332,-269.64,961.7500,0.65
2025-06-04 11:15:00,968,968.5,967.95,968.5,96942,0.3615,-0.2332,-255.02,961.7500,0.70
2025-06-04 11:20:00,968.5,969,968.4,968.95,117470,0.3425,-0.2332,-246.87,961.7500,0.75
2025-06-04 11:25:00,969,970.1,968.7,969.9,276944,0.3650,-0.2332,-256.52,961.7500,0.85
2025-06-04 11:30:00,969.9,970.25,969.25,969.4,58062,0.3190,-0.2332,-236.79,961.7500,0.80
2025-06-04 11:35:00,969.4,969.95,968.4,968.6,68328,0.2126,-0.2332,-191.17,961.7500,0.71
2025-06-04 11:40:00,968.55,969.25,968,969.05,42964,0.1531,-0.2332,-165.65,961.7500,0.76
2025-06-04 11:45:00,969.1,969.45,968.95,969,88914,0.0940,-0.2332,-140.31,961.7500,0.75
2025-06-04 11:50:00,968.95,969.1,968.55,968.95,45034,0.0380,-0.2332,-116.30,961.7500,0.75
2025-06-04 11:55:00,968.95,969.25,968.4,969.25,43184,0.0092,-0.2332,-103.95,961.7500,0.78
2025-06-04 12:00:00,969.15,969.7,969,969.55,84254,-0.0012,-0.2332,-99.49,961.7500,0.81
2025-06-04 12:05:00,969.55,969.95,969.25,969.95,48290,0.0069,-0.2332,-102.96,961.7500,0.85
2025-06-04 12:10:00,969.95,970.25,969.4,970.05,153672,0.0070,-0.2332,-103.00,961.7500,0.86
2025-06-04 12:15:00,970.05,970.15,969.45,969.8,47170,-0.0202,-0.2332,-91.34,961.7500,0.84
2025-06-04 12:20:00,969.8,970.5,969.7,970.5,57602,-0.0025,-0.2332,-98.93,961.7500,0.91
2025-06-04 12:25:00,970.5,970.5,969.85,970.2,56968,-0.0213,-0.2332,-90.87,961.7500,0.88
2025-06-04 12:30:00,970.15,970.3,969.4,970.1,90952,-0.0493,-0.2332,-78.86,961.7500,0.87
2025-06-04 12:35:00,970.1,970.4,969.95,970.4,33488,-0.0558,-0.2332,-76.07,961.7500,0.90
2025-06-04 12:40:00,970.4,970.5,969.55,969.9,87872,-0.0996,-0.2332,-57.29,961.7500,0.85
2025-06-04 12:45:00,969.8,970.25,969.65,970.25,38404,-0.1099,-0.2332,-52.87,961.7500,0.88
2025-06-04 12:50:00,970.25,970.45,969.7,970.05,61704,-0.1335,-0.2332,-42.75,961.7500,0.86
2025-06-04 12:55:00,970.05,970.1,969.55,969.95,108106,-0.1575,-0.2332,-32.46,961.7500,0.85
2025-06-04 13:00:00,969.95,970.5,969.85,970.45,87542,-0.1419,-0.2332,-39.15,961.7500,0.90
2025-06-04 13:05:00,970.5,970.5,969.85,970.25,51892,-0.1467,-0.2332,-37.09,961.7500,0.88
2025-06-04 13:10:00,970.25,970.45,969.15,969.4,39956,-0.2050,-0.2332,-12.09,961.7500,0.80
2025-06-04 13:15:00,969.4,969.95,968.8,969.5,56698,-0.2329,-0.2332,-0.13,961.7500,0.81
2025-06-04 13:20:00,969.5,969.7,968.55,969.6,67656,-0.2396,-0.2332,2.74,961.7500,0.82
2025-06-04 13:25:00,969.6,970.05,969.3,970.05,72314,-0.2098,-0.2332,-10.03,961.7500,0.86
2025-06-04 13:30:00,970.05,970.75,969.6,970.25,106622,-0.1742,-0.2332,-25.30,961.7500,0.88
2025-06-04 13:35:00,970.25,970.5,970,970.45,38266,-0.1364,-0.2332,-41.51,961.7500,0.90
2025-06-04 13:40:00,970.4,970.75,969.95,970.65,81230,-0.0990,-0.2332,-57.55,961.7500,0.93
2025-06-04 13:45:00,970.65,970.95,970.3,970.75,73338,-0.0698,-0.2332,-70.07,961.7500,0.94
2025-06-04 13:50:00,970.7,970.75,970.65,970.75,42882,-0.0536,-0.2332,-77.02,961.7500,0.94
2025-06-04 13:55:00,970.75,971,969.9,970.2,107352,-0.0813,-0.2332,-65.14,961.7500,0.88
2025-06-04 14:00:00,970.15,970.35,969.05,969.7,93118,-0.1318,-0.2332,-43.48,961.7500,0.83
2025-06-04 14:05:00,969.75,970.45,969.55,970,45794,-0.1425,-0.2332,-38.89,961.7500,0.86
2025-06-04 14:10:00,970,970.25,969.5,970,98520,-0.1465,-0.2332,-37.18,961.7500,0.86
2025-06-04 14:15:00,970,970.25,969.55,969.8,49434,-0.1586,-0.2332,-31.99,961.7500,0.84
2025-06-04 14:20:00,969.8,970.25,969.3,970.25,53022,-0.1332,-0.2332,-42.88,961.7500,0.88
2025-06-04 14:25:00,970.15,970.2,968.4,969.75,174810,-0.1461,-0.2332,-37.35,961.7500,0.83
2025-06-04 14:30:00,969.65,970,968.85,969.95,83826,-0.1372,-0.2332,-41.17,961.7500,0.85
2025-06-04 14:35:00,969.95,970,969,969.35,51552,-0.1658,-0.2332,-28.90,961.7500,0.79
2025-06-04 14:40:00,969.2,970.75,968.15,969.35,1153794,-0.1779,-0.2332,-23.71,961.7500,0.79
2025-06-04 14:45:00,969.35,969.9,969,969.25,132164,-0.1849,-0.2332,-20.71,961.7500,0.78
2025-06-04 14:50:00,969.25,969.9,969,969.6,141434,-0.1592,-0.2332,-31.73,961.7500,0.82
2025-06-04 14:55:00,969.6,970.5,969.1,970.05,92476,-0.1076,-0.2332,-53.86,961.7500,0.86
2025-06-04 15:00:00,970.05,971.65,970,970.95,610338,-0.0135,-0.2332,-94.21,961.7500,0.96
2025-06-04 15:05:00,970.95,971.05,970,970.3,478020,0.0034,-0.2332,-101.46,961.7500,0.89
2025-06-04 15:10:00,970.25,971,969.8,970.7,587442,0.0380,-0.2332,-116.30,961.7500,0.93
2025-06-04 15:15:00,970.7,970.75,970.3,970.35,449178,0.0339,-0.2332,-114.54,961.7500,0.89
2025-06-04 15:20:00,970.35,970.75,969.85,969.95,559602,0.0026,-0.2332,-101.11,961.7500,0.85
2025-06-04 15:25:00,969.95,970.75,969.4,969.75,377624,-0.0314,-0.2332,-86.54,961.7500,0.83
2025-06-05 09:15:00,973.5,975.5,970.1,971.8,1527534,0.0783,-0.0314,-349.36,969.7500,0.21
2025-06-05 09:20:00,971.65,972.85,971.25,972.25,377090,0.1701,-0.0314,-641.72,969.7500,0.26
2025-06-05 09:25:00,972.15,973.5,972.15,973.1,414458,0.2710,-0.0314,-963.06,969.7500,0.35
2025-06-05 09:30:00,973.1,974.95,972.65,974.85,477196,0.4291,-0.0314,-1466.56,969.7500,0.53
2025-06-05 09:35:00,974.85,976,973.7,975.8,485590,0.5627,-0.0314,-1892.04,969.7500,0.62
2025-06-05 09:40:00,975.6,977.25,975.55,976.95,360330,0.6855,-0.0314,-2283.12,969.7500,0.74
2025-06-05 09:45:00,977,979.35,976.95,978.05,534134,0.7903,-0.0314,-2616.88,969.7500,0.86
2025-06-05 09:50:00,978.05,978.65,977.15,977.85,234942,0.7936,-0.0314,-2627.39,969.7500,0.84
2025-06-05 09:55:00,978,979.45,977.5,978.7,231482,0.7983,-0.0314,-2642.36,969.7500,0.92
2025-06-05 10:00:00,978.5,979,977.1,977.45,119396,0.6677,-0.0314,-2226.43,969.7500,0.79
2025-06-05 10:05:00,977.4,977.5,976.85,977.5,100804,0.5407,-0.0314,-1821.97,969.7500,0.80
2025-06-05 10:10:00,977.45,978.45,976.6,977.5,99162,0.4181,-0.0314,-1431.53,969.7500,0.80
2025-06-05 10:15:00,977.5,977.65,976.5,976.95,90658,0.2687,-0.0314,-955.73,969.7500,0.74
2025-06-05 10:20:00,976.75,978.15,976.35,977.75,266494,0.1959,-0.0314,-723.89,969.7500,0.82
2025-06-05 10:25:00,977.8,978.25,976.75,976.75,152644,0.0595,-0.0314,-289.49,969.7500,0.72
2025-06-05 10:30:00,976.75,977.5,976,977.1,182900,-0.0235,-0.0314,-25.16,969.7500,0.76
2025-06-05 10:35:00,977.2,977.95,976.45,977.8,204214,-0.0463,-0.0314,47.45,969.7500,0.83
2025-06-05 10:40:00,977.95,977.95,976.5,977.55,171200,-0.0908,-0.0314,189.17,969.7500,0.80
2025-06-05 10:45:00,977.55,978.05,976.55,976.6,110648,-0.1909,-0.0314,507.96,969.7500,0.71
2025-06-05 10:50:00,976.6,976.6,975.35,975.8,99802,-0.3106,-0.0314,889.17,969.7500,0.62
2025-06-05 10:55:00,975.8,976.35,975.35,976.35,98368,-0.3495,-0.0314,1013.06,969.7500,0.68
2025-06-05 11:00:00,976.05,976.5,975,976.05,198022,-0.3892,-0.0314,1139.49,969.7500,0.65
2025-06-05 11:05:00,976.4,976.4,974.55,974.9,203864,-0.4806,-0.0314,1430.57,969.7500,0.53
2025-06-05 11:10:00,974.9,975.25,974.5,974.8,78016,-0.5316,-0.0314,1592.99,969.7500,0.52
2025-06-05 11:15:00,974.8,975,974.45,974.75,110996,-0.5501,-0.0314,1651.91,969.7500,0.52
2025-06-05 11:20:00,974.9,976.65,974.35,976.6,224988,-0.4248,-0.0314,1252.87,969.7500,0.71
2025-06-05 11:25:00,976.5,977.05,975.6,976.05,241332,-0.3681,-0.0314,1072.29,969.7500,0.65
2025-06-05 11:30:00,976.05,976.7,975,975.25,157616,-0.3726,-0.0314,1086.62,969.7500,0.57
2025-06-05 11:35:00,975.35,975.35,974.55,974.95,114088,-0.3823,-0.0314,1117.52,969.7500,0.54
2025-06-05 11:40:00,975,975.5,974.6,975.4,97314,-0.3461,-0.0314,1002.23,969.7500,0.58
2025-06-05 11:45:00,975.4,975.4,973.35,974.05,104700,-0.3971,-0.0314,1164.65,969.7500,0.44
2025-06-05 11:50:00,974.05,974.55,973.5,974.4,83506,-0.3907,-0.0314,1144.27,969.7500,0.48
2025-06-05 11:55:00,974.4,974.75,973.3,974.6,108322,-0.3574,-0.0314,1038.22,969.7500,0.50
2025-06-05 12:00:00,974.6,976.2,974.15,976.2,184160,-0.2187,-0.0314,596.50,969.7500,0.67
2025-06-05 12:05:00,976.2,977,976,976.55,170674,-0.1006,-0.0314,220.38,969.7500,0.70
2025-06-05 12:10:00,976.7,977.9,975.85,977.7,369652,0.0498,-0.0314,-258.60,969.7500,0.82
2025-06-05 12:15:00,977.65,978.95,977.5,977.55,411892,0.1294,-0.0314,-512.10,969.7500,0.80
2025-06-05 12:20:00,977.55,977.95,977.2,977.5,187714,0.1666,-0.0314,-630.57,969.7500,0.80
2025-06-05 12:25:00,977.5,977.55,975,976.05,179370,0.0855,-0.0314,-372.29,969.7500,0.65
2025-06-05 12:30:00,976.2,976.9,975.75,975.9,95270,0.0172,-0.0314,-154.78,969.7500,0.63
2025-06-05 12:35:00,975.9,976.4,975.15,975.85,125628,-0.0330,-0.0314,5.10,969.7500,0.63
2025-06-05 12:40:00,975.85,976.75,975.45,976.05,120488,-0.0533,-0.0314,69.75,969.7500,0.65
2025-06-05 12:45:00,975.75,976.65,975.5,976.2,146208,-0.0568,-0.0314,80.89,969.7500,0.67
2025-06-05 12:50:00,976.15,976.9,975.45,976.9,104296,-0.0144,-0.0314,-54.14,969.7500,0.74
2025-06-05 12:55:00,976.9,977,974.65,975.25,202428,-0.0954,-0.0314,203.82,969.7500,0.57
2025-06-05 13:00:00,975.25,975.7,974.65,975.15,116264,-0.1503,-0.0314,378.66,969.7500,0.56
2025-06-05 13:05:00,975.4,976.5,974.85,975.2,107954,-0.1761,-0.0314,460.83,969.7500,0.56
2025-06-05 13:10:00,975.05,975.75,974.35,974.75,142538,-0.2138,-0.0314,580.89,969.7500,0.52
2025-06-05 13:15:00,974.7,975.55,974.25,975.25,162734,-0.1959,-0.0314,523.89,969.7500,0.57
2025-06-05 13:20:00,975.1,975.25,973.75,975,184356,-0.1915,-0.0314,509.87,969.7500,0.54
2025-06-05 13:25:00,975.15,975.25,974.25,974.6,72484,-0.2049,-0.0314,552.55,969.7500,0.50
2025-06-05 13:30:00,974.7,974.7,972.5,972.65,310040,-0.3272,-0.0314,942.04,969.7500,0.30
2025-06-05 13:35:00,972.65,973.65,972.5,973.65,215306,-0.3223,-0.0314,926.43,969.7500,0.40
2025-06-05 13:40:00,973.65,974.5,972.55,972.95,140946,-0.3458,-0.0314,1001.27,969.7500,0.33
2025-06-05 13:45:00,972.95,974.9,972.7,974.25,88368,-0.2574,-0.0314,719.75,969.7500,0.46
2025-06-05 13:50:00,974.45,974.7,974.05,974.55,89020,-0.1667,-0.0314,430.89,969.7500,0.49
2025-06-05 13:55:00,974.5,974.8,973.55,974.2,123688,-0.1204,-0.0314,283.44,969.7500,0.46
2025-06-05 14:00:00,974.2,974.65,972.6,973.6,150910,-0.1201,-0.0314,282.48,969.7500,0.40
2025-06-05 14:05:00,973.6,974.25,973.2,973.5,99116,-0.1164,-0.0314,270.70,969.7500,0.39
2025-06-05 14:10:00,973.5,973.95,972.55,973.85,115864,-0.0818,-0.0314,160.51,969.7500,0.42
2025-06-05 14:15:00,973.85,974.6,973.25,974.25,160072,-0.0263,-0.0314,-16.24,969.7500,0.46
2025-06-05 14:20:00,974.3,974.35,973.3,973.75,186852,-0.0179,-0.0314,-42.99,969.7500,0.41
2025-06-05 14:25:00,973.75,974.5,973.35,973.8,334168,-0.0045,-0.0314,-85.67,969.7500,0.42
2025-06-05 14:30:00,973.8,974.95,973.5,974.65,173832,0.0626,-0.0314,-299.36,969.7500,0.51
2025-06-05 14:35:00,974.7,974.85,973.85,974,218552,0.0639,-0.0314,-303.50,969.7500,0.44
2025-06-05 14:40:00,974.15,975,974,974.5,252494,0.0971,-0.0314,-409.24,969.7500,0.49
2025-06-05 14:45:00,974.55,975.4,974.25,974.45,263990,0.1132,-0.0314,-460.51,969.7500,0.48
2025-06-05 14:50:00,974.45,975.45,973.2,973.55,309974,0.0633,-0.0314,-301.59,969.7500,0.39
2025-06-05 14:55:00,973.7,974.25,973.05,974,321430,0.0607,-0.0314,-293.31,969.7500,0.44
2025-06-05 15:00:00,974,974.1,972.5,973.6,1192184,0.0334,-0.0314,-206.37,969.7500,0.40
2025-06-05 15:05:00,973.65,974.2,972.8,973.85,1124126,0.0335,-0.0314,-206.69,969.7500,0.42
2025-06-05 15:10:00,973.6,974.5,973,974.5,1223950,0.0762,-0.0314,-342.68,969.7500,0.49
2025-06-05 15:15:00,974.5,976.5,974.35,976.25,1267718,0.2135,-0.0314,-779.94,969.7500,0.67
2025-06-05 15:20:00,976.25,977.05,975.4,977,1281488,0.3384,-0.0314,-1177.71,969.7500,0.75
2025-06-05 15:25:00,977,977.7,975.7,976,1000290,0.3367,-0.0314,-1172.29,969.7500,0.64
2025-06-06 09:15:00,972.5,974,971.35,974,742280,0.1910,0.3367,-43.27,976.0000,-0.20
2025-06-06 09:20:00,973.75,976.2,973.55,975.95,227736,0.2145,0.3367,-36.29,976.0000,-0.01
2025-06-06 09:25:00,976,976,974,974,92710,0.0933,0.3367,-72.29,976.0000,-0.20
2025-06-06 09:30:00,974.05,974.6,973.15,973.45,108506,-0.0231,0.3367,-106.86,976.0000,-0.26
2025-06-06 09:35:00,973.45,973.45,972.5,972.55,75672,-0.1526,0.3367,-145.32,976.0000,-0.35
2025-06-06 09:40:00,972.55,973.45,971.9,972.8,109376,-0.2098,0.3367,-162.31,976.0000,-0.33
2025-06-06 09:45:00,972.8,974.25,971.9,974.2,324380,-0.1449,0.3367,-143.04,976.0000,-0.18
2025-06-06 09:50:00,974.2,974.75,972.4,973.4,139836,-0.1468,0.3367,-143.60,976.0000,-0.27
2025-06-06 09:55:00,973.65,974.1,973.2,974.1,26066,-0.0945,0.3367,-128.07,976.0000,-0.19
2025-06-06 10:00:00,974.1,974.25,972.2,972.8,68832,-0.1384,0.3367,-141.10,976.0000,-0.33
2025-06-06 10:05:00,972.9,979.4,972.8,976.4,597856,0.0728,0.3367,-78.38,976.0000,0.04
2025-06-06 10:10:00,976.4,976.7,972.7,973.35,842440,0.0082,0.3367,-97.56,976.0000,-0.27
2025-06-06 10:15:00,973.35,974.3,972.6,974.05,306982,0.0134,0.3367,-96.02,976.0000,-0.20
2025-06-06 10:20:00,974.15,979.2,973.5,978.65,522736,0.3110,0.3367,-7.63,976.0000,0.27
2025-06-06 10:25:00,978.35,982.75,978.1,981.5,1262088,0.6638,0.3367,97.15,976.0000,0.56
2025-06-06 10:30:00,981.75,983.75,981.55,981.75,554352,0.8654,0.3367,157.02,976.0000,0.59
2025-06-06 10:35:00,981.75,984.4,980.15,984.4,354126,1.1127,0.3367,230.47,976.0000,0.86
2025-06-06 10:40:00,984.3,986.4,984.05,984.65,641950,1.2201,0.3367,262.37,976.0000,0.89
2025-06-06 10:45:00,984.65,987.4,984.15,987,469538,1.3654,0.3367,305.52,976.0000,1.13
2025-06-06 10:50:00,987,987.4,985,985.5,278460,1.2779,0.3367,279.54,976.0000,0.97
2025-06-06 10:55:00,985.45,989.5,985.15,989.25,1097654,1.3814,0.3367,310.28,976.0000,1.36
2025-06-06 11:00:00,989.25,990.05,988.5,989.8,975496,1.3917,0.3367,313.34,976.0000,1.41
2025-06-06 11:05:00,989.8,994,989.6,993.95,1007674,1.5696,0.3367,366.17,976.0000,1.84
2025-06-06 11:10:00,993.95,997.5,992.7,997.45,915926,1.7982,0.3367,434.07,976.0000,2.20
2025-06-06 11:15:00,997.3,998.15,995.5,996.85,780332,1.7809,0.3367,428.93,976.0000,2.14
2025-06-06 11:20:00,996.9,997.8,993.9,995,1053446,1.5265,0.3367,353.37,976.0000,1.95
2025-06-06 11:25:00,994.95,996.75,994.25,995.05,742172,1.2546,0.3367,272.62,976.0000,1.95
2025-06-06 11:30:00,995.05,995.85,994.35,995,252500,0.9767,0.3367,190.08,976.0000,1.95
2025-06-06 11:35:00,995.05,995.05,993.65,994.8,526026,0.6979,0.3367,107.28,976.0000,1.93
2025-06-06 11:40:00,994.8,996.5,994.6,995.9,405056,0.5144,0.3367,52.78,976.0000,2.04
2025-06-06 11:45:00,995.9,995.9,994.3,995.25,181058,0.2876,0.3367,-14.58,976.0000,1.97
2025-06-06 11:50:00,995.35,995.5,994.5,995.25,96252,0.0861,0.3367,-74.43,976.0000,1.97
2025-06-06 11:55:00,995.25,995.5,994.25,995,135474,-0.1049,0.3367,-131.16,976.0000,1.95
2025-06-06 12:00:00,995,995,994.05,994.75,213454,-0.2791,0.3367,-182.89,976.0000,1.92
2025-06-06 12:05:00,994.75,995,994.3,994.55,203606,-0.4299,0.3367,-227.68,976.0000,1.90
2025-06-06 12:10:00,994.6,995.05,993.5,993.5,222644,-0.6114,0.3367,-281.59,976.0000,1.79
2025-06-06 12:15:00,993.5,993.9,990.8,990.95,270788,-0.8969,0.3367,-366.38,976.0000,1.53
2025-06-06 12:20:00,991,991.45,990.05,990.95,226060,-1.0678,0.3367,-417.14,976.0000,1.53
2025-06-06 12:25:00,990.95,991.25,990.3,990.95,146896,-1.1556,0.3367,-443.21,976.0000,1.53
2025-06-06 12:30:00,990.9,990.95,989.4,989.75,151876,-1.2605,0.3367,-474.37,976.0000,1.41
2025-06-06 12:35:00,989.9,990,989.3,989.55,128352,-1.3041,0.3367,-487.32,976.0000,1.39
2025-06-06 12:40:00,989.5,989.5,987.85,988.6,199486,-1.3518,0.3367,-501.49,976.0000,1.29
2025-06-06 12:45:00,988.6,990,988.3,988.7,462758,-1.3294,0.3367,-494.83,976.0000,1.30
2025-06-06 12:50:00,988.7,989.15,988,988.6,124294,-1.2741,0.3367,-478.41,976.0000,1.29
2025-06-06 12:55:00,988.6,989,988,988.4,67536,-1.2045,0.3367,-457.74,976.0000,1.27
2025-06-06 13:00:00,988.4,988.95,987.65,988.25,106858,-1.1237,0.3367,-433.74,976.0000,1.26
2025-06-06 13:05:00,988.25,988.85,987.65,987.95,166592,-1.0470,0.3367,-410.96,976.0000,1.22
2025-06-06 13:10:00,987.9,989.5,987.85,989.2,245408,-0.8758,0.3367,-360.11,976.0000,1.35
2025-06-06 13:15:00,989.1,989.5,988.4,989.2,289340,-0.7319,0.3367,-317.37,976.0000,1.35
2025-06-06 13:20:00,989.25,989.45,989.1,989.4,82290,-0.5983,0.3367,-277.70,976.0000,1.37
2025-06-06 13:25:00,989.4,990.1,988.7,989.9,345640,-0.4577,0.3367,-235.94,976.0000,1.42
2025-06-06 13:30:00,989.9,990.55,989.25,990.45,168118,-0.3158,0.3367,-193.79,976.0000,1.48
2025-06-06 13:35:00,990.55,992.95,990.5,992.8,529020,-0.0650,0.3367,-119.31,976.0000,1.72
2025-06-06 13:40:00,992.85,993.05,992.05,992.5,259602,0.0721,0.3367,-78.59,976.0000,1.69
2025-06-06 13:45:00,992.45,993.45,992.3,992.6,249458,0.1559,0.3367,-53.70,976.0000,1.70
2025-06-06 13:50:00,992.5,993.95,992.35,993.7,268726,0.2655,0.3367,-21.15,976.0000,1.81
2025-06-06 13:55:00,993.7,994.35,993.25,994,372484,0.3339,0.3367,-0.83,976.0000,1.84
2025-06-06 14:00:00,993.9,994.1,992.5,993.3,310628,0.3082,0.3367,-8.46,976.0000,1.77
2025-06-06 14:05:00,993.25,993.3,991.7,992.1,207450,0.1923,0.3367,-42.89,976.0000,1.65
2025-06-06 14:10:00,992.1,993.7,991.35,993.65,237380,0.2010,0.3367,-40.30,976.0000,1.81
2025-06-06 14:15:00,993.6,994.15,993.5,994,158522,0.2103,0.3367,-37.54,976.0000,1.84
2025-06-06 14:20:00,994,995,993.65,994.75,226818,0.2445,0.3367,-27.38,976.0000,1.92
2025-06-06 14:25:00,994.85,994.85,993.85,994.35,131988,0.2187,0.3367,-35.05,976.0000,1.88
2025-06-06 14:30:00,994.25,994.45,992.4,993.05,156550,0.0986,0.3367,-70.72,976.0000,1.75
2025-06-06 14:35:00,993.05,993.9,992.3,992.55,184744,-0.0235,0.3367,-106.98,976.0000,1.70
2025-06-06 14:40:00,992.8,993.25,992.1,992.25,178178,-0.1276,0.3367,-137.90,976.0000,1.66
2025-06-06 14:45:00,992.6,992.6,991.35,992.35,216418,-0.1891,0.3367,-156.16,976.0000,1.68
2025-06-06 14:50:00,992.35,992.4,990.1,990.65,256200,-0.3352,0.3367,-199.55,976.0000,1.50
2025-06-06 14:55:00,990.65,991.65,990.45,991.3,285494,-0.3759,0.3367,-211.64,976.0000,1.57
2025-06-06 15:00:00,991.3,992.45,988.6,989.6,887542,-0.4975,0.3367,-247.76,976.0000,1.39
2025-06-06 15:05:00,989.6,990.95,988.1,990.3,1358142,-0.5091,0.3367,-251.20,976.0000,1.47
2025-06-06 15:10:00,990.35,990.45,988.25,989.1,988568,-0.5713,0.3367,-269.68,976.0000,1.34
2025-06-06 15:15:00,989.15,990,988.15,989,694542,-0.5904,0.3367,-275.35,976.0000,1.33
2025-06-06 15:20:00,989,989.5,987.65,989.15,1081740,-0.5643,0.3367,-267.60,976.0000,1.35
2025-06-06 15:25:00,989.15,989.9,987.8,989,715242,-0.5290,0.3367,-257.11,976.0000,1.33
2025-06-09 09:15:00,997,997,990.5,990.75,1942128,-0.3673,-0.5290,-30.57,989.0000,0.18
2025-06-09 09:20:00,990.75,991.9,989.35,989.35,403776,-0.3351,-0.5290,-36.65,989.0000,0.04
2025-06-09 09:25:00,989.35,991.4,989.3,990.65,309410,-0.2127,-0.5290,-59.79,989.0000,0.17
2025-06-09 09:30:00,990.65,992,989.8,991.45,277554,-0.0715,-0.5290,-86.48,989.0000,0.25
2025-06-09 09:35:00,991.5,991.9,990,990.2,204298,-0.0567,-0.5290,-89.28,989.0000,0.12
2025-06-09 09:40:00,990.25,990.5,988.8,990.3,183986,-0.0356,-0.5290,-93.27,989.0000,0.13
2025-06-09 09:45:00,990.4,991,988.85,990.95,208468,0.0236,-0.5290,-104.46,989.0000,0.20
2025-06-09 09:50:00,990.6,992.25,989.9,991.8,307404,0.1162,-0.5290,-121.97,989.0000,0.28
2025-06-09 09:55:00,991.75,991.8,989.5,990.75,176552,0.1035,-0.5290,-119.57,989.0000,0.18
2025-06-09 10:00:00,990.75,991.4,990.5,990.7,73752,0.0889,-0.5290,-116.81,989.0000,0.17
2025-06-09 10:05:00,990.95,991.3,990.3,990.45,69498,0.0609,-0.5290,-111.51,989.0000,0.15
2025-06-09 10:10:00,990.45,991.65,990,991.6,308900,0.1153,-0.5290,-121.80,989.0000,0.26
2025-06-09 10:15:00,991.65,991.85,990.5,990.65,131076,0.0841,-0.5290,-115.90,989.0000,0.17
2025-06-09 10:20:00,990.7,991.4,990.4,990.4,89736,0.0454,-0.5290,-108.58,989.0000,0.14
2025-06-09 10:25:00,990.4,990.5,989.35,989.85,191714,-0.0152,-0.5290,-97.13,989.0000,0.09
2025-06-09 10:30:00,989.9,990.45,989.75,990.1,75754,-0.0352,-0.5290,-93.35,989.0000,0.11
2025-06-09 10:35:00,990.15,991.15,990.05,990.95,80090,0.0095,-0.5290,-101.80,989.0000,0.20
2025-06-09 10:40:00,990.85,992.25,990.85,992.2,119544,0.1181,-0.5290,-122.33,989.0000,0.32
2025-06-09 10:45:00,992.25,992.25,991.45,991.6,74928,0.1426,-0.5290,-126.96,989.0000,0.26
2025-06-09 10:50:00,991.6,991.65,991,991.3,84452,0.1319,-0.5290,-124.93,989.0000,0.23
2025-06-09 10:55:00,991.3,991.4,990.7,990.75,87510,0.0836,-0.5290,-115.80,989.0000,0.18
2025-06-09 11:00:00,990.95,991.4,990.55,991,81126,0.0650,-0.5290,-112.29,989.0000,0.20
2025-06-09 11:05:00,991.1,991.15,990.2,990.4,84860,0.0116,-0.5290,-102.19,989.0000,0.14
2025-06-09 11:10:00,990.4,991.1,990.25,990.5,72440,-0.0161,-0.5290,-96.96,989.0000,0.15
2025-06-09 11:15:00,990.4,991,990.3,990.3,64696,-0.0454,-0.5290,-91.42,989.0000,0.13
2025-06-09 11:20:00,990.3,990.85,989.8,990.25,104046,-0.0645,-0.5290,-87.81,989.0000,0.13
2025-06-09 11:25:00,990.2,990.25,989.45,989.45,157002,-0.1239,-0.5290,-76.58,989.0000,0.05
2025-06-09 11:30:00,989.45,990.45,989.45,990.2,90716,-0.1062,-0.5290,-79.92,989.0000,0.12
2025-06-09 11:35:00,990.15,990.7,989.95,990.6,133360,-0.0633,-0.5290,-88.03,989.0000,0.16
2025-06-09 11:40:00,990.6,990.65,989.8,989.9,109150,-0.0768,-0.5290,-85.48,989.0000,0.09
2025-06-09 11:45:00,989.9,989.95,989.5,989.7,108900,-0.0929,-0.5290,-82.44,989.0000,0.07
2025-06-09 11:50:00,989.65,990.2,989,989.5,141770,-0.1096,-0.5290,-79.28,989.0000,0.05
2025-06-09 11:55:00,989.5,990,989.25,989.9,57130,-0.0873,-0.5290,-83.50,989.0000,0.09
2025-06-09 12:00:00,989.85,990.45,989.3,989.85,118910,-0.0701,-0.5290,-86.75,989.0000,0.09
2025-06-09 12:05:00,990.05,990.1,989.55,989.85,68752,-0.0538,-0.5290,-89.83,989.0000,0.09
2025-06-09 12:10:00,989.85,989.95,989.4,989.45,103770,-0.0642,-0.5290,-87.86,989.0000,0.05
2025-06-09 12:15:00,989.45,989.55,989.15,989.4,81332,-0.0684,-0.5290,-87.07,989.0000,0.04
2025-06-09 12:20:00,989.4,989.9,989.35,989.6,66080,-0.0523,-0.5290,-90.11,989.0000,0.06
2025-06-09 12:25:00,989.6,990.75,989.5,990.45,108410,0.0172,-0.5290,-103.25,989.0000,0.15
2025-06-09 12:30:00,990.4,991.15,990.4,991.1,165316,0.1037,-0.5290,-119.60,989.0000,0.21
2025-06-09 12:35:00,991.1,991.3,990,990.35,95736,0.1069,-0.5290,-120.21,989.0000,0.14
2025-06-09 12:40:00,990.3,990.4,989.9,990.1,75046,0.0892,-0.5290,-116.86,989.0000,0.11
2025-06-09 12:45:00,990.1,990.45,989.65,989.75,73202,0.0529,-0.5290,-110.00,989.0000,0.08
2025-06-09 12:50:00,989.7,990,989.2,989.3,97848,0.0002,-0.5290,-100.04,989.0000,0.03
2025-06-09 12:55:00,989.45,989.5,989.1,989.3,77264,-0.0312,-0.5290,-94.10,989.0000,0.03
2025-06-09 13:00:00,989.3,989.7,989.3,989.7,73440,-0.0220,-0.5290,-95.84,989.0000,0.07
2025-06-09 13:05:00,989.7,990,989.65,989.7,80294,-0.0134,-0.5290,-97.47,989.0000,0.07
2025-06-09 13:10:00,989.7,990,989.1,989.45,77764,-0.0215,-0.5290,-95.94,989.0000,0.05
2025-06-09 13:15:00,989.5,989.5,988.55,989.1,124116,-0.0459,-0.5290,-91.32,989.0000,0.01
2025-06-09 13:20:00,989.15,989.45,988.8,988.85,151534,-0.0729,-0.5290,-86.22,989.0000,-0.02
2025-06-09 13:25:00,988.95,989.1,988.85,989.05,111974,-0.0711,-0.5290,-86.56,989.0000,0.01
2025-06-09 13:30:00,989,989.1,988.65,988.85,150290,-0.0768,-0.5290,-85.48,989.0000,-0.02
2025-06-09 13:35:00,989,989.75,988.75,989.7,109862,-0.0197,-0.5290,-96.28,989.0000,0.07
2025-06-09 13:40:00,989.7,990.1,989.55,990,134304,0.0388,-0.5290,-107.33,989.0000,0.10
2025-06-09 13:45:00,990,990.35,990,990,87628,0.0757,-0.5290,-114.31,989.0000,0.10
2025-06-09 13:50:00,990.05,990.8,989.2,989.75,114394,0.0812,-0.5290,-115.35,989.0000,0.08
2025-06-09 13:55:00,989.8,990.05,989.65,989.7,71360,0.0792,-0.5290,-114.97,989.0000,0.07
2025-06-09 14:00:00,989.7,990.35,989.55,989.55,90600,0.0661,-0.5290,-112.50,989.0000,0.06
2025-06-09 14:05:00,989.7,989.85,989,989.2,99858,0.0337,-0.5290,-106.37,989.0000,0.02
2025-06-09 14:10:00,989.1,989.5,989.05,989.2,81402,0.0133,-0.5290,-102.51,989.0000,0.02
2025-06-09 14:15:00,989.2,989.45,988.75,989.15,120224,-0.0018,-0.5290,-99.66,989.0000,0.02
2025-06-09 14:20:00,989.15,989.3,988.55,988.65,119254,-0.0415,-0.5290,-92.16,989.0000,-0.04
2025-06-09 14:25:00,988.65,989.15,987.95,988.85,108092,-0.0498,-0.5290,-90.59,989.0000,-0.02
2025-06-09 14:30:00,988.9,989.45,988.9,989.2,75396,-0.0282,-0.5290,-94.67,989.0000,0.02
2025-06-09 14:35:00,989.2,989.85,988.9,989.15,208986,-0.0146,-0.5290,-97.24,989.0000,0.02
2025-06-09 14:40:00,989.1,989.85,989,989.85,131690,0.0413,-0.5290,-107.81,989.0000,0.09
2025-06-09 14:45:00,989.8,990,989.1,989.45,140786,0.0504,-0.5290,-109.53,989.0000,0.05
2025-06-09 14:50:00,989.45,989.45,988.9,989.35,213498,0.0488,-0.5290,-109.22,989.0000,0.04
2025-06-09 14:55:00,989.3,989.5,988.85,988.85,193212,0.0149,-0.5290,-102.82,989.0000,-0.02
2025-06-09 15:00:00,988.9,990.25,988.45,989.05,384584,0.0072,-0.5290,-101.36,989.0000,0.01
2025-06-09 15:05:00,989,989.35,988.95,989.3,162388,0.0194,-0.5290,-103.67,989.0000,0.03
2025-06-09 15:10:00,989.25,989.9,989,989.45,225526,0.0371,-0.5290,-107.01,989.0000,0.05
2025-06-09 15:15:00,989.4,990,989.05,989.45,274692,0.0477,-0.5290,-109.02,989.0000,0.05
2025-06-09 15:20:00,989.45,990.3,989.05,989.9,286392,0.0818,-0.5290,-115.46,989.0000,0.09
2025-06-09 15:25:00,990,990.45,989.05,990.05,256864,0.1095,-0.5290,-120.70,989.0000,0.11
2025-06-10 09:15:00,991,991.25,985.15,986.9,1165088,-0.0790,0.1095,-172.15,990.0500,-0.32
2025-06-10 09:20:00,986.9,986.9,985.05,986.2,342628,-0.2366,0.1095,-316.07,990.0500,-0.39
2025-06-10 09:25:00,986.2,986.85,981.95,982.7,342794,-0.5449,0.1095,-597.63,990.0500,-0.74
2025-06-10 09:30:00,982.75,984.5,981.5,984.35,146148,-0.6014,0.1095,-649.22,990.0500,-0.58
2025-06-10 09:35:00,984.45,986,984,985.15,271764,-0.5500,0.1095,-602.28,990.0500,-0.49
2025-06-10 09:40:00,985.15,985.3,984.05,984.15,78366,-0.5474,0.1095,-599.91,990.0500,-0.60
2025-06-10 09:45:00,984.05,985,983.05,985,85640,-0.4561,0.1095,-516.53,990.0500,-0.51
2025-06-10 09:50:00,985,985.95,984.6,984.95,121700,-0.3705,0.1095,-438.36,990.0500,-0.52
2025-06-10 09:55:00,984.9,985.3,984.9,985,48328,-0.2856,0.1095,-360.82,990.0500,-0.51
2025-06-10 10:00:00,984.9,986.5,984.65,986.4,90552,-0.1189,0.1095,-208.58,990.0500,-0.37
2025-06-10 10:05:00,986.4,987.25,986,986.4,161586,0.0013,0.1095,-98.81,990.0500,-0.37
2025-06-10 10:10:00,986.4,987,985.8,986.85,102034,0.1148,0.1095,4.84,990.0500,-0.32
2025-06-10 10:15:00,986.8,987,986.4,986.9,116170,0.1923,0.1095,75.62,990.0500,-0.32
2025-06-10 10:20:00,986.85,987,985.8,986.1,86754,0.1885,0.1095,72.15,990.0500,-0.40
2025-06-10 10:25:00,986,986.1,984.65,984.95,133310,0.1113,0.1095,1.64,990.0500,-0.52
2025-06-10 10:30:00,984.8,985.3,984.3,985,97546,0.0683,0.1095,-37.63,990.0500,-0.51
2025-06-10 10:35:00,984.95,985.7,984.95,985.2,54628,0.0585,0.1095,-46.58,990.0500,-0.49
2025-06-10 10:40:00,985.15,985.2,984.45,984.95,62592,0.0411,0.1095,-62.47,990.0500,-0.52
2025-06-10 10:45:00,984.95,985.5,984,985,126398,0.0390,0.1095,-64.38,990.0500,-0.51
2025-06-10 10:50:00,985,985,983.5,983.75,127474,-0.0365,0.1095,-133.33,990.0500,-0.64
2025-06-10 10:55:00,983.6,984.45,983,984,105920,-0.0583,0.1095,-153.24,990.0500,-0.61
2025-06-10 11:00:00,983.85,984.1,983.7,984.05,82188,-0.0578,0.1095,-152.79,990.0500,-0.61
2025-06-10 11:05:00,984.05,984.95,984.05,984.25,70956,-0.0338,0.1095,-130.87,990.0500,-0.59
2025-06-10 11:10:00,984.25,984.4,983.5,983.95,69126,-0.0280,0.1095,-125.57,990.0500,-0.62
2025-06-10 11:15:00,983.8,984.35,983.8,984,55576,-0.0116,0.1095,-110.59,990.0500,-0.61
2025-06-10 11:20:00,983.95,984.15,983.55,983.7,75238,-0.0118,0.1095,-110.78,990.0500,-0.64
2025-06-10 11:25:00,983.75,983.8,982.55,982.55,126526,-0.0764,0.1095,-169.77,990.0500,-0.76
2025-06-10 11:30:00,982.55,983.4,981.85,982.1,154338,-0.1333,0.1095,-221.74,990.0500,-0.80
2025-06-10 11:35:00,982.15,982.95,982,982.15,126908,-0.1502,0.1095,-237.17,990.0500,-0.80
2025-06-10 11:40:00,982.15,982.95,982.05,982.8,113582,-0.1024,0.1095,-193.52,990.0500,-0.73
2025-06-10 11:45:00,982.8,983,981.6,981.9,225784,-0.1153,0.1095,-205.30,990.0500,-0.82
2025-06-10 11:50:00,981.9,982.5,981.7,982.45,88274,-0.0727,0.1095,-166.39,990.0500,-0.77
2025-06-10 11:55:00,982.5,982.5,981.65,981.9,130916,-0.0677,0.1095,-161.83,990.0500,-0.82
2025-06-10 12:00:00,981.9,982.25,980.55,981,161144,-0.1086,0.1095,-199.18,990.0500,-0.91
2025-06-10 12:05:00,980.95,983.05,980.8,982.95,83536,0.0059,0.1095,-94.61,990.0500,-0.72
2025-06-10 12:10:00,982.95,983.3,982.15,982.3,102290,0.0460,0.1095,-57.99,990.0500,-0.78
2025-06-10 12:15:00,982.35,983,981.55,982.5,109384,0.0914,0.1095,-16.53,990.0500,-0.76
2025-06-10 12:20:00,982.5,982.5,981.8,982.5,140908,0.1247,0.1095,13.88,990.0500,-0.76
2025-06-10 12:25:00,982.5,982.5,981.55,982.5,86910,0.1486,0.1095,35.71,990.0500,-0.76
2025-06-10 12:30:00,982.5,982.55,982.05,982.3,101850,0.1521,0.1095,38.90,990.0500,-0.78
2025-06-10 12:35:00,982.3,983,982.1,982.85,90630,0.1901,0.1095,73.61,990.0500,-0.73
2025-06-10 12:40:00,982.85,983.25,982.4,983.25,92254,0.2379,0.1095,117.26,990.0500,-0.69
2025-06-10 12:45:00,983.25,983.6,982.75,983.45,104374,0.2759,0.1095,151.96,990.0500,-0.67
2025-06-10 12:50:00,983.45,984.25,983.05,984.25,111892,0.3435,0.1095,213.70,990.0500,-0.59
2025-06-10 12:55:00,984.1,984.5,983.75,984.2,95904,0.3710,0.1095,238.81,990.0500,-0.59
2025-06-10 13:00:00,984.2,985,983.95,984.45,102680,0.3903,0.1095,256.44,990.0500,-0.57
2025-06-10 13:05:00,984.4,984.8,983.85,984,110730,0.3578,0.1095,226.76,990.0500,-0.61
2025-06-10 13:10:00,984.05,984.45,983.7,983.7,92228,0.3034,0.1095,177.08,990.0500,-0.64
2025-06-10 13:15:00,984,984.5,983.5,983.95,112440,0.2725,0.1095,148.86,990.0500,-0.62
2025-06-10 13:20:00,983.95,984.25,983.45,983.8,103958,0.2317,0.1095,111.60,990.0500,-0.63
2025-06-10 13:25:00,983.75,984.5,983.45,983.85,102518,0.1992,0.1095,81.92,990.0500,-0.63
2025-06-10 13:30:00,983.85,984.2,983.4,983.55,140796,0.1508,0.1095,37.72,990.0500,-0.66
2025-06-10 13:35:00,983.5,983.95,983.25,983.55,101096,0.1137,0.1095,3.84,990.0500,-0.66
2025-06-10 13:40:00,983.5,983.95,983.1,983.2,99682,0.0631,0.1095,-42.37,990.0500,-0.69
2025-06-10 13:45:00,983.15,983.7,983,983.7,118012,0.0607,0.1095,-44.57,990.0500,-0.64
2025-06-10 13:50:00,983.6,984.05,983,983.4,127062,0.0376,0.1095,-65.66,990.0500,-0.67
2025-06-10 13:55:00,983.4,983.55,982.2,982.75,119312,-0.0198,0.1095,-118.08,990.0500,-0.74
2025-06-10 14:00:00,982.45,982.95,981.75,982.3,136760,-0.0829,0.1095,-175.71,990.0500,-0.78
2025-06-10 14:05:00,982.35,983.7,982.15,983.15,147056,-0.0630,0.1095,-157.53,990.0500,-0.70
2025-06-10 14:10:00,983.2,983.8,982.55,983.7,124090,-0.0113,0.1095,-110.32,990.0500,-0.64
2025-06-10 14:15:00,983.7,983.8,983.15,983.65,136826,0.0196,0.1095,-82.10,990.0500,-0.65
2025-06-10 14:20:00,983.55,983.9,983.15,983.7,149164,0.0420,0.1095,-61.64,990.0500,-0.64
2025-06-10 14:25:00,983.7,984.3,983.25,984.15,280672,0.0833,0.1095,-23.93,990.0500,-0.60
2025-06-10 14:30:00,984.05,984.25,983.65,984.15,185602,0.1055,0.1095,-3.65,990.0500,-0.60
2025-06-10 14:35:00,984.15,984.85,984.1,984.75,256398,0.1526,0.1095,39.36,990.0500,-0.54
2025-06-10 14:40:00,984.7,985.05,983.05,984,460798,0.1262,0.1095,15.25,990.0500,-0.61
2025-06-10 14:45:00,984,984.25,982.95,984.1,231688,0.1093,0.1095,-0.18,990.0500,-0.60
2025-06-10 14:50:00,984.1,984.3,983.2,983.7,295630,0.0669,0.1095,-38.90,990.0500,-0.64
2025-06-10 14:55:00,983.65,984.45,983.2,983.7,288564,0.0361,0.1095,-67.03,990.0500,-0.64
2025-06-10 15:00:00,983.65,984,982.45,983.3,988416,-0.0113,0.1095,-110.32,990.0500,-0.68
2025-06-10 15:05:00,983.35,983.9,982.55,983.7,997518,-0.0156,0.1095,-114.25,990.0500,-0.64
2025-06-10 15:10:00,983.7,983.7,982.55,982.6,773430,-0.0883,0.1095,-180.64,990.0500,-0.75
2025-06-10 15:15:00,982.55,982.6,982.2,982.2,615102,-0.1553,0.1095,-241.83,990.0500,-0.79
2025-06-10 15:20:00,982.25,982.25,981.05,981.35,665294,-0.2435,0.1095,-322.37,990.0500,-0.88
2025-06-10 15:25:00,981.35,982.05,981.3,981.4,579942,-0.2824,0.1095,-357.90,990.0500,-0.87
2025-06-11 09:15:00,983.5,983.75,978.6,979.75,343354,-0.3961,-0.2824,40.26,981.4000,-0.17
2025-06-11 09:20:00,979.75,979.85,978.3,978.8,184656,-0.5053,-0.2824,78.93,981.4000,-0.26
2025-06-11 09:25:00,978.75,979.2,978.35,978.5,125148,-0.5633,-0.2824,99.47,981.4000,-0.30
2025-06-11 09:30:00,978.55,978.95,977.6,977.65,101380,-0.6199,-0.2824,119.51,981.4000,-0.38
2025-06-11 09:35:00,977.75,979,977.55,978.45,119506,-0.5660,-0.2824,100.42,981.4000,-0.30
2025-06-11 09:40:00,978.55,978.65,978,978.25,70230,-0.5082,-0.2824,79.96,981.4000,-0.32
2025-06-11 09:45:00,978.05,978.25,976.7,977.65,174144,-0.4753,-0.2824,68.31,981.4000,-0.38
2025-06-11 09:50:00,977.6,978.7,977.5,978.1,143388,-0.3917,-0.2824,38.70,981.4000,-0.34
2025-06-11 09:55:00,978.1,978.3,978.1,978.25,57200,-0.2990,-0.2824,5.88,981.4000,-0.32
2025-06-11 10:00:00,978.3,979.1,978.25,978.9,271072,-0.1727,-0.2824,-38.85,981.4000,-0.25
2025-06-11 10:05:00,978.9,978.9,978.5,978.5,174624,-0.0987,-0.2824,-65.05,981.4000,-0.30
2025-06-11 10:10:00,978.55,979.2,978.5,979.15,105222,0.0059,-0.2824,-102.09,981.4000,-0.23
2025-06-11 10:15:00,979.2,979.65,979.05,979.1,199938,0.0795,-0.2824,-128.15,981.4000,-0.23
2025-06-11 10:20:00,979.1,979.15,978.75,978.75,80346,0.1105,-0.2824,-139.13,981.4000,-0.27
2025-06-11 10:25:00,978.75,978.95,978.05,978.65,195794,0.1288,-0.2824,-145.61,981.4000,-0.28
2025-06-11 10:30:00,978.65,979.5,978.3,979.3,133106,0.1859,-0.2824,-165.83,981.4000,-0.21
2025-06-11 10:35:00,979.05,979.75,979,979.75,96056,0.2510,-0.2824,-188.88,981.4000,-0.17
2025-06-11 10:40:00,979.75,981.35,979.7,981,211534,0.3683,-0.2824,-230.42,981.4000,-0.04
2025-06-11 10:45:00,981,981.45,980,980.55,74414,0.4027,-0.2824,-242.60,981.4000,-0.09
2025-06-11 10:50:00,980.55,980.9,979.8,980.1,63104,0.3826,-0.2824,-235.48,981.4000,-0.13
2025-06-11 10:55:00,979.8,980.15,979.5,980.05,56870,0.3539,-0.2824,-225.32,981.4000,-0.14
2025-06-11 11:00:00,980.05,980.8,979.85,980.35,70342,0.3429,-0.2824,-221.42,981.4000,-0.11
2025-06-11 11:05:00,980.15,980.9,980.15,980.5,64366,0.3332,-0.2824,-217.99,981.4000,-0.09
2025-06-11 11:10:00,980.5,980.65,979.85,980.65,53466,0.3241,-0.2824,-214.77,981.4000,-0.08
2025-06-11 11:15:00,980.5,981.5,980.4,981.2,88454,0.3406,-0.2824,-220.61,981.4000,-0.02
2025-06-11 11:20:00,981.2,981.2,980.65,981,71426,0.3236,-0.2824,-214.59,981.4000,-0.04
2025-06-11 11:25:00,981,981.45,980.8,981.25,56980,0.3146,-0.2824,-211.40,981.4000,-0.02
2025-06-11 11:30:00,981.2,981.3,981,981.3,64276,0.2975,-0.2824,-205.35,981.4000,-0.01
2025-06-11 11:35:00,981.25,981.3,980.7,981.3,64610,0.2724,-0.2824,-196.46,981.4000,-0.01
2025-06-11 11:40:00,981.25,981.3,980.7,980.85,42876,0.2143,-0.2824,-175.89,981.4000,-0.06
2025-06-11 11:45:00,980.85,981.25,980.7,981.25,65088,0.1922,-0.2824,-168.06,981.4000,-0.02
2025-06-11 11:50:00,981.15,982.5,980.85,982.4,116364,0.2413,-0.2824,-185.45,981.4000,0.10
2025-06-11 11:55:00,982.4,982.4,981.25,982,87926,0.2331,-0.2824,-182.54,981.4000,0.06
2025-06-11 12:00:00,981.9,982,980.95,981.2,78430,0.1632,-0.2824,-157.79,981.4000,-0.02
2025-06-11 12:05:00,981.25,981.25,980.65,980.95,51730,0.0931,-0.2824,-132.97,981.4000,-0.05
2025-06-11 12:10:00,980.95,981.1,980.65,980.75,49272,0.0295,-0.2824,-110.45,981.4000,-0.07
2025-06-11 12:15:00,980.75,981.5,980.5,981.35,63876,0.0243,-0.2824,-108.60,981.4000,-0.01
2025-06-11 12:20:00,981.2,981.7,980.85,981.4,68880,0.0208,-0.2824,-107.37,981.4000,0.00
2025-06-11 12:25:00,981.45,981.55,980.5,980.5,53696,-0.0421,-0.2824,-85.09,981.4000,-0.09
2025-06-11 12:30:00,980.55,981.1,980,980.3,143116,-0.0942,-0.2824,-66.64,981.4000,-0.11
2025-06-11 12:35:00,980.5,980.5,979.7,980.05,64274,-0.1397,-0.2824,-50.53,981.4000,-0.14
2025-06-11 12:40:00,980,980.05,979.35,979.6,68112,-0.1912,-0.2824,-32.29,981.4000,-0.18
2025-06-11 12:45:00,979.6,980,979.5,979.9,53062,-0.1954,-0.2824,-30.81,981.4000,-0.15
2025-06-11 12:50:00,979.9,980,979.6,979.8,61566,-0.1948,-0.2824,-31.02,981.4000,-0.16
2025-06-11 12:55:00,979.85,980,979.7,979.85,55752,-0.1813,-0.2824,-35.80,981.4000,-0.16
2025-06-11 13:00:00,979.85,980.35,979.85,980,74176,-0.1536,-0.2824,-45.61,981.4000,-0.14
2025-06-11 13:05:00,979.95,980.45,979.95,980.3,57254,-0.1085,-0.2824,-61.58,981.4000,-0.11
2025-06-11 13:10:00,980.3,980.5,979.95,979.95,48456,-0.0961,-0.2824,-65.97,981.4000,-0.15
2025-06-11 13:15:00,979.95,980.5,979.6,980.2,89130,-0.0663,-0.2824,-76.52,981.4000,-0.12
2025-06-11 13:20:00,980.2,980.3,979.6,979.95,51558,-0.0590,-0.2824,-79.11,981.4000,-0.15
2025-06-11 13:25:00,979.95,980.15,979,979.05,126346,-0.1074,-0.2824,-61.97,981.4000,-0.24
2025-06-11 13:30:00,979.15,979.3,977.8,978.6,188624,-0.1594,-0.2824,-43.56,981.4000,-0.29
2025-06-11 13:35:00,978.6,978.75,978.5,978.5,46648,-0.1880,-0.2824,-33.43,981.4000,-0.30
2025-06-11 13:40:00,978.5,978.7,977.95,978.05,78028,-0.2226,-0.2824,-21.18,981.4000,-0.34
2025-06-11 13:45:00,978,978.1,976.75,977.1,116198,-0.2903,-0.2824,2.80,981.4000,-0.44
2025-06-11 13:50:00,977.05,977.9,976.55,977.55,143916,-0.2854,-0.2824,1.06,981.4000,-0.39
2025-06-11 13:55:00,977.55,978.3,977.55,977.8,79776,-0.2472,-0.2824,-12.46,981.4000,-0.37
2025-06-11 14:00:00,977.65,977.95,977.3,977.35,51942,-0.2343,-0.2824,-17.03,981.4000,-0.41
2025-06-11 14:05:00,977.3,977.35,976.7,976.8,93526,-0.2438,-0.2824,-13.67,981.4000,-0.47
2025-06-11 14:10:00,976.8,977.5,976.75,977.15,97256,-0.2089,-0.2824,-26.03,981.4000,-0.43
2025-06-11 14:15:00,977.15,977.5,976.9,977.05,83476,-0.1761,-0.2824,-37.64,981.4000,-0.44
2025-06-11 14:20:00,977.3,977.5,976.85,977.5,95070,-0.1110,-0.2824,-60.69,981.4000,-0.40
2025-06-11 14:25:00,977.5,977.65,976.9,977,93378,-0.0893,-0.2824,-68.38,981.4000,-0.45
2025-06-11 14:30:00,976.95,977.35,976.55,976.85,103250,-0.0735,-0.2824,-73.97,981.4000,-0.46
2025-06-11 14:35:00,976.7,976.9,976.5,976.65,161042,-0.0652,-0.2824,-76.91,981.4000,-0.48
2025-06-11 14:40:00,976.65,976.75,975.75,975.9,222098,-0.0970,-0.2824,-65.65,981.4000,-0.56
2025-06-11 14:45:00,975.9,976.45,975.55,975.65,154666,-0.1201,-0.2824,-57.47,981.4000,-0.59
2025-06-11 14:50:00,975.7,977.3,975.6,976.5,198508,-0.0661,-0.2824,-76.59,981.4000,-0.50
2025-06-11 14:55:00,976.45,977,975.95,976.4,181908,-0.0271,-0.2824,-90.40,981.4000,-0.51
2025-06-11 15:00:00,976.15,976.4,975.5,975.8,513082,-0.0314,-0.2824,-88.88,981.4000,-0.57
2025-06-11 15:05:00,975.8,976.15,975.1,975.9,580282,-0.0178,-0.2824,-93.70,981.4000,-0.56
2025-06-11 15:10:00,975.9,975.95,975.05,975.1,485988,-0.0512,-0.2824,-81.87,981.4000,-0.64
2025-06-11 15:15:00,975.05,975.3,974.8,975.05,575112,-0.0642,-0.2824,-77.27,981.4000,-0.65
2025-06-11 15:20:00,975.05,975.15,974.15,974.4,611904,-0.1019,-0.2824,-63.92,981.4000,-0.71
2025-06-11 15:25:00,974.45,974.65,973.5,973.95,373514,-0.1402,-0.2824,-50.35,981.4000,-0.76
2025-06-12 09:15:00,974.85,977.45,972.55,976.65,550232,0.0245,-0.1402,-117.48,973.9500,0.28
2025-06-12 09:20:00,976.65,979.65,976.5,979.3,307626,0.3047,-0.1402,-317.33,973.9500,0.55
2025-06-12 09:25:00,979.45,979.9,978.1,979,193592,0.4534,-0.1402,-423.40,973.9500,0.52
2025-06-12 09:30:00,979,980.5,978.95,979.75,196134,0.5781,-0.1402,-512.34,973.9500,0.60
2025-06-12 09:35:00,979.75,980.4,978.05,978.15,219190,0.5298,-0.1402,-477.89,973.9500,0.43
2025-06-12 09:40:00,978.2,978.5,976.35,976.45,112144,0.3680,-0.1402,-362.48,973.9500,0.26
2025-06-12 09:45:00,976.5,977,975.05,976.65,111414,0.2640,-0.1402,-288.30,973.9500,0.28
2025-06-12 09:50:00,976.95,977.75,976.35,977,78830,0.2107,-0.1402,-250.29,973.9500,0.31
2025-06-12 09:55:00,977,977.1,975.75,975.8,64514,0.0925,-0.1402,-165.98,973.9500,0.19
2025-06-12 10:00:00,975.8,975.85,974.6,975.3,183456,-0.0158,-0.1402,-88.73,973.9500,0.14
2025-06-12 10:05:00,975.3,976.35,974.95,975.9,122760,-0.0418,-0.1402,-70.19,973.9500,0.20
2025-06-12 10:10:00,976,976.35,975,975.3,78930,-0.0914,-0.1402,-34.81,973.9500,0.14
2025-06-12 10:15:00,975.3,975.55,974.55,974.9,60490,-0.1403,-0.1402,0.07,973.9500,0.10
2025-06-12 10:20:00,974.9,975.35,974.15,975.35,72398,-0.1316,-0.1402,-6.13,973.9500,0.14
2025-06-12 10:25:00,975.35,975.6,975,975.3,76360,-0.1188,-0.1402,-15.26,973.9500,0.14
2025-06-12 10:30:00,975.35,976.3,974.95,974.95,135314,-0.1230,-0.1402,-12.27,973.9500,0.10
2025-06-12 10:35:00,975,975.45,973.9,975.25,179488,-0.0959,-0.1402,-31.60,973.9500,0.13
2025-06-12 10:40:00,975.15,975.25,972.85,972.85,168476,-0.2227,-0.1402,58.84,973.9500,-0.11
2025-06-12 10:45:00,972.95,974.3,972.5,973.5,283312,-0.2441,-0.1402,74.11,973.9500,-0.05
2025-06-12 10:50:00,973.5,974.25,972.75,973.65,208662,-0.2298,-0.1402,63.91,973.9500,-0.03
2025-06-12 10:55:00,973.65,974,972.5,973.65,164248,-0.2028,-0.1402,44.65,973.9500,-0.03
2025-06-12 11:00:00,973.65,973.8,972.9,973.25,132828,-0.1943,-0.1402,38.59,973.9500,-0.07
2025-06-12 11:05:00,973.2,973.3,972.25,972.85,205064,-0.1975,-0.1402,40.87,973.9500,-0.11
2025-06-12 11:10:00,972.9,973,972,972.75,88960,-0.1882,-0.1402,34.24,973.9500,-0.12
2025-06-12 11:15:00,972.8,974.65,972.7,974.3,87990,-0.0659,-0.1402,-53.00,973.9500,0.04
2025-06-12 11:20:00,974.45,974.6,973,973.6,180952,-0.0225,-0.1402,-83.95,973.9500,-0.04
2025-06-12 11:25:00,973.6,974.5,972.45,972.5,222108,-0.0564,-0.1402,-59.77,973.9500,-0.15
2025-06-12 11:30:00,972.5,972.95,972.1,972.1,76924,-0.0922,-0.1402,-34.24,973.9500,-0.19
2025-06-12 11:35:00,972.1,972.8,971.8,972.1,91378,-0.1015,-0.1402,-27.60,973.9500,-0.19
2025-06-12 11:40:00,972.2,973,971.8,972.3,135812,-0.0807,-0.1402,-42.44,973.9500,-0.17
2025-06-12 11:45:00,972.3,973.4,972.1,973.1,94624,-0.0037,-0.1402,-97.36,973.9500,-0.09
2025-06-12 11:50:00,973.05,973.4,972.25,972.5,148258,0.0152,-0.1402,-110.84,973.9500,-0.15
2025-06-12 11:55:00,972.65,973.3,972.2,972.6,179852,0.0413,-0.1402,-129.46,973.9500,-0.14
2025-06-12 12:00:00,972.7,973.35,971.9,972.6,190612,0.0640,-0.1402,-145.65,973.9500,-0.14
2025-06-12 12:05:00,972.65,973.75,972.55,973.35,112592,0.1312,-0.1402,-193.58,973.9500,-0.06
2025-06-12 12:10:00,973.5,973.75,973.1,973.2,63636,0.1650,-0.1402,-217.69,973.9500,-0.08
2025-06-12 12:15:00,973.2,974.15,972.9,974.1,199702,0.2427,-0.1402,-273.11,973.9500,0.02
2025-06-12 12:20:00,974.1,974.5,973.5,974.4,118464,0.3051,-0.1402,-317.62,973.9500,0.05
2025-06-12 12:25:00,974.3,974.5,973.25,973.3,94024,0.2645,-0.1402,-288.66,973.9500,-0.07
2025-06-12 12:30:00,973.35,974.45,973.1,973.9,190106,0.2693,-0.1402,-292.08,973.9500,-0.01
2025-06-12 12:35:00,973.85,974.55,972.9,972.95,148476,0.2029,-0.1402,-244.72,973.9500,-0.10
2025-06-12 12:40:00,972.95,973.85,972.8,973.25,70110,0.1747,-0.1402,-224.61,973.9500,-0.07
2025-06-12 12:45:00,973.25,974.3,972.6,974.2,65372,0.2128,-0.1402,-251.78,973.9500,0.03
2025-06-12 12:50:00,974.25,974.45,973.5,973.55,51326,0.1881,-0.1402,-234.17,973.9500,-0.04
2025-06-12 12:55:00,973.55,973.55,971.65,972.4,93232,0.0928,-0.1402,-166.19,973.9500,-0.16
2025-06-12 13:00:00,972.4,973,972,972.85,96356,0.0602,-0.1402,-142.94,973.9500,-0.11
2025-06-12 13:05:00,972.95,973.35,972.35,972.4,128296,0.0111,-0.1402,-107.92,973.9500,-0.16
2025-06-12 13:10:00,972.45,972.75,971.95,972.4,96732,-0.0171,-0.1402,-87.80,973.9500,-0.16
2025-06-12 13:15:00,972.4,973.35,972,973.3,179754,0.0267,-0.1402,-119.04,973.9500,-0.07
2025-06-12 13:20:00,973.3,973.7,972.85,973.3,67828,0.0559,-0.1402,-139.87,973.9500,-0.07
2025-06-12 13:25:00,973.25,973.6,971,971,242356,-0.0725,-0.1402,-48.29,973.9500,-0.30
2025-06-12 13:30:00,971,971.35,968.75,969.2,336004,-0.2609,-0.1402,86.09,973.9500,-0.49
2025-06-12 13:35:00,969.4,970,968.55,969.35,351392,-0.3520,-0.1402,151.07,973.9500,-0.47
2025-06-12 13:40:00,969.35,969.95,968.5,969.6,266456,-0.3701,-0.1402,163.98,973.9500,-0.45
2025-06-12 13:45:00,969.6,970.25,968.75,969.1,285026,-0.3886,-0.1402,177.18,973.9500,-0.50
2025-06-12 13:50:00,969.2,970.65,969,970.2,164578,-0.3033,-0.1402,116.33,973.9500,-0.39
2025-06-12 13:55:00,970.3,970.85,969.65,969.65,180472,-0.2621,-0.1402,86.95,973.9500,-0.44
2025-06-12 14:00:00,969.65,969.7,968.3,968.85,321796,-0.2660,-0.1402,89.73,973.9500,-0.52
2025-06-12 14:05:00,968.85,969.7,968.45,968.9,196044,-0.2432,-0.1402,73.47,973.9500,-0.52
2025-06-12 14:10:00,968.9,969.3,967.65,968.4,199928,-0.2392,-0.1402,70.61,973.9500,-0.57
2025-06-12 14:15:00,968.6,969.9,968.3,969.55,160000,-0.1416,-0.1402,1.00,973.9500,-0.45
2025-06-12 14:20:00,969.55,970.85,969.35,969.6,195582,-0.0602,-0.1402,-57.06,973.9500,-0.45
2025-06-12 14:25:00,969.6,970.75,969.4,970.55,120918,0.0644,-0.1402,-145.93,973.9500,-0.35
2025-06-12 14:30:00,970.6,972.2,970.5,971.75,469690,0.2252,-0.1402,-260.63,973.9500,-0.23
2025-06-12 14:35:00,972.1,972.65,971.05,971.5,271672,0.3074,-0.1402,-319.26,973.9500,-0.25
2025-06-12 14:40:00,971.5,972.5,971.5,971.6,144286,0.3575,-0.1402,-354.99,973.9500,-0.24
2025-06-12 14:45:00,971.6,972.1,970.65,971.7,150718,0.3841,-0.1402,-373.97,973.9500,-0.23
2025-06-12 14:50:00,971.75,972.55,971.5,971.9,193594,0.4001,-0.1402,-385.38,973.9500,-0.21
2025-06-12 14:55:00,971.95,972.95,971.85,972.1,482436,0.4077,-0.1402,-390.80,973.9500,-0.19
2025-06-12 15:00:00,972.15,973.5,971.7,972.85,1433330,0.4438,-0.1402,-416.55,973.9500,-0.11
2025-06-12 15:05:00,972.85,973.25,971.15,972.05,718534,0.3960,-0.1402,-382.45,973.9500,-0.20
2025-06-12 15:10:00,972.1,972.1,970.45,970.7,632962,0.2620,-0.1402,-286.88,973.9500,-0.33
2025-06-12 15:15:00,970.65,971.65,970.6,971,475304,0.1857,-0.1402,-232.45,973.9500,-0.30
2025-06-12 15:20:00,971,971,969.95,970.6,508180,0.1046,-0.1402,-174.61,973.9500,-0.34
2025-06-12 15:25:00,970.55,970.85,969.9,970,321708,0.0117,-0.1402,-108.35,973.9500,-0.41
2025-06-13 09:15:00,960.5,966.5,960,964.95,715510,-0.3679,0.0117,-3244.44,970.0000,-0.52
2025-06-13 09:20:00,964.95,965.95,962.5,963.45,220564,-0.6797,0.0117,-5909.40,970.0000,-0.68
2025-06-13 09:25:00,963.25,963.85,960.95,962.15,148806,-0.9184,0.0117,-7949.57,970.0000,-0.81
2025-06-13 09:30:00,962.1,963.2,961.25,961.45,310446,-1.0585,0.0117,-9147.01,970.0000,-0.88
2025-06-13 09:35:00,961.25,961.6,959.55,960.8,220202,-1.1237,0.0117,-9704.27,970.0000,-0.95
2025-06-13 09:40:00,960.8,961.3,960,960.3,369994,-1.1265,0.0117,-9728.21,970.0000,-1.00
2025-06-13 09:45:00,960.05,960.8,960.05,960.2,424916,-1.0619,0.0117,-9176.07,970.0000,-1.01
2025-06-13 09:50:00,960.15,960.45,959.55,959.55,183830,-0.9911,0.0117,-8570.94,970.0000,-1.08
2025-06-13 09:55:00,959.55,959.75,958,958.05,127336,-0.9722,0.0117,-8409.40,970.0000,-1.23
2025-06-13 10:00:00,958.05,958.9,957.35,958.05,171762,-0.8888,0.0117,-7696.58,970.0000,-1.23
2025-06-13 10:05:00,958.05,958.85,957.75,958.85,53434,-0.7163,0.0117,-6222.22,970.0000,-1.15
2025-06-13 10:10:00,958.7,959.3,958.55,958.6,63192,-0.5624,0.0117,-4906.84,970.0000,-1.18
2025-06-13 10:15:00,958.55,958.6,957.55,957.95,75308,-0.4524,0.0117,-3966.67,970.0000,-1.24
2025-06-13 10:20:00,957.8,959.5,957.8,959.4,76872,-0.2407,0.0117,-2157.26,970.0000,-1.09
2025-06-13 10:25:00,959.3,959.85,959.3,959.75,67960,-0.0459,0.0117,-492.31,970.0000,-1.06
2025-06-13 10:30:00,959.75,960.5,959,959.75,82506,0.1057,0.0117,803.42,970.0000,-1.06
2025-06-13 10:35:00,959.75,960.95,959.7,960.05,167372,0.2413,0.0117,1962.39,970.0000,-1.03
2025-06-13 10:40:00,960.1,960.95,960.05,960.7,55410,0.3815,0.0117,3160.68,970.0000,-0.96
2025-06-13 10:45:00,960.55,961.35,960.05,960.25,93120,0.4462,0.0117,3713.68,970.0000,-1.01
2025-06-13 10:50:00,960.1,961.2,959.8,960.5,157574,0.5039,0.0117,4206.84,970.0000,-0.98
2025-06-13 10:55:00,960.5,960.65,960,960,101314,0.5050,0.0117,4216.24,970.0000,-1.03
2025-06-13 11:00:00,960,960.5,960,960.05,73064,0.5047,0.0117,4213.68,970.0000,-1.03
2025-06-13 11:05:00,960,960.7,959.5,960.55,246740,0.5310,0.0117,4438.46,970.0000,-0.97
2025-06-13 11:10:00,960.5,960.55,958.7,959,99218,0.4405,0.0117,3664.96,970.0000,-1.13
2025-06-13 11:15:00,958.95,959.4,958.6,959.35,40656,0.4020,0.0117,3335.90,970.0000,-1.10
2025-06-13 11:20:00,959.35,959.4,958.3,959.05,49040,0.3555,0.0117,2938.46,970.0000,-1.13
2025-06-13 11:25:00,959.05,959.55,959,959.25,51788,0.3376,0.0117,2785.47,970.0000,-1.11
2025-06-13 11:30:00,959.1,959.95,958.7,959.3,194924,0.3282,0.0117,2705.13,970.0000,-1.10
2025-06-13 11:35:00,959.2,960.45,959.1,960.35,51954,0.3878,0.0117,3214.53,970.0000,-0.99
2025-06-13 11:40:00,960.35,960.95,960.25,960.9,46972,0.4546,0.0117,3785.47,970.0000,-0.94
2025-06-13 11:45:00,960.85,961,960,960.05,63570,0.4321,0.0117,3593.16,970.0000,-1.03
2025-06-13 11:50:00,960,960.7,960,960.5,27668,0.4367,0.0117,3632.48,970.0000,-0.98
2025-06-13 11:55:00,960.5,960.55,959.9,960.05,31150,0.3997,0.0117,3316.24,970.0000,-1.03
2025-06-13 12:00:00,960,960.2,959.15,959.2,39158,0.3121,0.0117,2567.52,970.0000,-1.11
2025-06-13 12:05:00,959.2,960,959.05,959.2,41288,0.2509,0.0117,2044.44,970.0000,-1.11
2025-06-13 12:10:00,959.2,960.1,959.05,960,58320,0.2600,0.0117,2122.22,970.0000,-1.03
2025-06-13 12:15:00,959.85,961,959.8,960.55,74266,0.2961,0.0117,2430.77,970.0000,-0.97
2025-06-13 12:20:00,960.6,960.8,959.6,959.6,51826,0.2507,0.0117,2042.74,970.0000,-1.07
2025-06-13 12:25:00,959.6,960.35,959.4,960.05,89392,0.2456,0.0117,1999.15,970.0000,-1.03
2025-06-13 12:30:00,959.85,960.05,958.5,958.75,125898,0.1536,0.0117,1212.82,970.0000,-1.16
2025-06-13 12:35:00,958.55,959.15,958.5,958.55,68310,0.0819,0.0117,600.00,970.0000,-1.18
2025-06-13 12:40:00,958.55,959.25,958.55,959.1,51828,0.0744,0.0117,535.90,970.0000,-1.12
2025-06-13 12:45:00,959,959.25,958.8,959,64706,0.0658,0.0117,462.39,970.0000,-1.13
2025-06-13 12:50:00,958.75,959.35,958.65,959.25,39722,0.0791,0.0117,576.07,970.0000,-1.11
2025-06-13 12:55:00,959.25,959.55,959.05,959.55,36660,0.1086,0.0117,828.21,970.0000,-1.08
2025-06-13 13:00:00,959.4,959.8,959.3,959.75,56538,0.1399,0.0117,1095.73,970.0000,-1.06
2025-06-13 13:05:00,959.75,960.25,959.35,960,61338,0.1737,0.0117,1384.62,970.0000,-1.03
2025-06-13 13:10:00,960.2,960.7,959.55,960.35,117818,0.2132,0.0117,1722.22,970.0000,-0.99
2025-06-13 13:15:00,960.35,960.75,960.35,960.4,58496,0.2346,0.0117,1905.13,970.0000,-0.99
2025-06-13 13:20:00,960.35,961,960.35,960.85,58610,0.2685,0.0117,2194.87,970.0000,-0.94
2025-06-13 13:25:00,960.65,961.3,959.15,959.25,210774,0.1771,0.0117,1413.68,970.0000,-1.11
2025-06-13 13:30:00,959.2,960.75,959.1,960.2,104544,0.1742,0.0117,1388.89,970.0000,-1.01
2025-06-13 13:35:00,960.2,961,960.1,960.75,40520,0.2010,0.0117,1617.95,970.0000,-0.95
2025-06-13 13:40:00,960.75,961.6,960.5,961.35,101796,0.2478,0.0117,2017.95,970.0000,-0.89
2025-06-13 13:45:00,961.35,962.5,961.35,961.45,190288,0.2722,0.0117,2226.50,970.0000,-0.88
2025-06-13 13:50:00,961.45,961.8,961,961,49084,0.2455,0.0117,1998.29,970.0000,-0.93
2025-06-13 13:55:00,961,961.25,960.2,960.4,52542,0.1781,0.0117,1422.22,970.0000,-0.99
2025-06-13 14:00:00,960.4,960.95,959.7,960.7,101646,0.1457,0.0117,1145.30,970.0000,-0.96
2025-06-13 14:05:00,960.35,961.25,960.2,960.9,96832,0.1303,0.0117,1013.68,970.0000,-0.94
2025-06-13 14:10:00,960.9,961.05,960.2,960.45,142798,0.0845,0.0117,622.22,970.0000,-0.98
2025-06-13 14:15:00,960.5,960.6,960.05,960.5,87424,0.0538,0.0117,359.83,970.0000,-0.98
2025-06-13 14:20:00,960.5,961,960.25,960.85,85968,0.0532,0.0117,354.70,970.0000,-0.94
2025-06-13 14:25:00,960.9,961.15,960.1,960.5,81644,0.0267,0.0117,128.21,970.0000,-0.98
2025-06-13 14:30:00,960.5,961.2,960.3,960.6,105520,0.0140,0.0117,19.66,970.0000,-0.97
2025-06-13 14:35:00,960.6,960.8,960,960.35,120304,-0.0117,0.0117,-200.00,970.0000,-0.99
2025-06-13 14:40:00,960.3,960.5,959,959.25,103644,-0.0985,0.0117,-941.88,970.0000,-1.11
2025-06-13 14:45:00,959.25,960,957.6,957.8,167002,-0.2411,0.0117,-2160.68,970.0000,-1.26
2025-06-13 14:50:00,957.85,958.75,957.75,958.35,114472,-0.2830,0.0117,-2518.80,970.0000,-1.20
2025-06-13 14:55:00,958.35,958.4,956.5,957.85,192840,-0.3260,0.0117,-2886.32,970.0000,-1.25
2025-06-13 15:00:00,957.7,959.2,957.7,958.7,552196,-0.2805,0.0117,-2497.44,970.0000,-1.16
2025-06-13 15:05:00,958.75,959.25,958.45,959.15,522026,-0.2069,0.0117,-1868.38,970.0000,-1.12
2025-06-13 15:10:00,959.25,959.5,958.15,958.5,600302,-0.1891,0.0117,-1716.24,970.0000,-1.19
2025-06-13 15:15:00,958.5,958.85,958.15,958.55,581510,-0.1623,0.0117,-1487.18,970.0000,-1.18
2025-06-13 15:20:00,958.55,959.25,958.5,959.05,551930,-0.1020,0.0117,-971.79,970.0000,-1.13
2025-06-13 15:25:00,959.05,960,958.55,959.75,478122,-0.0110,0.0117,-194.02,970.0000,-1.06
2025-06-16 09:15:00,961.95,963.75,960.05,962.1,393572,0.1999,-0.0110,-1917.27,959.7500,0.24
2025-06-16 09:20:00,962.45,964.05,962,962.95,99140,0.3787,-0.0110,-3542.73,959.7500,0.33
2025-06-16 09:25:00,962.95,964.25,962.75,963.75,102136,0.5238,-0.0110,-4861.82,959.7500,0.42
2025-06-16 09:30:00,963.5,964.7,963,963.15,159396,0.5499,-0.0110,-5099.09,959.7500,0.35
2025-06-16 09:35:00,963.25,965.4,963,965.3,221324,0.6740,-0.0110,-6227.27,959.7500,0.58
2025-06-16 09:40:00,965.05,965.5,963.7,963.8,288738,0.6188,-0.0110,-5725.45,959.7500,0.42
2025-06-16 09:45:00,964.05,964.05,961.85,962.5,201716,0.4653,-0.0110,-4330.00,959.7500,0.29
2025-06-16 09:50:00,962.5,963.45,962.35,962.8,112636,0.3593,-0.0110,-3366.36,959.7500,0.32
2025-06-16 09:55:00,962.8,963.7,962.8,963.6,63892,0.3198,-0.0110,-3007.27,959.7500,0.40
2025-06-16 10:00:00,963.7,964.7,963.55,964.15,89094,0.3073,-0.0110,-2893.64,959.7500,0.46
2025-06-16 10:05:00,964.15,964.7,963.95,964,68920,0.2671,-0.0110,-2528.18,959.7500,0.44
2025-06-16 10:10:00,964,964.25,963.65,964.05,58338,0.2237,-0.0110,-2133.64,959.7500,0.45
2025-06-16 10:15:00,964.15,964.9,963.8,964.3,115096,0.1928,-0.0110,-1852.73,959.7500,0.47
2025-06-16 10:20:00,964.3,965.05,963.95,965,236456,0.1997,-0.0110,-1915.45,959.7500,0.55
2025-06-16 10:25:00,965,965.45,964.4,965,313496,0.1848,-0.0110,-1780.00,959.7500,0.55
2025-06-16 10:30:00,965.1,966.6,964.95,965.6,203158,0.1949,-0.0110,-1871.82,959.7500,0.61
2025-06-16 10:35:00,965.6,966.7,965.4,966.35,82500,0.2292,-0.0110,-2183.64,959.7500,0.69
2025-06-16 10:40:00,966.35,966.9,966,966.7,89718,0.2509,-0.0110,-2380.91,959.7500,0.72
2025-06-16 10:45:00,966.8,967.2,965.15,965.25,290204,0.1481,-0.0110,-1446.36,959.7500,0.57
2025-06-16 10:50:00,965.25,965.4,964.75,965.25,66350,0.0648,-0.0110,-689.09,959.7500,0.57
2025-06-16 10:55:00,965.25,965.5,964.6,964.95,84886,-0.0212,-0.0110,92.73,959.7500,0.54
2025-06-16 11:00:00,964.95,966.9,964.7,966.5,191832,0.0138,-0.0110,-225.45,959.7500,0.70
2025-06-16 11:05:00,966.5,968.85,965.9,968.2,282292,0.1323,-0.0110,-1302.73,959.7500,0.88
2025-06-16 11:10:00,968.25,968.9,966.8,967.25,244518,0.1275,-0.0110,-1259.09,959.7500,0.78
2025-06-16 11:15:00,967.25,967.5,966.45,967.25,230928,0.1061,-0.0110,-1064.55,959.7500,0.78
2025-06-16 11:20:00,967.2,967.45,966.05,966.25,289304,0.0112,-0.0110,-201.82,959.7500,0.68
2025-06-16 11:25:00,966.25,966.6,965.8,966.35,167306,-0.0545,-0.0110,395.45,959.7500,0.69
2025-06-16 11:30:00,966.3,967.6,966.3,966.45,109454,-0.0984,-0.0110,794.55,959.7500,0.70
2025-06-16 11:35:00,966.5,966.75,966.2,966.7,106656,-0.1165,-0.0110,959.09,959.7500,0.72
2025-06-16 11:40:00,966.6,967.45,966.15,967.25,218236,-0.0981,-0.0110,791.82,959.7500,0.78
2025-06-16 11:45:00,967.25,967.45,966.8,967.25,193654,-0.0926,-0.0110,741.82,959.7500,0.78
2025-06-16 11:50:00,967.35,967.8,967.1,967.15,113088,-0.1017,-0.0110,824.55,959.7500,0.77
2025-06-16 11:55:00,967.15,967.35,966.45,966.6,99980,-0.1480,-0.0110,1245.45,959.7500,0.71
2025-06-16 12:00:00,966.6,967.3,966.45,966.65,99296,-0.1764,-0.0110,1503.64,959.7500,0.72
2025-06-16 12:05:00,966.55,966.85,966.35,966.45,68568,-0.2078,-0.0110,1789.09,959.7500,0.70
2025-06-16 12:10:00,966.4,966.75,966,966.7,139702,-0.2102,-0.0110,1810.91,959.7500,0.72
2025-06-16 12:15:00,966.7,966.7,965.3,965.45,102972,-0.2896,-0.0110,2532.73,959.7500,0.59
2025-06-16 12:20:00,965.5,966,965.3,965.95,100080,-0.3006,-0.0110,2632.73,959.7500,0.65
2025-06-16 12:25:00,966,966,965,965.45,99616,-0.3314,-0.0110,2912.73,959.7500,0.59
2025-06-16 12:30:00,965.45,967.25,965.25,967,291168,-0.2415,-0.0110,2095.45,959.7500,0.76
2025-06-16 12:35:00,966.8,967.45,966.3,967.3,116018,-0.1597,-0.0110,1351.82,959.7500,0.79
2025-06-16 12:40:00,967.4,967.6,966.65,967.3,121664,-0.1061,-0.0110,864.55,959.7500,0.79
2025-06-16 12:45:00,967.3,967.6,966.95,966.95,94550,-0.0951,-0.0110,764.55,959.7500,0.75
2025-06-16 12:50:00,967,967.4,966.95,967.35,87534,-0.0634,-0.0110,476.36,959.7500,0.79
2025-06-16 12:55:00,967.35,967.95,967.05,967.95,138332,-0.0073,-0.0110,-33.64,959.7500,0.85
2025-06-16 13:00:00,967.95,968.1,967.4,968.05,210708,0.0292,-0.0110,-365.45,959.7500,0.86
2025-06-16 13:05:00,968.1,968.85,968,968.85,175428,0.0960,-0.0110,-972.73,959.7500,0.95
2025-06-16 13:10:00,968.75,969.45,968.45,969.15,166942,0.1463,-0.0110,-1430.00,959.7500,0.98
2025-06-16 13:15:00,969.15,969.25,967.95,968.8,154310,0.1418,-0.0110,-1389.09,959.7500,0.94
2025-06-16 13:20:00,968.9,969.2,968.35,968.85,109548,0.1283,-0.0110,-1266.36,959.7500,0.95
2025-06-16 13:25:00,968.85,969,968.25,968.7,301354,0.0968,-0.0110,-980.00,959.7500,0.93
2025-06-16 13:30:00,968.7,968.9,968.25,968.85,188734,0.0747,-0.0110,-779.09,959.7500,0.95
2025-06-16 13:35:00,968.85,968.9,968.3,968.75,107662,0.0435,-0.0110,-495.45,959.7500,0.94
2025-06-16 13:40:00,968.7,969.4,968.1,968.55,116616,0.0017,-0.0110,-115.45,959.7500,0.92
2025-06-16 13:45:00,968.3,968.75,967.5,967.55,509540,-0.0956,-0.0110,769.09,959.7500,0.81
2025-06-16 13:50:00,967.55,967.55,966.3,967,877306,-0.1936,-0.0110,1660.00,959.7500,0.76
2025-06-16 13:55:00,967.05,967.95,967,967.75,111424,-0.2035,-0.0110,1750.00,959.7500,0.83
2025-06-16 14:00:00,967.6,968.05,967.25,967.4,105722,-0.2275,-0.0110,1968.18,959.7500,0.80
2025-06-16 14:05:00,967.4,968.1,967.35,967.6,101012,-0.2233,-0.0110,1930.00,959.7500,0.82
2025-06-16 14:10:00,967.75,967.75,967.2,967.4,97396,-0.2268,-0.0110,1961.82,959.7500,0.80
2025-06-16 14:15:00,967.4,967.85,967.3,967.65,109772,-0.2057,-0.0110,1770.00,959.7500,0.82
2025-06-16 14:20:00,967.55,967.85,967.15,967.35,103836,-0.2048,-0.0110,1761.82,959.7500,0.79
2025-06-16 14:25:00,967.35,968,967.1,967.15,122858,-0.2099,-0.0110,1808.18,959.7500,0.77
2025-06-16 14:30:00,967.2,967.5,967.1,967.4,115814,-0.1892,-0.0110,1620.00,959.7500,0.80
2025-06-16 14:35:00,967.3,967.45,966.15,966.25,164866,-0.2424,-0.0110,2103.64,959.7500,0.68
2025-06-16 14:40:00,966.3,967.15,966.25,966.5,180864,-0.2491,-0.0110,2164.55,959.7500,0.70
2025-06-16 14:45:00,966.5,967.2,966.25,967.05,172592,-0.2068,-0.0110,1780.00,959.7500,0.76
2025-06-16 14:50:00,967.05,967.4,966.55,967.3,152184,-0.1545,-0.0110,1304.55,959.7500,0.79
2025-06-16 14:55:00,967.3,967.3,966.5,966.75,201816,-0.1495,-0.0110,1259.09,959.7500,0.73
2025-06-16 15:00:00,966.75,967.45,966.55,967.3,554286,-0.1037,-0.0110,842.73,959.7500,0.79
2025-06-16 15:05:00,967.25,967.35,967.05,967.2,463868,-0.0762,-0.0110,592.73,959.7500,0.78
2025-06-16 15:10:00,967.25,968.5,967.05,968.25,630930,0.0121,-0.0110,-210.00,959.7500,0.89
2025-06-16 15:15:00,968.25,969.25,968.2,968.95,544334,0.1115,-0.0110,-1113.64,959.7500,0.96
2025-06-16 15:20:00,968.95,968.95,966.75,967.75,1506464,0.0912,-0.0110,-929.09,959.7500,0.83
2025-06-16 15:25:00,967.65,968.75,967.45,968.45,764294,0.1178,-0.0110,-1170.91,959.7500,0.91
2025-06-17 09:15:00,968.5,970.8,965.3,965.35,1233692,-0.0702,0.1178,-159.59,968.4500,-0.32
2025-06-17 09:20:00,965.3,967.8,963.65,963.95,490254,-0.2743,0.1178,-332.85,968.4500,-0.46
2025-06-17 09:25:00,964.1,964.4,961.85,962,307482,-0.5122,0.1178,-534.80,968.4500,-0.67
2025-06-17 09:30:00,962.05,963.45,961.15,962.25,233926,-0.6173,0.1178,-624.02,968.4500,-0.64
2025-06-17 09:35:00,962.35,962.9,961.6,962.15,136488,-0.6546,0.1178,-655.69,968.4500,-0.65
2025-06-17 09:40:00,962.15,962.25,960.05,961.3,214100,-0.6937,0.1178,-688.88,968.4500,-0.74
2025-06-17 09:45:00,961.3,961.45,960.4,960.6,101222,-0.7209,0.1178,-711.97,968.4500,-0.81
2025-06-17 09:50:00,960.6,961.35,959.55,959.75,136098,-0.7470,0.1178,-734.13,968.4500,-0.90
2025-06-17 09:55:00,959.75,961.5,959.6,961.3,84024,-0.6163,0.1178,-623.17,968.4500,-0.74
2025-06-17 10:00:00,961.3,961.3,960.3,960.85,230658,-0.5203,0.1178,-541.68,968.4500,-0.78
2025-06-17 10:05:00,960.85,960.9,960,960.4,84598,-0.4499,0.1178,-481.92,968.4500,-0.83
2025-06-17 10:10:00,960.4,961.25,960.15,960.85,77488,-0.3408,0.1178,-389.30,968.4500,-0.78
2025-06-17 10:15:00,961,962.1,960.4,962.1,83618,-0.1614,0.1178,-237.01,968.4500,-0.66
2025-06-17 10:20:00,962.1,962.1,961.35,961.75,54370,-0.0490,0.1178,-141.60,968.4500,-0.69
2025-06-17 10:25:00,961.9,962.35,961.05,961.75,68130,0.0380,0.1178,-67.74,968.4500,-0.69
2025-06-17 10:30:00,961.7,963.05,961.15,962.8,79728,0.1713,0.1178,45.42,968.4500,-0.58
2025-06-17 10:35:00,962.8,963.4,962.35,962.5,61996,0.2402,0.1178,103.90,968.4500,-0.61
2025-06-17 10:40:00,962.55,963.2,962,962.05,113314,0.2550,0.1178,116.47,968.4500,-0.66
2025-06-17 10:45:00,962.2,962.25,961,961.3,128276,0.2153,0.1178,82.77,968.4500,-0.74
2025-06-17 10:50:00,961.3,962.1,960.8,960.9,87170,0.1655,0.1178,40.49,968.4500,-0.78
2025-06-17 10:55:00,960.95,961.35,960.6,960.6,140586,0.1179,0.1178,0.08,968.4500,-0.81
2025-06-17 11:00:00,960.75,960.75,960.25,960.3,136934,0.0739,0.1178,-37.27,968.4500,-0.84
2025-06-17 11:05:00,960.35,960.95,960.05,960.75,137834,0.0822,0.1178,-30.22,968.4500,-0.80
2025-06-17 11:10:00,960.75,961.5,960.5,961.5,137756,0.1418,0.1178,20.37,968.4500,-0.72
2025-06-17 11:15:00,961.5,961.5,960.75,961,154808,0.1503,0.1178,27.59,968.4500,-0.77
2025-06-17 11:20:00,961,961.45,960.75,961.1,101530,0.1642,0.1178,39.39,968.4500,-0.76
2025-06-17 11:25:00,961.1,962.1,960.45,961.9,173252,0.2252,0.1178,91.17,968.4500,-0.68
2025-06-17 11:30:00,962,962,961.15,961.35,164122,0.2258,0.1178,91.68,968.4500,-0.73
2025-06-17 11:35:00,961.35,961.35,960.35,960.85,121472,0.1912,0.1178,62.31,968.4500,-0.78
2025-06-17 11:40:00,960.8,961,960.25,960.9,139678,0.1710,0.1178,45.16,968.4500,-0.78
2025-06-17 11:45:00,960.9,961,960.55,960.7,104134,0.1445,0.1178,22.67,968.4500,-0.80
2025-06-17 11:50:00,960.7,961.3,960.25,960.9,132276,0.1407,0.1178,19.44,968.4500,-0.78
2025-06-17 11:55:00,960.9,961.4,960.7,960.9,91840,0.1383,0.1178,17.40,968.4500,-0.78
2025-06-17 12:00:00,960.85,961.5,960.8,961.25,107122,0.1588,0.1178,34.80,968.4500,-0.74
2025-06-17 12:05:00,961.25,961.45,960.55,961.2,100814,0.1667,0.1178,41.51,968.4500,-0.75
2025-06-17 12:10:00,961.2,961.5,960.3,960.65,112694,0.1341,0.1178,13.84,968.4500,-0.81
2025-06-17 12:15:00,960.65,961.3,960.3,960.5,134614,0.1029,0.1178,-12.65,968.4500,-0.82
2025-06-17 12:20:00,960.5,961.25,960.35,960.55,130184,0.0869,0.1178,-26.23,968.4500,-0.82
2025-06-17 12:25:00,960.5,961.3,960.5,961.25,147740,0.1224,0.1178,3.90,968.4500,-0.74
2025-06-17 12:30:00,961.25,961.85,961.05,961.75,97126,0.1754,0.1178,48.90,968.4500,-0.69
2025-06-17 12:35:00,961.75,962.65,961.45,962.05,173348,0.2234,0.1178,89.64,968.4500,-0.66
2025-06-17 12:40:00,962.05,963.05,962,962.8,122828,0.2939,0.1178,149.49,968.4500,-0.58
2025-06-17 12:45:00,962.8,963.25,962.5,962.65,205848,0.3167,0.1178,168.85,968.4500,-0.60
2025-06-17 12:50:00,962.65,962.95,962.25,962.5,213698,0.3078,0.1178,161.29,968.4500,-0.61
2025-06-17 12:55:00,962.5,962.85,962.25,962.4,192606,0.2819,0.1178,139.30,968.4500,-0.62
2025-06-17 13:00:00,962.4,962.6,961,961.05,255460,0.1662,0.1178,41.09,968.4500,-0.76
2025-06-17 13:05:00,961.05,962.15,961,961.7,130826,0.1277,0.1178,8.40,968.4500,-0.70
2025-06-17 13:10:00,961.7,962.5,961.5,961.75,150544,0.1010,0.1178,-14.26,968.4500,-0.69
2025-06-17 13:15:00,961.8,962.35,961.65,962.05,96704,0.0987,0.1178,-16.21,968.4500,-0.66
2025-06-17 13:20:00,962.05,963,961.8,962.65,122450,0.1309,0.1178,11.12,968.4500,-0.60
2025-06-17 13:25:00,962.65,963.05,962.25,962.25,162750,0.1188,0.1178,0.85,968.4500,-0.64
2025-06-17 13:30:00,962.25,963,962.25,962.55,108316,0.1240,0.1178,5.26,968.4500,-0.61
2025-06-17 13:35:00,962.65,962.7,962.35,962.55,135816,0.1203,0.1178,2.12,968.4500,-0.61
2025-06-17 13:40:00,962.5,962.65,962.05,962.55,141306,0.1110,0.1178,-5.77,968.4500,-0.61
2025-06-17 13:45:00,962.55,962.85,962.5,962.55,107186,0.0984,0.1178,-16.47,968.4500,-0.61
2025-06-17 13:50:00,962.55,963.7,962.5,963.35,130094,0.1353,0.1178,14.86,968.4500,-0.53
2025-06-17 13:55:00,963.3,963.4,962.75,963.3,111682,0.1466,0.1178,24.45,968.4500,-0.53
2025-06-17 14:00:00,963.3,963.4,962.8,962.85,132190,0.1155,0.1178,-1.95,968.4500,-0.58
2025-06-17 14:05:00,962.8,963.25,962.75,963.25,146394,0.1134,0.1178,-3.74,968.4500,-0.54
2025-06-17 14:10:00,963.25,963.5,962.75,963.4,199948,0.1134,0.1178,-3.74,968.4500,-0.52
2025-06-17 14:15:00,963.4,964.5,963.35,964.3,144356,0.1623,0.1178,37.78,968.4500,-0.43
2025-06-17 14:20:00,964.3,965,963.65,964.45,173910,0.1910,0.1178,62.14,968.4500,-0.41
2025-06-17 14:25:00,964.45,965.4,964,964.75,216442,0.2148,0.1178,82.34,968.4500,-0.38
2025-06-17 14:30:00,964.7,965.7,964.55,965.65,129290,0.2720,0.1178,130.90,968.4500,-0.29
2025-06-17 14:35:00,965.65,966,964.7,965,253714,0.2476,0.1178,110.19,968.4500,-0.36
2025-06-17 14:40:00,964.9,965.85,964.9,965.4,146152,0.2398,0.1178,103.57,968.4500,-0.31
2025-06-17 14:45:00,965.4,966.05,965.15,965.4,167480,0.2167,0.1178,83.96,968.4500,-0.31
2025-06-17 14:50:00,965.35,966.8,965.05,965.6,264920,0.1975,0.1178,67.66,968.4500,-0.29
2025-06-17 14:55:00,965.55,966.35,965.3,966.25,242490,0.2101,0.1178,78.35,968.4500,-0.23
2025-06-17 15:00:00,966.25,967.35,965,965.3,1027892,0.1393,0.1178,18.25,968.4500,-0.33
2025-06-17 15:05:00,965.35,965.65,964.45,964.75,1042730,0.0451,0.1178,-61.71,968.4500,-0.38
2025-06-17 15:10:00,964.65,965.4,964,964.95,818124,-0.0109,0.1178,-109.25,968.4500,-0.36
2025-06-17 15:15:00,964.9,965,963.5,963.8,1145828,-0.1263,0.1178,-207.22,968.4500,-0.48
2025-06-17 15:20:00,963.8,964.5,963.4,964.1,679550,-0.1800,0.1178,-252.80,968.4500,-0.45
2025-06-17 15:25:00,964.1,964.5,962.95,963,575928,-0.2812,0.1178,-338.71,968.4500,-0.56
2025-06-18 09:15:00,959.5,961.65,958.5,961.1,1252088,-0.4572,-0.2812,62.59,963.0000,-0.20
2025-06-18 09:20:00,961.15,962.55,960.7,962.55,656970,-0.4561,-0.2812,62.20,963.0000,-0.05
2025-06-18 09:25:00,962.5,963.15,961.95,962.9,219362,-0.4131,-0.2812,46.91,963.0000,-0.01
2025-06-18 09:30:00,962.9,965.45,962.9,963.75,248658,-0.3134,-0.2812,11.45,963.0000,0.08
2025-06-18 09:35:00,963.75,965.45,963.65,964.95,152578,-0.1602,-0.2812,-43.03,963.0000,0.20
2025-06-18 09:40:00,965,965.55,963.75,964.75,150198,-0.0706,-0.2812,-74.89,963.0000,0.18
2025-06-18 09:45:00,964.75,965.2,963.5,963.6,199290,-0.0859,-0.2812,-69.45,963.0000,0.06
2025-06-18 09:50:00,963.6,963.85,963,963.15,170236,-0.1213,-0.2812,-56.86,963.0000,0.02
2025-06-18 09:55:00,963.15,963.9,962.5,962.55,197506,-0.1769,-0.2812,-37.09,963.0000,-0.05
2025-06-18 10:00:00,962.5,964.45,962.5,964,193306,-0.1108,-0.2812,-60.60,963.0000,0.10
2025-06-18 10:05:00,963.95,965.45,963.65,964.8,115698,-0.0132,-0.2812,-95.31,963.0000,0.19
2025-06-18 10:10:00,964.85,965,963.75,964.2,122414,0.0096,-0.2812,-103.41,963.0000,0.12
2025-06-18 10:15:00,964.2,964.65,963.45,964.5,193230,0.0419,-0.2812,-114.90,963.0000,0.16
2025-06-18 10:20:00,964.55,964.7,962.9,963.15,107094,-0.0270,-0.2812,-90.40,963.0000,0.02
2025-06-18 10:25:00,963.15,963.5,962.85,963.5,72824,-0.0471,-0.2812,-83.25,963.0000,0.05
2025-06-18 10:30:00,963.5,963.5,963,963.35,132032,-0.0675,-0.2812,-76.00,963.0000,0.04
2025-06-18 10:35:00,963.35,964.9,962.9,964.7,325860,0.0090,-0.2812,-103.20,963.0000,0.18
2025-06-18 10:40:00,964.7,965.35,964.35,965.15,202544,0.0847,-0.2812,-130.12,963.0000,0.22
2025-06-18 10:45:00,965,965.4,963.7,963.9,240284,0.0472,-0.2812,-116.79,963.0000,0.09
2025-06-18 10:50:00,963.9,964.35,962.95,963.5,292792,-0.0051,-0.2812,-98.19,963.0000,0.05
2025-06-18 10:55:00,963.5,963.55,962.5,963.3,186246,-0.0511,-0.2812,-81.83,963.0000,0.03
2025-06-18 11:00:00,963.25,963.3,962.05,962.1,169806,-0.1545,-0.2812,-45.06,963.0000,-0.09
2025-06-18 11:05:00,962.2,963.35,962,963.05,278038,-0.1509,-0.2812,-46.34,963.0000,0.01
2025-06-18 11:10:00,963.1,963.45,962.3,962.85,126560,-0.1535,-0.2812,-45.41,963.0000,-0.02
2025-06-18 11:15:00,962.75,962.8,962,962,75120,-0.2009,-0.2812,-28.56,963.0000,-0.10
2025-06-18 11:20:00,962.2,962.2,961.65,961.85,88058,-0.2288,-0.2812,-18.63,963.0000,-0.12
2025-06-18 11:25:00,961.85,962.6,961.75,962.05,119816,-0.2202,-0.2812,-21.69,963.0000,-0.10
2025-06-18 11:30:00,962.05,962.1,961,961.25,110228,-0.2524,-0.2812,-10.24,963.0000,-0.18
2025-06-18 11:35:00,961.25,962.1,961.05,962,72286,-0.2091,-0.2812,-25.64,963.0000,-0.10
2025-06-18 11:40:00,962,962.05,961.1,961.35,204972,-0.2095,-0.2812,-25.50,963.0000,-0.17
2025-06-18 11:45:00,961.35,961.4,960.65,960.65,90822,-0.2401,-0.2812,-14.62,963.0000,-0.24
2025-06-18 11:50:00,960.65,961.05,960.5,960.9,93346,-0.2268,-0.2812,-19.35,963.0000,-0.22
2025-06-18 11:55:00,960.85,961.25,960,960.25,172532,-0.2436,-0.2812,-13.37,963.0000,-0.29
2025-06-18 12:00:00,960.35,961.15,960,961.15,102994,-0.1789,-0.2812,-36.38,963.0000,-0.19
2025-06-18 12:05:00,961.15,961.9,960.8,961.55,139290,-0.0980,-0.2812,-65.15,963.0000,-0.15
2025-06-18 12:10:00,961.9,961.95,961.05,961.3,101676,-0.0525,-0.2812,-81.33,963.0000,-0.18
2025-06-18 12:15:00,961.4,961.7,961.15,961.5,65444,-0.0026,-0.2812,-99.08,963.0000,-0.16
2025-06-18 12:20:00,961.5,961.65,961,961.4,114590,0.0281,-0.2812,-109.99,963.0000,-0.17
2025-06-18 12:25:00,961.45,962.25,961.2,962.2,88800,0.1027,-0.2812,-136.52,963.0000,-0.08
2025-06-18 12:30:00,962.2,962.9,961.65,962.7,201218,0.1814,-0.2812,-164.51,963.0000,-0.03
2025-06-18 12:35:00,962.7,963.2,962.45,963.15,84502,0.2550,-0.2812,-190.68,963.0000,0.02
2025-06-18 12:40:00,963.15,963.95,963.1,963.5,90900,0.3146,-0.2812,-211.88,963.0000,0.05
2025-06-18 12:45:00,963.45,963.5,962.65,962.8,121266,0.2946,-0.2812,-204.77,963.0000,-0.02
2025-06-18 12:50:00,962.75,963.55,962.75,963.55,129592,0.3175,-0.2812,-212.91,963.0000,0.06
2025-06-18 12:55:00,963.5,963.7,963.4,963.5,91968,0.3144,-0.2812,-211.81,963.0000,0.05
2025-06-18 13:00:00,963.5,963.85,963.2,963.55,114444,0.3008,-0.2812,-206.97,963.0000,0.06
2025-06-18 13:05:00,963.5,963.9,963.4,963.45,124476,0.2711,-0.2812,-196.41,963.0000,0.05
2025-06-18 13:10:00,963.45,963.6,963.3,963.6,88712,0.2482,-0.2812,-188.26,963.0000,0.06
2025-06-18 13:15:00,963.5,963.95,963.45,963.55,97928,0.2175,-0.2812,-177.35,963.0000,0.06
2025-06-18 13:20:00,963.6,964.1,963.55,964.05,112448,0.2180,-0.2812,-177.52,963.0000,0.11
2025-06-18 13:25:00,963.9,964.2,963.75,964.2,65950,0.2152,-0.2812,-176.53,963.0000,0.12
2025-06-18 13:30:00,964.15,964.4,963.95,964.2,111392,0.2005,-0.2812,-171.30,963.0000,0.12
2025-06-18 13:35:00,964.2,965.15,964.05,964.7,141218,0.2105,-0.2812,-174.86,963.0000,0.18
2025-06-18 13:40:00,964.7,965.4,964,964,274494,0.1585,-0.2812,-156.37,963.0000,0.10
2025-06-18 13:45:00,964.1,964.1,962.6,962.6,156428,0.0252,-0.2812,-108.96,963.0000,-0.04
2025-06-18 13:50:00,962.65,963,962.1,963,158276,-0.0372,-0.2812,-86.77,963.0000,0.00
2025-06-18 13:55:00,962.85,963.85,962.75,963.8,124996,-0.0263,-0.2812,-90.65,963.0000,0.08
2025-06-18 14:00:00,963.55,963.8,963.2,963.75,99256,-0.0242,-0.2812,-91.39,963.0000,0.08
2025-06-18 14:05:00,963.6,963.85,963,963.65,95758,-0.0308,-0.2812,-89.05,963.0000,0.07
2025-06-18 14:10:00,963.75,963.8,963,963.55,116974,-0.0425,-0.2812,-84.89,963.0000,0.06
2025-06-18 14:15:00,963.55,963.55,962.7,962.9,107240,-0.0918,-0.2812,-67.35,963.0000,-0.01
2025-06-18 14:20:00,962.9,963.15,962.7,962.75,109682,-0.1299,-0.2812,-53.81,963.0000,-0.03
2025-06-18 14:25:00,962.75,963.2,962.15,963.2,164052,-0.1205,-0.2812,-57.15,963.0000,0.02
2025-06-18 14:30:00,962.9,964.05,962.9,964.05,172036,-0.0559,-0.2812,-80.12,963.0000,0.11
2025-06-18 14:35:00,963.9,964.1,963.1,963.35,115766,-0.0590,-0.2812,-79.02,963.0000,0.04
2025-06-18 14:40:00,963.5,963.55,963.3,963.45,109940,-0.0531,-0.2812,-81.12,963.0000,0.05
2025-06-18 14:45:00,963.45,967.3,963.25,967.25,2334840,0.1944,-0.2812,-169.13,963.0000,0.44
2025-06-18 14:50:00,967.25,967.6,965.35,966.35,352460,0.2799,-0.2812,-199.54,963.0000,0.35
2025-06-18 14:55:00,966.35,967.5,966,967.35,254806,0.3800,-0.2812,-235.14,963.0000,0.45
2025-06-18 15:00:00,967.35,967.7,967.25,967.55,672542,0.4322,-0.2812,-253.70,963.0000,0.47
2025-06-18 15:05:00,967.5,967.7,967.1,967.55,764120,0.4377,-0.2812,-255.65,963.0000,0.47
2025-06-18 15:10:00,967.5,967.7,966.45,966.6,699378,0.3522,-0.2812,-225.25,963.0000,0.37
2025-06-18 15:15:00,966.6,967.25,965.8,967.05,698394,0.3026,-0.2812,-207.61,963.0000,0.42
2025-06-18 15:20:00,967.05,968.15,965.25,965.5,717114,0.1497,-0.2812,-153.24,963.0000,0.26
2025-06-18 15:25:00,965.75,967.05,965.2,966.25,417676,0.0867,-0.2812,-130.83,963.0000,0.34
2025-06-19 09:15:00,966.95,969.5,962.8,964.5,479000,-0.0766,0.0867,-188.35,966.2500,-0.18
2025-06-19 09:20:00,964.6,967.1,963.75,966.65,307742,-0.0450,0.0867,-151.90,966.2500,0.04
2025-06-19 09:25:00,966.65,968.55,966.6,967.95,134728,0.0529,0.0867,-38.99,966.2500,0.18
2025-06-19 09:30:00,967.75,968.4,966.85,967.85,133450,0.0978,0.0867,12.80,966.2500,0.17
2025-06-19 09:35:00,968.15,969.2,967.8,969,130058,0.1866,0.0867,115.22,966.2500,0.28
2025-06-19 09:40:00,969,969.7,968.95,969.4,84078,0.2501,0.0867,188.47,966.2500,0.33
2025-06-19 09:45:00,969.45,969.9,967.55,967.8,84604,0.1661,0.0867,91.58,966.2500,0.16
2025-06-19 09:50:00,967.7,968.95,967.1,968.75,121392,0.1564,0.0867,80.39,966.2500,0.26
2025-06-19 09:55:00,968.6,971,968.4,970.85,170624,0.2669,0.0867,207.84,966.2500,0.48
2025-06-19 10:00:00,970.85,971.4,970.05,971,105972,0.3218,0.0867,271.16,966.2500,0.49
2025-06-19 10:05:00,971,972.3,970.85,972.15,119970,0.4022,0.0867,363.90,966.2500,0.61
2025-06-19 10:10:00,972.2,972.7,970.9,971.5,225020,0.3784,0.0867,336.45,966.2500,0.54
2025-06-19 10:15:00,971.5,973.4,971.05,972.55,285192,0.3983,0.0867,359.40,966.2500,0.65
2025-06-19 10:20:00,972.65,972.95,971.5,972,73128,0.3414,0.0867,293.77,966.2500,0.60
2025-06-19 10:25:00,972,972.5,971.7,972.5,68682,0.3057,0.0867,252.60,966.2500,0.65
2025-06-19 10:30:00,972.4,972.5,971.1,971.25,99730,0.1728,0.0867,99.31,966.2500,0.52
2025-06-19 10:35:00,971.25,972.5,971.15,972.35,153230,0.1354,0.0867,56.17,966.2500,0.63
2025-06-19 10:40:00,972.4,972.5,971.55,972,64470,0.0670,0.0867,-22.72,966.2500,0.60
2025-06-19 10:45:00,972,972,971.35,971.7,91176,-0.0141,0.0867,-116.26,966.2500,0.56
2025-06-19 10:50:00,971.7,971.95,970.75,971,95946,-0.1245,0.0867,-243.60,966.2500,0.49
2025-06-19 10:55:00,971,971.25,970.35,970.35,85768,-0.2440,0.0867,-381.43,966.2500,0.42
2025-06-19 11:00:00,970.3,970.8,969.6,970,204796,-0.3432,0.0867,-495.85,966.2500,0.39
2025-06-19 11:05:00,970,970.3,969.6,969.8,120074,-0.4142,0.0867,-577.74,966.2500,0.37
2025-06-19 11:10:00,969.6,970,969.35,969.5,210724,-0.4691,0.0867,-641.06,966.2500,0.34
2025-06-19 11:15:00,969.35,969.75,968.8,968.9,110196,-0.5292,0.0867,-710.38,966.2500,0.27
2025-06-19 11:20:00,969.2,969.2,967.85,967.85,209850,-0.6169,0.0867,-811.53,966.2500,0.17
2025-06-19 11:25:00,968.25,968.7,967.25,968.1,354412,-0.6330,0.0867,-830.10,966.2500,0.19
2025-06-19 11:30:00,968.2,969.25,968,968.8,87856,-0.5731,0.0867,-761.01,966.2500,0.26
2025-06-19 11:35:00,968.85,969.15,967.55,967.9,82220,-0.5696,0.0867,-756.98,966.2500,0.17
2025-06-19 11:40:00,967.6,969.25,967.6,969,91538,-0.4726,0.0867,-645.10,966.2500,0.28
2025-06-19 11:45:00,969,969.85,968.85,969.4,74172,-0.3658,0.0867,-521.91,966.2500,0.33
2025-06-19 11:50:00,969.65,969.95,969.1,969.4,110540,-0.2831,0.0867,-426.53,966.2500,0.33
2025-06-19 11:55:00,969.4,969.95,969.25,969.5,69976,-0.2128,0.0867,-345.44,966.2500,0.34
2025-06-19 12:00:00,969.45,969.9,968.5,968.65,251658,-0.2141,0.0867,-346.94,966.2500,0.25
2025-06-19 12:05:00,968.95,969.05,967.75,968.25,284846,-0.2310,0.0867,-366.44,966.2500,0.21
2025-06-19 12:10:00,968.45,968.5,967.7,968,141516,-0.2467,0.0867,-384.54,966.2500,0.18
2025-06-19 12:15:00,967.95,968.1,967.75,968,126452,-0.2443,0.0867,-381.78,966.2500,0.18
2025-06-19 12:20:00,967.95,968.5,967.85,968.5,312352,-0.1982,0.0867,-328.60,966.2500,0.23
2025-06-19 12:25:00,968.45,968.5,967.5,967.8,156288,-0.2033,0.0867,-334.49,966.2500,0.16
2025-06-19 12:30:00,967.8,968,967.7,968,124732,-0.1823,0.0867,-310.27,966.2500,0.18
2025-06-19 12:35:00,967.85,968.05,967.65,967.8,147514,-0.1712,0.0867,-297.46,966.2500,0.16
2025-06-19 12:40:00,967.8,968,966.9,967.95,225894,-0.1441,0.0867,-266.21,966.2500,0.18
2025-06-19 12:45:00,967.95,969.05,967.6,969.05,125908,-0.0474,0.0867,-154.67,966.2500,0.29
2025-06-19 12:50:00,968.8,969.8,968.65,969.75,101048,0.0623,0.0867,-28.14,966.2500,0.36
2025-06-19 12:55:00,969.75,969.95,969.35,969.9,96416,0.1393,0.0867,60.67,966.2500,0.38
2025-06-19 13:00:00,969.95,970.4,969,970.3,169514,0.2073,0.0867,139.10,966.2500,0.42
2025-06-19 13:05:00,970,971.15,970,970,305660,0.2210,0.0867,154.90,966.2500,0.39
2025-06-19 13:10:00,970,970.45,969.6,970,126910,0.2186,0.0867,152.13,966.2500,0.39
2025-06-19 13:15:00,970,970.7,970,970.35,139510,0.2280,0.0867,162.98,966.2500,0.42
2025-06-19 13:20:00,970.25,970.3,969.35,970,120694,0.1992,0.0867,129.76,966.2500,0.39
2025-06-19 13:25:00,969.95,970.5,969.9,970.05,81396,0.1730,0.0867,99.54,966.2500,0.39
2025-06-19 13:30:00,970.05,970.2,969.4,970,161578,0.1431,0.0867,65.05,966.2500,0.39
2025-06-19 13:35:00,969.95,970.4,969.45,970.25,169168,0.1311,0.0867,51.21,966.2500,0.41
2025-06-19 13:40:00,970.25,970.45,969.85,970.25,78104,0.1148,0.0867,32.41,966.2500,0.41
2025-06-19 13:45:00,970.25,970.35,970.05,970.3,74628,0.0996,0.0867,14.88,966.2500,0.42
2025-06-19 13:50:00,970.25,970.85,970.05,970.45,111982,0.0921,0.0867,6.23,966.2500,0.43
2025-06-19 13:55:00,970.3,971.6,970,971.1,159006,0.1213,0.0867,39.91,966.2500,0.50
2025-06-19 14:00:00,971.25,972.35,970.35,971.15,257006,0.1336,0.0867,54.09,966.2500,0.51
2025-06-19 14:05:00,971.25,972.8,970.55,972,719162,0.1854,0.0867,113.84,966.2500,0.60
2025-06-19 14:10:00,971.95,972.4,970.45,970.95,203986,0.1375,0.0867,58.59,966.2500,0.49
2025-06-19 14:15:00,970.95,971.15,969.7,969.95,226354,0.0325,0.0867,-62.51,966.2500,0.38
2025-06-19 14:20:00,969.95,970.45,968.85,968.85,188082,-0.1092,0.0867,-225.95,966.2500,0.27
2025-06-19 14:25:00,968.9,969.5,967.95,969.2,229006,-0.1737,0.0867,-300.35,966.2500,0.31
2025-06-19 14:30:00,969.2,969.95,968.75,969.35,119942,-0.1988,0.0867,-329.30,966.2500,0.32
2025-06-19 14:35:00,969.1,969.35,968.3,969.05,205636,-0.2262,0.0867,-360.90,966.2500,0.29
2025-06-19 14:40:00,969.05,969.5,968.05,968.85,533418,-0.2466,0.0867,-384.43,966.2500,0.27
2025-06-19 14:45:00,968.85,969.25,968.55,968.85,116946,-0.2483,0.0867,-386.39,966.2500,0.27
2025-06-19 14:50:00,968.9,969,968.25,968.55,119916,-0.2568,0.0867,-396.19,966.2500,0.24
2025-06-19 14:55:00,968.55,968.95,968.05,968.9,200700,-0.2270,0.0867,-361.82,966.2500,0.27
2025-06-19 15:00:00,968.9,968.95,967.5,968.05,976642,-0.2508,0.0867,-389.27,966.2500,0.19
2025-06-19 15:05:00,968.05,968.65,967.3,967.5,779832,-0.2873,0.0867,-431.37,966.2500,0.13
2025-06-19 15:10:00,967.5,968.45,966.75,966.85,677420,-0.3355,0.0867,-486.97,966.2500,0.06
2025-06-19 15:15:00,966.85,969,966,967.6,1462162,-0.2984,0.0867,-444.18,966.2500,0.14
2025-06-19 15:20:00,967.8,968.35,966.8,967.1,632066,-0.2889,0.0867,-433.22,966.2500,0.09
2025-06-19 15:25:00,967.15,967.85,966.55,966.55,477746,-0.2998,0.0867,-445.79,966.2500,0.03
2025-06-20 09:15:00,966,971.35,965.85,971,700830,-0.0030,-0.2998,-99.00,966.5500,0.46
2025-06-20 09:20:00,971,972.5,970.2,972.1,219462,0.2572,-0.2998,-185.79,966.5500,0.57
2025-06-20 09:25:00,972.05,973,971.05,971.95,279540,0.4005,-0.2998,-233.59,966.5500,0.56
2025-06-20 09:30:00,971.95,972.85,971.2,971.75,240696,0.4590,-0.2998,-253.10,966.5500,0.54
2025-06-20 09:35:00,971.75,972.7,971.55,972.45,156580,0.5175,-0.2998,-272.62,966.5500,0.61
2025-06-20 09:40:00,972.5,973,972.05,972.45,214270,0.5272,-0.2998,-275.85,966.5500,0.61
2025-06-20 09:45:00,972.4,973.3,972.15,973.05,420824,0.5429,-0.2998,-281.09,966.5500,0.67
2025-06-20 09:50:00,973,973.95,972.6,973.65,122902,0.5603,-0.2998,-286.89,966.5500,0.73
2025-06-20 09:55:00,973.65,974.5,973.5,974.35,126584,0.5829,-0.2998,-294.43,966.5500,0.81
2025-06-20 10:00:00,974.4,974.95,974,974.8,150354,0.5903,-0.2998,-296.90,966.5500,0.85
2025-06-20 10:05:00,974.8,975.75,974.4,974.9,278876,0.5641,-0.2998,-288.16,966.5500,0.86
2025-06-20 10:10:00,974.95,975.9,974.85,975.75,142266,0.5648,-0.2998,-288.39,966.5500,0.95
2025-06-20 10:15:00,975.75,977,975.65,976.75,197428,0.5907,-0.2998,-297.03,966.5500,1.06
2025-06-20 10:20:00,976.75,978.95,976.65,977.65,247466,0.6232,-0.2998,-307.87,966.5500,1.15
2025-06-20 10:25:00,977.6,979.75,977.55,979.15,258766,0.6950,-0.2998,-331.82,966.5500,1.30
2025-06-20 10:30:00,979.3,980.9,979.05,979.5,361382,0.7128,-0.2998,-337.76,966.5500,1.34
2025-06-20 10:35:00,979.45,980,978.55,978.85,180050,0.6302,-0.2998,-310.21,966.5500,1.27
2025-06-20 10:40:00,978.85,980,978.45,978.5,141070,0.5069,-0.2998,-269.08,966.5500,1.24
2025-06-20 10:45:00,978.5,978.55,977.25,977.35,183712,0.3122,-0.2998,-204.14,966.5500,1.12
2025-06-20 10:50:00,977.35,978.15,977.15,977.35,167274,0.1558,-0.2998,-151.97,966.5500,1.12
2025-06-20 10:55:00,977.35,977.65,975.05,975.75,537800,-0.0711,-0.2998,-76.28,966.5500,0.95
2025-06-20 11:00:00,975.85,976.25,975.15,975.95,155744,-0.2150,-0.2998,-28.29,966.5500,0.97
2025-06-20 11:05:00,975.75,976.9,975.6,976.75,119170,-0.2607,-0.2998,-13.04,966.5500,1.06
2025-06-20 11:10:00,976.7,977.4,976.25,977.25,135690,-0.2610,-0.2998,-12.94,966.5500,1.11
2025-06-20 11:15:00,977.35,977.5,976.35,976.5,102576,-0.3120,-0.2998,4.07,966.5500,1.03
2025-06-20 11:20:00,976.35,976.9,975.8,976.45,84922,-0.3467,-0.2998,15.64,966.5500,1.02
2025-06-20 11:25:00,976.35,976.8,976,976.35,79492,-0.3718,-0.2998,24.02,966.5500,1.01
2025-06-20 11:30:00,976.3,977.25,976.25,977,90784,-0.3408,-0.2998,13.68,966.5500,1.08
2025-06-20 11:35:00,976.95,978.2,976.5,977.75,183242,-0.2691,-0.2998,-10.24,966.5500,1.16
2025-06-20 11:40:00,977.8,978.65,976.7,977.1,136184,-0.2645,-0.2998,-11.77,966.5500,1.09
2025-06-20 11:45:00,977.05,977.65,976.55,977,115054,-0.2664,-0.2998,-11.14,966.5500,1.08
2025-06-20 11:50:00,977,977.4,976.8,977.35,86276,-0.2429,-0.2998,-18.98,966.5500,1.12
2025-06-20 11:55:00,977.3,977.4,976.1,976.1,223654,-0.3064,-0.2998,2.20,966.5500,0.99
2025-06-20 12:00:00,976.1,976.25,975.45,975.7,86300,-0.3660,-0.2998,22.08,966.5500,0.95
2025-06-20 12:05:00,975.7,976.25,975.7,975.85,100580,-0.3842,-0.2998,28.15,966.5500,0.96
2025-06-20 12:10:00,975.9,977.75,975.85,977.55,192466,-0.2757,-0.2998,-8.04,966.5500,1.14
2025-06-20 12:15:00,977.55,977.8,977.15,977.35,139054,-0.2141,-0.2998,-28.59,966.5500,1.12
2025-06-20 12:20:00,977.3,977.95,977,977.25,125344,-0.1782,-0.2998,-40.56,966.5500,1.11
2025-06-20 12:25:00,977.25,977.5,976.65,976.9,160068,-0.1759,-0.2998,-41.33,966.5500,1.07
2025-06-20 12:30:00,976.9,977.5,975.9,976.05,293790,-0.2263,-0.2998,-24.52,966.5500,0.98
2025-06-20 12:35:00,976,977.35,975.9,977.3,192530,-0.1725,-0.2998,-42.46,966.5500,1.11
2025-06-20 12:40:00,977.3,977.85,977.1,977.55,95546,-0.1196,-0.2998,-60.11,966.5500,1.14
2025-06-20 12:45:00,977.5,978.45,977.5,978.1,102134,-0.0508,-0.2998,-83.06,966.5500,1.19
2025-06-20 12:50:00,978.15,979.2,978.1,978.9,85010,0.0406,-0.2998,-113.54,966.5500,1.28
2025-06-20 12:55:00,978.9,979.15,977.95,978.25,131538,0.0487,-0.2998,-116.24,966.5500,1.21
2025-06-20 13:00:00,978.25,979.15,977.65,978.7,104140,0.0743,-0.2998,-124.78,966.5500,1.26
2025-06-20 13:05:00,978.7,979.7,978.1,979.5,101744,0.1316,-0.2998,-143.90,966.5500,1.34
2025-06-20 13:10:00,979.6,979.95,979.3,979.65,98936,0.1640,-0.2998,-154.70,966.5500,1.36
2025-06-20 13:15:00,979.6,981.35,979.5,981.25,293074,0.2713,-0.2998,-190.49,966.5500,1.52
2025-06-20 13:20:00,981.2,981.4,979.95,980.2,216424,0.2502,-0.2998,-183.46,966.5500,1.41
2025-06-20 13:25:00,980.2,981,979.95,981,128582,0.2672,-0.2998,-189.13,966.5500,1.50
2025-06-20 13:30:00,980.95,981.4,979.95,980.45,184368,0.2204,-0.2998,-173.52,966.5500,1.44
2025-06-20 13:35:00,980.35,980.95,979.7,979.95,150538,0.1388,-0.2998,-146.30,966.5500,1.39
2025-06-20 13:40:00,979.95,980.4,979.3,979.8,167256,0.0616,-0.2998,-120.55,966.5500,1.37
2025-06-20 13:45:00,979.6,980.15,979.25,980.05,100092,0.0167,-0.2998,-105.57,966.5500,1.40
2025-06-20 13:50:00,980.05,980.8,979.7,980.7,125218,0.0198,-0.2998,-106.60,966.5500,1.46
2025-06-20 13:55:00,980.7,980.9,979.65,980.1,227288,-0.0270,-0.2998,-90.99,966.5500,1.40
2025-06-20 14:00:00,980.05,980.85,980.05,980.4,115700,-0.0450,-0.2998,-84.99,966.5500,1.43
2025-06-20 14:05:00,980.35,980.9,980.15,980.45,185178,-0.0600,-0.2998,-79.99,966.5500,1.44
2025-06-20 14:10:00,980.45,980.9,980.25,980.55,119884,-0.0689,-0.2998,-77.02,966.5500,1.45
2025-06-20 14:15:00,980.55,981,980.05,980.05,147588,-0.1117,-0.2998,-62.74,966.5500,1.40
2025-06-20 14:20:00,980.05,980.95,979.25,980.85,123120,-0.0903,-0.2998,-69.88,966.5500,1.48
2025-06-20 14:25:00,980.7,981,979.4,979.85,124244,-0.1444,-0.2998,-51.83,966.5500,1.38
2025-06-20 14:30:00,979.65,980.25,979.4,979.6,108744,-0.1949,-0.2998,-34.99,966.5500,1.35
2025-06-20 14:35:00,979.45,979.9,978.85,979.3,372966,-0.2431,-0.2998,-18.91,966.5500,1.32
2025-06-20 14:40:00,979.5,979.85,979,979.4,204816,-0.2613,-0.2998,-12.84,966.5500,1.33
2025-06-20 14:45:00,979.4,980,979.35,979.6,134690,-0.2528,-0.2998,-15.68,966.5500,1.35
2025-06-20 14:50:00,979.55,979.75,978.35,979.05,293178,-0.2753,-0.2998,-8.17,966.5500,1.29
2025-06-20 14:55:00,979.05,979.8,978.65,979.55,233436,-0.2484,-0.2998,-17.14,966.5500,1.34
2025-06-20 15:00:00,979.55,982.5,979,982.35,3470336,-0.0445,-0.2998,-85.16,966.5500,1.63
2025-06-20 15:05:00,982.35,982.75,980.95,982.35,3460650,0.0809,-0.2998,-126.98,966.5500,1.63
2025-06-20 15:10:00,982.4,983.45,982,982.15,3178168,0.1377,-0.2998,-145.93,966.5500,1.61
2025-06-20 15:15:00,982.15,983,981.4,982.9,4288842,0.2087,-0.2998,-169.61,966.5500,1.69
2025-06-20 15:20:00,982.55,984.4,982.55,984.25,3410834,0.3228,-0.2998,-207.67,966.5500,1.83
2025-06-20 15:25:00,984.25,984.95,981.55,981.55,2348172,0.1988,-0.2998,-166.31,966.5500,1.55
2025-06-23 09:15:00,974.25,978.95,974.2,976.8,662904,-0.1994,0.1988,-200.30,981.5500,-0.48
2025-06-23 09:20:00,976.65,977.25,975.25,976.05,253904,-0.4927,0.1988,-347.84,981.5500,-0.56
2025-06-23 09:25:00,976.1,976.45,975.05,975.75,192904,-0.6751,0.1988,-439.59,981.5500,-0.59
2025-06-23 09:30:00,975.75,976.45,974.6,975.15,111452,-0.7961,0.1988,-500.45,981.5500,-0.65
2025-06-23 09:35:00,975.15,976.3,975.05,976,134588,-0.7778,0.1988,-491.25,981.5500,-0.57
2025-06-23 09:40:00,975.95,976.1,974.75,975.05,84090,-0.7863,0.1988,-495.52,981.5500,-0.66
2025-06-23 09:45:00,975,975.5,974.2,975.1,87288,-0.7456,0.1988,-475.05,981.5500,-0.66
2025-06-23 09:50:00,975.05,975.2,974.45,974.6,75470,-0.7095,0.1988,-456.89,981.5500,-0.71
2025-06-23 09:55:00,974.6,974.95,974.25,974.65,80430,-0.6415,0.1988,-422.69,981.5500,-0.70
2025-06-23 10:00:00,974.65,974.8,973.55,973.95,92764,-0.6035,0.1988,-403.57,981.5500,-0.77
2025-06-23 10:05:00,974,974.5,973.75,974,40460,-0.5370,0.1988,-370.12,981.5500,-0.77
2025-06-23 10:10:00,973.95,974.15,973.5,973.6,56196,-0.4837,0.1988,-343.31,981.5500,-0.81
2025-06-23 10:15:00,973.75,974.5,973.55,973.6,81780,-0.4147,0.1988,-308.60,981.5500,-0.81
2025-06-23 10:20:00,973.55,975.35,973.55,974.95,88274,-0.2525,0.1988,-227.01,981.5500,-0.67
2025-06-23 10:25:00,975.2,975.25,974.1,974.5,73354,-0.1547,0.1988,-177.82,981.5500,-0.72
2025-06-23 10:30:00,974.6,975.9,974.45,975.6,128768,-0.0030,0.1988,-101.51,981.5500,-0.61
2025-06-23 10:35:00,975.6,975.8,974.5,975.45,72034,0.0947,0.1988,-52.36,981.5500,-0.62
2025-06-23 10:40:00,975.45,976.05,974.9,975,43116,0.1340,0.1988,-32.60,981.5500,-0.67
2025-06-23 10:45:00,975,975.95,974.9,975.85,148944,0.2174,0.1988,9.36,981.5500,-0.58
2025-06-23 10:50:00,975.85,976.15,975.1,975.5,74904,0.2470,0.1988,24.25,981.5500,-0.62
2025-06-23 10:55:00,975.4,975.75,974.75,974.9,54536,0.2247,0.1988,13.03,981.5500,-0.68
2025-06-23 11:00:00,974.8,974.8,973.15,973.9,278658,0.1451,0.1988,-27.01,981.5500,-0.78
2025-06-23 11:05:00,973.9,974.6,973.65,974.3,72352,0.1227,0.1988,-38.28,981.5500,-0.74
2025-06-23 11:10:00,974.3,974.3,972.45,972.5,356628,-0.0033,0.1988,-101.66,981.5500,-0.92
2025-06-23 11:15:00,972.5,973.1,972.2,972.5,373540,-0.0727,0.1988,-136.57,981.5500,-0.92
2025-06-23 11:20:00,972.5,974,972.35,974,147096,-0.0072,0.1988,-103.62,981.5500,-0.77
2025-06-23 11:25:00,974,974.2,973.25,973.65,66802,0.0214,0.1988,-89.24,981.5500,-0.80
2025-06-23 11:30:00,973.65,974,973.35,973.6,54696,0.0445,0.1988,-77.62,981.5500,-0.81
2025-06-23 11:35:00,973.6,974.35,973.3,974.15,60630,0.1011,0.1988,-49.14,981.5500,-0.75
2025-06-23 11:40:00,974.2,974.5,973.75,974,81906,0.1308,0.1988,-34.21,981.5500,-0.77
2025-06-23 11:45:00,973.95,974.1,973,973.3,104266,0.1068,0.1988,-46.28,981.5500,-0.84
2025-06-23 11:50:00,973.35,973.5,972.15,972.45,345950,0.0405,0.1988,-79.63,981.5500,-0.93
2025-06-23 11:55:00,972.35,973.15,972.25,972.45,166712,0.0053,0.1988,-97.33,981.5500,-0.93
2025-06-23 12:00:00,972.4,972.5,972.25,972.4,101682,-0.0117,0.1988,-105.89,981.5500,-0.93
2025-06-23 12:05:00,972.4,972.5,972.3,972.45,74824,-0.0101,0.1988,-105.08,981.5500,-0.93
2025-06-23 12:10:00,972.4,972.65,972.4,972.45,94646,0.0000,0.1988,-100.00,981.5500,-0.93
2025-06-23 12:15:00,972.45,972.85,972.45,972.75,105426,0.0340,0.1988,-82.90,981.5500,-0.90
2025-06-23 12:20:00,972.75,973.45,970.9,971.75,635334,-0.0018,0.1988,-100.91,981.5500,-1.00
2025-06-23 12:25:00,971.75,972.45,971.4,972.3,57970,0.0194,0.1988,-90.24,981.5500,-0.94
2025-06-23 12:30:00,972.1,972.5,971.8,971.95,69588,0.0178,0.1988,-91.05,981.5500,-0.98
2025-06-23 12:35:00,971.9,972.25,971.55,971.75,52334,0.0115,0.1988,-94.22,981.5500,-1.00
2025-06-23 12:40:00,971.75,972.65,971.65,972.5,52612,0.0631,0.1988,-68.26,981.5500,-0.92
2025-06-23 12:45:00,972.5,972.85,972.05,972.45,54418,0.0972,0.1988,-51.11,981.5500,-0.93
2025-06-23 12:50:00,972.1,973,972.1,972.7,62776,0.1374,0.1988,-30.89,981.5500,-0.90
2025-06-23 12:55:00,972.6,972.8,972,972.25,73902,0.1344,0.1988,-32.39,981.5500,-0.95
2025-06-23 13:00:00,972.1,972.45,971.85,972,87090,0.1168,0.1988,-41.25,981.5500,-0.97
2025-06-23 13:05:00,972,972.25,971.65,971.8,65512,0.0941,0.1988,-52.67,981.5500,-0.99
2025-06-23 13:10:00,971.8,972.9,971.45,972.75,146826,0.1424,0.1988,-28.37,981.5500,-0.90
2025-06-23 13:15:00,972.65,973.15,972.2,972.9,76370,0.1814,0.1988,-8.75,981.5500,-0.88
2025-06-23 13:20:00,972.9,975,972.85,974.45,188000,0.3013,0.1988,51.56,981.5500,-0.72
2025-06-23 13:25:00,974.35,975.5,974.25,975.1,139850,0.4077,0.1988,105.08,981.5500,-0.66
2025-06-23 13:30:00,975.1,975.95,974.85,975.45,153232,0.4799,0.1988,141.40,981.5500,-0.62
2025-06-23 13:35:00,975.2,975.95,975,975.4,105036,0.5002,0.1988,151.61,981.5500,-0.63
2025-06-23 13:40:00,975.4,976,975.05,975.4,100604,0.4890,0.1988,145.98,981.5500,-0.63
2025-06-23 13:45:00,975.35,975.9,975,975.4,123992,0.4576,0.1988,130.18,981.5500,-0.63
2025-06-23 13:50:00,975.4,976,975.15,975.75,116866,0.4363,0.1988,119.47,981.5500,-0.59
2025-06-23 13:55:00,975.75,976,975.05,975.6,139494,0.3898,0.1988,96.08,981.5500,-0.61
2025-06-23 14:00:00,975.5,977,975.3,977,154044,0.4277,0.1988,115.14,981.5500,-0.46
2025-06-23 14:05:00,976.95,977.4,975.2,975.35,83110,0.3211,0.1988,61.52,981.5500,-0.63
2025-06-23 14:10:00,975.25,975.55,974.65,975.05,120998,0.2148,0.1988,8.05,981.5500,-0.66
2025-06-23 14:15:00,975,975.05,973.35,973.45,114092,0.0309,0.1988,-84.46,981.5500,-0.83
2025-06-23 14:20:00,973.35,973.9,973,973.4,102628,-0.0931,0.1988,-146.83,981.5500,-0.83
2025-06-23 14:25:00,973.4,974.45,973.25,973.65,102756,-0.1539,0.1988,-177.41,981.5500,-0.80
2025-06-23 14:30:00,973.65,974.3,972.85,973.75,128036,-0.1809,0.1988,-191.00,981.5500,-0.79
2025-06-23 14:35:00,973.75,974.15,973,973.2,237626,-0.2265,0.1988,-213.93,981.5500,-0.85
2025-06-23 14:40:00,973.05,973.9,973.05,973.75,139512,-0.2106,0.1988,-205.94,981.5500,-0.79
2025-06-23 14:45:00,973.6,974,973,973.4,151132,-0.2140,0.1988,-207.65,981.5500,-0.83
2025-06-23 14:50:00,973.35,973.8,972.1,972.95,138224,-0.2352,0.1988,-218.31,981.5500,-0.88
2025-06-23 14:55:00,972.9,974.2,972.85,974.05,195678,-0.1669,0.1988,-183.95,981.5500,-0.76
2025-06-23 15:00:00,974.05,974.3,973.35,974.25,315916,-0.1032,0.1988,-151.91,981.5500,-0.74
2025-06-23 15:05:00,974.25,974.3,974.15,974.25,252972,-0.0583,0.1988,-129.33,981.5500,-0.74
2025-06-23 15:10:00,974.3,974.8,974.2,974.3,282452,-0.0242,0.1988,-112.17,981.5500,-0.74
2025-06-23 15:15:00,974.3,974.95,974.25,974.3,379394,-0.0017,0.1988,-100.86,981.5500,-0.74
2025-06-23 15:20:00,974.35,974.75,973.25,973.85,442080,-0.0164,0.1988,-108.25,981.5500,-0.78
2025-06-23 15:25:00,973.85,974.55,973.65,974.05,299666,-0.0122,0.1988,-106.14,981.5500,-0.76
2025-06-24 09:15:00,982.5,986.7,978.15,986.45,889536,0.7823,-0.0122,-6512.30,974.0500,1.27
2025-06-24 09:20:00,986.4,987.2,985.75,986,279540,1.2086,-0.0122,-10006.56,974.0500,1.23
2025-06-24 09:25:00,986,986,982.95,983.4,252674,1.2419,-0.0122,-10279.51,974.0500,0.96
2025-06-24 09:30:00,983.25,984.65,982.8,984.45,110610,1.2571,-0.0122,-10404.10,974.0500,1.07
2025-06-24 09:35:00,984.45,984.6,980.55,981.55,211366,1.0053,-0.0122,-8340.16,974.0500,0.77
2025-06-24 09:40:00,981.55,982.8,980.7,982,170542,0.8109,-0.0122,-6746.72,974.0500,0.82
2025-06-24 09:45:00,981.85,982,980.05,980.7,93414,0.5490,-0.0122,-4600.00,974.0500,0.68
2025-06-24 09:50:00,980.7,981.5,980,981.4,68632,0.3850,-0.0122,-3255.74,974.0500,0.75
2025-06-24 09:55:00,981.5,983.9,981.45,983.15,134688,0.3571,-0.0122,-3027.05,974.0500,0.93
2025-06-24 10:00:00,982.95,984.6,982.95,983.95,83228,0.3545,-0.0122,-3005.74,974.0500,1.02
2025-06-24 10:05:00,984,984.55,983.6,984.3,65144,0.3383,-0.0122,-2872.95,974.0500,1.05
2025-06-24 10:10:00,984.1,986,983.9,984.9,206552,0.3297,-0.0122,-2802.46,974.0500,1.11
2025-06-24 10:15:00,984.9,986.35,984.9,985.15,124988,0.3032,-0.0122,-2585.25,974.0500,1.14
2025-06-24 10:20:00,985.15,985.25,983.55,984.4,84720,0.2024,-0.0122,-1759.02,974.0500,1.06
2025-06-24 10:25:00,984.4,985.35,983.65,985.1,56360,0.1523,-0.0122,-1348.36,974.0500,1.13
2025-06-24 10:30:00,985.35,986,983.65,983.9,140046,0.0151,-0.0122,-223.77,974.0500,1.01
2025-06-24 10:35:00,983.95,984.8,983.15,984.25,110754,-0.0707,-0.0122,479.51,974.0500,1.05
2025-06-24 10:40:00,984.1,984.95,983,984.4,143918,-0.1323,-0.0122,984.43,974.0500,1.06
2025-06-24 10:45:00,984.4,985,983.75,983.75,76534,-0.2264,-0.0122,1755.74,974.0500,1.00
2025-06-24 10:50:00,983.95,984.4,982.1,983.85,52936,-0.2874,-0.0122,2255.74,974.0500,1.01
2025-06-24 10:55:00,983.9,984.5,983.2,983.95,51802,-0.3239,-0.0122,2554.92,974.0500,1.02
2025-06-24 11:00:00,983.95,985,983.7,984.75,80494,-0.2977,-0.0122,2340.16,974.0500,1.10
2025-06-24 11:05:00,984.55,986.5,984.3,986.5,204788,-0.1722,-0.0122,1311.48,974.0500,1.28
2025-06-24 11:10:00,986.5,986.95,985.65,986.45,85008,-0.1056,-0.0122,765.57,974.0500,1.27
2025-06-24 11:15:00,986.45,987.35,985.2,985.45,155866,-0.1398,-0.0122,1045.90,974.0500,1.17
2025-06-24 11:20:00,985.3,986,984.9,985.75,86058,-0.1520,-0.0122,1145.90,974.0500,1.20
2025-06-24 11:25:00,985.75,987.5,985.45,987.5,239628,-0.0570,-0.0122,367.21,974.0500,1.38
2025-06-24 11:30:00,987.5,987.95,986.65,987.1,177862,-0.0369,-0.0122,202.46,974.0500,1.34
2025-06-24 11:35:00,987.1,987.95,986.9,987,75720,-0.0454,-0.0122,272.13,974.0500,1.33
2025-06-24 11:40:00,987,988,987,987.9,79228,-0.0076,-0.0122,-37.70,974.0500,1.42
2025-06-24 11:45:00,987.9,988,987.15,987.35,69964,-0.0353,-0.0122,189.34,974.0500,1.37
2025-06-24 11:50:00,987.35,987.5,987.1,987.4,56668,-0.0641,-0.0122,425.41,974.0500,1.37
2025-06-24 11:55:00,987.4,988.4,987.2,988.2,108230,-0.0441,-0.0122,261.48,974.0500,1.45
2025-06-24 12:00:00,988.2,988.6,987.75,988.55,102516,-0.0233,-0.0122,90.98,974.0500,1.49
2025-06-24 12:05:00,988.6,989.4,988.55,989.35,124868,0.0258,-0.0122,-311.48,974.0500,1.57
2025-06-24 12:10:00,989.2,989.5,988.05,988.8,127940,0.0038,-0.0122,-131.15,974.0500,1.51
2025-06-24 12:15:00,989,989.25,987.95,988,97896,-0.0776,-0.0122,536.07,974.0500,1.43
2025-06-24 12:20:00,987.95,989.5,987.45,989.25,125684,-0.0609,-0.0122,399.18,974.0500,1.56
2025-06-24 12:25:00,989.25,989.5,986.6,988.4,127094,-0.1175,-0.0122,863.11,974.0500,1.47
2025-06-24 12:30:00,988.5,988.95,987.75,988.75,99558,-0.1402,-0.0122,1049.18,974.0500,1.51
2025-06-24 12:35:00,988.75,988.75,985.75,986.6,235432,-0.2997,-0.0122,2356.56,974.0500,1.29
2025-06-24 12:40:00,986.6,986.8,981.7,983.2,749318,-0.6157,-0.0122,4946.72,974.0500,0.94
2025-06-24 12:45:00,983,986.35,982.4,986.1,194752,-0.6097,-0.0122,4897.54,974.0500,1.24
2025-06-24 12:50:00,986.1,988.5,985.95,987.45,145584,-0.4998,-0.0122,3996.72,974.0500,1.38
2025-06-24 12:55:00,987.45,987.95,986.3,986.75,86220,-0.4602,-0.0122,3672.13,974.0500,1.30
2025-06-24 13:00:00,986.75,987.05,984.25,985.9,150326,-0.4752,-0.0122,3795.08,974.0500,1.22
2025-06-24 13:05:00,985.95,986.75,985.2,986.65,71676,-0.4205,-0.0122,3346.72,974.0500,1.29
2025-06-24 13:10:00,986.65,986.85,983.2,983.2,303794,-0.5921,-0.0122,4753.28,974.0500,0.94
2025-06-24 13:15:00,983.2,984.4,982.55,983.3,181010,-0.6686,-0.0122,5380.33,974.0500,0.95
2025-06-24 13:20:00,983.25,983.85,980.6,980.8,327924,-0.8458,-0.0122,6832.79,974.0500,0.69
2025-06-24 13:25:00,980.8,982.8,980.75,981.95,273324,-0.8421,-0.0122,6802.46,974.0500,0.81
2025-06-24 13:30:00,982,983.35,979.65,980.9,403812,-0.8636,-0.0122,6978.69,974.0500,0.70
2025-06-24 13:35:00,980.9,981,978.25,979.35,750126,-0.9298,-0.0122,7521.31,974.0500,0.54
2025-06-24 13:40:00,979.35,980.7,978.3,979.1,296888,-0.9354,-0.0122,7567.21,974.0500,0.52
2025-06-24 13:45:00,979.15,979.9,977.8,978.95,469458,-0.8942,-0.0122,7229.51,974.0500,0.50
2025-06-24 13:50:00,978.95,980.95,978.8,980.95,307318,-0.6866,-0.0122,5527.87,974.0500,0.71
2025-06-24 13:55:00,980.95,982,979.9,981.55,240292,-0.4734,-0.0122,3780.33,974.0500,0.77
2025-06-24 14:00:00,981.8,982.05,979.1,979.25,182328,-0.4518,-0.0122,3603.28,974.0500,0.53
2025-06-24 14:05:00,979.25,980,978.15,979.6,395920,-0.3813,-0.0122,3025.41,974.0500,0.57
2025-06-24 14:10:00,979.65,980.9,979.05,980.4,211412,-0.2542,-0.0122,1983.61,974.0500,0.65
2025-06-24 14:15:00,980.4,981.15,980.1,980.5,110746,-0.1425,-0.0122,1068.03,974.0500,0.66
2025-06-24 14:20:00,980.5,981.85,979.6,980.75,322626,-0.0363,-0.0122,197.54,974.0500,0.69
2025-06-24 14:25:00,980.8,981,979.6,980.95,192154,0.0577,-0.0122,-572.95,974.0500,0.71
2025-06-24 14:30:00,981,982.3,980.35,980.85,210950,0.1198,-0.0122,-1081.97,974.0500,0.70
2025-06-24 14:35:00,980.85,981.45,980.2,981.25,234744,0.1905,-0.0122,-1661.48,974.0500,0.74
2025-06-24 14:40:00,981.25,982,980.55,980.6,558416,0.1952,-0.0122,-1700.00,974.0500,0.67
2025-06-24 14:45:00,980.65,981.75,980.1,981,606040,0.2250,-0.0122,-1944.26,974.0500,0.71
2025-06-24 14:50:00,981,981,979.6,980.9,102024,0.2365,-0.0122,-2038.52,974.0500,0.70
2025-06-24 14:55:00,980.9,981.5,979.35,980.65,170996,0.2258,-0.0122,-1950.82,974.0500,0.68
2025-06-24 15:00:00,980.7,981.35,979.55,980.25,1299474,0.1917,-0.0122,-1671.31,974.0500,0.64
2025-06-24 15:05:00,980.25,981.35,978.75,981.35,1812140,0.2400,-0.0122,-2067.21,974.0500,0.75
2025-06-24 15:10:00,981.35,981.35,979.2,980.65,1686020,0.2219,-0.0122,-1918.85,974.0500,0.68
2025-06-24 15:15:00,980.65,981.2,979.55,980.35,1405492,0.1883,-0.0122,-1643.44,974.0500,0.65
2025-06-24 15:20:00,980.35,981.5,980.3,981.4,1118410,0.2324,-0.0122,-2004.92,974.0500,0.75
2025-06-24 15:25:00,981.4,982.75,980.25,981.85,905276,0.2841,-0.0122,-2428.69,974.0500,0.80
2025-06-25 09:15:00,983.05,984.9,981.95,984,928972,0.4456,0.2841,56.85,981.8500,0.22
2025-06-25 09:20:00,984,985,983.6,984.6,359812,0.5677,0.2841,99.82,981.8500,0.28
2025-06-25 09:25:00,984.6,987.5,984.6,987.3,334154,0.7912,0.2841,178.49,981.8500,0.56
2025-06-25 09:30:00,987.3,989,987.3,987.95,239510,0.9341,0.2841,228.79,981.8500,0.62
2025-06-25 09:35:00,987.85,988.75,987.2,987.3,165608,0.9338,0.2841,228.69,981.8500,0.56
2025-06-25 09:40:00,987.5,988.7,987.15,988.1,128136,0.9342,0.2841,228.83,981.8500,0.64
2025-06-25 09:45:00,988.1,988.5,987.05,987.25,80822,0.8276,0.2841,191.31,981.8500,0.55
2025-06-25 09:50:00,987.35,988.75,986.5,987.05,146910,0.6991,0.2841,146.08,981.8500,0.53
2025-06-25 09:55:00,987,987.9,986.05,987.3,131004,0.5907,0.2841,107.92,981.8500,0.56
2025-06-25 10:00:00,987.4,988,986.25,987.95,113792,0.5248,0.2841,84.72,981.8500,0.62
2025-06-25 10:05:00,987.85,988.75,987.5,988.75,117874,0.4974,0.2841,75.08,981.8500,0.70
2025-06-25 10:10:00,988.75,989,987.5,988.1,131890,0.4019,0.2841,41.46,981.8500,0.64
2025-06-25 10:15:00,988.1,988.75,987.35,988.45,258728,0.3315,0.2841,16.68,981.8500,0.67
2025-06-25 10:20:00,988.45,989.65,988.3,989.45,258540,0.3214,0.2841,13.13,981.8500,0.77
2025-06-25 10:25:00,989.45,990,989.15,989.95,209326,0.3169,0.2841,11.55,981.8500,0.82
2025-06-25 10:30:00,989.95,990.5,988.55,989.05,296942,0.2261,0.2841,-20.42,981.8500,0.73
2025-06-25 10:35:00,989.3,990.4,989.05,990.05,150638,0.2067,0.2841,-27.24,981.8500,0.84
2025-06-25 10:40:00,990.25,990.65,989.05,990.3,243462,0.1848,0.2841,-34.95,981.8500,0.86
2025-06-25 10:45:00,990.3,990.55,989.5,990,113770,0.1268,0.2841,-55.37,981.8500,0.83
2025-06-25 10:50:00,989.95,990.5,989.45,990.3,99970,0.0874,0.2841,-69.24,981.8500,0.86
2025-06-25 10:55:00,990.45,990.5,989.25,989.95,114472,0.0199,0.2841,-93.00,981.8500,0.82
2025-06-25 11:00:00,989.95,990.15,988.95,989,133940,-0.0999,0.2841,-135.16,981.8500,0.73
2025-06-25 11:05:00,989.4,989.5,988,988.45,451156,-0.2205,0.2841,-177.61,981.8500,0.67
2025-06-25 11:10:00,988.4,988.5,987.5,988,122432,-0.3284,0.2841,-215.59,981.8500,0.63
2025-06-25 11:15:00,988,988.5,987.8,988.4,130034,-0.3677,0.2841,-229.43,981.8500,0.67
2025-06-25 11:20:00,988.5,988.5,988.05,988.5,99908,-0.3802,0.2841,-233.83,981.8500,0.68
2025-06-25 11:25:00,988.5,988.55,987.7,988.35,116938,-0.3904,0.2841,-237.42,981.8500,0.66
2025-06-25 11:30:00,988.35,988.5,987.75,987.95,112526,-0.4136,0.2841,-245.58,981.8500,0.62
2025-06-25 11:35:00,988,988.35,987.8,987.95,87374,-0.4174,0.2841,-246.92,981.8500,0.62
2025-06-25 11:40:00,988,988,987.05,987.3,91232,-0.4492,0.2841,-258.11,981.8500,0.56
2025-06-25 11:45:00,987.2,988,987.05,987.4,73582,-0.4481,0.2841,-257.73,981.8500,0.57
2025-06-25 11:50:00,987.5,987.5,987.05,987.35,86182,-0.4350,0.2841,-253.12,981.8500,0.56
2025-06-25 11:55:00,987.4,987.5,987,987.3,77736,-0.4140,0.2841,-245.72,981.8500,0.56
2025-06-25 12:00:00,987.3,987.5,986.5,986.95,107122,-0.4075,0.2841,-243.44,981.8500,0.52
2025-06-25 12:05:00,987,987.5,986.5,987.2,116972,-0.3710,0.2841,-230.59,981.8500,0.54
2025-06-25 12:10:00,987.25,988.4,987.1,988,112376,-0.2818,0.2841,-199.19,981.8500,0.63
2025-06-25 12:15:00,988,988.5,987,987.4,195922,-0.2529,0.2841,-189.02,981.8500,0.57
2025-06-25 12:20:00,987.45,988,987.25,987.7,91506,-0.2054,0.2841,-172.30,981.8500,0.60
2025-06-25 12:25:00,987.75,987.95,987.3,987.9,112712,-0.1545,0.2841,-154.38,981.8500,0.62
2025-06-25 12:30:00,987.95,988.65,987.5,988.45,259604,-0.0815,0.2841,-128.69,981.8500,0.67
2025-06-25 12:35:00,988.45,988.55,988.1,988.5,103028,-0.0302,0.2841,-110.63,981.8500,0.68
2025-06-25 12:40:00,988.5,988.6,987.85,988.5,187310,0.0017,0.2841,-99.40,981.8500,0.68
2025-06-25 12:45:00,988.5,988.95,988.2,988.5,210430,0.0197,0.2841,-93.07,981.8500,0.68
2025-06-25 12:50:00,988.5,988.85,987.85,988.5,165318,0.0280,0.2841,-90.14,981.8500,0.68
2025-06-25 12:55:00,988.5,988.95,988,988.55,445138,0.0330,0.2841,-88.38,981.8500,0.68
2025-06-25 13:00:00,988.8,989.35,988.5,989.25,100684,0.0771,0.2841,-72.86,981.8500,0.75
2025-06-25 13:05:00,989.25,989.5,987.8,988,245816,0.0186,0.2841,-93.45,981.8500,0.63
2025-06-25 13:10:00,988.15,989,987.5,988.55,152634,0.0139,0.2841,-95.11,981.8500,0.68
2025-06-25 13:15:00,988.55,989,988.2,988.95,87680,0.0334,0.2841,-88.24,981.8500,0.72
2025-06-25 13:20:00,989,989.3,988.4,989,199670,0.0447,0.2841,-84.27,981.8500,0.73
2025-06-25 13:25:00,988.9,989.7,988.45,989.5,193358,0.0789,0.2841,-72.23,981.8500,0.78
2025-06-25 13:30:00,989.5,990.25,989.4,990,592458,0.1254,0.2841,-55.86,981.8500,0.83
2025-06-25 13:35:00,990.05,990.15,989.1,989.5,204536,0.1132,0.2841,-60.15,981.8500,0.78
2025-06-25 13:40:00,989.65,989.85,988.7,989.3,115942,0.0836,0.2841,-70.57,981.8500,0.76
2025-06-25 13:45:00,989.3,989.5,988.75,989.1,97392,0.0445,0.2841,-84.34,981.8500,0.74
2025-06-25 13:50:00,989.1,989.1,987.95,988.55,153252,-0.0209,0.2841,-107.36,981.8500,0.68
2025-06-25 13:55:00,988.5,989,988.1,988.85,118916,-0.0451,0.2841,-115.87,981.8500,0.71
2025-06-25 14:00:00,988.85,989,988.2,988.7,280900,-0.0708,0.2841,-124.92,981.8500,0.70
2025-06-25 14:05:00,988.6,989.5,988.25,989.45,154338,-0.0385,0.2841,-113.55,981.8500,0.77
2025-06-25 14:10:00,989.45,989.5,988.65,989.25,136108,-0.0321,0.2841,-111.30,981.8500,0.75
2025-06-25 14:15:00,989,990.05,988.95,990,422960,0.0184,0.2841,-93.52,981.8500,0.83
2025-06-25 14:20:00,989.85,990.15,989.5,990.15,469458,0.0557,0.2841,-80.39,981.8500,0.85
2025-06-25 14:25:00,990.15,990.15,989,989.75,166710,0.0474,0.2841,-83.32,981.8500,0.80
2025-06-25 14:30:00,989.75,989.85,988.55,989.5,232892,0.0204,0.2841,-92.82,981.8500,0.78
2025-06-25 14:35:00,989.45,990.25,989.3,990.05,256260,0.0343,0.2841,-87.93,981.8500,0.84
2025-06-25 14:40:00,990.05,990.5,989.95,990.35,280280,0.0568,0.2841,-80.01,981.8500,0.87
2025-06-25 14:45:00,990.35,991,989.9,990.5,364892,0.0740,0.2841,-73.95,981.8500,0.88
2025-06-25 14:50:00,990.5,990.7,989.8,990.7,193004,0.0900,0.2841,-68.32,981.8500,0.90
2025-06-25 14:55:00,990.7,990.95,989.75,990.25,256018,0.0626,0.2841,-77.97,981.8500,0.86
2025-06-25 15:00:00,990.25,990.9,989.75,990.8,643960,0.0732,0.2841,-74.23,981.8500,0.91
2025-06-25 15:05:00,990.75,990.85,989.75,990.2,655916,0.0335,0.2841,-88.21,981.8500,0.85
2025-06-25 15:10:00,990.2,990.4,989.5,990.3,639144,0.0090,0.2841,-96.83,981.8500,0.86
2025-06-25 15:15:00,990.35,990.65,989.55,990,801348,-0.0304,0.2841,-110.70,981.8500,0.83
2025-06-25 15:20:00,990.05,990.45,989.3,989.55,664958,-0.0864,0.2841,-130.41,981.8500,0.78
2025-06-25 15:25:00,989.55,990.15,988.6,990,497210,-0.0924,0.2841,-132.52,981.8500,0.83
2025-06-26 09:15:00,990.7,992.5,990,991.25,864366,-0.0153,-0.0924,-83.44,990.0000,0.13
2025-06-26 09:20:00,991.35,992.45,991,991.75,555730,0.0619,-0.0924,-166.99,990.0000,0.18
2025-06-26 09:25:00,991.75,993.8,991.75,993.7,770786,0.2275,-0.0924,-346.21,990.0000,0.37
2025-06-26 09:30:00,993.5,995.5,993.35,994.55,640762,0.3691,-0.0924,-499.46,990.0000,0.46
2025-06-26 09:35:00,994.85,995.5,994,995.25,226826,0.4779,-0.0924,-617.21,990.0000,0.53
2025-06-26 09:40:00,995.25,996.5,994.35,995.45,476940,0.5274,-0.0924,-670.78,990.0000,0.55
2025-06-26 09:45:00,995.3,997.45,995.3,997,325440,0.6221,-0.0924,-773.27,990.0000,0.71
2025-06-26 09:50:00,996.9,997.1,995.55,996.45,287594,0.6047,-0.0924,-754.44,990.0000,0.65
2025-06-26 09:55:00,996.5,998.9,996.45,998.7,467238,0.6953,-0.0924,-852.49,990.0000,0.88
2025-06-26 10:00:00,998.7,998.9,996.95,997,382068,0.5952,-0.0924,-744.16,990.0000,0.71
2025-06-26 10:05:00,997,997.6,995.5,996.75,264824,0.4719,-0.0924,-610.71,990.0000,0.68
2025-06-26 10:10:00,996.75,997.55,996.5,997.2,215124,0.3842,-0.0924,-515.80,990.0000,0.73
2025-06-26 10:15:00,997.2,998.5,996.35,997.15,258214,0.2906,-0.0924,-414.50,990.0000,0.72
2025-06-26 10:20:00,997.15,997.85,996.45,997.8,170216,0.2422,-0.0924,-362.12,990.0000,0.79
2025-06-26 10:25:00,997.8,998.9,997.8,998.4,238088,0.2210,-0.0924,-339.18,990.0000,0.85
2025-06-26 10:30:00,998.45,999.4,998,999.05,260398,0.2205,-0.0924,-338.64,990.0000,0.91
2025-06-26 10:35:00,999.25,999.95,998.9,999.75,282364,0.2359,-0.0924,-355.30,990.0000,0.98
2025-06-26 10:40:00,999.55,999.9,997.45,997.7,255058,0.0842,-0.0924,-191.13,990.0000,0.78
2025-06-26 10:45:00,997.7,998.95,997,998.85,194012,0.0399,-0.0924,-143.18,990.0000,0.89
2025-06-26 10:50:00,998.75,998.95,997,997.45,191854,-0.0976,-0.0924,5.63,990.0000,0.75
2025-06-26 10:55:00,997.45,998.25,997,997.5,203192,-0.1937,-0.0924,109.63,990.0000,0.76
2025-06-26 11:00:00,997.55,998,997.15,997.85,208866,-0.2390,-0.0924,158.66,990.0000,0.79
2025-06-26 11:05:00,997.8,997.9,997.2,997.45,188166,-0.2976,-0.0924,222.08,990.0000,0.75
2025-06-26 11:10:00,997.45,997.8,996.6,997.7,171832,-0.3192,-0.0924,245.45,990.0000,0.78
2025-06-26 11:15:00,997.7,997.85,996.95,997.6,146826,-0.3381,-0.0924,265.91,990.0000,0.77
2025-06-26 11:20:00,997.75,998.45,997.4,997.95,164732,-0.3248,-0.0924,251.52,990.0000,0.80
2025-06-26 11:25:00,997.9,998.2,997.4,997.55,167760,-0.3392,-0.0924,267.10,990.0000,0.76
2025-06-26 11:30:00,997.55,999.5,997.45,999.5,224698,-0.2195,-0.0924,137.55,990.0000,0.96
2025-06-26 11:35:00,999.5,999.5,997.75,998.5,158126,-0.2097,-0.0924,126.95,990.0000,0.86
2025-06-26 11:40:00,998.25,998.7,997.25,998.45,265230,-0.2082,-0.0924,125.32,990.0000,0.85
2025-06-26 11:45:00,998.35,999.5,998.35,999.2,217464,-0.1605,-0.0924,73.70,990.0000,0.93
2025-06-26 11:50:00,998.95,999.5,998.55,999.45,115376,-0.1178,-0.0924,27.49,990.0000,0.95
2025-06-26 11:55:00,999.5,999.75,999,999.35,142834,-0.1026,-0.0924,11.04,990.0000,0.94
2025-06-26 12:00:00,999.15,1002.4,999,1002.35,941212,0.0926,-0.0924,-200.22,990.0000,1.25
2025-06-26 12:05:00,1002.35,1003.3,1001.75,1002.05,558814,0.1797,-0.0924,-294.48,990.0000,1.22
2025-06-26 12:10:00,1001.8,1003.4,1001.5,1003.25,330300,0.2896,-0.0924,-413.42,990.0000,1.34
2025-06-26 12:15:00,1003.25,1004,1002.55,1003,405048,0.3150,-0.0924,-440.91,990.0000,1.31
2025-06-26 12:20:00,1003,1003.5,1002.1,1003,345494,0.3013,-0.0924,-426.08,990.0000,1.31
2025-06-26 12:25:00,1002.9,1003,1002.05,1002.55,307416,0.2344,-0.0924,-353.68,990.0000,1.27
2025-06-26 12:30:00,1002.4,1002.95,1001.5,1001.85,332330,0.1212,-0.0924,-231.17,990.0000,1.20
2025-06-26 12:35:00,1001.8,1002.5,1001.7,1002.1,239622,0.0452,-0.0924,-148.92,990.0000,1.22
2025-06-26 12:40:00,1002.05,1003,1001.55,1002.55,279604,0.0092,-0.0924,-109.96,990.0000,1.27
2025-06-26 12:45:00,1002.55,1002.95,1001.5,1002.45,237886,-0.0350,-0.0924,-62.12,990.0000,1.26
2025-06-26 12:50:00,1002.45,1002.5,1001.15,1001.7,218202,-0.1233,-0.0924,33.44,990.0000,1.18
2025-06-26 12:55:00,1001.7,1002.7,1001.55,1002.5,153346,-0.1356,-0.0924,46.75,990.0000,1.26
2025-06-26 13:00:00,1002.5,1003.9,1002.3,1003.5,444638,-0.0864,-0.0924,-6.49,990.0000,1.36
2025-06-26 13:05:00,1003.5,1003.75,1002.5,1002.65,303114,-0.1192,-0.0924,29.00,990.0000,1.28
2025-06-26 13:10:00,1002.6,1002.8,1001.4,1002.1,433272,-0.1821,-0.0924,97.08,990.0000,1.22
2025-06-26 13:15:00,1002.1,1003.5,1001.85,1003.4,500506,-0.1423,-0.0924,54.00,990.0000,1.35
2025-06-26 13:20:00,1003.4,1003.9,1002.55,1002.9,303890,-0.1546,-0.0924,67.32,990.0000,1.30
2025-06-26 13:25:00,1002.85,1004,1002.35,1003.45,545682,-0.1317,-0.0924,42.53,990.0000,1.36
2025-06-26 13:30:00,1003.4,1003.95,1002.65,1003.1,423750,-0.1449,-0.0924,56.82,990.0000,1.32
2025-06-26 13:35:00,1003.05,1003.65,1003.05,1003.55,238856,-0.1288,-0.0924,39.39,990.0000,1.37
2025-06-26 13:40:00,1003.55,1004.2,1003.1,1003.85,500884,-0.1043,-0.0924,12.88,990.0000,1.40
2025-06-26 13:45:00,1003.65,1004.85,1003.6,1004.05,559736,-0.0821,-0.0924,-11.15,990.0000,1.42
2025-06-26 13:50:00,1004,1004.75,1003.75,1004.7,396966,-0.0336,-0.0924,-63.64,990.0000,1.48
2025-06-26 13:55:00,1004.65,1005.65,1004.1,1005.15,743806,0.0162,-0.0924,-117.53,990.0000,1.53
2025-06-26 14:00:00,1005.15,1006.8,1005,1006.8,665374,0.1408,-0.0924,-252.38,990.0000,1.70
2025-06-26 14:05:00,1006.75,1006.85,1005.4,1005.6,649340,0.1234,-0.0924,-233.55,990.0000,1.58
2025-06-26 14:10:00,1005.5,1007.65,1005.1,1007.65,941656,0.2252,-0.0924,-343.72,990.0000,1.78
2025-06-26 14:15:00,1007.65,1008.45,1007.4,1008.1,838926,0.2937,-0.0924,-417.86,990.0000,1.83
2025-06-26 14:20:00,1008,1008.75,1007.2,1007.75,768904,0.2860,-0.0924,-409.52,990.0000,1.79
2025-06-26 14:25:00,1007.7,1008.6,1007.3,1008.1,844744,0.2749,-0.0924,-397.51,990.0000,1.83
2025-06-26 14:30:00,1008.4,1009.4,1006.95,1008.25,1090162,0.2490,-0.0924,-369.48,990.0000,1.84
2025-06-26 14:35:00,1008.15,1008.9,1007.9,1008.3,750110,0.2081,-0.0924,-325.22,990.0000,1.85
2025-06-26 14:40:00,1008.3,1008.65,1007.5,1008.5,1082370,0.1691,-0.0924,-283.01,990.0000,1.87
2025-06-26 14:45:00,1008.5,1008.9,1008.2,1008.5,626092,0.1202,-0.0924,-230.09,990.0000,1.87
2025-06-26 14:50:00,1008.5,1008.6,1007.6,1008.6,943232,0.0737,-0.0924,-179.76,990.0000,1.88
2025-06-26 14:55:00,1008.6,1011.25,1008.45,1011.15,1386684,0.1874,-0.0924,-302.81,990.0000,2.14
2025-06-26 15:00:00,1011.1,1012.45,1009.8,1011.7,3426642,0.2675,-0.0924,-389.50,990.0000,2.19
2025-06-26 15:05:00,1011.6,1012.5,1010.7,1011.9,2807752,0.2993,-0.0924,-423.92,990.0000,2.21
2025-06-26 15:10:00,1011.85,1012.75,1009.4,1010.5,2924744,0.1965,-0.0924,-312.66,990.0000,2.07
2025-06-26 15:15:00,1010.45,1011.2,1008.45,1009.55,3743686,0.0429,-0.0924,-146.43,990.0000,1.97
2025-06-26 15:20:00,1009.55,1013.55,1008.6,1010.8,4150784,0.0058,-0.0924,-106.28,990.0000,2.10
2025-06-26 15:25:00,1010.7,1012.75,1008.6,1008.85,2312280,-0.1605,-0.0924,73.70,990.0000,1.90
2025-06-27 09:15:00,1006.4,1006.4,996.7,999.95,1647508,-0.8423,-0.1605,424.80,1008.8500,-0.88
2025-06-27 09:20:00,999.65,1000.45,998.4,1000.35,751630,-1.2160,-0.1605,657.63,1008.8500,-0.84
2025-06-27 09:25:00,1000.35,1001.35,998,998.15,946030,-1.5401,-0.1605,859.56,1008.8500,-1.06
2025-06-27 09:30:00,998,1001.1,997.5,1001,347450,-1.4904,-0.1605,828.60,1008.8500,-0.78
2025-06-27 09:35:00,1000.95,1001.45,1000.3,1001.1,222026,-1.3811,-0.1605,760.50,1008.8500,-0.77
2025-06-27 09:40:00,1001.1,1002,1000,1000.4,269876,-1.2881,-0.1605,702.55,1008.8500,-0.84
2025-06-27 09:45:00,1000.4,1002,1000.35,1000.9,173926,-1.1307,-0.1605,604.49,1008.8500,-0.79
2025-06-27 09:50:00,1000.95,1002.15,1000.6,1001.15,165386,-0.9545,-0.1605,494.70,1008.8500,-0.76
2025-06-27 09:55:00,1001.3,1001.55,999.95,1000.1,163082,-0.8565,-0.1605,433.64,1008.8500,-0.87
2025-06-27 10:00:00,1000.05,1000.85,999.85,1000.5,133898,-0.7183,-0.1605,347.54,1008.8500,-0.83
2025-06-27 10:05:00,1000.85,1001.8,1000.5,1001.65,78760,-0.5125,-0.1605,219.31,1008.8500,-0.71
2025-06-27 10:10:00,1001.55,1002.25,1001,1002.05,139558,-0.3219,-0.1605,100.56,1008.8500,-0.67
2025-06-27 10:15:00,1002.3,1003.6,1001.9,1003.45,264374,-0.0863,-0.1605,-46.23,1008.8500,-0.54
2025-06-27 10:20:00,1003.45,1003.55,1002.9,1003.25,185074,0.0633,-0.1605,-139.44,1008.8500,-0.56
2025-06-27 10:25:00,1003.25,1003.35,1002.6,1003.15,195044,0.1574,-0.1605,-198.07,1008.8500,-0.56
2025-06-27 10:30:00,1003.15,1004.5,1003,1004.2,180864,0.2848,-0.1605,-277.45,1008.8500,-0.46
2025-06-27 10:35:00,1004.2,1004.25,1002.85,1004.1,221184,0.3523,-0.1605,-319.50,1008.8500,-0.47
2025-06-27 10:40:00,1004,1004.8,1003.7,1004.7,197748,0.4227,-0.1605,-363.36,1008.8500,-0.41
2025-06-27 10:45:00,1004.7,1007,1004.55,1006.5,433832,0.5667,-0.1605,-453.08,1008.8500,-0.23
2025-06-27 10:50:00,1006.7,1007.35,1006.2,1007.35,355782,0.6875,-0.1605,-528.35,1008.8500,-0.15
2025-06-27 10:55:00,1007.3,1008.45,1007.1,1007.55,396330,0.7443,-0.1605,-563.74,1008.8500,-0.13
2025-06-27 11:00:00,1007.65,1007.8,1006.3,1007.05,326172,0.7117,-0.1605,-543.43,1008.8500,-0.18
2025-06-27 11:05:00,1007.05,1007.5,1006.9,1007.25,116136,0.6677,-0.1605,-516.01,1008.8500,-0.16
2025-06-27 11:10:00,1007.3,1007.5,1006.5,1007.45,111080,0.6175,-0.1605,-484.74,1008.8500,-0.14
2025-06-27 11:15:00,1007.45,1007.7,1006.5,1006.85,113050,0.5135,-0.1605,-419.94,1008.8500,-0.20
2025-06-27 11:20:00,1006.5,1007.65,1006.5,1007.65,330226,0.4694,-0.1605,-392.46,1008.8500,-0.12
2025-06-27 11:25:00,1007.65,1007.8,1006.95,1007.7,137610,0.4162,-0.1605,-359.31,1008.8500,-0.11
2025-06-27 11:30:00,1007.75,1008.35,1006.9,1007.35,100918,0.3337,-0.1605,-307.91,1008.8500,-0.15
2025-06-27 11:35:00,1007.35,1007.85,1007.15,1007.75,51256,0.2842,-0.1605,-277.07,1008.8500,-0.11
2025-06-27 11:40:00,1007.8,1008,1007.65,1008,62966,0.2478,-0.1605,-254.39,1008.8500,-0.08
2025-06-27 11:45:00,1008,1008,1006.7,1006.9,150536,0.1347,-0.1605,-183.93,1008.8500,-0.19
2025-06-27 11:50:00,1006.9,1007,1006.3,1006.75,124758,0.0399,-0.1605,-124.86,1008.8500,-0.21
2025-06-27 11:55:00,1006.8,1007.25,1006.55,1006.8,110358,-0.0259,-0.1605,-83.86,1008.8500,-0.20
2025-06-27 12:00:00,1006.75,1007,1006.65,1007,79738,-0.0603,-0.1605,-62.43,1008.8500,-0.18
2025-06-27 12:05:00,1006.95,1007.6,1006.8,1006.95,117846,-0.0892,-0.1605,-44.42,1008.8500,-0.19
2025-06-27 12:10:00,1006.95,1007.65,1006.85,1007.6,117272,-0.0682,-0.1605,-57.51,1008.8500,-0.12
2025-06-27 12:15:00,1007.65,1008,1007.4,1008,94426,-0.0327,-0.1605,-79.63,1008.8500,-0.08
2025-06-27 12:20:00,1008,1008.15,1007.9,1008.05,109662,-0.0124,-0.1605,-92.27,1008.8500,-0.08
2025-06-27 12:25:00,1008.05,1008.05,1006.7,1007.6,145706,-0.0345,-0.1605,-78.50,1008.8500,-0.12
2025-06-27 12:30:00,1007.6,1007.75,1006.95,1007.3,146424,-0.0724,-0.1605,-54.89,1008.8500,-0.15
2025-06-27 12:35:00,1007.35,1007.9,1007.2,1007.9,82944,-0.0606,-0.1605,-62.24,1008.8500,-0.09
2025-06-27 12:40:00,1007.9,1008.25,1007.75,1007.95,84006,-0.0532,-0.1605,-66.85,1008.8500,-0.09
2025-06-27 12:45:00,1007.9,1008.05,1007.45,1007.9,120424,-0.0552,-0.1605,-65.61,1008.8500,-0.09
2025-06-27 12:50:00,1007.9,1008.9,1007.8,1008.6,126384,-0.0151,-0.1605,-90.59,1008.8500,-0.02
2025-06-27 12:55:00,1008.6,1008.6,1008.05,1008.05,112896,-0.0303,-0.1605,-81.12,1008.8500,-0.08
2025-06-27 13:00:00,1008.05,1008.4,1007.75,1007.85,109506,-0.0571,-0.1605,-64.42,1008.8500,-0.10
2025-06-27 13:05:00,1007.85,1008,1007.7,1007.95,76914,-0.0704,-0.1605,-56.14,1008.8500,-0.09
2025-06-27 13:10:00,1007.95,1008,1007.55,1007.85,110034,-0.0872,-0.1605,-45.67,1008.8500,-0.10
2025-06-27 13:15:00,1007.85,1008,1007.65,1007.85,72620,-0.0987,-0.1605,-38.50,1008.8500,-0.10
2025-06-27 13:20:00,1007.85,1008,1007.5,1007.75,106260,-0.1124,-0.1605,-29.97,1008.8500,-0.11
2025-06-27 13:25:00,1007.75,1008.5,1007.75,1008.45,118546,-0.0755,-0.1605,-52.96,1008.8500,-0.04
2025-06-27 13:30:00,1008.45,1008.85,1008.2,1008.45,85896,-0.0533,-0.1605,-66.79,1008.8500,-0.04
2025-06-27 13:35:00,1008.45,1009.25,1008.4,1009.25,120000,0.0097,-0.1605,-106.04,1008.8500,0.04
2025-06-27 13:40:00,1009.25,1009.9,1009.2,1009.4,190372,0.0534,-0.1605,-133.27,1008.8500,0.05
2025-06-27 13:45:00,1009.4,1009.5,1007.8,1007.95,212102,-0.0194,-0.1605,-87.91,1008.8500,-0.09
2025-06-27 13:50:00,1007.95,1008.25,1007.5,1008.1,151154,-0.0593,-0.1605,-63.05,1008.8500,-0.07
2025-06-27 13:55:00,1008.1,1008.8,1008,1008.75,115058,-0.0445,-0.1605,-72.27,1008.8500,-0.01
2025-06-27 14:00:00,1008.75,1008.85,1007.5,1007.7,150158,-0.1045,-0.1605,-34.89,1008.8500,-0.11
2025-06-27 14:05:00,1007.7,1007.8,1006.6,1007.1,183016,-0.1793,-0.1605,11.71,1008.8500,-0.17
2025-06-27 14:10:00,1007.05,1007.15,1006.1,1006.45,139440,-0.2623,-0.1605,63.43,1008.8500,-0.24
2025-06-27 14:15:00,1006.45,1006.5,1005.1,1005.35,191456,-0.3741,-0.1605,133.08,1008.8500,-0.35
2025-06-27 14:20:00,1005.15,1005.65,1004.4,1005,176054,-0.4495,-0.1605,180.06,1008.8500,-0.38
2025-06-27 14:25:00,1005.1,1005.6,1004.5,1004.9,164436,-0.4811,-0.1605,199.75,1008.8500,-0.39
2025-06-27 14:30:00,1005,1006.3,1004.7,1006.05,205224,-0.4027,-0.1605,150.90,1008.8500,-0.28
2025-06-27 14:35:00,1006.1,1006.8,1005.65,1006.35,248754,-0.3128,-0.1605,94.89,1008.8500,-0.25
2025-06-27 14:40:00,1006.35,1007.65,1006,1007.35,367978,-0.1750,-0.1605,9.03,1008.8500,-0.15
2025-06-27 14:45:00,1007.4,1007.4,1006.15,1006.5,281368,-0.1321,-0.1605,-17.69,1008.8500,-0.23
2025-06-27 14:50:00,1006.55,1006.55,1005.75,1006.05,252194,-0.1251,-0.1605,-22.06,1008.8500,-0.28
2025-06-27 14:55:00,1006.1,1006.75,1005.75,1006.45,317708,-0.0864,-0.1605,-46.17,1008.8500,-0.24
2025-06-27 15:00:00,1006.5,1008.65,1005.75,1007.75,2682030,0.0277,-0.1605,-117.26,1008.8500,-0.11
2025-06-27 15:05:00,1007.8,1008.25,1006.85,1006.95,2277732,0.0491,-0.1605,-130.59,1008.8500,-0.19
2025-06-27 15:10:00,1007.1,1007.7,1006.55,1007.3,2235280,0.0845,-0.1605,-152.65,1008.8500,-0.15
2025-06-27 15:15:00,1007.3,1008.25,1006.4,1007.95,2342152,0.1457,-0.1605,-190.78,1008.8500,-0.09
2025-06-27 15:20:00,1007.95,1008.2,1005.95,1006.3,2054966,0.0729,-0.1605,-145.42,1008.8500,-0.25
2025-06-27 15:25:00,1006.25,1007.45,1005.6,1005.75,1290448,-0.0102,-0.1605,-93.64,1008.8500,-0.31
2025-06-30 09:15:00,1005.95,1006.9,1002.6,1003.3,523936,-0.2165,-0.0102,2022.55,1005.7500,-0.24
2025-06-30 09:20:00,1003.3,1003.5,1002,1002.15,311338,-0.4058,-0.0102,3878.43,1005.7500,-0.36
2025-06-30 09:25:00,1002.15,1003,1001.75,1002,213212,-0.5098,-0.0102,4898.04,1005.7500,-0.37
2025-06-30 09:30:00,1002,1002.1,1000.55,1001.1,248890,-0.6015,-0.0102,5797.06,1005.7500,-0.46
2025-06-30 09:35:00,1001.2,1002.85,1000.55,1002,189256,-0.5646,-0.0102,5435.29,1005.7500,-0.37
2025-06-30 09:40:00,1002,1003,1001.15,1001.4,141514,-0.5433,-0.0102,5226.47,1005.7500,-0.43
2025-06-30 09:45:00,1001.55,1001.75,1000,1000.6,218414,-0.5445,-0.0102,5238.24,1005.7500,-0.51
2025-06-30 09:50:00,1000.7,1001.2,1000.05,1000.5,115210,-0.5138,-0.0102,4937.25,1005.7500,-0.52
2025-06-30 09:55:00,1000.5,1001.15,1000.1,1001,146724,-0.4253,-0.0102,4069.61,1005.7500,-0.47
2025-06-30 10:00:00,1001,1001.7,999.75,1001.3,305870,-0.3170,-0.0102,3007.84,1005.7500,-0.44
2025-06-30 10:05:00,1001.1,1001.7,1000.55,1001.45,141558,-0.2108,-0.0102,1966.67,1005.7500,-0.43
2025-06-30 10:10:00,1001.35,1002.5,1001,1001.5,163250,-0.1173,-0.0102,1050.00,1005.7500,-0.42
2025-06-30 10:15:00,1001.45,1001.8,1000.75,1001.75,125276,-0.0238,-0.0102,133.33,1005.7500,-0.40
2025-06-30 10:20:00,1001.55,1001.8,999.6,999.9,104564,-0.0690,-0.0102,576.47,1005.7500,-0.58
2025-06-30 10:25:00,999.85,999.9,999.2,999.75,187602,-0.0902,-0.0102,784.31,1005.7500,-0.60
2025-06-30 10:30:00,999.75,999.8,999.3,999.65,64756,-0.0919,-0.0102,800.98,1005.7500,-0.61
2025-06-30 10:35:00,999.65,1000.5,999.4,1000,103222,-0.0523,-0.0102,412.75,1005.7500,-0.57
2025-06-30 10:40:00,1000,1000.5,999.05,999.5,123744,-0.0430,-0.0102,321.57,1005.7500,-0.62
2025-06-30 10:45:00,999.5,999.6,998.5,998.95,84456,-0.0563,-0.0102,451.96,1005.7500,-0.68
2025-06-30 10:50:00,998.9,999.45,998.3,999.4,67180,-0.0191,-0.0102,87.25,1005.7500,-0.63
2025-06-30 10:55:00,999.35,1000,999.35,999.95,67636,0.0542,-0.0102,-631.37,1005.7500,-0.58
2025-06-30 11:00:00,999.8,1000,999.5,999.85,44266,0.1047,-0.0102,-1126.47,1005.7500,-0.59
2025-06-30 11:05:00,999.85,999.9,999.5,999.6,60184,0.1285,-0.0102,-1359.80,1005.7500,-0.61
2025-06-30 11:10:00,999.6,1000,999.5,999.5,48368,0.1435,-0.0102,-1506.86,1005.7500,-0.62
2025-06-30 11:15:00,999.55,999.65,998.7,999.05,76386,0.1296,-0.0102,-1370.59,1005.7500,-0.67
2025-06-30 11:20:00,999.05,999.5,999.05,999.45,46872,0.1522,-0.0102,-1592.16,1005.7500,-0.63
2025-06-30 11:25:00,999.45,999.9,998.8,999,71544,0.1420,-0.0102,-1492.16,1005.7500,-0.67
2025-06-30 11:30:00,998.95,999,998.05,998.6,129970,0.1145,-0.0102,-1222.55,1005.7500,-0.71
2025-06-30 11:35:00,998.6,999.1,997.75,998.3,132570,0.0839,-0.0102,-922.55,1005.7500,-0.74
2025-06-30 11:40:00,998.5,998.75,998.25,998.6,62612,0.0909,-0.0102,-991.18,1005.7500,-0.71
2025-06-30 11:45:00,998.6,1000.5,998.55,1000.4,139536,0.2167,-0.0102,-2224.51,1005.7500,-0.53
2025-06-30 11:50:00,1000.2,1001,1000.2,1000.45,136568,0.2982,-0.0102,-3023.53,1005.7500,-0.53
2025-06-30 11:55:00,1000.4,1000.9,1000.15,1000.3,61944,0.3342,-0.0102,-3376.47,1005.7500,-0.54
2025-06-30 12:00:00,1000.3,1000.7,1000,1000.3,89610,0.3486,-0.0102,-3517.65,1005.7500,-0.54
2025-06-30 12:05:00,1000.3,1000.95,1000,1000.9,65832,0.3862,-0.0102,-3886.27,1005.7500,-0.48
2025-06-30 12:10:00,1000.9,1002,1000.9,1002,156916,0.4674,-0.0102,-4682.35,1005.7500,-0.37
2025-06-30 12:15:00,1001.95,1002.35,1001.25,1002.15,142300,0.5099,-0.0102,-5099.02,1005.7500,-0.36
2025-06-30 12:20:00,1002.05,1002.35,1001.5,1001.8,106678,0.4930,-0.0102,-4933.33,1005.7500,-0.39
2025-06-30 12:25:00,1001.6,1001.9,1000.65,1000.75,84816,0.3939,-0.0102,-3961.76,1005.7500,-0.50
2025-06-30 12:30:00,1000.8,1001.35,1000.55,1001.3,67788,0.3496,-0.0102,-3527.45,1005.7500,-0.44
2025-06-30 12:35:00,1001.25,1001.35,1000.15,1000.35,55630,0.2456,-0.0102,-2507.84,1005.7500,-0.54
2025-06-30 12:40:00,1000.25,1000.85,1000,1000.75,62638,0.1951,-0.0102,-2012.75,1005.7500,-0.50
2025-06-30 12:45:00,1000.5,1001,1000,1000.55,81488,0.1421,-0.0102,-1493.14,1005.7500,-0.52
2025-06-30 12:50:00,1000.55,1000.9,1000.05,1000.1,49958,0.0740,-0.0102,-825.49,1005.7500,-0.56
2025-06-30 12:55:00,1000.1,1000.4,1000,1000.1,87388,0.0286,-0.0102,-380.39,1005.7500,-0.56
2025-06-30 13:00:00,1000.1,1000.55,999.3,1000.25,190026,0.0093,-0.0102,-191.18,1005.7500,-0.55
2025-06-30 13:05:00,1000.25,1000.4,1000,1000.25,61822,-0.0023,-0.0102,-77.45,1005.7500,-0.55
2025-06-30 13:10:00,1000.2,1000.25,1000,1000.15,64788,-0.0147,-0.0102,44.12,1005.7500,-0.56
2025-06-30 13:15:00,1000.15,1000.35,999.25,1000.2,123050,-0.0175,-0.0102,71.57,1005.7500,-0.55
2025-06-30 13:20:00,1000.1,1000.5,1000,1000.3,77112,-0.0107,-0.0102,4.90,1005.7500,-0.54
2025-06-30 13:25:00,1000.3,1000.55,1000.05,1000.35,64644,-0.0016,-0.0102,-84.31,1005.7500,-0.54
2025-06-30 13:30:00,1000.2,1000.4,1000,1000.2,66736,-0.0043,-0.0102,-57.84,1005.7500,-0.55
2025-06-30 13:35:00,1000.2,1000.25,1000,1000.05,107410,-0.0141,-0.0102,38.24,1005.7500,-0.57
2025-06-30 13:40:00,1000.05,1000.1,999.85,1000.05,98314,-0.0183,-0.0102,79.41,1005.7500,-0.57
2025-06-30 13:45:00,1000,1000.15,999.05,999.3,88884,-0.0666,-0.0102,552.94,1005.7500,-0.64
2025-06-30 13:50:00,999.1,999.4,998.55,999,123066,-0.1111,-0.0102,989.22,1005.7500,-0.67
2025-06-30 13:55:00,998.95,999.15,998.4,999.1,93828,-0.1252,-0.0102,1127.45,1005.7500,-0.66
2025-06-30 14:00:00,999,999.25,998.05,998.5,118088,-0.1638,-0.0102,1505.88,1005.7500,-0.72
2025-06-30 14:05:00,998.45,998.75,998.15,998.7,79762,-0.1643,-0.0102,1510.78,1005.7500,-0.70
2025-06-30 14:10:00,998.7,999.25,998.5,998.85,92806,-0.1438,-0.0102,1309.80,1005.7500,-0.69
2025-06-30 14:15:00,998.7,998.85,998.25,998.65,95978,-0.1332,-0.0102,1205.88,1005.7500,-0.71
2025-06-30 14:20:00,998.7,999,998.45,999,142508,-0.0939,-0.0102,820.59,1005.7500,-0.67
2025-06-30 14:25:00,998.95,999.15,998.3,998.9,85036,-0.0672,-0.0102,558.82,1005.7500,-0.68
2025-06-30 14:30:00,998.9,998.95,998.3,998.35,89192,-0.0783,-0.0102,667.65,1005.7500,-0.74
2025-06-30 14:35:00,998.35,998.65,997.9,998.35,149984,-0.0774,-0.0102,658.82,1005.7500,-0.74
2025-06-30 14:40:00,998.35,998.6,997.8,998.55,135064,-0.0559,-0.0102,448.04,1005.7500,-0.72
2025-06-30 14:45:00,998.5,999.5,998,999.15,278250,0.0029,-0.0102,-128.43,1005.7500,-0.66
2025-06-30 14:50:00,999.2,999.7,998.8,999.25,432314,0.0502,-0.0102,-592.16,1005.7500,-0.65
2025-06-30 14:55:00,999.2,1000,998.75,999.35,413942,0.0876,-0.0102,-958.82,1005.7500,-0.64
2025-06-30 15:00:00,999.35,1000.75,999.1,1000.65,1054152,0.1933,-0.0102,-1995.10,1005.7500,-0.51
2025-06-30 15:05:00,1000.65,1001.3,1000.65,1001.2,722094,0.2878,-0.0102,-2921.57,1005.7500,-0.45
2025-06-30 15:10:00,1001.2,1001.5,1001.15,1001.5,702182,0.3539,-0.0102,-3569.61,1005.7500,-0.42
2025-06-30 15:15:00,1001.5,1001.5,1000.05,1000.95,796282,0.3436,-0.0102,-3468.63,1005.7500,-0.48
2025-06-30 15:20:00,1000.9,1001.4,1000.9,1001.25,707636,0.3395,-0.0102,-3428.43,1005.7500,-0.45
2025-06-30 15:25:00,1001.25,1001.3,998.5,1000,463620,0.2397,-0.0102,-2450.00,1005.7500,-0.57
2025-07-01 09:15:00,1002.75,1005.7,1002,1005.5,449770,0.5154,0.2397,115.02,1000.0000,0.55
2025-07-01 09:20:00,1005.6,1007,1003.55,1003.8,348186,0.5514,0.2397,130.04,1000.0000,0.38
2025-07-01 09:25:00,1003.8,1004.75,1003.5,1004.55,167162,0.5903,0.2397,146.27,1000.0000,0.45
2025-07-01 09:30:00,1004.6,1004.75,1003.65,1004.25,132674,0.5606,0.2397,133.88,1000.0000,0.43
2025-07-01 09:35:00,1004.3,1004.45,1003.75,1004,113928,0.4915,0.2397,105.05,1000.0000,0.40
2025-07-01 09:40:00,1004.1,1004.45,1003.55,1003.6,77752,0.3905,0.2397,62.91,1000.0000,0.36
2025-07-01 09:45:00,1003.65,1005,1003.45,1004.8,194216,0.3761,0.2397,56.90,1000.0000,0.48
2025-07-01 09:50:00,1004.9,1005,1003.05,1003.25,282784,0.2403,0.2397,0.25,1000.0000,0.33
2025-07-01 09:55:00,1003.15,1003.25,1002.35,1003,179048,0.1181,0.2397,-50.73,1000.0000,0.30
2025-07-01 10:00:00,1002.95,1003.95,1002.5,1003.35,182560,0.0487,0.2397,-79.68,1000.0000,0.34
2025-07-01 10:05:00,1003.1,1003.5,1002.2,1002.3,93554,-0.0734,0.2397,-130.62,1000.0000,0.23
2025-07-01 10:10:00,1002.25,1003.2,1002.1,1002.5,121664,-0.1422,0.2397,-159.32,1000.0000,0.25
2025-07-01 10:15:00,1002.45,1004,1002.45,1002.95,141920,-0.1576,0.2397,-165.75,1000.0000,0.30
2025-07-01 10:20:00,1002.95,1003.1,1002.1,1002.5,160662,-0.1959,0.2397,-181.73,1000.0000,0.25
2025-07-01 10:25:00,1002.5,1003.6,1002.25,1003.4,116768,-0.1599,0.2397,-166.71,1000.0000,0.34
2025-07-01 10:30:00,1003.4,1004,1002.85,1003.55,82824,-0.1268,0.2397,-152.90,1000.0000,0.35
2025-07-01 10:35:00,1003.55,1003.75,1002.75,1003,44986,-0.1415,0.2397,-159.03,1000.0000,0.30
2025-07-01 10:40:00,1003,1004,1002.95,1003.95,66226,-0.0894,0.2397,-137.30,1000.0000,0.40
2025-07-01 10:45:00,1003.95,1004.5,1003.95,1004.2,91552,-0.0427,0.2397,-117.81,1000.0000,0.42
2025-07-01 10:50:00,1004.2,1005,1004.15,1005,162374,0.0334,0.2397,-86.07,1000.0000,0.50
2025-07-01 10:55:00,1005,1005,1003.9,1004.15,275140,0.0186,0.2397,-92.24,1000.0000,0.41
2025-07-01 11:00:00,1004.15,1004.95,1003.25,1004.85,144890,0.0465,0.2397,-80.60,1000.0000,0.49
2025-07-01 11:05:00,1004.8,1005,1003.25,1003.65,246092,-0.0217,0.2397,-109.05,1000.0000,0.36
2025-07-01 11:10:00,1003.7,1003.95,1003,1003.05,45814,-0.1082,0.2397,-145.14,1000.0000,0.30
2025-07-01 11:15:00,1003.1,1003.95,1003.1,1003.9,95818,-0.1089,0.2397,-145.43,1000.0000,0.39
2025-07-01 11:20:00,1003.9,1004,1003.8,1003.85,32518,-0.1130,0.2397,-147.14,1000.0000,0.39
2025-07-01 11:25:00,1003.9,1004,1003.5,1003.95,44358,-0.1090,0.2397,-145.47,1000.0000,0.40
2025-07-01 11:30:00,1004,1005,1003.85,1004.35,196604,-0.0810,0.2397,-133.79,1000.0000,0.44
2025-07-01 11:35:00,1004.45,1005,1004.35,1004.95,198480,-0.0263,0.2397,-110.97,1000.0000,0.50
2025-07-01 11:40:00,1004.8,1005.5,1004.2,1004.75,239716,-0.0087,0.2397,-103.63,1000.0000,0.47
2025-07-01 11:45:00,1004.6,1005,1004.3,1004.85,105202,0.0037,0.2397,-98.46,1000.0000,0.49
2025-07-01 11:50:00,1004.95,1005,1004.45,1004.65,124920,-0.0068,0.2397,-102.84,1000.0000,0.46
2025-07-01 11:55:00,1004.7,1005,1004,1004.9,62308,-0.0024,0.2397,-101.00,1000.0000,0.49
2025-07-01 12:00:00,1004.9,1006,1004.9,1005.95,144742,0.0622,0.2397,-74.05,1000.0000,0.60
2025-07-01 12:05:00,1005.95,1007,1005.55,1005.55,100226,0.0683,0.2397,-71.51,1000.0000,0.55
2025-07-01 12:10:00,1005.55,1005.95,1004.7,1005.7,120354,0.0726,0.2397,-69.71,1000.0000,0.57
2025-07-01 12:15:00,1005.85,1006.2,1005.45,1005.55,64764,0.0561,0.2397,-76.60,1000.0000,0.55
2025-07-01 12:20:00,1005.55,1006.4,1005.55,1005.6,99068,0.0400,0.2397,-83.31,1000.0000,0.56
2025-07-01 12:25:00,1005.6,1006.3,1005.1,1005.4,111540,0.0091,0.2397,-96.20,1000.0000,0.54
2025-07-01 12:30:00,1005.4,1005.5,1004.05,1004.1,213348,-0.0998,0.2397,-141.64,1000.0000,0.41
2025-07-01 12:35:00,1004.1,1004.75,1003.75,1004.1,97248,-0.1686,0.2397,-170.34,1000.0000,0.41
2025-07-01 12:40:00,1004.15,1004.15,1003.8,1003.9,116120,-0.2211,0.2397,-192.24,1000.0000,0.39
2025-07-01 12:45:00,1003.95,1005.6,1003.8,1005.6,250088,-0.1388,0.2397,-157.91,1000.0000,0.56
2025-07-01 12:50:00,1005.6,1006.5,1005.3,1005.35,209716,-0.1006,0.2397,-141.97,1000.0000,0.54
2025-07-01 12:55:00,1005.45,1005.85,1004.6,1004.8,113234,-0.1108,0.2397,-146.22,1000.0000,0.48
2025-07-01 13:00:00,1004.75,1005.45,1004.65,1005.15,98482,-0.0932,0.2397,-138.88,1000.0000,0.51
2025-07-01 13:05:00,1005.1,1005.3,1004.55,1004.55,87620,-0.1195,0.2397,-149.85,1000.0000,0.45
2025-07-01 13:10:00,1004.55,1005.25,1004.25,1004.4,90048,-0.1429,0.2397,-159.62,1000.0000,0.44
2025-07-01 13:15:00,1004.4,1004.9,1004.15,1004.25,124072,-0.1630,0.2397,-168.00,1000.0000,0.43
2025-07-01 13:20:00,1004.25,1004.3,1004,1004.1,75972,-0.1795,0.2397,-174.89,1000.0000,0.41
2025-07-01 13:25:00,1004.1,1004.25,1003.95,1004,102680,-0.1894,0.2397,-179.02,1000.0000,0.40
2025-07-01 13:30:00,1004,1004.15,1003.95,1004,112024,-0.1878,0.2397,-178.35,1000.0000,0.40
2025-07-01 13:35:00,1004,1004.9,1004,1004.65,103968,-0.1371,0.2397,-157.20,1000.0000,0.46
2025-07-01 13:40:00,1004.7,1004.95,1004.1,1004.3,99386,-0.1219,0.2397,-150.86,1000.0000,0.43
2025-07-01 13:45:00,1004.05,1004.65,1003.75,1004.1,116628,-0.1198,0.2397,-149.98,1000.0000,0.41
2025-07-01 13:50:00,1004.1,1004.7,1003.95,1004.45,110408,-0.0907,0.2397,-137.84,1000.0000,0.45
2025-07-01 13:55:00,1004.45,1005.5,1003.75,1005.4,384862,-0.0077,0.2397,-103.21,1000.0000,0.54
2025-07-01 14:00:00,1005.4,1006,1005,1005.95,164084,0.0793,0.2397,-66.92,1000.0000,0.60
2025-07-01 14:05:00,1005.95,1006.5,1005,1005,223890,0.0682,0.2397,-71.55,1000.0000,0.50
2025-07-01 14:10:00,1005,1007,1005,1007,170202,0.1844,0.2397,-23.07,1000.0000,0.70
2025-07-01 14:15:00,1006.9,1007.25,1006.25,1006.85,235406,0.2367,0.2397,-1.25,1000.0000,0.69
2025-07-01 14:20:00,1006.8,1007.5,1006.8,1007.05,252806,0.2679,0.2397,11.76,1000.0000,0.70
2025-07-01 14:25:00,1007.05,1007.4,1006.95,1007,134392,0.2677,0.2397,11.68,1000.0000,0.70
2025-07-01 14:30:00,1007,1007.05,1006.55,1006.55,163210,0.2218,0.2397,-7.47,1000.0000,0.65
2025-07-01 14:35:00,1006.5,1008,1005.8,1007.25,555990,0.2224,0.2397,-7.22,1000.0000,0.73
2025-07-01 14:40:00,1007.25,1007.4,1007,1007,151100,0.1911,0.2397,-20.28,1000.0000,0.70
2025-07-01 14:45:00,1007.05,1007.3,1007,1007,103986,0.1568,0.2397,-34.58,1000.0000,0.70
2025-07-01 14:50:00,1007,1007.1,1004.85,1006,241446,0.0585,0.2397,-75.59,1000.0000,0.60
2025-07-01 14:55:00,1006.05,1006.75,1005.3,1006,294062,-0.0113,0.2397,-104.71,1000.0000,0.60
2025-07-01 15:00:00,1005.95,1006.25,1005.2,1005.8,501834,-0.0723,0.2397,-130.16,1000.0000,0.58
2025-07-01 15:05:00,1005.8,1007,1005.3,1006.35,740754,-0.0764,0.2397,-131.87,1000.0000,0.64
2025-07-01 15:10:00,1006.4,1006.9,1004.55,1005.95,524718,-0.1052,0.2397,-143.89,1000.0000,0.60
2025-07-01 15:15:00,1005.9,1006.3,1004.95,1005.9,390292,-0.1254,0.2397,-152.32,1000.0000,0.59
2025-07-01 15:20:00,1005.9,1006.75,1004.6,1005.7,553230,-0.1484,0.2397,-161.91,1000.0000,0.57
2025-07-01 15:25:00,1005.7,1007,1005.55,1005.55,350416,-0.1684,0.2397,-170.25,1000.0000,0.55
2025-07-02 09:15:00,1008.5,1008.7,1000.15,1000.6,740236,-0.4914,-0.1684,191.81,1005.5500,-0.49
2025-07-02 09:20:00,1000.8,1001.25,998.8,1000.75,415988,-0.6609,-0.1684,292.46,1005.5500,-0.48
2025-07-02 09:25:00,1000.65,1000.75,999.1,1000,167548,-0.7811,-0.1684,363.84,1005.5500,-0.55
2025-07-02 09:30:00,999.95,1000.85,999.15,999.7,132936,-0.8337,-0.1684,395.07,1005.5500,-0.58
2025-07-02 09:35:00,999.7,1000.9,999.65,1000,104394,-0.8010,-0.1684,375.65,1005.5500,-0.55
2025-07-02 09:40:00,1000.05,1000.4,999,999,111084,-0.7976,-0.1684,373.63,1005.5500,-0.65
2025-07-02 09:45:00,999.2,1000,998.4,999.6,140084,-0.7088,-0.1684,320.90,1005.5500,-0.59
2025-07-02 09:50:00,999.6,1001.4,999.6,1000.9,148798,-0.5249,-0.1684,211.70,1005.5500,-0.46
2025-07-02 09:55:00,1000.85,1002.5,1000.85,1002.25,144336,-0.2867,-0.1684,70.25,1005.5500,-0.33
2025-07-02 10:00:00,1002.25,1002.5,1000.05,1000.05,127738,-0.2527,-0.1684,50.06,1005.5500,-0.55
2025-07-02 10:05:00,1000.05,1000.5,999.05,1000.5,143326,-0.1789,-0.1684,6.24,1005.5500,-0.50
2025-07-02 10:10:00,1000.1,1000.95,999.8,1000,107826,-0.1442,-0.1684,-14.37,1005.5500,-0.55
2025-07-02 10:15:00,1000,1000.7,996.9,997.45,438788,-0.2664,-0.1684,58.19,1005.5500,-0.81
2025-07-02 10:20:00,997.45,999.4,997.45,999,117518,-0.2181,-0.1684,29.51,1005.5500,-0.65
2025-07-02 10:25:00,999,999.9,999,999.35,83014,-0.1417,-0.1684,-15.86,1005.5500,-0.62
2025-07-02 10:30:00,999.35,999.7,998.8,999.5,94508,-0.0641,-0.1684,-61.94,1005.5500,-0.60
2025-07-02 10:35:00,999.5,999.9,998.65,998.65,61028,-0.0535,-0.1684,-68.23,1005.5500,-0.69
2025-07-02 10:40:00,998.65,999,997.95,998.35,56786,-0.0502,-0.1684,-70.19,1005.5500,-0.72
2025-07-02 10:45:00,998.3,998.45,997.6,998.25,57542,-0.0387,-0.1684,-77.02,1005.5500,-0.73
2025-07-02 10:50:00,998.25,998.55,997.55,997.85,114064,-0.0419,-0.1684,-75.12,1005.5500,-0.77
2025-07-02 10:55:00,997.85,998.9,997.85,998.25,109912,-0.0028,-0.1684,-98.34,1005.5500,-0.73
2025-07-02 11:00:00,998.2,998.35,997.4,998,220506,0.0191,-0.1684,-111.34,1005.5500,-0.75
2025-07-02 11:05:00,997.9,998.25,996.75,997.1,130464,-0.0123,-0.1684,-92.70,1005.5500,-0.84
2025-07-02 11:10:00,997.05,997.5,996.65,997.3,142360,-0.0053,-0.1684,-96.85,1005.5500,-0.82
2025-07-02 11:15:00,997.05,997.5,996.1,996.9,250932,-0.0129,-0.1684,-92.34,1005.5500,-0.86
2025-07-02 11:20:00,996.85,997.45,996.2,997.05,214932,0.0059,-0.1684,-103.50,1005.5500,-0.85
2025-07-02 11:25:00,996.8,997.5,996.55,997.3,222768,0.0467,-0.1684,-127.73,1005.5500,-0.82
2025-07-02 11:30:00,997.2,997.45,996.05,996.35,287206,0.0224,-0.1684,-113.30,1005.5500,-0.91
2025-07-02 11:35:00,996.35,996.5,995.55,995.7,137428,-0.0224,-0.1684,-86.70,1005.5500,-0.98
2025-07-02 11:40:00,995.7,997,995.6,996.9,81016,0.0405,-0.1684,-124.05,1005.5500,-0.86
2025-07-02 11:45:00,996.9,996.95,995.75,996.45,125622,0.0622,-0.1684,-136.94,1005.5500,-0.90
2025-07-02 11:50:00,996.05,996.5,995.5,996.05,219308,0.0600,-0.1684,-135.63,1005.5500,-0.94
2025-07-02 11:55:00,996.1,996.5,995.75,996.1,93456,0.0715,-0.1684,-142.46,1005.5500,-0.94
2025-07-02 12:00:00,996.2,996.5,996,996.5,96214,0.1131,-0.1684,-167.16,1005.5500,-0.90
2025-07-02 12:05:00,996.45,996.5,996.15,996.5,93064,0.1457,-0.1684,-186.52,1005.5500,-0.90
2025-07-02 12:10:00,996.4,996.55,996.15,996.5,110420,0.1706,-0.1684,-201.31,1005.5500,-0.90
2025-07-02 12:15:00,996.35,996.5,995.5,996.15,143894,0.1666,-0.1684,-198.93,1005.5500,-0.93
2025-07-02 12:20:00,996,996.55,995.95,996.45,106610,0.1858,-0.1684,-210.33,1005.5500,-0.90
2025-07-02 12:25:00,996.4,997.8,996.25,997,369484,0.2341,-0.1684,-239.01,1005.5500,-0.85
2025-07-02 12:30:00,997.05,997.75,996.1,996.4,202046,0.2241,-0.1684,-233.08,1005.5500,-0.91
2025-07-02 12:35:00,996.45,996.5,996,996.05,81830,0.1936,-0.1684,-214.96,1005.5500,-0.94
2025-07-02 12:40:00,996.05,996.9,996,996.45,95098,0.1993,-0.1684,-218.35,1005.5500,-0.90
2025-07-02 12:45:00,996.5,996.8,995.25,995.55,206624,0.1439,-0.1684,-185.45,1005.5500,-0.99
2025-07-02 12:50:00,995.45,995.6,994.05,995.4,341586,0.1007,-0.1684,-159.80,1005.5500,-1.01
2025-07-02 12:55:00,995.3,995.4,994,994.25,115804,0.0034,-0.1684,-102.02,1005.5500,-1.12
2025-07-02 13:00:00,994.05,995.5,994,995.1,277238,0.0048,-0.1684,-102.85,1005.5500,-1.04
2025-07-02 13:05:00,995.15,995.5,994.9,995.15,147324,0.0170,-0.1684,-110.10,1005.5500,-1.03
2025-07-02 13:10:00,995.15,995.35,994.55,994.7,105676,0.0034,-0.1684,-102.02,1005.5500,-1.08
2025-07-02 13:15:00,994.65,995.35,993.75,993.8,118010,-0.0545,-0.1684,-67.64,1005.5500,-1.17
2025-07-02 13:20:00,993.9,994.2,993.25,993.6,258524,-0.0922,-0.1684,-45.25,1005.5500,-1.19
2025-07-02 13:25:00,993.75,994,992.65,992.9,228526,-0.1470,-0.1684,-12.71,1005.5500,-1.26
2025-07-02 13:30:00,992.9,993.2,992,992.1,314622,-0.2157,-0.1684,28.09,1005.5500,-1.34
2025-07-02 13:35:00,992.15,992.8,992.1,992.5,180532,-0.2125,-0.1684,26.19,1005.5500,-1.30
2025-07-02 13:40:00,992.4,992.65,990.8,991.55,545266,-0.2499,-0.1684,48.40,1005.5500,-1.39
2025-07-02 13:45:00,991.6,992.9,991.5,992.3,305796,-0.2019,-0.1684,19.89,1005.5500,-1.32
2025-07-02 13:50:00,992.25,993.05,991.5,991.6,213610,-0.1949,-0.1684,15.74,1005.5500,-1.39
2025-07-02 13:55:00,991.6,991.65,991,991.5,266056,-0.1753,-0.1684,4.10,1005.5500,-1.40
2025-07-02 14:00:00,991.35,991.7,990.45,990.55,241656,-0.2025,-0.1684,20.25,1005.5500,-1.49
2025-07-02 14:05:00,990.6,991.25,990.5,990.7,266076,-0.1871,-0.1684,11.10,1005.5500,-1.48
2025-07-02 14:10:00,990.75,991.45,990.4,990.4,327992,-0.1741,-0.1684,3.38,1005.5500,-1.51
2025-07-02 14:15:00,990.4,991.15,990.3,990.55,204868,-0.1341,-0.1684,-20.37,1005.5500,-1.49
2025-07-02 14:20:00,990.55,991,990,990.65,275424,-0.0822,-0.1684,-51.19,1005.5500,-1.48
2025-07-02 14:25:00,990.7,990.7,990,990.15,196324,-0.0636,-0.1684,-62.23,1005.5500,-1.53
2025-07-02 14:30:00,990.15,990.75,990.05,990.25,227772,-0.0285,-0.1684,-83.08,1005.5500,-1.52
2025-07-02 14:35:00,990.25,990.75,989.5,989.95,409652,-0.0103,-0.1684,-93.88,1005.5500,-1.55
2025-07-02 14:40:00,989.9,990.45,988.95,989.55,539038,-0.0100,-0.1684,-94.06,1005.5500,-1.59
2025-07-02 14:45:00,989.6,990.95,989.5,990.4,361396,0.0588,-0.1684,-134.92,1005.5500,-1.51
2025-07-02 14:50:00,990.4,990.65,989.75,990.35,373558,0.1094,-0.1684,-164.96,1005.5500,-1.51
2025-07-02 14:55:00,990.4,991.6,990.25,991.1,364056,0.1967,-0.1684,-216.81,1005.5500,-1.44
2025-07-02 15:00:00,991.15,992.65,991.1,992.3,823022,0.3308,-0.1684,-296.44,1005.5500,-1.32
2025-07-02 15:05:00,992.25,994.7,992.05,994.45,838408,0.5470,-0.1684,-424.82,1005.5500,-1.10
2025-07-02 15:10:00,994.45,994.45,993.25,993.35,715652,0.5946,-0.1684,-453.09,1005.5500,-1.21
2025-07-02 15:15:00,993.35,993.5,992.25,992.45,546090,0.5456,-0.1684,-423.99,1005.5500,-1.30
2025-07-02 15:20:00,992.45,993.45,992,992.2,585056,0.4787,-0.1684,-384.26,1005.5500,-1.33
2025-07-02 15:25:00,992.25,993.35,992,992.75,343400,0.4542,-0.1684,-369.71,1005.5500,-1.27
2025-07-03 09:15:00,997.3,997.3,993.75,995.3,551842,0.5841,0.4542,28.60,992.7500,0.26
2025-07-03 09:20:00,995.35,996.7,994.2,994.55,404362,0.5920,0.4542,30.34,992.7500,0.18
2025-07-03 09:25:00,994.55,995.25,993.8,994.3,111648,0.5536,0.4542,21.88,992.7500,0.16
2025-07-03 09:30:00,994.3,995.85,994.3,994.9,101574,0.5412,0.4542,19.15,992.7500,0.22
2025-07-03 09:35:00,994.9,996.8,994.65,995.3,103418,0.5317,0.4542,17.06,992.7500,0.26
2025-07-03 09:40:00,995.35,996.8,994.95,996.25,80038,0.5584,0.4542,22.94,992.7500,0.35
2025-07-03 09:45:00,996.15,998,996.05,997.3,167118,0.6116,0.4542,34.65,992.7500,0.46
2025-07-03 09:50:00,997,998.85,996.8,997.7,315766,0.6356,0.4542,39.94,992.7500,0.50
2025-07-03 09:55:00,997.75,999.5,997.5,999.3,139354,0.7153,0.4542,57.49,992.7500,0.66
2025-07-03 10:00:00,999.4,1000.25,999,999.65,206354,0.7443,0.4542,63.87,992.7500,0.70
2025-07-03 10:05:00,999.65,999.75,998.4,999.15,230536,0.6840,0.4542,50.59,992.7500,0.64
2025-07-03 10:10:00,999.25,1000.5,998.1,998.85,198134,0.5821,0.4542,28.16,992.7500,0.61
2025-07-03 10:15:00,998.85,1000.2,998.75,999.55,96058,0.5221,0.4542,14.95,992.7500,0.68
2025-07-03 10:20:00,999.55,1001.05,999.4,1000.8,245156,0.5252,0.4542,15.63,992.7500,0.81
2025-07-03 10:25:00,1000.85,1001.7,1000.1,1000.55,150866,0.4709,0.4542,3.68,992.7500,0.79
2025-07-03 10:30:00,1000.55,1001.7,1000.5,1001.65,90866,0.4686,0.4542,3.17,992.7500,0.90
2025-07-03 10:35:00,1001.5,1002,1001,1001.5,68190,0.4180,0.4542,-7.97,992.7500,0.88
2025-07-03 10:40:00,1001.7,1001.85,1001.15,1001.15,69900,0.3262,0.4542,-28.18,992.7500,0.85
2025-07-03 10:45:00,1001.15,1001.5,1000.65,1001.35,89046,0.2477,0.4542,-45.46,992.7500,0.87
2025-07-03 10:50:00,1001.35,1001.75,1000.5,1001,151384,0.1460,0.4542,-67.86,992.7500,0.83
2025-07-03 10:55:00,1001,1001.3,1001,1001.05,41018,0.0603,0.4542,-86.72,992.7500,0.84
2025-07-03 11:00:00,1001.15,1001.65,1001.05,1001.45,78102,0.0112,0.4542,-97.53,992.7500,0.88
2025-07-03 11:05:00,1001.4,1004,1001.4,1003.55,252742,0.0963,0.4542,-78.80,992.7500,1.09
2025-07-03 11:10:00,1003.4,1004,1002.5,1003,114246,0.0915,0.4542,-79.85,992.7500,1.03
2025-07-03 11:15:00,1003.1,1003.6,1002.35,1002.95,294676,0.0624,0.4542,-86.26,992.7500,1.03
2025-07-03 11:20:00,1003,1003.8,1002.8,1003.7,65630,0.0705,0.4542,-84.48,992.7500,1.10
2025-07-03 11:25:00,1003.55,1003.95,1002.1,1002.55,117654,-0.0199,0.4542,-104.38,992.7500,0.99
2025-07-03 11:30:00,1002.2,1003.5,1002.15,1002.95,128274,-0.0683,0.4542,-115.04,992.7500,1.03
2025-07-03 11:35:00,1002.65,1003.15,1001.3,1002.35,199806,-0.1516,0.4542,-133.38,992.7500,0.97
2025-07-03 11:40:00,1001.95,1002.45,1000.1,1000.15,256520,-0.3542,0.4542,-177.98,992.7500,0.75
2025-07-03 11:45:00,1000.5,1000.5,999.1,1000.35,172336,-0.4668,0.4542,-202.77,992.7500,0.77
2025-07-03 11:50:00,1000.05,1000.95,998.9,998.9,98252,-0.6215,0.4542,-236.83,992.7500,0.62
2025-07-03 11:55:00,999.1,999.8,998.65,999.6,98712,-0.6558,0.4542,-244.39,992.7500,0.69
2025-07-03 12:00:00,999.8,999.95,998.75,999.05,79056,-0.6911,0.4542,-252.16,992.7500,0.63
2025-07-03 12:05:00,999.05,999.15,999.05,999.15,51924,-0.6821,0.4542,-250.18,992.7500,0.64
2025-07-03 12:10:00,999.1,999.5,999.1,999.25,66824,-0.6443,0.4542,-241.85,992.7500,0.65
2025-07-03 12:15:00,999.25,999.5,998.85,999.2,54154,-0.5985,0.4542,-231.77,992.7500,0.65
2025-07-03 12:20:00,999.2,1000,999.2,999.85,55160,-0.5040,0.4542,-210.96,992.7500,0.72
2025-07-03 12:25:00,999.85,1000,999.05,1000,120130,-0.4148,0.4542,-191.33,992.7500,0.73
2025-07-03 12:30:00,1000,1000,999.55,999.95,40896,-0.3454,0.4542,-176.05,992.7500,0.73
2025-07-03 12:35:00,999.65,1000,999.6,999.9,47772,-0.2912,0.4542,-164.11,992.7500,0.72
2025-07-03 12:40:00,999.9,1001.6,999.9,1000.65,197954,-0.1976,0.4542,-143.51,992.7500,0.80
2025-07-03 12:45:00,1000.65,1001.85,1000.35,1001.35,53272,-0.0871,0.4542,-119.18,992.7500,0.87
2025-07-03 12:50:00,1001.25,1001.45,1000.7,1001.2,36110,-0.0258,0.4542,-105.68,992.7500,0.85
2025-07-03 12:55:00,1001.2,1001.45,1000.75,1001,30298,-0.0016,0.4542,-100.35,992.7500,0.83
2025-07-03 13:00:00,1001,1001.05,999.5,1000,61408,-0.0531,0.4542,-111.69,992.7500,0.73
2025-07-03 13:05:00,999.9,1000.45,999.6,999.85,46464,-0.0948,0.4542,-120.87,992.7500,0.72
2025-07-03 13:10:00,999.9,1000.1,999.1,999.75,46638,-0.1250,0.4542,-127.52,992.7500,0.71
2025-07-03 13:15:00,999.7,999.95,998.5,999.15,121476,-0.1778,0.4542,-139.15,992.7500,0.64
2025-07-03 13:20:00,999.05,999.25,998.25,998.9,49164,-0.2194,0.4542,-148.30,992.7500,0.62
2025-07-03 13:25:00,998.75,999,998.5,998.65,52220,-0.2513,0.4542,-155.33,992.7500,0.59
2025-07-03 13:30:00,998.6,999.95,998.5,999.35,44088,-0.2142,0.4542,-147.16,992.7500,0.66
2025-07-03 13:35:00,999.2,1002.15,999.05,1001.65,211282,-0.0332,0.4542,-107.31,992.7500,0.90
2025-07-03 13:40:00,1001.45,1002.5,1000.6,1001.25,204040,0.0563,0.4542,-87.60,992.7500,0.86
2025-07-03 13:45:00,1001.25,1001.5,999,999.05,72428,-0.0314,0.4542,-106.91,992.7500,0.63
2025-07-03 13:50:00,999.1,999.1,997.7,998.7,73646,-0.1072,0.4542,-123.60,992.7500,0.60
2025-07-03 13:55:00,998.7,999,996.95,998,89512,-0.1938,0.4542,-142.67,992.7500,0.53
2025-07-03 14:00:00,998,998.6,997.55,998.6,62602,-0.1992,0.4542,-143.86,992.7500,0.59
2025-07-03 14:05:00,998.55,998.75,997.8,998.3,38058,-0.2104,0.4542,-146.32,992.7500,0.56
2025-07-03 14:10:00,998.35,998.8,997.35,997.45,45860,-0.2593,0.4542,-157.09,992.7500,0.47
2025-07-03 14:15:00,997.45,997.5,996.7,996.95,146834,-0.3063,0.4542,-167.44,992.7500,0.42
2025-07-03 14:20:00,996.7,998.1,995.85,996.8,463008,-0.3266,0.4542,-171.91,992.7500,0.41
2025-07-03 14:25:00,997,997.85,995.5,997,187454,-0.3061,0.4542,-167.39,992.7500,0.43
2025-07-03 14:30:00,997,997.05,994.75,995.2,240754,-0.3879,0.4542,-185.40,992.7500,0.25
2025-07-03 14:35:00,995.25,995.4,993.45,994.75,203616,-0.4426,0.4542,-197.45,992.7500,0.20
2025-07-03 14:40:00,994.7,995.5,994,994.45,203294,-0.4669,0.4542,-202.80,992.7500,0.17
2025-07-03 14:45:00,994.5,995.95,993.05,993.15,394984,-0.5335,0.4542,-217.46,992.7500,0.04
2025-07-03 14:50:00,993.2,994.95,993.1,994.2,210156,-0.4720,0.4542,-203.92,992.7500,0.15
2025-07-03 14:55:00,994.2,995,993.15,994.1,718896,-0.4058,0.4542,-189.34,992.7500,0.14
2025-07-03 15:00:00,994.15,994.95,992.4,992.55,1456920,-0.4317,0.4542,-195.05,992.7500,-0.02
2025-07-03 15:05:00,992.75,994.35,992.15,993.8,1160816,-0.3342,0.4542,-173.58,992.7500,0.11
2025-07-03 15:10:00,993.6,995,992.6,993.1,1187300,-0.2883,0.4542,-163.47,992.7500,0.04
2025-07-03 15:15:00,993.1,994.95,993,994.9,773998,-0.1168,0.4542,-125.72,992.7500,0.22
2025-07-03 15:20:00,994.9,994.95,992.75,994.25,794472,-0.0318,0.4542,-107.00,992.7500,0.15
2025-07-03 15:25:00,994.25,994.25,992.55,992.95,474088,-0.0468,0.4542,-110.30,992.7500,0.02
2025-07-04 09:15:00,993.6,1001.75,993.6,998.8,783870,0.3327,-0.0468,-810.90,992.9500,0.59
2025-07-04 09:20:00,998.7,999.55,997.75,998.5,116410,0.5464,-0.0468,-1267.52,992.9500,0.56
2025-07-04 09:25:00,998.55,999.1,998,998,76764,0.6308,-0.0468,-1447.86,992.9500,0.51
2025-07-04 09:30:00,998.1,998.3,994.85,994.85,483876,0.4594,-0.0468,-1081.62,992.9500,0.19
2025-07-04 09:35:00,994.85,994.95,991.75,991.95,421286,0.1514,-0.0468,-423.50,992.9500,-0.10
2025-07-04 09:40:00,991.75,994,991.5,993.5,275394,0.0576,-0.0468,-223.08,992.9500,0.06
2025-07-04 09:45:00,993.25,993.55,992.25,992.7,139788,-0.0471,-0.0468,0.64,992.9500,-0.03
2025-07-04 09:50:00,992.6,994.3,992.6,994,44028,-0.0191,-0.0468,-59.19,992.9500,0.11
2025-07-04 09:55:00,993.95,994.95,993.55,994.9,44056,0.0653,-0.0468,-239.53,992.9500,0.20
2025-07-04 10:00:00,994.95,995.6,994.2,994.7,47708,0.1101,-0.0468,-335.26,992.9500,0.18
2025-07-04 10:05:00,994.65,995.45,994.5,995.45,26938,0.1882,-0.0468,-502.14,992.9500,0.25
2025-07-04 10:10:00,995.45,995.8,994.5,994.85,42238,0.1964,-0.0468,-519.66,992.9500,0.19
2025-07-04 10:15:00,994.85,995.35,993.5,994.5,59470,0.1760,-0.0468,-476.07,992.9500,0.16
2025-07-04 10:20:00,994.5,995.35,994.45,995.35,17056,0.2148,-0.0468,-558.97,992.9500,0.24
2025-07-04 10:25:00,995.2,995.45,994.75,994.85,19654,0.2022,-0.0468,-532.05,992.9500,0.19
2025-07-04 10:30:00,994.85,995.9,994.85,995.75,53718,0.2467,-0.0468,-627.14,992.9500,0.28
2025-07-04 10:35:00,995.55,996.25,995.55,995.95,24610,0.2796,-0.0468,-697.44,992.9500,0.30
2025-07-04 10:40:00,995.85,996.05,995.5,995.6,15476,0.2677,-0.0468,-672.01,992.9500,0.27
2025-07-04 10:45:00,995.7,996.05,994.55,994.85,51872,0.2022,-0.0468,-532.05,992.9500,0.19
2025-07-04 10:50:00,994.95,995.65,994.7,995.35,11188,0.1858,-0.0468,-497.01,992.9500,0.24
2025-07-04 10:55:00,995.3,995.85,995.25,995.3,14548,0.1656,-0.0468,-453.85,992.9500,0.24
2025-07-04 11:00:00,995.35,995.5,995.15,995.4,24680,0.1533,-0.0468,-427.56,992.9500,0.25
2025-07-04 11:05:00,995.5,995.5,994.5,994.65,24642,0.0919,-0.0468,-296.37,992.9500,0.17
2025-07-04 11:10:00,994.55,994.85,993.8,994.85,19194,0.0634,-0.0468,-235.47,992.9500,0.19
2025-07-04 11:15:00,994.85,995,994.05,994.6,22806,0.0282,-0.0468,-160.26,992.9500,0.17
2025-07-04 11:20:00,994.35,994.7,993.2,993.5,31208,-0.0638,-0.0468,36.32,992.9500,0.06
2025-07-04 11:25:00,993.35,993.55,993.1,993.5,45676,-0.1160,-0.0468,147.86,992.9500,0.06
2025-07-04 11:30:00,993.45,993.5,993.25,993.25,30110,-0.1564,-0.0468,234.19,992.9500,0.03
2025-07-04 11:35:00,993.25,993.5,992.75,993,29432,-0.1869,-0.0468,299.36,992.9500,0.01
2025-07-04 11:40:00,993,993,992.5,992.95,35824,-0.1964,-0.0468,319.66,992.9500,0.00
2025-07-04 11:45:00,992.95,993,992.35,992.95,51292,-0.1886,-0.0468,302.99,992.9500,0.00
2025-07-04 11:50:00,992.5,992.85,991.5,991.6,88766,-0.2560,-0.0468,447.01,992.9500,-0.14
2025-07-04 11:55:00,991.55,991.75,990.5,990.5,95584,-0.3506,-0.0468,649.15,992.9500,-0.25
2025-07-04 12:00:00,990.55,991.3,990.25,990.4,91950,-0.3926,-0.0468,738.89,992.9500,-0.26
2025-07-04 12:05:00,990.3,991.6,990.05,990.9,161602,-0.3602,-0.0468,669.66,992.9500,-0.21
2025-07-04 12:10:00,990.9,991,990,990.25,46852,-0.3555,-0.0468,659.62,992.9500,-0.27
2025-07-04 12:15:00,990.2,991.25,990.1,991.05,33432,-0.2751,-0.0468,487.82,992.9500,-0.19
2025-07-04 12:20:00,991.05,991.85,990,990.9,306440,-0.2114,-0.0468,351.71,992.9500,-0.21
2025-07-04 12:25:00,990.9,991.15,990,990.4,141108,-0.1834,-0.0468,291.88,992.9500,-0.26
2025-07-04 12:30:00,990.3,991.25,990.3,990.7,54606,-0.1277,-0.0468,172.86,992.9500,-0.23
2025-07-04 12:35:00,990.65,991,990.55,990.8,27146,-0.0701,-0.0468,49.79,992.9500,-0.22
2025-07-04 12:40:00,990.8,991,990.75,990.95,28418,-0.0110,-0.0468,-76.50,992.9500,-0.20
2025-07-04 12:45:00,990.95,991.95,990.9,991.25,85384,0.0556,-0.0468,-218.80,992.9500,-0.17
2025-07-04 12:50:00,991.25,991.65,991.05,991.1,28472,0.0946,-0.0468,-302.14,992.9500,-0.19
2025-07-04 12:55:00,991.1,991.1,990.8,990.85,39600,0.1076,-0.0468,-329.91,992.9500,-0.21
2025-07-04 13:00:00,990.8,991.1,990.75,991,42490,0.1289,-0.0468,-375.43,992.9500,-0.20
2025-07-04 13:05:00,991,991.4,990.9,990.95,42714,0.1412,-0.0468,-401.71,992.9500,-0.20
2025-07-04 13:10:00,990.9,991.55,990.9,991.45,48358,0.1820,-0.0468,-488.89,992.9500,-0.15
2025-07-04 13:15:00,991.2,991.75,991.2,991.6,62694,0.2159,-0.0468,-561.32,992.9500,-0.14
2025-07-04 13:20:00,991.6,992.3,991.25,992.15,107638,0.2686,-0.0468,-673.93,992.9500,-0.08
2025-07-04 13:25:00,992.15,992.6,991.75,992.05,78798,0.2882,-0.0468,-715.81,992.9500,-0.09
2025-07-04 13:30:00,992.05,993,991.65,992.85,118308,0.3429,-0.0468,-832.69,992.9500,-0.01
2025-07-04 13:35:00,992.85,993.45,992.5,992.5,43064,0.3426,-0.0468,-832.05,992.9500,-0.05
2025-07-04 13:40:00,992.5,992.85,992.5,992.6,27522,0.3356,-0.0468,-817.09,992.9500,-0.04
2025-07-04 13:45:00,992.5,992.7,991.85,992.35,43730,0.3018,-0.0468,-744.87,992.9500,-0.06
2025-07-04 13:50:00,992.35,993.2,992.3,992.7,36196,0.2906,-0.0468,-720.94,992.9500,-0.03
2025-07-04 13:55:00,992.6,993.5,992.5,993.2,35836,0.3030,-0.0468,-747.44,992.9500,0.03
2025-07-04 14:00:00,993.2,993.75,992.45,992.6,48668,0.2587,-0.0468,-652.78,992.9500,-0.04
2025-07-04 14:05:00,992.55,993.85,992.5,993.05,47574,0.2475,-0.0468,-628.85,992.9500,0.01
2025-07-04 14:10:00,993.1,994.05,992.85,993.65,69848,0.2667,-0.0468,-669.87,992.9500,0.07
2025-07-04 14:15:00,993.65,993.95,992.8,993,47730,0.2236,-0.0468,-577.78,992.9500,0.01
2025-07-04 14:20:00,993.05,993.4,990.95,992,208512,0.1209,-0.0468,-358.33,992.9500,-0.10
2025-07-04 14:25:00,992.2,992.45,991.1,991.7,201084,0.0305,-0.0468,-165.17,992.9500,-0.13
2025-07-04 14:30:00,991.8,992.65,991.2,992.1,207882,-0.0027,-0.0468,-94.23,992.9500,-0.09
2025-07-04 14:35:00,992,994,991.8,993.4,192492,0.0590,-0.0468,-226.07,992.9500,0.05
2025-07-04 14:40:00,993.4,994.95,993.4,994.9,121174,0.1896,-0.0468,-505.13,992.9500,0.20
2025-07-04 14:45:00,994.9,995.25,993.7,994.25,102102,0.2190,-0.0468,-567.95,992.9500,0.13
2025-07-04 14:50:00,994.25,994.45,993.7,993.8,47498,0.1956,-0.0468,-517.95,992.9500,0.09
2025-07-04 14:55:00,993.9,994.55,993.75,994.4,51826,0.2069,-0.0468,-542.09,992.9500,0.15
2025-07-04 15:00:00,994.4,994.75,993.7,994.5,170496,0.2070,-0.0468,-542.31,992.9500,0.16
2025-07-04 15:05:00,994.5,994.75,993.55,993.8,180430,0.1485,-0.0468,-417.31,992.9500,0.09
2025-07-04 15:10:00,993.8,994.35,993.25,994.1,186960,0.1199,-0.0468,-356.20,992.9500,0.12
2025-07-04 15:15:00,994.1,994.5,993.8,994.45,238216,0.1144,-0.0468,-344.44,992.9500,0.15
2025-07-04 15:20:00,994.45,995.45,994.15,995.25,272254,0.1522,-0.0468,-425.21,992.9500,0.23
2025-07-04 15:25:00,995.25,997,995,996.35,266742,0.2338,-0.0468,-599.57,992.9500,0.34
2025-07-07 09:15:00,994.5,998,993.5,997.45,341138,0.3382,0.2338,44.65,996.3500,0.11
2025-07-07 09:20:00,997.05,999.2,996,997.7,173754,0.3963,0.2338,69.50,996.3500,0.14
2025-07-07 09:25:00,998,998.55,997.2,998.4,128018,0.4502,0.2338,92.56,996.3500,0.21
2025-07-07 09:30:00,998.05,998.4,996.55,996.8,575830,0.3509,0.2338,50.09,996.3500,0.05
2025-07-07 09:35:00,996.8,997.95,996.7,997.4,30484,0.3002,0.2338,28.40,996.3500,0.11
2025-07-07 09:40:00,997.5,997.5,997,997.15,29242,0.2279,0.2338,-2.52,996.3500,0.08
2025-07-07 09:45:00,997.2,997.25,996.25,996.5,60906,0.1196,0.2338,-48.85,996.3500,0.02
2025-07-07 09:50:00,996.35,996.4,995.25,996.05,62024,0.0071,0.2338,-96.96,996.3500,-0.03
2025-07-07 09:55:00,996,996.4,995.25,995.5,41044,-0.1087,0.2338,-146.49,996.3500,-0.09
2025-07-07 10:00:00,995.65,995.8,994.05,994.05,84386,-0.2776,0.2338,-218.73,996.3500,-0.23
2025-07-07 10:05:00,994,994,992.3,993.2,249272,-0.4320,0.2338,-284.77,996.3500,-0.32
2025-07-07 10:10:00,993.5,994.4,993,994.1,45662,-0.4566,0.2338,-295.30,996.3500,-0.23
2025-07-07 10:15:00,994.1,995.85,993,993,578192,-0.5251,0.2338,-324.59,996.3500,-0.34
2025-07-07 10:20:00,993.35,994.4,992.8,992.85,81106,-0.5557,0.2338,-337.68,996.3500,-0.35
2025-07-07 10:25:00,992.85,993.2,992.05,992.6,57446,-0.5661,0.2338,-342.13,996.3500,-0.38
2025-07-07 10:30:00,992.65,993.15,992.1,992.8,37422,-0.5332,0.2338,-328.06,996.3500,-0.36
2025-07-07 10:35:00,992.8,992.9,992.3,992.35,98420,-0.5153,0.2338,-320.40,996.3500,-0.40
2025-07-07 10:40:00,992.4,994,992.25,993.8,226764,-0.3852,0.2338,-264.76,996.3500,-0.26
2025-07-07 10:45:00,994,994.5,993.35,993.35,177950,-0.3120,0.2338,-233.45,996.3500,-0.30
2025-07-07 10:50:00,993.7,995.3,993.4,994.95,73328,-0.1467,0.2338,-162.75,996.3500,-0.14
2025-07-07 10:55:00,994.95,997.25,994.6,996.7,255572,0.0775,0.2338,-66.85,996.3500,0.04
2025-07-07 11:00:00,996.7,997.45,996,996.5,76866,0.2022,0.2338,-13.52,996.3500,0.02
2025-07-07 11:05:00,996.5,996.65,996,996.5,25112,0.2704,0.2338,15.65,996.3500,0.02
2025-07-07 11:10:00,996.5,996.5,994.8,995.5,212974,0.2351,0.2338,0.56,996.3500,-0.09
2025-07-07 11:15:00,995.5,995.9,995.15,995.15,30674,0.1778,0.2338,-23.95,996.3500,-0.12
2025-07-07 11:20:00,995.25,995.35,994.7,995,126082,0.1220,0.2338,-47.82,996.3500,-0.14
2025-07-07 11:25:00,994.9,995,994.5,994.8,51402,0.0666,0.2338,-71.51,996.3500,-0.16
2025-07-07 11:30:00,994.8,994.95,994.5,994.95,24516,0.0366,0.2338,-84.35,996.3500,-0.14
2025-07-07 11:35:00,994.55,995,994.5,994.95,67438,0.0144,0.2338,-93.84,996.3500,-0.14
2025-07-07 11:40:00,994.85,995,994.6,994.95,34868,-0.0018,0.2338,-100.77,996.3500,-0.14
2025-07-07 11:45:00,995,995,993.45,993.45,90586,-0.1091,0.2338,-146.66,996.3500,-0.29
2025-07-07 11:50:00,993.5,994.25,993.45,993.5,42218,-0.1687,0.2338,-172.16,996.3500,-0.29
2025-07-07 11:55:00,993.5,993.95,992.5,992.95,138438,-0.2332,0.2338,-199.74,996.3500,-0.34
2025-07-07 12:00:00,993,993.5,992.3,992.4,126646,-0.2968,0.2338,-226.95,996.3500,-0.40
2025-07-07 12:05:00,992.5,993.4,992.25,992.4,114600,-0.3208,0.2338,-237.21,996.3500,-0.40
2025-07-07 12:10:00,992.5,992.5,992,992.45,55832,-0.3147,0.2338,-234.60,996.3500,-0.39
2025-07-07 12:15:00,992.45,993.5,991.9,993.4,85720,-0.2320,0.2338,-199.23,996.3500,-0.30
2025-07-07 12:20:00,993.4,994.2,992.85,994.05,149652,-0.1243,0.2338,-153.17,996.3500,-0.23
2025-07-07 12:25:00,994.15,994.65,993.9,994.65,46510,-0.0093,0.2338,-103.98,996.3500,-0.17
2025-07-07 12:30:00,994.7,994.9,994.35,994.9,33664,0.0818,0.2338,-65.01,996.3500,-0.15
2025-07-07 12:35:00,994.7,995,994.25,994.65,59596,0.1211,0.2338,-48.20,996.3500,-0.17
2025-07-07 12:40:00,994.5,995.45,994.1,995.2,255852,0.1766,0.2338,-24.47,996.3500,-0.12
2025-07-07 12:45:00,995.4,995.5,995,995.5,22846,0.2231,0.2338,-4.58,996.3500,-0.09
2025-07-07 12:50:00,995.5,996,995.15,996,47106,0.2737,0.2338,17.07,996.3500,-0.04
2025-07-07 12:55:00,995.95,996.3,992.7,993.6,390044,0.1385,0.2338,-40.76,996.3500,-0.28
2025-07-07 13:00:00,993.6,994.85,992.9,994.55,40948,0.1074,0.2338,-54.06,996.3500,-0.18
2025-07-07 13:05:00,994.75,995.65,994.55,995.65,113782,0.1526,0.2338,-34.73,996.3500,-0.07
2025-07-07 13:10:00,995.65,997.5,995.4,996,330432,0.1949,0.2338,-16.64,996.3500,-0.04
2025-07-07 13:15:00,995.75,996.45,995.75,996.3,92370,0.2297,0.2338,-1.75,996.3500,-0.01
2025-07-07 13:20:00,996.35,996.35,995.95,996.15,34180,0.2286,0.2338,-2.22,996.3500,-0.02
2025-07-07 13:25:00,996.15,996.15,995.1,995.25,32324,0.1567,0.2338,-32.98,996.3500,-0.11
2025-07-07 13:30:00,995.1,995.55,994.95,995.2,53848,0.0981,0.2338,-58.04,996.3500,-0.12
2025-07-07 13:35:00,995.2,995.5,994.95,995.3,51826,0.0603,0.2338,-74.21,996.3500,-0.11
2025-07-07 13:40:00,995.3,995.9,995.25,995.65,170244,0.0532,0.2338,-77.25,996.3500,-0.07
2025-07-07 13:45:00,995.75,996.3,995.7,996.2,23696,0.0785,0.2338,-66.42,996.3500,-0.02
2025-07-07 13:50:00,996.25,996.5,994.3,995.05,242596,0.0140,0.2338,-94.01,996.3500,-0.13
2025-07-07 13:55:00,994.65,995.45,994.6,995.15,120306,-0.0235,0.2338,-110.05,996.3500,-0.12
2025-07-07 14:00:00,995.15,997.5,994.8,996.65,289690,0.0471,0.2338,-79.85,996.3500,0.03
2025-07-07 14:05:00,996.5,996.9,995.55,995.75,124004,0.0286,0.2338,-87.77,996.3500,-0.06
2025-07-07 14:10:00,995.75,995.9,995,995.2,66722,-0.0226,0.2338,-109.67,996.3500,-0.12
2025-07-07 14:15:00,995.3,995.5,994.55,995,99910,-0.0691,0.2338,-129.56,996.3500,-0.14
2025-07-07 14:20:00,994.95,995.05,994.75,994.85,112340,-0.1070,0.2338,-145.77,996.3500,-0.15
2025-07-07 14:25:00,995,995.4,994.5,994.8,114674,-0.1308,0.2338,-155.95,996.3500,-0.16
2025-07-07 14:30:00,994.8,994.95,993.25,994.45,273294,-0.1634,0.2338,-169.89,996.3500,-0.19
2025-07-07 14:35:00,994.45,994.45,993,993.4,122018,-0.2441,0.2338,-204.41,996.3500,-0.30
2025-07-07 14:40:00,993.4,993.4,992.25,992.5,165494,-0.3405,0.2338,-245.64,996.3500,-0.39
2025-07-07 14:45:00,992.5,993.3,992.45,992.9,138964,-0.3581,0.2338,-253.17,996.3500,-0.35
2025-07-07 14:50:00,992.9,993.45,992.55,992.6,315772,-0.3692,0.2338,-257.91,996.3500,-0.38
2025-07-07 14:55:00,992.85,993.85,992.55,993.35,145076,-0.3078,0.2338,-231.65,996.3500,-0.30
2025-07-07 15:00:00,993.5,994.7,993.35,993.8,403896,-0.2225,0.2338,-195.17,996.3500,-0.26
2025-07-07 15:05:00,993.75,993.95,993.1,993.8,331194,-0.1551,0.2338,-166.34,996.3500,-0.26
2025-07-07 15:10:00,993.85,993.9,993,993.55,379050,-0.1179,0.2338,-150.43,996.3500,-0.28
2025-07-07 15:15:00,993.6,994.4,993.45,993.45,448094,-0.0918,0.2338,-139.26,996.3500,-0.29
2025-07-07 15:20:00,993.65,993.85,992.8,993.25,407756,-0.0802,0.2338,-134.30,996.3500,-0.31
2025-07-07 15:25:00,993.5,993.95,992.6,992.75,282010,-0.0972,0.2338,-141.57,996.3500,-0.36
2025-07-08 09:15:00,988.7,993.7,988.7,993.4,708902,-0.0577,-0.0972,-40.64,992.7500,0.07
2025-07-08 09:20:00,993.45,993.85,992.45,993.5,180586,-0.0198,-0.0972,-79.63,992.7500,0.08
2025-07-08 09:25:00,993.5,995,992.5,993.4,221632,0.0024,-0.0972,-102.47,992.7500,0.07
2025-07-08 09:30:00,993.1,993.5,992.2,992.75,95436,-0.0215,-0.0972,-77.88,992.7500,0.00
2025-07-08 09:35:00,992.8,994.45,992.75,992.95,117532,-0.0187,-0.0972,-80.76,992.7500,0.02
2025-07-08 09:40:00,992.95,994.75,992.9,994.5,202282,0.0867,-0.0972,-189.20,992.7500,0.18
2025-07-08 09:45:00,994.35,994.55,994.05,994.1,50570,0.1265,-0.0972,-230.14,992.7500,0.14
2025-07-08 09:50:00,994.1,994.9,993.5,993.5,162774,0.1098,-0.0972,-212.96,992.7500,0.08
2025-07-08 09:55:00,993.5,993.75,992.2,992.45,99520,0.0298,-0.0972,-130.66,992.7500,-0.03
2025-07-08 10:00:00,992.45,994,992.2,993.25,83760,0.0322,-0.0972,-133.13,992.7500,0.05
2025-07-08 10:05:00,993.25,993.55,993.05,993.45,59612,0.0477,-0.0972,-149.07,992.7500,0.07
2025-07-08 10:10:00,993.5,993.9,993.35,993.75,88856,0.0770,-0.0972,-179.22,992.7500,0.10
2025-07-08 10:15:00,993.5,994.95,993.45,994.85,113818,0.1642,-0.0972,-268.93,992.7500,0.21
2025-07-08 10:20:00,994.65,994.95,994.1,994.5,52884,0.1903,-0.0972,-295.78,992.7500,0.18
2025-07-08 10:25:00,994.5,994.5,993.85,993.95,51492,0.1635,-0.0972,-268.21,992.7500,0.12
2025-07-08 10:30:00,993.95,994.8,993.95,994.4,72936,0.1683,-0.0972,-273.15,992.7500,0.17
2025-07-08 10:35:00,994.15,994.6,993.9,993.95,47006,0.1350,-0.0972,-238.89,992.7500,0.12
2025-07-08 10:40:00,993.9,994.85,993.9,994,101890,0.1110,-0.0972,-214.20,992.7500,0.13
2025-07-08 10:45:00,994,994.65,992.3,992.3,227512,-0.0177,-0.0972,-81.79,992.7500,-0.05
2025-07-08 10:50:00,992.5,993.4,992.2,993.2,277036,-0.0394,-0.0972,-59.47,992.7500,0.05
2025-07-08 10:55:00,993.1,993.85,993.1,993.7,51252,-0.0183,-0.0972,-81.17,992.7500,0.10
2025-07-08 11:00:00,993.5,994.35,993.2,993.25,109954,-0.0321,-0.0972,-66.98,992.7500,0.05
2025-07-08 11:05:00,993.2,994.35,992.8,993.8,222622,-0.0031,-0.0972,-96.81,992.7500,0.11
2025-07-08 11:10:00,994,994.65,993.5,993.65,131516,0.0065,-0.0972,-106.69,992.7500,0.09
2025-07-08 11:15:00,993.85,994.1,993.45,993.65,180790,0.0130,-0.0972,-113.37,992.7500,0.09
2025-07-08 11:20:00,993.65,994.25,993.2,993.5,108784,0.0076,-0.0972,-107.82,992.7500,0.08
2025-07-08 11:25:00,993.45,996.45,993.25,996.45,192654,0.1929,-0.0972,-298.46,992.7500,0.37
2025-07-08 11:30:00,996.45,997.45,995.95,996.05,280998,0.2737,-0.0972,-381.58,992.7500,0.33
2025-07-08 11:35:00,996.05,996.35,995.65,995.75,55888,0.2906,-0.0972,-398.97,992.7500,0.30
2025-07-08 11:40:00,995.75,996,995.15,995.2,52836,0.2499,-0.0972,-357.10,992.7500,0.25
2025-07-08 11:45:00,995.2,995.85,995.15,995.55,47690,0.2321,-0.0972,-338.79,992.7500,0.28
2025-07-08 11:50:00,995.5,995.8,994.95,995.5,117486,0.2035,-0.0972,-309.36,992.7500,0.28
2025-07-08 11:55:00,995.5,996.5,995.3,995.65,144356,0.1820,-0.0972,-287.24,992.7500,0.29
2025-07-08 12:00:00,995.7,996.4,995.65,996.35,154126,0.2007,-0.0972,-306.48,992.7500,0.36
2025-07-08 12:05:00,996.35,997,996.1,996.15,57984,0.1858,-0.0972,-291.15,992.7500,0.34
2025-07-08 12:10:00,996.2,996.5,994.5,994.6,156836,0.0640,-0.0972,-165.84,992.7500,0.19
2025-07-08 12:15:00,994.6,995.85,994.6,995.45,64022,0.0346,-0.0972,-135.60,992.7500,0.27
2025-07-08 12:20:00,995.55,996.15,995.1,995.75,95990,0.0294,-0.0972,-130.25,992.7500,0.30
2025-07-08 12:25:00,995.8,996.45,995.55,995.6,65840,0.0110,-0.0972,-111.32,992.7500,0.29
2025-07-08 12:30:00,995.55,996.45,995.55,995.8,66908,0.0075,-0.0972,-107.72,992.7500,0.31
2025-07-08 12:35:00,995.8,996,995.45,995.5,62986,-0.0184,-0.0972,-81.07,992.7500,0.28
2025-07-08 12:40:00,995.7,996,993.7,994.55,551412,-0.0983,-0.0972,1.13,992.7500,0.18
2025-07-08 12:45:00,994.75,994.9,994.25,994.7,49580,-0.1376,-0.0972,41.56,992.7500,0.20
2025-07-08 12:50:00,994.75,995,993.95,994,63130,-0.2032,-0.0972,109.05,992.7500,0.13
2025-07-08 12:55:00,993.95,994.05,993.8,993.85,63504,-0.2464,-0.0972,153.50,992.7500,0.11
2025-07-08 13:00:00,993.85,995.1,993.75,994.85,127436,-0.1992,-0.0972,104.94,992.7500,0.21
2025-07-08 13:05:00,994.9,996.3,994.4,995.25,155444,-0.1358,-0.0972,39.71,992.7500,0.25
2025-07-08 13:10:00,995.3,996.4,995.3,996,192112,-0.0428,-0.0972,-55.97,992.7500,0.33
2025-07-08 13:15:00,996.15,996.4,995.5,995.9,134190,0.0096,-0.0972,-109.88,992.7500,0.32
2025-07-08 13:20:00,995.85,996.25,995.85,996,64094,0.0467,-0.0972,-148.05,992.7500,0.33
2025-07-08 13:25:00,996,996.95,995.9,996.85,71724,0.1199,-0.0972,-223.35,992.7500,0.41
2025-07-08 13:30:00,996.7,996.85,995.65,996.65,139798,0.1447,-0.0972,-248.87,992.7500,0.39
2025-07-08 13:35:00,996.6,996.75,996.3,996.65,54264,0.1502,-0.0972,-254.53,992.7500,0.39
2025-07-08 13:40:00,996.65,997,996.3,996.4,104596,0.1271,-0.0972,-230.76,992.7500,0.37
2025-07-08 13:45:00,996.4,997,996.35,996.75,71726,0.1253,-0.0972,-228.91,992.7500,0.40
2025-07-08 13:50:00,996.75,997.45,996.7,997.45,97754,0.1589,-0.0972,-263.48,992.7500,0.47
2025-07-08 13:55:00,997.45,997.45,997.1,997.25,82106,0.1552,-0.0972,-259.67,992.7500,0.45
2025-07-08 14:00:00,997.4,997.45,997.05,997.35,74586,0.1471,-0.0972,-251.34,992.7500,0.46
2025-07-08 14:05:00,997.15,997.45,997,997.25,83578,0.1235,-0.0972,-227.06,992.7500,0.45
2025-07-08 14:10:00,997.25,997.45,995.7,996.5,172890,0.0498,-0.0972,-151.23,992.7500,0.38
2025-07-08 14:15:00,996.5,996.7,996,996.5,100944,-0.0038,-0.0972,-96.09,992.7500,0.38
2025-07-08 14:20:00,996.2,997.15,996.15,997.1,79274,-0.0037,-0.0972,-96.19,992.7500,0.44
2025-07-08 14:25:00,996.85,997.4,996.75,997,91376,-0.0146,-0.0972,-84.98,992.7500,0.43
2025-07-08 14:30:00,997.2,998.35,996.95,998,246606,0.0385,-0.0972,-139.61,992.7500,0.53
2025-07-08 14:35:00,998.1,998.5,996.65,996.95,379866,-0.0021,-0.0972,-97.84,992.7500,0.42
2025-07-08 14:40:00,996.75,996.95,995.7,996.35,69176,-0.0705,-0.0972,-27.47,992.7500,0.36
2025-07-08 14:45:00,996.35,997.1,995.6,996.25,490000,-0.1207,-0.0972,24.18,992.7500,0.35
2025-07-08 14:50:00,996,999.95,995.75,999,868486,0.0253,-0.0972,-126.03,992.7500,0.63
2025-07-08 14:55:00,999,1000.5,998.6,999.95,550340,0.1717,-0.0972,-276.65,992.7500,0.73
2025-07-08 15:00:00,999.9,1001.7,999.45,1000.65,769652,0.2943,-0.0972,-402.78,992.7500,0.80
2025-07-08 15:05:00,1000.7,1001.85,1000.35,1001,663678,0.3725,-0.0972,-483.23,992.7500,0.83
2025-07-08 15:10:00,1001,1002.5,1000,1001.35,788824,0.4181,-0.0972,-530.14,992.7500,0.87
2025-07-08 15:15:00,1001.35,1001.5,999.55,999.7,808580,0.3121,-0.0972,-421.09,992.7500,0.70
2025-07-08 15:20:00,999.75,1000,999.25,999.45,496980,0.2054,-0.0972,-311.32,992.7500,0.67
2025-07-08 15:25:00,999.45,1000.45,999.45,999.7,394786,0.1352,-0.0972,-239.09,992.7500,0.70
2025-07-09 09:15:00,1003.5,1003.5,999.7,1000.3,557596,0.1136,0.1352,-15.98,999.7000,0.06
2025-07-09 09:20:00,1000.15,1001.15,999.05,1000,172126,0.0660,0.1352,-51.18,999.7000,0.03
2025-07-09 09:25:00,1000,1000.45,999.55,1000.4,108956,0.0490,0.1352,-63.76,999.7000,0.07
2025-07-09 09:30:00,1000.4,1000.55,999.6,1000,119772,0.0010,0.1352,-99.26,999.7000,0.03
2025-07-09 09:35:00,1000,1000.55,999.85,1000.3,34778,-0.0193,0.1352,-114.28,999.7000,0.06
2025-07-09 09:40:00,1000.35,1000.35,999.5,1000,128978,-0.0595,0.1352,-144.01,999.7000,0.03
2025-07-09 09:45:00,999.75,1000.35,999.5,1000.2,1117992,-0.0778,0.1352,-157.54,999.7000,0.05
2025-07-09 09:50:00,1000.2,1001,1000,1000.1,116638,-0.1006,0.1352,-174.41,999.7000,0.04
2025-07-09 09:55:00,1000.05,1002.15,999.6,1001.8,102624,-0.0098,0.1352,-107.25,999.7000,0.21
2025-07-09 10:00:00,1001.75,1002.15,1001.5,1001.8,59948,0.0389,0.1352,-71.23,999.7000,0.21
2025-07-09 10:05:00,1001.85,1002.5,1001.8,1002.45,42314,0.1001,0.1352,-25.96,999.7000,0.28
2025-07-09 10:10:00,1002.45,1004,1002.3,1003.75,177034,0.2072,0.1352,53.25,999.7000,0.41
2025-07-09 10:15:00,1003.75,1004.5,1002.65,1003.4,126744,0.2316,0.1352,71.30,999.7000,0.37
2025-07-09 10:20:00,1003.25,1003.5,1001.8,1002.2,136790,0.1482,0.1352,9.62,999.7000,0.25
2025-07-09 10:25:00,1002.05,1003,1001.05,1001.25,824722,0.0172,0.1352,-87.28,999.7000,0.16
2025-07-09 10:30:00,1001.25,1001.5,1001.05,1001.35,59344,-0.0699,0.1352,-151.70,999.7000,0.17
2025-07-09 10:35:00,1001.3,1001.35,1000.5,1000.9,57006,-0.1597,0.1352,-218.12,999.7000,0.12
2025-07-09 10:40:00,1000.9,1002.35,1000.55,1002,55302,-0.1473,0.1352,-208.95,999.7000,0.23
2025-07-09 10:45:00,1002.05,1002.05,1001.7,1001.9,41438,-0.1477,0.1352,-209.25,999.7000,0.22
2025-07-09 10:50:00,1002,1002.5,1001.15,1001.25,111602,-0.1909,0.1352,-241.20,999.7000,0.16
2025-07-09 10:55:00,1001.25,1002.15,1001.25,1001.6,110032,-0.1943,0.1352,-243.71,999.7000,0.19
2025-07-09 11:00:00,1001.6,1002.15,1001.35,1001.65,183560,-0.1915,0.1352,-241.64,999.7000,0.20
2025-07-09 11:05:00,1001.65,1002.25,1001.45,1002.05,166162,-0.1620,0.1352,-219.82,999.7000,0.24
2025-07-09 11:10:00,1002.1,1002.45,1001.8,1002.4,96236,-0.1201,0.1352,-188.83,999.7000,0.27
2025-07-09 11:15:00,1002.45,1002.95,1001.9,1002,129174,-0.1204,0.1352,-189.05,999.7000,0.23
2025-07-09 11:20:00,1002.2,1002.4,1001.6,1001.85,28636,-0.1308,0.1352,-196.75,999.7000,0.22
2025-07-09 11:25:00,1001.9,1002.35,1001.4,1002,52638,-0.1275,0.1352,-194.30,999.7000,0.23
2025-07-09 11:30:00,1002.05,1002.5,1001.9,1002.4,174040,-0.0996,0.1352,-173.67,999.7000,0.27
2025-07-09 11:35:00,1002.3,1002.95,1002.25,1002.6,92798,-0.0703,0.1352,-152.00,999.7000,0.29
2025-07-09 11:40:00,1002.6,1003.35,1002.5,1002.95,52044,-0.0319,0.1352,-123.59,999.7000,0.33
2025-07-09 11:45:00,1002.95,1003.2,1002.5,1002.65,72604,-0.0312,0.1352,-123.08,999.7000,0.30
2025-07-09 11:50:00,1002.65,1002.75,1000.85,1001.15,177244,-0.1307,0.1352,-196.67,999.7000,0.15
2025-07-09 11:55:00,1001.1,1001.8,1000.9,1001.55,116314,-0.1662,0.1352,-222.93,999.7000,0.19
2025-07-09 12:00:00,1001.55,1002.25,1001.15,1001.95,175934,-0.1594,0.1352,-217.90,999.7000,0.23
2025-07-09 12:05:00,1001.95,1003.9,1001.95,1003.25,224322,-0.0686,0.1352,-150.74,999.7000,0.36
2025-07-09 12:10:00,1003.45,1004.25,1003.1,1003.85,101440,0.0256,0.1352,-81.07,999.7000,0.42
2025-07-09 12:15:00,1003.85,1004.35,1003.5,1003.7,53790,0.0690,0.1352,-48.96,999.7000,0.40
2025-07-09 12:20:00,1003.9,1004.25,1003.6,1003.85,64288,0.0973,0.1352,-28.03,999.7000,0.42
2025-07-09 12:25:00,1004,1004.45,1003.8,1004.4,81994,0.1399,0.1352,3.48,999.7000,0.47
2025-07-09 12:30:00,1004.4,1005.5,1004.15,1005.15,490824,0.2018,0.1352,49.26,999.7000,0.55
2025-07-09 12:35:00,1005.25,1006,1005.1,1005.85,96266,0.2688,0.1352,98.82,999.7000,0.62
2025-07-09 12:40:00,1005.55,1006.1,1005,1005.25,67256,0.2520,0.1352,86.39,999.7000,0.56
2025-07-09 12:45:00,1005.1,1005.3,1003.85,1005,249560,0.2052,0.1352,51.78,999.7000,0.53
2025-07-09 12:50:00,1005,1005.15,1004.65,1005,51382,0.1576,0.1352,16.57,999.7000,0.53
2025-07-09 12:55:00,1004.95,1005,1004.75,1005,343236,0.1117,0.1352,-17.38,999.7000,0.53
2025-07-09 13:00:00,1004.95,1005,1003.2,1003.2,176528,-0.0460,0.1352,-134.02,999.7000,0.35
2025-07-09 13:05:00,1003.3,1004.8,1003.25,1004.5,44200,-0.0675,0.1352,-149.93,999.7000,0.48
2025-07-09 13:10:00,1004.4,1005,1004.35,1005,56336,-0.0533,0.1352,-139.42,999.7000,0.53
2025-07-09 13:15:00,1005,1005.2,1004.5,1004.55,108236,-0.0781,0.1352,-157.77,999.7000,0.49
2025-07-09 13:20:00,1004.6,1006.9,1004.5,1006.5,257086,0.0273,0.1352,-79.81,999.7000,0.68
2025-07-09 13:25:00,1006.5,1006.8,1005.65,1005.75,208794,0.0364,0.1352,-73.08,999.7000,0.61
2025-07-09 13:30:00,1005.75,1006.5,1005.45,1006.3,153274,0.0676,0.1352,-50.00,999.7000,0.66
2025-07-09 13:35:00,1006.15,1006.35,1005.9,1006,155026,0.0567,0.1352,-58.06,999.7000,0.63
2025-07-09 13:40:00,1006.1,1006.5,1005.9,1005.9,222290,0.0324,0.1352,-76.04,999.7000,0.62
2025-07-09 13:45:00,1005.9,1006.3,1005.55,1005.6,109950,-0.0117,0.1352,-108.65,999.7000,0.59
2025-07-09 13:50:00,1005.5,1005.7,1004.15,1005.45,164096,-0.0563,0.1352,-141.64,999.7000,0.58
2025-07-09 13:55:00,1005.45,1005.55,1005,1005.5,33622,-0.0861,0.1352,-163.68,999.7000,0.58
2025-07-09 14:00:00,1005.25,1005.8,1004.55,1005,48890,-0.1399,0.1352,-203.48,999.7000,0.53
2025-07-09 14:05:00,1004.85,1005,1004.4,1004.7,78018,-0.1928,0.1352,-242.60,999.7000,0.50
2025-07-09 14:10:00,1004.5,1004.7,1004.15,1004.5,39684,-0.2356,0.1352,-274.26,999.7000,0.48
2025-07-09 14:15:00,1004.5,1005,1004.05,1005,61652,-0.2245,0.1352,-266.05,999.7000,0.53
2025-07-09 14:20:00,1005,1005.6,1004.75,1004.85,123996,-0.2213,0.1352,-263.68,999.7000,0.52
2025-07-09 14:25:00,1004.85,1005.05,1004,1004.05,56556,-0.2642,0.1352,-295.41,999.7000,0.44
2025-07-09 14:30:00,1004.05,1004.25,1002.6,1002.75,75230,-0.3650,0.1352,-369.97,999.7000,0.31
2025-07-09 14:35:00,1002.6,1004.45,1002.3,1004.4,218134,-0.3077,0.1352,-327.59,999.7000,0.47
2025-07-09 14:40:00,1004.25,1004.65,1003.5,1004.1,43786,-0.2781,0.1352,-305.70,999.7000,0.44
2025-07-09 14:45:00,1004.2,1004.2,1003.55,1003.8,61286,-0.2667,0.1352,-297.26,999.7000,0.41
2025-07-09 14:50:00,1003.85,1004.7,1003.1,1004,220088,-0.2349,0.1352,-273.74,999.7000,0.43
2025-07-09 14:55:00,1003.7,1004.3,1003.55,1004,48026,-0.2041,0.1352,-250.96,999.7000,0.43
2025-07-09 15:00:00,1003.8,1006,1003.75,1005.45,558514,-0.0826,0.1352,-161.09,999.7000,0.58
2025-07-09 15:05:00,1005.5,1005.5,1005.3,1005.5,549156,0.0002,0.1352,-99.85,999.7000,0.58
2025-07-09 15:10:00,1005.45,1005.5,1005.25,1005.5,475414,0.0513,0.1352,-62.06,999.7000,0.58
2025-07-09 15:15:00,1005.5,1006,1005.45,1005.65,676196,0.0892,0.1352,-34.02,999.7000,0.60
2025-07-09 15:20:00,1005.65,1006.05,1005.6,1006,630632,0.1295,0.1352,-4.22,999.7000,0.63
2025-07-09 15:25:00,1006,1006.05,1004.1,1004.25,436818,0.0348,0.1352,-74.26,999.7000,0.46
2025-07-10 09:15:00,1007.55,1008.5,1002.4,1002.4,497986,-0.1460,0.0348,-519.54,1004.2500,-0.18
2025-07-10 09:20:00,1002.4,1002.5,1001.15,1001.4,193134,-0.3166,0.0348,-1009.77,1004.2500,-0.28
2025-07-10 09:25:00,1001.2,1002.15,1000.65,1000.85,87750,-0.4426,0.0348,-1371.84,1004.2500,-0.34
2025-07-10 09:30:00,1001,1001.25,1000,1001.05,124748,-0.4851,0.0348,-1493.97,1004.2500,-0.32
2025-07-10 09:35:00,1001.05,1001.6,1000.9,1001,69762,-0.4878,0.0348,-1501.72,1004.2500,-0.32
2025-07-10 09:40:00,1001,1002.25,1000.95,1001.7,68630,-0.4165,0.0348,-1296.84,1004.2500,-0.25
2025-07-10 09:45:00,1001.7,1002.4,1001.6,1001.95,128300,-0.3304,0.0348,-1049.43,1004.2500,-0.23
2025-07-10 09:50:00,1001.9,1002,1001,1001.35,146526,-0.2929,0.0348,-941.67,1004.2500,-0.29
2025-07-10 09:55:00,1001.35,1002.5,1001.35,1002.4,107722,-0.1819,0.0348,-622.70,1004.2500,-0.18
2025-07-10 10:00:00,1002.45,1003.7,1002.4,1002.95,160978,-0.0622,0.0348,-278.74,1004.2500,-0.13
2025-07-10 10:05:00,1002.95,1003.6,1002.4,1002.6,133066,-0.0006,0.0348,-101.72,1004.2500,-0.16
2025-07-10 10:10:00,1002.6,1002.75,1001.75,1002.5,103234,0.0374,0.0348,7.47,1004.2500,-0.17
2025-07-10 10:15:00,1002.55,1002.95,1000.75,1002.45,316932,0.0616,0.0348,77.01,1004.2500,-0.18
2025-07-10 10:20:00,1002.45,1004.15,1002.2,1004.1,57628,0.1843,0.0348,429.60,1004.2500,-0.01
2025-07-10 10:25:00,1004.15,1004.4,1003.5,1003.65,78116,0.2278,0.0348,554.60,1004.2500,-0.06
2025-07-10 10:30:00,1003.6,1004.6,1003.2,1003.2,142214,0.2190,0.0348,529.31,1004.2500,-0.10
2025-07-10 10:35:00,1003.2,1003.25,1002.95,1002.95,84848,0.1900,0.0348,445.98,1004.2500,-0.13
2025-07-10 10:40:00,1003,1003.25,1002.7,1003,25344,0.1686,0.0348,384.48,1004.2500,-0.12
2025-07-10 10:45:00,1003,1004.25,1002.8,1003,168584,0.1496,0.0348,329.89,1004.2500,-0.12
2025-07-10 10:50:00,1002.95,1003.15,1002.4,1002.6,71144,0.1072,0.0348,208.05,1004.2500,-0.16
2025-07-10 10:55:00,1002.65,1002.75,1002,1002.15,143716,0.0488,0.0348,40.23,1004.2500,-0.21
2025-07-10 11:00:00,1002.15,1002.5,1001.5,1001.5,86222,-0.0293,0.0348,-184.20,1004.2500,-0.27
2025-07-10 11:05:00,1001.7,1002.95,1001.3,1002.8,287212,0.0088,0.0348,-74.71,1004.2500,-0.14
2025-07-10 11:10:00,1002.85,1005.7,1002.8,1004.95,1531210,0.1720,0.0348,394.25,1004.2500,0.07
2025-07-10 11:15:00,1004.85,1005.3,1003.2,1003.2,189926,0.1557,0.0348,347.41,1004.2500,-0.10
2025-07-10 11:20:00,1003.2,1004,1002.95,1003.5,275550,0.1583,0.0348,354.89,1004.2500,-0.07
2025-07-10 11:25:00,1003.5,1003.9,1003.4,1003.85,80788,0.1754,0.0348,404.02,1004.2500,-0.04
2025-07-10 11:30:00,1003.85,1004.5,1003.45,1003.65,167240,0.1651,0.0348,374.43,1004.2500,-0.06
2025-07-10 11:35:00,1003.65,1004.25,1003.35,1003.85,51528,0.1635,0.0348,369.83,1004.2500,-0.04
2025-07-10 11:40:00,1003.9,1004.45,1003.85,1004,85010,0.1638,0.0348,370.69,1004.2500,-0.02
2025-07-10 11:45:00,1004,1004.35,1003.45,1003.5,124052,0.1233,0.0348,254.31,1004.2500,-0.07
2025-07-10 11:50:00,1003.45,1004,1003.45,1003.9,80826,0.1167,0.0348,235.34,1004.2500,-0.03
2025-07-10 11:55:00,1003.95,1004.25,1003.15,1003.15,158290,0.0579,0.0348,66.38,1004.2500,-0.11
2025-07-10 12:00:00,1003.15,1003.55,1002.5,1003.35,478586,0.0300,0.0348,-13.79,1004.2500,-0.09
2025-07-10 12:05:00,1003.35,1003.8,1003.15,1003.65,80930,0.0293,0.0348,-15.80,1004.2500,-0.06
2025-07-10 12:10:00,1003.65,1004.6,1003.1,1003.75,112300,0.0328,0.0348,-5.75,1004.2500,-0.05
2025-07-10 12:15:00,1003.75,1004,1003.6,1003.65,29472,0.0259,0.0348,-25.57,1004.2500,-0.06
2025-07-10 12:20:00,1003.65,1004.7,1003.65,1004.5,98712,0.0734,0.0348,110.92,1004.2500,0.02
2025-07-10 12:25:00,1004.7,1005,1004.3,1004.95,60866,0.1269,0.0348,264.66,1004.2500,0.07
2025-07-10 12:30:00,1004.95,1005.65,1004.55,1005.3,111506,0.1746,0.0348,401.72,1004.2500,0.10
2025-07-10 12:35:00,1005.3,1006.5,1005.25,1005.5,268270,0.2062,0.0348,492.53,1004.2500,0.12
2025-07-10 12:40:00,1005.5,1005.7,1005.25,1005.25,114726,0.1969,0.0348,465.80,1004.2500,0.10
2025-07-10 12:45:00,1005.25,1005.8,1004.6,1005.25,263904,0.1779,0.0348,411.21,1004.2500,0.10
2025-07-10 12:50:00,1005.65,1006.25,1004.75,1004.75,138342,0.1216,0.0348,249.43,1004.2500,0.05
2025-07-10 12:55:00,1004.75,1006.55,1004.65,1006.3,233160,0.1753,0.0348,403.74,1004.2500,0.20
2025-07-10 13:00:00,1006.3,1006.35,1005.6,1005.95,63620,0.1736,0.0348,398.85,1004.2500,0.17
2025-07-10 13:05:00,1006,1006.1,1005.15,1005.25,121734,0.1144,0.0348,228.74,1004.2500,0.10
2025-07-10 13:10:00,1005.2,1006,1005.15,1005.55,34512,0.0860,0.0348,147.13,1004.2500,0.13
2025-07-10 13:15:00,1005.5,1006.65,1005.35,1006.6,164736,0.1259,0.0348,261.78,1004.2500,0.23
2025-07-10 13:20:00,1006.65,1007,1006.6,1006.9,70676,0.1584,0.0348,355.17,1004.2500,0.26
2025-07-10 13:25:00,1006.9,1007.45,1006.7,1007.25,74784,0.1874,0.0348,438.51,1004.2500,0.30
2025-07-10 13:30:00,1007.3,1007.5,1006.7,1006.75,153258,0.1581,0.0348,354.31,1004.2500,0.25
2025-07-10 13:35:00,1006.75,1006.9,1006.35,1006.5,56958,0.1093,0.0348,214.08,1004.2500,0.22
2025-07-10 13:40:00,1006.5,1006.55,1005.05,1005.05,263460,-0.0260,0.0348,-174.71,1004.2500,0.08
2025-07-10 13:45:00,1005.05,1006.5,1004.55,1006.35,81184,-0.0329,0.0348,-194.54,1004.2500,0.21
2025-07-10 13:50:00,1006.35,1006.9,1005.7,1005.85,108344,-0.0736,0.0348,-311.49,1004.2500,0.16
2025-07-10 13:55:00,1005.85,1006.45,1005.15,1006,225842,-0.0919,0.0348,-364.08,1004.2500,0.17
2025-07-10 14:00:00,1005.85,1006.6,1005.6,1006,77182,-0.1044,0.0348,-400.00,1004.2500,0.17
2025-07-10 14:05:00,1006,1008,1005.85,1006.75,593420,-0.0646,0.0348,-285.63,1004.2500,0.25
2025-07-10 14:10:00,1006.65,1007.25,1006.1,1006.5,79978,-0.0578,0.0348,-266.09,1004.2500,0.22
2025-07-10 14:15:00,1006.5,1007.15,1006.3,1006.4,77336,-0.0622,0.0348,-278.74,1004.2500,0.21
2025-07-10 14:20:00,1006.35,1006.7,1005.65,1006,115230,-0.0926,0.0348,-366.09,1004.2500,0.17
2025-07-10 14:25:00,1006,1007.5,1005.7,1007.4,279682,-0.0224,0.0348,-164.37,1004.2500,0.31
2025-07-10 14:30:00,1007.4,1007.4,1006.4,1006.65,65482,-0.0301,0.0348,-186.49,1004.2500,0.24
2025-07-10 14:35:00,1006.6,1007.3,1006.1,1006.25,385668,-0.0638,0.0348,-283.33,1004.2500,0.20
2025-07-10 14:40:00,1006.15,1007,1005.35,1005.75,279098,-0.1183,0.0348,-439.94,1004.2500,0.15
2025-07-10 14:45:00,1005.7,1005.75,1003.8,1004.75,227898,-0.2146,0.0348,-716.67,1004.2500,0.05
2025-07-10 14:50:00,1004.45,1005.75,1004.4,1005,301728,-0.2517,0.0348,-823.28,1004.2500,0.07
2025-07-10 14:55:00,1005,1005.3,1003.6,1003.6,383026,-0.3546,0.0348,-1118.97,1004.2500,-0.06
2025-07-10 15:00:00,1003.65,1004.2,1002.65,1003.85,915980,-0.3872,0.0348,-1212.64,1004.2500,-0.04
2025-07-10 15:05:00,1003.85,1004.5,1003.05,1003.6,667592,-0.4051,0.0348,-1264.08,1004.2500,-0.06
2025-07-10 15:10:00,1003.6,1003.65,1001.7,1002.6,455274,-0.4597,0.0348,-1420.98,1004.2500,-0.16
2025-07-10 15:15:00,1002.55,1004.5,1001.55,1004.35,1367304,-0.3579,0.0348,-1128.45,1004.2500,0.01
2025-07-10 15:20:00,1003.95,1004.4,1001.7,1001.8,769844,-0.4371,0.0348,-1356.03,1004.2500,-0.24
2025-07-10 15:25:00,1001.85,1001.85,1000.85,1001.4,333078,-0.4873,0.0348,-1500.29,1004.2500,-0.28
2025-07-11 09:15:00,999.5,1001.5,999,1000.9,276820,-0.5220,-0.4873,7.12,1001.4000,-0.05
2025-07-11 09:20:00,1001.05,1001.5,1000.25,1001.4,91270,-0.4801,-0.4873,-1.48,1001.4000,0.00
2025-07-11 09:25:00,1001.4,1002.4,1001.2,1001.5,72428,-0.4169,-0.4873,-14.45,1001.4000,0.01
2025-07-11 09:30:00,1001.5,1001.65,1000.5,1000.7,52730,-0.4001,-0.4873,-17.89,1001.4000,-0.07
2025-07-11 09:35:00,1000.7,1001.6,1000.45,1001.45,68318,-0.3135,-0.4873,-35.67,1001.4000,0.00
2025-07-11 09:40:00,1001.45,1001.85,1000,1000.3,62484,-0.3082,-0.4873,-36.75,1001.4000,-0.11
2025-07-11 09:45:00,1000.3,1000.5,998.65,998.95,256920,-0.3661,-0.4873,-24.87,1001.4000,-0.24
2025-07-11 09:50:00,998.75,999.8,998.35,998.5,53978,-0.4024,-0.4873,-17.42,1001.4000,-0.29
2025-07-11 09:55:00,998.5,998.65,998.05,998.5,51944,-0.3936,-0.4873,-19.23,1001.4000,-0.29
2025-07-11 10:00:00,998.5,998.5,997.5,997.95,76752,-0.3913,-0.4873,-19.70,1001.4000,-0.34
2025-07-11 10:05:00,997.85,998.45,997.5,998.05,42686,-0.3506,-0.4873,-28.05,1001.4000,-0.33
2025-07-11 10:10:00,998.05,998.05,996.95,997.2,60534,-0.3480,-0.4873,-28.59,1001.4000,-0.42
2025-07-11 10:15:00,997.2,997.95,997.2,997.5,36016,-0.2951,-0.4873,-39.44,1001.4000,-0.39
2025-07-11 10:20:00,997.4,997.85,996.75,996.95,63254,-0.2671,-0.4873,-45.19,1001.4000,-0.44
2025-07-11 10:25:00,996.95,997.35,996.95,996.95,73180,-0.2204,-0.4873,-54.77,1001.4000,-0.44
2025-07-11 10:30:00,996.95,997.2,996.1,996.95,50488,-0.1640,-0.4873,-66.35,1001.4000,-0.44
2025-07-11 10:35:00,996.9,997.2,996.5,996.75,29348,-0.1168,-0.4873,-76.03,1001.4000,-0.46
2025-07-11 10:40:00,996.75,997.15,996.25,996.65,32728,-0.0713,-0.4873,-85.37,1001.4000,-0.47
2025-07-11 10:45:00,996.5,996.6,995.55,995.75,83594,-0.0800,-0.4873,-83.58,1001.4000,-0.56
2025-07-11 10:50:00,995.8,996.55,995.75,996.15,46024,-0.0391,-0.4873,-91.98,1001.4000,-0.52
2025-07-11 10:55:00,996.15,996.25,995,995.5,57458,-0.0363,-0.4873,-92.55,1001.4000,-0.59
2025-07-11 11:00:00,995.5,995.6,994.8,995,46460,-0.0477,-0.4873,-90.21,1001.4000,-0.64
2025-07-11 11:05:00,994.85,996.25,994.8,994.85,244144,-0.0451,-0.4873,-90.74,1001.4000,-0.65
2025-07-11 11:10:00,994.85,997.35,994.7,995.4,172088,0.0110,-0.4873,-102.26,1001.4000,-0.60
2025-07-11 11:15:00,995.45,995.5,994.8,995.25,42002,0.0530,-0.4873,-110.88,1001.4000,-0.61
2025-07-11 11:20:00,995.2,995.4,994.3,994.95,49170,0.0742,-0.4873,-115.23,1001.4000,-0.64
2025-07-11 11:25:00,994.9,995,993.7,995,414616,0.1035,-0.4873,-121.24,1001.4000,-0.64
2025-07-11 11:30:00,995,996.5,995,995.75,232490,0.1807,-0.4873,-137.08,1001.4000,-0.56
2025-07-11 11:35:00,995.7,996.35,995.3,996.05,125364,0.2548,-0.4873,-152.29,1001.4000,-0.53
2025-07-11 11:40:00,996,996.25,994.4,994.8,103066,0.2235,-0.4873,-145.86,1001.4000,-0.66
2025-07-11 11:45:00,994.7,995,994.05,994.15,91566,0.1657,-0.4873,-134.00,1001.4000,-0.72
2025-07-11 11:50:00,994.15,994.45,993.8,993.9,62372,0.1193,-0.4873,-124.48,1001.4000,-0.75
2025-07-11 11:55:00,993.9,994.5,993.4,993.65,143166,0.0823,-0.4873,-116.89,1001.4000,-0.77
2025-07-11 12:00:00,993.65,993.75,992.6,992.9,182366,0.0211,-0.4873,-104.33,1001.4000,-0.85
2025-07-11 12:05:00,992.95,993.75,992.65,993,137950,0.0020,-0.4873,-100.41,1001.4000,-0.84
2025-07-11 12:10:00,992.95,993.55,992.55,993.2,67280,0.0167,-0.4873,-103.43,1001.4000,-0.82
2025-07-11 12:15:00,993.15,993.5,992.35,993,468856,0.0263,-0.4873,-105.40,1001.4000,-0.84
2025-07-11 12:20:00,993.05,993.8,992.9,993.6,69320,0.0832,-0.4873,-117.07,1001.4000,-0.78
2025-07-11 12:25:00,993.6,993.75,993.1,993.25,63592,0.1059,-0.4873,-121.73,1001.4000,-0.81
2025-07-11 12:30:00,993.25,993.75,992.8,993.5,299406,0.1440,-0.4873,-129.55,1001.4000,-0.79
2025-07-11 12:35:00,993.65,994.4,992.95,993.25,157692,0.1576,-0.4873,-132.34,1001.4000,-0.81
2025-07-11 12:40:00,993.25,994.95,993.15,993.5,457886,0.1867,-0.4873,-138.31,1001.4000,-0.79
2025-07-11 12:45:00,993.55,994.1,993.3,993.8,340082,0.2266,-0.4873,-146.50,1001.4000,-0.76
2025-07-11 12:50:00,993.75,994.3,993.15,993.5,108728,0.2325,-0.4873,-147.71,1001.4000,-0.79
2025-07-11 12:55:00,993.55,993.65,993,993.4,126758,0.2290,-0.4873,-146.99,1001.4000,-0.80
2025-07-11 13:00:00,993.45,993.65,992.5,993,151340,0.2001,-0.4873,-141.06,1001.4000,-0.84
2025-07-11 13:05:00,993,993.2,991.9,992,131118,0.1180,-0.4873,-124.22,1001.4000,-0.94
2025-07-11 13:10:00,992,992.55,991.9,992.4,48980,0.0960,-0.4873,-119.70,1001.4000,-0.90
2025-07-11 13:15:00,992.45,992.6,991.85,991.95,88574,0.0584,-0.4873,-111.98,1001.4000,-0.94
2025-07-11 13:20:00,992,992.45,991.65,991.75,88904,0.0287,-0.4873,-105.89,1001.4000,-0.96
2025-07-11 13:25:00,991.8,992.45,991.5,991.55,79578,0.0055,-0.4873,-101.13,1001.4000,-0.98
2025-07-11 13:30:00,991.55,992.05,991.25,991.4,87076,-0.0092,-0.4873,-98.11,1001.4000,-1.00
2025-07-11 13:35:00,991.45,991.95,990.45,991.65,315286,0.0077,-0.4873,-101.58,1001.4000,-0.97
2025-07-11 13:40:00,991.6,991.9,991.3,991.8,75248,0.0372,-0.4873,-107.63,1001.4000,-0.96
2025-07-11 13:45:00,991.8,993.05,991.5,992.85,84810,0.1303,-0.4873,-126.74,1001.4000,-0.85
2025-07-11 13:50:00,992.85,993.25,992.5,993,67574,0.2007,-0.4873,-141.19,1001.4000,-0.84
2025-07-11 13:55:00,992.95,993.6,992.6,993.2,73896,0.2559,-0.4873,-152.51,1001.4000,-0.82
2025-07-11 14:00:00,993.5,993.5,992.45,992.8,65978,0.2598,-0.4873,-153.31,1001.4000,-0.86
2025-07-11 14:05:00,992.75,993.2,992.05,992.5,175396,0.2372,-0.4873,-148.68,1001.4000,-0.89
2025-07-11 14:10:00,992.5,994.25,992.2,993.2,306464,0.2623,-0.4873,-153.83,1001.4000,-0.82
2025-07-11 14:15:00,993.05,993.8,992.7,993.25,62236,0.2741,-0.4873,-156.25,1001.4000,-0.81
2025-07-11 14:20:00,993.25,993.45,992.5,992.9,75858,0.2506,-0.4873,-151.43,1001.4000,-0.85
2025-07-11 14:25:00,992.9,993.2,992.4,992.75,78068,0.2185,-0.4873,-144.84,1001.4000,-0.86
2025-07-11 14:30:00,993.1,993.5,992.4,992.85,86046,0.1982,-0.4873,-140.67,1001.4000,-0.85
2025-07-11 14:35:00,992.65,993.05,992.1,992.35,114762,0.1475,-0.4873,-130.27,1001.4000,-0.90
2025-07-11 14:40:00,992.4,993,992,992,123302,0.0897,-0.4873,-118.41,1001.4000,-0.94
2025-07-11 14:45:00,992,992.75,991.85,991.9,124620,0.0463,-0.4873,-109.50,1001.4000,-0.95
2025-07-11 14:50:00,991.9,991.95,991.3,991.95,149790,0.0235,-0.4873,-104.82,1001.4000,-0.94
2025-07-11 14:55:00,991.8,992.65,991.6,992.25,183924,0.0309,-0.4873,-106.34,1001.4000,-0.91
2025-07-11 15:00:00,992.25,992.85,992.05,992.4,526176,0.0470,-0.4873,-109.64,1001.4000,-0.90
2025-07-11 15:05:00,992.45,992.45,991.5,991.8,553446,0.0199,-0.4873,-104.08,1001.4000,-0.96
2025-07-11 15:10:00,991.7,992,991.25,991.35,618612,-0.0234,-0.4873,-95.20,1001.4000,-1.00
2025-07-11 15:15:00,991.35,992.45,991.25,991.65,638776,-0.0267,-0.4873,-94.52,1001.4000,-0.97
2025-07-11 15:20:00,991.8,992.05,991.25,991.35,681502,-0.0429,-0.4873,-91.20,1001.4000,-1.00
2025-07-11 15:25:00,991.45,992.3,991,991.5,659162,-0.0376,-0.4873,-92.28,1001.4000,-0.99
2025-07-14 09:15:00,991.45,994.35,990.6,991.35,231428,-0.0381,-0.0376,1.33,991.5000,-0.02
2025-07-14 09:20:00,991.35,991.8,988.4,988.75,120330,-0.1985,-0.0376,427.93,991.5000,-0.28
2025-07-14 09:25:00,988.75,989.8,988.15,989.35,203070,-0.2460,-0.0376,554.26,991.5000,-0.22
2025-07-14 09:30:00,989.35,989.6,987.7,988,138144,-0.3443,-0.0376,815.69,991.5000,-0.35
2025-07-14 09:35:00,988.05,988.55,987.55,987.85,84708,-0.3917,-0.0376,941.76,991.5000,-0.37
2025-07-14 09:40:00,987.6,987.95,986.75,987.5,135562,-0.4167,-0.0376,1008.24,991.5000,-0.40
2025-07-14 09:45:00,987.9,988.4,987.05,988.3,51344,-0.3520,-0.0376,836.17,991.5000,-0.32
2025-07-14 09:50:00,988,989.75,987.9,989,51746,-0.2400,-0.0376,538.30,991.5000,-0.25
2025-07-14 09:55:00,989,990.35,988.95,990,48738,-0.0846,-0.0376,125.00,991.5000,-0.15
2025-07-14 10:00:00,990,990,988.75,988.75,68570,-0.0535,-0.0376,42.29,991.5000,-0.28
2025-07-14 10:05:00,988.75,989.25,988.2,989.25,32088,0.0098,-0.0376,-126.06,991.5000,-0.23
2025-07-14 10:10:00,989.2,989.5,988.5,989.1,55500,0.0486,-0.0376,-229.26,991.5000,-0.24
2025-07-14 10:15:00,989.15,990,988.95,989.9,53986,0.1304,-0.0376,-446.81,991.5000,-0.16
2025-07-14 10:20:00,989.9,990,989.2,989.45,39808,0.1548,-0.0376,-511.70,991.5000,-0.21
2025-07-14 10:25:00,989.45,989.45,988.9,989,22516,0.1416,-0.0376,-476.60,991.5000,-0.25
2025-07-14 10:30:00,989,989.1,987.95,988.1,137812,0.0766,-0.0376,-303.72,991.5000,-0.34
2025-07-14 10:35:00,988.1,988.45,987.25,987.25,139394,-0.0146,-0.0376,-61.17,991.5000,-0.43
2025-07-14 10:40:00,987.3,988.3,987.05,987.35,134102,-0.0567,-0.0376,50.80,991.5000,-0.42
2025-07-14 10:45:00,987.2,987.95,986.8,987.45,202856,-0.0657,-0.0376,74.73,991.5000,-0.41
2025-07-14 10:50:00,987.35,987.45,986.45,986.5,94000,-0.1204,-0.0376,220.21,991.5000,-0.50
2025-07-14 10:55:00,986.5,987.5,986.45,987.05,181718,-0.1048,-0.0376,178.72,991.5000,-0.45
2025-07-14 11:00:00,987.1,987.2,986.15,986.25,91114,-0.1318,-0.0376,250.53,991.5000,-0.53
2025-07-14 11:05:00,986.2,986.3,985.3,985.4,86230,-0.1872,-0.0376,397.87,991.5000,-0.62
2025-07-14 11:10:00,985.55,986.25,985.4,985.6,50764,-0.1898,-0.0376,404.79,991.5000,-0.60
2025-07-14 11:15:00,985.6,986.4,985.6,986.4,37280,-0.1207,-0.0376,221.01,991.5000,-0.51
2025-07-14 11:20:00,986.4,987.4,986.25,986.85,81592,-0.0321,-0.0376,-14.63,991.5000,-0.47
2025-07-14 11:25:00,986.85,987.4,986.05,987,172946,0.0448,-0.0376,-219.15,991.5000,-0.45
2025-07-14 11:30:00,987,987.5,986.85,987.1,78896,0.1072,-0.0376,-385.11,991.5000,-0.44
2025-07-14 11:35:00,987.1,987.95,986.9,987.5,75672,0.1760,-0.0376,-568.09,991.5000,-0.40
2025-07-14 11:40:00,987.5,987.75,987.15,987.75,79942,0.2353,-0.0376,-725.80,991.5000,-0.38
2025-07-14 11:45:00,987.65,988.25,987.6,988,49044,0.2850,-0.0376,-857.98,991.5000,-0.35
2025-07-14 11:50:00,988,988.15,987.3,987.85,67910,0.3000,-0.0376,-897.87,991.5000,-0.37
2025-07-14 11:55:00,987.6,987.9,987.3,987.45,52862,0.2756,-0.0376,-832.98,991.5000,-0.41
2025-07-14 12:00:00,987.55,988.35,987.4,987.55,86220,0.2593,-0.0376,-789.63,991.5000,-0.40
2025-07-14 12:05:00,987.5,988.05,987.45,987.55,69434,0.2418,-0.0376,-743.09,991.5000,-0.40
2025-07-14 12:10:00,987.75,987.9,987.25,987.5,59798,0.2208,-0.0376,-687.23,991.5000,-0.40
2025-07-14 12:15:00,987.55,988.45,987.5,988.2,45478,0.2460,-0.0376,-754.26,991.5000,-0.33
2025-07-14 12:20:00,988.2,988.5,987.5,987.85,50774,0.2313,-0.0376,-715.16,991.5000,-0.37
2025-07-14 12:25:00,987.6,988.15,987.5,987.6,27336,0.1983,-0.0376,-627.39,991.5000,-0.39
2025-07-14 12:30:00,987.55,989.05,987.5,987.9,172250,0.1901,-0.0376,-605.59,991.5000,-0.36
2025-07-14 12:35:00,988.05,988.1,987.55,987.85,28718,0.1751,-0.0376,-565.69,991.5000,-0.37
2025-07-14 12:40:00,988.05,988.75,987.8,988.4,52930,0.1946,-0.0376,-617.55,991.5000,-0.31
2025-07-14 12:45:00,988.7,988.8,987.05,987.25,117098,0.1257,-0.0376,-434.31,991.5000,-0.43
2025-07-14 12:50:00,987.2,987.95,987,987.45,160320,0.0909,-0.0376,-341.76,991.5000,-0.41
2025-07-14 12:55:00,987.45,988.2,987.3,987.65,45010,0.0791,-0.0376,-310.37,991.5000,-0.39
2025-07-14 13:00:00,987.65,988.2,987.45,987.6,68030,0.0662,-0.0376,-276.06,991.5000,-0.39
2025-07-14 13:05:00,987.65,987.95,986.4,986.85,218504,0.0084,-0.0376,-122.34,991.5000,-0.47
2025-07-14 13:10:00,986.85,987.5,986.6,986.75,80050,-0.0330,-0.0376,-12.23,991.5000,-0.48
2025-07-14 13:15:00,986.75,987.2,986.55,986.95,91758,-0.0427,-0.0376,13.56,991.5000,-0.46
2025-07-14 13:20:00,986.95,987.8,986.8,987,78868,-0.0415,-0.0376,10.37,991.5000,-0.45
2025-07-14 13:25:00,987.05,987.45,986.75,987.3,88446,-0.0176,-0.0376,-53.19,991.5000,-0.42
2025-07-14 13:30:00,987.4,987.6,987,987.5,98898,0.0131,-0.0376,-134.84,991.5000,-0.40
2025-07-14 13:35:00,987.45,988,987.05,987.65,143140,0.0431,-0.0376,-214.63,991.5000,-0.39
2025-07-14 13:40:00,987.65,988.5,987.5,988.15,233914,0.0934,-0.0376,-348.40,991.5000,-0.34
2025-07-14 13:45:00,988,988.2,987.25,987.35,158048,0.0706,-0.0376,-287.77,991.5000,-0.42
2025-07-14 13:50:00,987.35,988,987.05,987.65,160930,0.0732,-0.0376,-294.68,991.5000,-0.39
2025-07-14 13:55:00,987.65,987.95,986.7,987.55,333726,0.0659,-0.0376,-275.27,991.5000,-0.40
2025-07-14 14:00:00,987.55,987.55,986.95,987.35,84546,0.0462,-0.0376,-222.87,991.5000,-0.42
2025-07-14 14:05:00,987.35,988,987.15,987.95,139194,0.0708,-0.0376,-288.30,991.5000,-0.36
2025-07-14 14:10:00,987.95,988.25,987,988.25,115662,0.1025,-0.0376,-372.61,991.5000,-0.33
2025-07-14 14:15:00,988.3,988.5,987.7,987.95,149292,0.0985,-0.0376,-361.97,991.5000,-0.36
2025-07-14 14:20:00,987.95,988.45,987.65,988.1,136950,0.1008,-0.0376,-368.09,991.5000,-0.34
2025-07-14 14:25:00,988.05,988.5,987.8,988.3,138212,0.1099,-0.0376,-392.29,991.5000,-0.32
2025-07-14 14:30:00,988.25,988.4,987.6,988.4,158108,0.1162,-0.0376,-409.04,991.5000,-0.31
2025-07-14 14:35:00,988.15,988.4,987.5,987.65,197406,0.0658,-0.0376,-275.00,991.5000,-0.39
2025-07-14 14:40:00,987.65,988.1,987.2,988,178026,0.0526,-0.0376,-239.89,991.5000,-0.35
2025-07-14 14:45:00,988,988.5,987.6,988.3,204186,0.0602,-0.0376,-260.11,991.5000,-0.32
2025-07-14 14:50:00,988.3,990.4,988,990.25,288180,0.1854,-0.0376,-593.09,991.5000,-0.13
2025-07-14 14:55:00,990.25,992.6,989.7,992.5,300114,0.3967,-0.0376,-1155.05,991.5000,0.10
2025-07-14 15:00:00,992.5,992.6,990.5,990.5,961638,0.3786,-0.0376,-1106.91,991.5000,-0.10
2025-07-14 15:05:00,990.55,991.65,990.1,990.5,966856,0.3444,-0.0376,-1015.96,991.5000,-0.10
2025-07-14 15:10:00,990.45,991.75,990.4,991.5,773002,0.3651,-0.0376,-1071.01,991.5000,0.00
2025-07-14 15:15:00,991.45,991.75,991,991,926746,0.3224,-0.0376,-957.45,991.5000,-0.05
2025-07-14 15:20:00,991,992.55,991,992.55,774170,0.3724,-0.0376,-1090.43,991.5000,0.11
2025-07-14 15:25:00,992.6,992.9,990.2,991.45,687162,0.3079,-0.0376,-918.88,991.5000,-0.01
2025-07-15 09:15:00,986.55,993.25,986.55,993.25,1034436,0.3594,0.3079,16.73,991.4500,0.18
2025-07-15 09:20:00,993.15,993.6,991.85,992.3,367946,0.3045,0.3079,-1.10,991.4500,0.09
2025-07-15 09:25:00,992.3,992.3,991.15,991.8,106036,0.2139,0.3079,-30.53,991.4500,0.04
2025-07-15 09:30:00,991.85,992.5,990.6,992.4,96674,0.1754,0.3079,-43.03,991.4500,0.10
2025-07-15 09:35:00,992.4,993.2,991.55,992.65,167700,0.1487,0.3079,-51.71,991.4500,0.12
2025-07-15 09:40:00,992.5,992.65,991.5,992.05,131470,0.0764,0.3079,-75.19,991.4500,0.06
2025-07-15 09:45:00,992.35,992.9,992,992.35,82112,0.0364,0.3079,-88.18,991.4500,0.09
2025-07-15 09:50:00,992.3,994,992.3,993.95,89512,0.1018,0.3079,-66.94,991.4500,0.25
2025-07-15 09:55:00,993.95,994.65,992.1,992.2,213688,0.0156,0.3079,-94.93,991.4500,0.08
2025-07-15 10:00:00,992.25,993.9,992.15,993.75,92334,0.0496,0.3079,-83.89,991.4500,0.23
2025-07-15 10:05:00,993.75,994.2,993.25,993.5,89466,0.0422,0.3079,-86.29,991.4500,0.21
2025-07-15 10:10:00,993.5,993.65,993,993.65,78654,0.0346,0.3079,-88.76,991.4500,0.22
2025-07-15 10:15:00,993.65,994.95,992.8,994.9,303252,0.0974,0.3079,-68.37,991.4500,0.35
2025-07-15 10:20:00,994.9,995.25,993.8,994.15,145022,0.0732,0.3079,-76.23,991.4500,0.27
2025-07-15 10:25:00,994.15,995.15,993.85,995.15,114858,0.1072,0.3079,-65.18,991.4500,0.37
2025-07-15 10:30:00,995.1,996.45,995.1,995.65,240228,0.1438,0.3079,-53.30,991.4500,0.42
2025-07-15 10:35:00,995.7,996.65,995.3,995.6,158472,0.1447,0.3079,-53.00,991.4500,0.42
2025-07-15 10:40:00,995.6,996.25,995.25,995.7,120260,0.1323,0.3079,-57.03,991.4500,0.43
2025-07-15 10:45:00,995.85,996.6,994.3,995.95,261966,0.1216,0.3079,-60.51,991.4500,0.45
2025-07-15 10:50:00,995.95,997,995.45,996.6,75076,0.1378,0.3079,-55.25,991.4500,0.52
2025-07-15 10:55:00,996.5,997.2,996.45,996.7,82986,0.1345,0.3079,-56.32,991.4500,0.53
2025-07-15 11:00:00,996.65,997.5,996.55,997.15,82160,0.1412,0.3079,-54.14,991.4500,0.57
2025-07-15 11:05:00,997.35,998.25,997.15,998.15,90730,0.1887,0.3079,-38.71,991.4500,0.68
2025-07-15 11:10:00,998.05,999.2,997.55,998,285524,0.1853,0.3079,-39.82,991.4500,0.66
2025-07-15 11:15:00,998,999.25,997.45,997.85,186984,0.1499,0.3079,-51.32,991.4500,0.65
2025-07-15 11:20:00,997.85,999,997.45,998.5,103178,0.1469,0.3079,-52.29,991.4500,0.71
2025-07-15 11:25:00,998.5,998.9,998.45,998.65,45218,0.1322,0.3079,-57.06,991.4500,0.73
2025-07-15 11:30:00,998.6,999.95,998.55,999.95,93398,0.1839,0.3079,-40.27,991.4500,0.86
2025-07-15 11:35:00,999.8,999.9,998.1,998.8,224056,0.1179,0.3079,-61.71,991.4500,0.74
2025-07-15 11:40:00,998.65,999.5,998.4,999.1,93300,0.0738,0.3079,-76.03,991.4500,0.77
2025-07-15 11:45:00,999,999.5,999,999.3,52924,0.0391,0.3079,-87.30,991.4500,0.79
2025-07-15 11:50:00,999.3,999.6,998.45,998.5,132574,-0.0517,0.3079,-116.79,991.4500,0.71
2025-07-15 11:55:00,998.55,998.7,997.45,997.55,138460,-0.1823,0.3079,-159.21,991.4500,0.62
2025-07-15 12:00:00,997.7,999,997.65,998,70636,-0.2414,0.3079,-178.40,991.4500,0.66
2025-07-15 12:05:00,997.95,998,997.4,997.4,84988,-0.3190,0.3079,-203.61,991.4500,0.60
2025-07-15 12:10:00,997.4,998,997.3,997.9,37200,-0.3331,0.3079,-208.18,991.4500,0.65
2025-07-15 12:15:00,997.9,998.2,997.35,997.4,45804,-0.3698,0.3079,-220.10,991.4500,0.60
2025-07-15 12:20:00,997.4,997.5,996.5,997.45,175098,-0.3828,0.3079,-224.33,991.4500,0.61
2025-07-15 12:25:00,997.45,998.5,997.35,998.45,104968,-0.3188,0.3079,-203.54,991.4500,0.71
2025-07-15 12:30:00,998.5,999.2,998.3,998.95,150708,-0.2410,0.3079,-178.27,991.4500,0.76
2025-07-15 12:35:00,998.85,999.7,998.85,999.5,66262,-0.1549,0.3079,-150.31,991.4500,0.81
2025-07-15 12:40:00,999.5,999.95,999.5,999.8,59768,-0.0837,0.3079,-127.18,991.4500,0.84
2025-07-15 12:45:00,999.8,1000,999.75,1000,100826,-0.0318,0.3079,-110.33,991.4500,0.86
2025-07-15 12:50:00,1000,1001,999.95,1000.4,122210,0.0181,0.3079,-94.12,991.4500,0.90
2025-07-15 12:55:00,1000.4,1000.95,1000.2,1000.3,74220,0.0322,0.3079,-89.54,991.4500,0.89
2025-07-15 13:00:00,1000.3,1000.75,999.95,1000.5,57614,0.0422,0.3079,-86.29,991.4500,0.91
2025-07-15 13:05:00,1000.55,1000.85,1000.25,1000.5,82530,0.0363,0.3079,-88.21,991.4500,0.91
2025-07-15 13:10:00,1000.5,1000.65,1000.1,1000.55,80464,0.0238,0.3079,-92.27,991.4500,0.92
2025-07-15 13:15:00,1000.6,1001.2,1000.5,1000.9,120130,0.0269,0.3079,-91.26,991.4500,0.95
2025-07-15 13:20:00,1000.9,1001.8,1000.8,1001.35,62784,0.0459,0.3079,-85.09,991.4500,1.00
2025-07-15 13:25:00,1001.35,1001.4,1000.15,1001,138288,0.0228,0.3079,-92.59,991.4500,0.96
2025-07-15 13:30:00,1001,1001.15,1000.7,1000.75,118884,-0.0192,0.3079,-106.24,991.4500,0.94
2025-07-15 13:35:00,1000.75,1000.75,999.85,999.95,134660,-0.1059,0.3079,-134.39,991.4500,0.86
2025-07-15 13:40:00,999.95,1001,999.85,1000.75,159906,-0.1137,0.3079,-136.93,991.4500,0.94
2025-07-15 13:45:00,1000.8,1001.45,1000.75,1001.15,79138,-0.0969,0.3079,-131.47,991.4500,0.98
2025-07-15 13:50:00,1001.2,1001.5,1000.8,1000.9,120616,-0.1069,0.3079,-134.72,991.4500,0.95
2025-07-15 13:55:00,1000.9,1001.2,1000.7,1000.8,62830,-0.1232,0.3079,-140.01,991.4500,0.94
2025-07-15 14:00:00,1000.85,1000.9,1000,1000,67214,-0.1872,0.3079,-160.80,991.4500,0.86
2025-07-15 14:05:00,1000.05,1000.4,999.05,999.45,206086,-0.2612,0.3079,-184.83,991.4500,0.81
2025-07-15 14:10:00,999.45,1001,999.45,1000.75,79148,-0.2189,0.3079,-171.09,991.4500,0.94
2025-07-15 14:15:00,1000.75,1000.95,1000.35,1000.7,82008,-0.1917,0.3079,-162.26,991.4500,0.93
2025-07-15 14:20:00,1000.7,1001,1000.25,1000.4,126386,-0.1909,0.3079,-162.00,991.4500,0.90
2025-07-15 14:25:00,1000.3,1001.15,1000.25,1000.4,117384,-0.1871,0.3079,-160.77,991.4500,0.90
2025-07-15 14:30:00,1000.45,1001.4,1000,1001,217766,-0.1428,0.3079,-146.38,991.4500,0.96
2025-07-15 14:35:00,1001.05,1001.25,999.1,999.4,237930,-0.2156,0.3079,-170.02,991.4500,0.80
2025-07-15 14:40:00,999.45,999.95,999,999.65,185852,-0.2394,0.3079,-177.75,991.4500,0.83
2025-07-15 14:45:00,999.65,999.75,998,998.85,331864,-0.2977,0.3079,-196.69,991.4500,0.75
2025-07-15 14:50:00,998.85,999,997.85,998.95,169860,-0.3165,0.3079,-202.79,991.4500,0.76
2025-07-15 14:55:00,999,999,997.8,998.25,159728,-0.3598,0.3079,-216.86,991.4500,0.69
2025-07-15 15:00:00,998.1,998.75,997.1,997.8,684240,-0.3995,0.3079,-229.75,991.4500,0.64
2025-07-15 15:05:00,997.85,997.9,996.5,997.2,805258,-0.4435,0.3079,-244.04,991.4500,0.58
2025-07-15 15:10:00,996.95,998.65,996.75,998.6,644092,-0.3592,0.3079,-216.66,991.4500,0.72
2025-07-15 15:15:00,998.65,998.7,997,997.9,670002,-0.3322,0.3079,-207.89,991.4500,0.65
2025-07-15 15:20:00,997.85,999.05,997.15,998.95,606334,-0.2300,0.3079,-174.70,991.4500,0.76
2025-07-15 15:25:00,999,999.7,997.6,999,434036,-0.1493,0.3079,-148.49,991.4500,0.76
2025-07-16 09:15:00,1009,1011.35,1004.8,1005.05,2746444,0.2969,-0.1493,-298.86,999.0000,0.61
2025-07-16 09:20:00,1005.05,1006,1002.75,1004.05,752534,0.4981,-0.1493,-433.62,999.0000,0.51
2025-07-16 09:25:00,1004,1004.25,1001.7,1002.6,407582,0.5055,-0.1493,-438.58,999.0000,0.36
2025-07-16 09:30:00,1002.7,1003.75,1001.8,1002.45,436676,0.4728,-0.1493,-416.68,999.0000,0.35
2025-07-16 09:35:00,1002.35,1004.6,1001,1004.5,351230,0.5560,-0.1493,-472.40,999.0000,0.55
2025-07-16 09:40:00,1004.5,1004.95,1003.5,1004.5,334066,0.5754,-0.1493,-485.40,999.0000,0.55
2025-07-16 09:45:00,1004.3,1004.5,1003.1,1004.5,286060,0.5524,-0.1493,-469.99,999.0000,0.55
2025-07-16 09:50:00,1004.5,1004.8,1003.75,1003.8,201172,0.4582,-0.1493,-406.90,999.0000,0.48
2025-07-16 09:55:00,1004,1004.1,1003,1003.25,123248,0.3328,-0.1493,-322.91,999.0000,0.43
2025-07-16 10:00:00,1003.25,1003.9,1002.5,1003.85,147160,0.2671,-0.1493,-278.90,999.0000,0.49
2025-07-16 10:05:00,1003.9,1004.05,1002.8,1003.75,115742,0.1969,-0.1493,-231.88,999.0000,0.48
2025-07-16 10:10:00,1003.75,1004,1003.2,1003.5,147068,0.1176,-0.1493,-178.77,999.0000,0.45
2025-07-16 10:15:00,1003.6,1004.95,1003,1004.9,211922,0.1417,-0.1493,-194.91,999.0000,0.59
2025-07-16 10:20:00,1004.9,1006.25,1004.5,1006.2,172990,0.2228,-0.1493,-249.23,999.0000,0.72
2025-07-16 10:25:00,1006.25,1006.75,1004.8,1005.35,306660,0.1975,-0.1493,-232.28,999.0000,0.64
2025-07-16 10:30:00,1005.35,1005.45,1003.5,1004.15,102244,0.0841,-0.1493,-156.33,999.0000,0.52
2025-07-16 10:35:00,1004.3,1004.3,1003.25,1003.85,77282,-0.0213,-0.1493,-85.73,999.0000,0.49
2025-07-16 10:40:00,1003.85,1004.15,1002.05,1002.15,216726,-0.2055,-0.1493,37.64,999.0000,0.32
2025-07-16 10:45:00,1002.1,1002.45,1001.5,1002,128772,-0.3300,-0.1493,121.03,999.0000,0.30
2025-07-16 10:50:00,1001.95,1002.4,1001.85,1002,129754,-0.4003,-0.1493,168.12,999.0000,0.30
2025-07-16 10:55:00,1002,1002.4,1001.45,1002.25,67560,-0.4160,-0.1493,178.63,999.0000,0.33
2025-07-16 11:00:00,1002.3,1003.4,1001.5,1002.65,167196,-0.3861,-0.1493,158.61,999.0000,0.37
2025-07-16 11:05:00,1002.65,1002.85,1002,1002.1,213056,-0.3891,-0.1493,160.62,999.0000,0.31
2025-07-16 11:10:00,1002.05,1002.35,1001.3,1002.1,73138,-0.3764,-0.1493,152.11,999.0000,0.31
2025-07-16 11:15:00,1002,1002.25,1000.9,1001.1,177528,-0.4176,-0.1493,179.71,999.0000,0.21
2025-07-16 11:20:00,1001.2,1001.95,1000,1001.65,212996,-0.3905,-0.1493,161.55,999.0000,0.27
2025-07-16 11:25:00,1001.65,1001.85,1000.55,1001.1,75788,-0.3914,-0.1493,162.16,999.0000,0.21
2025-07-16 11:30:00,1001,1001.2,1000.25,1000.75,147030,-0.3960,-0.1493,165.24,999.0000,0.18
2025-07-16 11:35:00,1000.7,1000.95,999.45,999.95,198060,-0.4306,-0.1493,188.41,999.0000,0.10
2025-07-16 11:40:00,999.95,1000.25,999.15,999.7,211996,-0.4461,-0.1493,198.79,999.0000,0.07
2025-07-16 11:45:00,999.7,1000.4,999,1000.2,254260,-0.3999,-0.1493,167.85,999.0000,0.12
2025-07-16 11:50:00,1000.15,1002.2,999.95,1001.95,213578,-0.2368,-0.1493,58.61,999.0000,0.30
2025-07-16 11:55:00,1001.95,1002.15,1000.1,1000.7,116412,-0.1999,-0.1493,33.89,999.0000,0.17
2025-07-16 12:00:00,1000.7,1001.05,1000.4,1001,75972,-0.1446,-0.1493,-3.15,999.0000,0.20
2025-07-16 12:05:00,1001,1001.7,1000.65,1001.05,93816,-0.0964,-0.1493,-35.43,999.0000,0.21
2025-07-16 12:10:00,1001.1,1001.25,1000,1000.1,310836,-0.1186,-0.1493,-20.56,999.0000,0.11
2025-07-16 12:15:00,1000.25,1001.1,1000,1000.7,91416,-0.0848,-0.1493,-43.20,999.0000,0.17
2025-07-16 12:20:00,1000.65,1000.95,1000.2,1000.4,89024,-0.0747,-0.1493,-49.97,999.0000,0.14
2025-07-16 12:25:00,1000.4,1001.25,1000.3,1000.75,63868,-0.0385,-0.1493,-74.21,999.0000,0.18
2025-07-16 12:30:00,1000.75,1001.4,1000.5,1001.1,81700,0.0124,-0.1493,-108.31,999.0000,0.21
2025-07-16 12:35:00,1001.05,1001.9,1000.45,1001.85,138486,0.0952,-0.1493,-163.76,999.0000,0.29
2025-07-16 12:40:00,1001.8,1002.5,1000.75,1002.15,195172,0.1648,-0.1493,-210.38,999.0000,0.32
2025-07-16 12:45:00,1002.1,1003,1001.25,1002.25,300650,0.2093,-0.1493,-240.19,999.0000,0.33
2025-07-16 12:50:00,1002.25,1002.5,1001.1,1001.25,103782,0.1651,-0.1493,-210.58,999.0000,0.23
2025-07-16 12:55:00,1001.2,1001.75,1000.75,1001.6,78536,0.1534,-0.1493,-202.75,999.0000,0.26
2025-07-16 13:00:00,1001.55,1002.1,1000.75,1000.75,112830,0.0857,-0.1493,-157.40,999.0000,0.18
2025-07-16 13:05:00,1000.8,1001.15,1000.55,1000.9,85714,0.0501,-0.1493,-133.56,999.0000,0.19
2025-07-16 13:10:00,1001,1001.1,1000,1000.5,81432,0.0013,-0.1493,-100.87,999.0000,0.15
2025-07-16 13:15:00,1000.5,1000.85,1000,1000.1,182606,-0.0532,-0.1493,-64.37,999.0000,0.11
2025-07-16 13:20:00,1000.1,1000.45,999.35,999.45,97284,-0.1243,-0.1493,-16.74,999.0000,0.05
2025-07-16 13:25:00,999.35,999.5,998.8,999.1,124448,-0.1827,-0.1493,22.37,999.0000,0.01
2025-07-16 13:30:00,999.15,999.3,998.4,998.5,88480,-0.2455,-0.1493,64.43,999.0000,-0.05
2025-07-16 13:35:00,998.5,999,998,998.9,89368,-0.2435,-0.1493,63.09,999.0000,-0.01
2025-07-16 13:40:00,998.9,999.85,998.75,999.25,78048,-0.2035,-0.1493,36.30,999.0000,0.03
2025-07-16 13:45:00,999.45,1000,999.15,999.7,110830,-0.1351,-0.1493,-9.51,999.0000,0.07
2025-07-16 13:50:00,999.6,999.85,997.75,998,140832,-0.1892,-0.1493,26.72,999.0000,-0.10
2025-07-16 13:55:00,997.95,998,997.75,997.8,76608,-0.2212,-0.1493,48.16,999.0000,-0.12
2025-07-16 14:00:00,997.8,998.95,997,998.9,120770,-0.1542,-0.1493,3.28,999.0000,-0.01
2025-07-16 14:05:00,998.8,999.25,998.5,998.55,72698,-0.1208,-0.1493,-19.09,999.0000,-0.05
2025-07-16 14:10:00,998.55,999.45,998,998.95,168028,-0.0621,-0.1493,-58.41,999.0000,-0.01
2025-07-16 14:15:00,998.95,999.35,998.5,999.15,52184,-0.0032,-0.1493,-97.86,999.0000,0.02
2025-07-16 14:20:00,999.2,999.3,998.25,998.9,67352,0.0239,-0.1493,-116.01,999.0000,-0.01
2025-07-16 14:25:00,998.9,999,996.85,997.25,221228,-0.0596,-0.1493,-60.08,999.0000,-0.18
2025-07-16 14:30:00,997.3,998.3,997,997.25,155094,-0.1027,-0.1493,-31.21,999.0000,-0.18
2025-07-16 14:35:00,997,998.25,997,997.8,101154,-0.0828,-0.1493,-44.54,999.0000,-0.12
2025-07-16 14:40:00,998.1,998.4,997.5,998.05,74038,-0.0435,-0.1493,-70.86,999.0000,-0.10
2025-07-16 14:45:00,998,998.9,997.8,997.9,95332,-0.0195,-0.1493,-86.94,999.0000,-0.11
2025-07-16 14:50:00,998.15,998.2,997,997.25,134888,-0.0382,-0.1493,-74.41,999.0000,-0.18
2025-07-16 14:55:00,997.3,997.5,996.85,997.45,95060,-0.0284,-0.1493,-80.98,999.0000,-0.16
2025-07-16 15:00:00,997.5,998.75,997.5,998.45,370238,0.0499,-0.1493,-133.42,999.0000,-0.06
2025-07-16 15:05:00,998.45,998.9,998.2,998.25,358960,0.0904,-0.1493,-160.55,999.0000,-0.08
2025-07-16 15:10:00,998.35,998.95,998.1,998.4,414582,0.1271,-0.1493,-185.13,999.0000,-0.06
2025-07-16 15:15:00,998.45,998.75,997.55,998.25,533778,0.1402,-0.1493,-193.90,999.0000,-0.08
2025-07-16 15:20:00,998.25,998.65,997.5,997.8,466844,0.1182,-0.1493,-179.17,999.0000,-0.12
2025-07-16 15:25:00,997.8,998.35,996.3,998,529438,0.1167,-0.1493,-178.16,999.0000,-0.10
2025-07-17 09:15:00,1002,1002.4,996.5,999.05,845638,0.1820,0.1167,55.96,998.0000,0.11
2025-07-17 09:20:00,998.9,1000.05,998,999.7,306332,0.2598,0.1167,122.62,998.0000,0.17
2025-07-17 09:25:00,999.7,999.8,998.5,999.2,172124,0.2675,0.1167,129.22,998.0000,0.12
2025-07-17 09:30:00,999.25,999.65,998.4,999.5,150060,0.2812,0.1167,140.96,998.0000,0.15
2025-07-17 09:35:00,999.5,999.75,998.6,999.4,148080,0.2718,0.1167,132.90,998.0000,0.14
2025-07-17 09:40:00,999.4,999.5,998.5,998.6,118016,0.2031,0.1167,74.04,998.0000,0.06
2025-07-17 09:45:00,998.7,999.4,998.5,998.65,118856,0.1547,0.1167,32.56,998.0000,0.07
2025-07-17 09:50:00,998.6,999.8,998.5,999.6,80742,0.1785,0.1167,52.96,998.0000,0.16
2025-07-17 09:55:00,999.6,1000.85,999.55,1000,129860,0.2109,0.1167,80.72,998.0000,0.20
2025-07-17 10:00:00,999.95,1000,998.9,999,83578,0.1572,0.1167,34.70,998.0000,0.10
2025-07-17 10:05:00,998.95,999,998.3,998.7,91910,0.0966,0.1167,-17.22,998.0000,0.07
2025-07-17 10:10:00,998.7,999.2,997.5,997.55,151202,-0.0196,0.1167,-116.80,998.0000,-0.05
2025-07-17 10:15:00,997.9,997.9,996.7,997.15,155656,-0.1167,0.1167,-200.00,998.0000,-0.09
2025-07-17 10:20:00,997.15,997.2,996.05,997,96336,-0.1804,0.1167,-254.58,998.0000,-0.10
2025-07-17 10:25:00,997,997.65,996.75,997.35,74662,-0.1876,0.1167,-260.75,998.0000,-0.07
2025-07-17 10:30:00,997.35,998.15,997.05,997.85,70318,-0.1490,0.1167,-227.68,998.0000,-0.02
2025-07-17 10:35:00,997.9,998.45,997,997.95,126250,-0.1089,0.1167,-193.32,998.0000,-0.01
2025-07-17 10:40:00,997.8,998.6,997.5,998.15,117498,-0.0633,0.1167,-154.24,998.0000,0.02
2025-07-17 10:45:00,998.3,999,998.15,998.95,72140,0.0218,0.1167,-81.32,998.0000,0.10
2025-07-17 10:50:00,998.95,999.6,998.45,999.6,170964,0.1175,0.1167,0.69,998.0000,0.16
2025-07-17 10:55:00,999.55,1000,999,999.45,105922,0.1636,0.1167,40.19,998.0000,0.15
2025-07-17 11:00:00,999.45,999.9,998.65,999.05,221926,0.1598,0.1167,36.93,998.0000,0.11
2025-07-17 11:05:00,999.05,999.25,998.15,998.15,140044,0.0926,0.1167,-20.65,998.0000,0.02
2025-07-17 11:10:00,998.4,1000.1,997.85,1000,274578,0.1646,0.1167,41.05,998.0000,0.20
2025-07-17 11:15:00,1000.05,1000.6,999.6,1000.2,104962,0.2143,0.1167,83.63,998.0000,0.22
2025-07-17 11:20:00,1000.2,1000.55,1000,1000.5,86218,0.2534,0.1167,117.14,998.0000,0.25
2025-07-17 11:25:00,1000.5,1000.95,1000.15,1000.55,98712,0.2672,0.1167,128.96,998.0000,0.26
2025-07-17 11:30:00,1000.55,1001.05,999.5,999.85,89676,0.2160,0.1167,85.09,998.0000,0.19
2025-07-17 11:35:00,999.85,1000.4,999.35,1000.2,197030,0.1932,0.1167,65.55,998.0000,0.22
2025-07-17 11:40:00,1000.15,1000.4,998.3,999.15,583122,0.0996,0.1167,-14.65,998.0000,0.12
2025-07-17 11:45:00,999.15,1000.3,998.75,1000.15,192174,0.0972,0.1167,-16.71,998.0000,0.22
2025-07-17 11:50:00,1000.15,1000.55,999.5,1000.25,94790,0.0944,0.1167,-19.11,998.0000,0.23
2025-07-17 11:55:00,1000.25,1000.45,999.75,999.9,96322,0.0626,0.1167,-46.36,998.0000,0.19
2025-07-17 12:00:00,999.9,999.9,999,999.1,111900,-0.0146,0.1167,-112.51,998.0000,0.11
2025-07-17 12:05:00,999.15,999.35,998.1,998.6,239730,-0.0971,0.1167,-183.20,998.0000,0.06
2025-07-17 12:10:00,998.6,999.05,998.5,999.05,124288,-0.1176,0.1167,-200.77,998.0000,0.11
2025-07-17 12:15:00,999.05,999.05,997.55,998.05,131502,-0.1906,0.1167,-263.32,998.0000,0.01
2025-07-17 12:20:00,998.1,998.7,997.95,998.2,111982,-0.2187,0.1167,-287.40,998.0000,0.02
2025-07-17 12:25:00,998.1,998.2,996.25,997.35,252016,-0.2806,0.1167,-340.45,998.0000,-0.07
2025-07-17 12:30:00,997.35,997.5,995.2,996.25,288516,-0.3758,0.1167,-422.02,998.0000,-0.18
2025-07-17 12:35:00,996.2,996.25,995.4,995.85,232612,-0.4412,0.1167,-478.06,998.0000,-0.22
2025-07-17 12:40:00,995.7,997.15,995.7,996.15,225084,-0.4389,0.1167,-476.09,998.0000,-0.19
2025-07-17 12:45:00,996.1,996.25,995.3,995.7,192038,-0.4412,0.1167,-478.06,998.0000,-0.23
2025-07-17 12:50:00,995.65,995.9,995,995.5,272562,-0.4292,0.1167,-467.78,998.0000,-0.25
2025-07-17 12:55:00,995.5,995.55,995,995.4,134266,-0.4016,0.1167,-444.13,998.0000,-0.26
2025-07-17 13:00:00,995.4,995.75,995,995.5,121930,-0.3519,0.1167,-401.54,998.0000,-0.25
2025-07-17 13:05:00,995.5,995.5,994.25,995.15,182428,-0.3190,0.1167,-373.35,998.0000,-0.29
2025-07-17 13:10:00,995.1,995.25,994.65,995.2,125814,-0.2719,0.1167,-332.99,998.0000,-0.28
2025-07-17 13:15:00,995.15,995.4,994.8,995.15,127236,-0.2243,0.1167,-292.20,998.0000,-0.29
2025-07-17 13:20:00,995.1,995.3,994.45,994.45,162728,-0.2198,0.1167,-288.35,998.0000,-0.36
2025-07-17 13:25:00,994.5,995,994,994.95,220636,-0.1655,0.1167,-241.82,998.0000,-0.31
2025-07-17 13:30:00,994.95,995.25,994.55,994.95,111952,-0.1143,0.1167,-197.94,998.0000,-0.31
2025-07-17 13:35:00,994.95,995.7,994.85,995.25,137612,-0.0484,0.1167,-141.47,998.0000,-0.28
2025-07-17 13:40:00,995.35,995.8,995.05,995.8,230048,0.0394,0.1167,-66.24,998.0000,-0.22
2025-07-17 13:45:00,995.85,996.05,995.15,995.4,145818,0.0756,0.1167,-35.22,998.0000,-0.26
2025-07-17 13:50:00,995.4,996.9,995.1,996.5,261990,0.1731,0.1167,48.33,998.0000,-0.15
2025-07-17 13:55:00,996.55,996.7,996.4,996.55,89496,0.2365,0.1167,102.66,998.0000,-0.15
2025-07-17 14:00:00,996.55,997.05,995.85,996.15,152886,0.2459,0.1167,110.71,998.0000,-0.19
2025-07-17 14:05:00,996.1,997,995.35,995.75,469602,0.2205,0.1167,88.95,998.0000,-0.23
2025-07-17 14:10:00,995.75,995.75,994.6,994.95,144106,0.1485,0.1167,27.25,998.0000,-0.31
2025-07-17 14:15:00,995.05,995.8,994.25,995.15,227642,0.1146,0.1167,-1.80,998.0000,-0.29
2025-07-17 14:20:00,995.2,995.85,994,995.45,469816,0.1124,0.1167,-3.68,998.0000,-0.26
2025-07-17 14:25:00,995.45,995.6,994.6,995.6,119166,0.1205,0.1167,3.26,998.0000,-0.24
2025-07-17 14:30:00,995.55,996.4,994.4,995.6,704864,0.1247,0.1167,6.86,998.0000,-0.24
2025-07-17 14:35:00,995.6,996.3,995.25,995.8,115992,0.1386,0.1167,18.77,998.0000,-0.22
2025-07-17 14:40:00,995.8,995.9,994.6,995,160982,0.0939,0.1167,-19.54,998.0000,-0.30
2025-07-17 14:45:00,994.9,996,994.2,994.7,723286,0.0465,0.1167,-60.15,998.0000,-0.33
2025-07-17 14:50:00,994.5,995.55,994,994.9,973574,0.0316,0.1167,-72.92,998.0000,-0.31
2025-07-17 14:55:00,994.9,995.3,993.9,994.2,218604,-0.0197,0.1167,-116.88,998.0000,-0.38
2025-07-17 15:00:00,994.2,995.75,993.15,994,1627762,-0.0590,0.1167,-150.56,998.0000,-0.40
2025-07-17 15:05:00,994,994.95,993.15,994.1,1576400,-0.0696,0.1167,-159.64,998.0000,-0.39
2025-07-17 15:10:00,994.05,994.65,993.1,994.05,1370922,-0.0709,0.1167,-160.75,998.0000,-0.40
2025-07-17 15:15:00,994.05,994.25,992.5,992.85,1255710,-0.1397,0.1167,-219.71,998.0000,-0.52
2025-07-17 15:20:00,992.9,992.95,991.35,992.05,1016242,-0.2213,0.1167,-289.63,998.0000,-0.60
2025-07-17 15:25:00,992.1,993.8,991.55,993,799146,-0.1944,0.1167,-266.58,998.0000,-0.50
2025-07-18 09:15:00,993.45,998.5,993.45,993.8,698224,-0.1101,-0.1944,-43.36,993.0000,0.08
2025-07-18 09:20:00,993.8,994.7,990.75,991,292460,-0.2237,-0.1944,15.07,993.0000,-0.20
2025-07-18 09:25:00,991,991.15,987.85,989.9,397180,-0.3465,-0.1944,78.24,993.0000,-0.31
2025-07-18 09:30:00,989.9,990.85,989.45,990.5,221708,-0.3592,-0.1944,84.77,993.0000,-0.25
2025-07-18 09:35:00,990.5,994.2,989.85,991.25,837010,-0.2918,-0.1944,50.10,993.0000,-0.18
2025-07-18 09:40:00,991.35,991.55,990.4,990.65,98018,-0.2634,-0.1944,35.49,993.0000,-0.24
2025-07-18 09:45:00,990.6,991.3,989,989.95,264920,-0.2666,-0.1944,37.14,993.0000,-0.31
2025-07-18 09:50:00,989.85,991.85,989.55,991.4,142082,-0.1516,-0.1944,-22.02,993.0000,-0.16
2025-07-18 09:55:00,991.4,992.3,990.7,992.05,125520,-0.0193,-0.1944,-90.07,993.0000,-0.10
2025-07-18 10:00:00,992.25,992.45,991.25,992,129006,0.0723,-0.1944,-137.19,993.0000,-0.10
2025-07-18 10:05:00,992.2,992.2,989.5,989.5,236172,-0.0230,-0.1944,-88.17,993.0000,-0.35
2025-07-18 10:10:00,989.55,989.55,986.5,987.05,275552,-0.2271,-0.1944,16.82,993.0000,-0.60
2025-07-18 10:15:00,987,987.05,983.55,984.35,394064,-0.5042,-0.1944,159.36,993.0000,-0.87
2025-07-18 10:20:00,984.45,985,982.75,984.3,361648,-0.6422,-0.1944,230.35,993.0000,-0.88
2025-07-18 10:25:00,984,984.65,983.5,984.1,260692,-0.6940,-0.1944,257.00,993.0000,-0.90
2025-07-18 10:30:00,984.1,985.25,983,984.95,259102,-0.6204,-0.1944,219.14,993.0000,-0.81
2025-07-18 10:35:00,984.95,986,984.7,985.3,131298,-0.5025,-0.1944,158.49,993.0000,-0.78
2025-07-18 10:40:00,985.3,986.1,985,985.4,123878,-0.3779,-0.1944,94.39,993.0000,-0.77
2025-07-18 10:45:00,985.35,986,984.7,984.75,104966,-0.3026,-0.1944,55.66,993.0000,-0.83
2025-07-18 10:50:00,984.75,985.45,984.6,984.85,85476,-0.2136,-0.1944,9.88,993.0000,-0.82
2025-07-18 10:55:00,985,985.2,984.05,984.3,74524,-0.1617,-0.1944,-16.82,993.0000,-0.88
2025-07-18 11:00:00,984.05,985.4,984,985.25,112098,-0.0396,-0.1944,-79.63,993.0000,-0.78
2025-07-18 11:05:00,985.25,986.05,985.05,985.9,91162,0.1009,-0.1944,-151.90,993.0000,-0.72
2025-07-18 11:10:00,985.9,986.8,985.75,986.5,192758,0.2423,-0.1944,-224.64,993.0000,-0.65
2025-07-18 11:15:00,986.5,986.9,985.5,985.95,117560,0.3028,-0.1944,-255.76,993.0000,-0.71
2025-07-18 11:20:00,985.95,986.9,985.5,986.1,93450,0.3535,-0.1944,-281.84,993.0000,-0.69
2025-07-18 11:25:00,986.05,986.75,985.6,985.6,83534,0.3530,-0.1944,-281.58,993.0000,-0.75
2025-07-18 11:30:00,985.65,986.65,985.55,985.8,81808,0.3644,-0.1944,-287.45,993.0000,-0.73
2025-07-18 11:35:00,985.8,986.5,985.65,985.95,84014,0.3786,-0.1944,-294.75,993.0000,-0.71
2025-07-18 11:40:00,985.9,986.2,984.3,984.55,197754,0.2940,-0.1944,-251.23,993.0000,-0.85
2025-07-18 11:45:00,984.45,985.45,984.35,984.65,106616,0.2470,-0.1944,-227.06,993.0000,-0.84
2025-07-18 11:50:00,984.65,985.8,984.65,985.45,49374,0.2702,-0.1944,-238.99,993.0000,-0.76
2025-07-18 11:55:00,985.45,985.9,985,985,55220,0.2557,-0.1944,-231.53,993.0000,-0.81
2025-07-18 12:00:00,985.05,985.7,985,985.15,67426,0.2561,-0.1944,-231.74,993.0000,-0.79
2025-07-18 12:05:00,985.15,985.85,985.05,985.3,68930,0.2652,-0.1944,-236.42,993.0000,-0.78
2025-07-18 12:10:00,985.25,985.75,984.3,984.3,90068,0.2052,-0.1944,-205.56,993.0000,-0.88
2025-07-18 12:15:00,984.25,985,983.75,984.2,177884,0.1622,-0.1944,-183.44,993.0000,-0.89
2025-07-18 12:20:00,984.2,984.8,984,984.15,70996,0.1348,-0.1944,-169.34,993.0000,-0.89
2025-07-18 12:25:00,984,984.5,984,984,74254,0.1119,-0.1944,-157.56,993.0000,-0.91
2025-07-18 12:30:00,984.05,984.5,983.55,983.95,106238,0.0992,-0.1944,-151.03,993.0000,-0.91
2025-07-18 12:35:00,983.95,984.05,983.45,983.65,118746,0.0774,-0.1944,-139.81,993.0000,-0.94
2025-07-18 12:40:00,983.65,984.1,983.5,983.5,68166,0.0604,-0.1944,-131.07,993.0000,-0.96
2025-07-18 12:45:00,983.55,984.1,983.3,984,77210,0.0887,-0.1944,-145.63,993.0000,-0.91
2025-07-18 12:50:00,983.9,984.25,983.5,983.7,66894,0.0925,-0.1944,-147.58,993.0000,-0.94
2025-07-18 12:55:00,983.7,984.95,983.65,984.6,116954,0.1573,-0.1944,-180.92,993.0000,-0.85
2025-07-18 13:00:00,984.5,986.5,984.2,984.4,214786,0.1863,-0.1944,-195.83,993.0000,-0.87
2025-07-18 13:05:00,984.4,984.75,984.05,984.1,81978,0.1845,-0.1944,-194.91,993.0000,-0.90
2025-07-18 13:10:00,984.05,984.3,983.75,984.2,87130,0.1886,-0.1944,-197.02,993.0000,-0.89
2025-07-18 13:15:00,984.15,985,983.65,983.75,87506,0.1607,-0.1944,-182.66,993.0000,-0.93
2025-07-18 13:20:00,983.65,984.4,983.1,984.05,141090,0.1617,-0.1944,-183.18,993.0000,-0.90
2025-07-18 13:25:00,983.85,984.5,983.6,983.95,68936,0.1549,-0.1944,-179.68,993.0000,-0.91
2025-07-18 13:30:00,983.9,984.4,983.55,984.35,70368,0.1750,-0.1944,-190.02,993.0000,-0.87
2025-07-18 13:35:00,984.3,984.45,983.65,984.2,137632,0.1755,-0.1944,-190.28,993.0000,-0.89
2025-07-18 13:40:00,984.2,984.75,983.55,983.85,188850,0.1505,-0.1944,-177.42,993.0000,-0.92
2025-07-18 13:45:00,983.85,984.15,982,982.35,272666,0.0371,-0.1944,-119.08,993.0000,-1.07
2025-07-18 13:50:00,982.4,982.45,981.35,981.55,97278,-0.0811,-0.1944,-58.28,993.0000,-1.15
2025-07-18 13:55:00,981.5,983.45,981.25,982.15,219398,-0.1067,-0.1944,-45.11,993.0000,-1.09
2025-07-18 14:00:00,982.1,982.45,981.75,982.2,70616,-0.1078,-0.1944,-44.55,993.0000,-1.09
2025-07-18 14:05:00,982.2,982.55,982.05,982.1,81878,-0.1027,-0.1944,-47.17,993.0000,-1.10
2025-07-18 14:10:00,982.05,982.5,982,982.1,58874,-0.0874,-0.1944,-55.04,993.0000,-1.10
2025-07-18 14:15:00,982.05,982.7,981.75,981.95,114706,-0.0759,-0.1944,-60.96,993.0000,-1.11
2025-07-18 14:20:00,981.85,983.25,981.8,983.2,165170,0.0222,-0.1944,-111.42,993.0000,-0.99
2025-07-18 14:25:00,983.2,983.8,982.95,983.5,120336,0.1086,-0.1944,-155.86,993.0000,-0.96
2025-07-18 14:30:00,983.5,983.9,983,983.9,120816,0.1895,-0.1944,-197.48,993.0000,-0.92
2025-07-18 14:35:00,983.85,984,981.25,981.4,235610,0.0770,-0.1944,-139.61,993.0000,-1.17
2025-07-18 14:40:00,981.2,981.5,980,980.05,191184,-0.0775,-0.1944,-60.13,993.0000,-1.30
2025-07-18 14:45:00,980.05,980.5,977.5,978.05,476270,-0.2916,-0.1944,50.00,993.0000,-1.51
2025-07-18 14:50:00,978.05,978.7,977.55,978.5,288992,-0.3747,-0.1944,92.75,993.0000,-1.46
2025-07-18 14:55:00,978.5,979,978.05,978.65,310126,-0.3898,-0.1944,100.51,993.0000,-1.45
2025-07-18 15:00:00,978.65,979.7,978.5,978.9,635000,-0.3540,-0.1944,82.10,993.0000,-1.42
2025-07-18 15:05:00,978.9,979.45,978.35,979.2,630396,-0.2844,-0.1944,46.30,993.0000,-1.39
2025-07-18 15:10:00,979.15,979.15,978.1,978.25,646422,-0.2762,-0.1944,42.08,993.0000,-1.49
2025-07-18 15:15:00,978.25,979,978,978.75,765004,-0.2138,-0.1944,9.98,993.0000,-1.44
2025-07-18 15:20:00,978.75,979.35,978.5,978.8,646096,-0.1490,-0.1944,-23.35,993.0000,-1.43
2025-07-18 15:25:00,978.8,978.85,976.5,978,653584,-0.1400,-0.1944,-27.98,993.0000,-1.51
2025-07-21 09:15:00,989.1,1000,989.1,996.45,2364638,1.0625,-0.1400,-858.93,978.0000,1.89
2025-07-21 09:20:00,996.75,996.8,990.9,993.4,881346,1.5754,-0.1400,-1225.29,978.0000,1.57
2025-07-21 09:25:00,993.5,994.95,988.5,988.6,597514,1.5139,-0.1400,-1181.36,978.0000,1.08
2025-07-21 09:30:00,988.95,992.1,988.25,991.8,431904,1.6028,-0.1400,-1244.86,978.0000,1.41
2025-07-21 09:35:00,991.8,993.3,991.15,991.85,309542,1.5765,-0.1400,-1226.07,978.0000,1.42
2025-07-21 09:40:00,991.85,994.9,991.65,994.65,266620,1.6514,-0.1400,-1279.57,978.0000,1.70
2025-07-21 09:45:00,994.75,999.35,994.5,999.3,684030,1.9000,-0.1400,-1457.14,978.0000,2.18
2025-07-21 09:50:00,999.35,1000.9,998.5,999.95,774948,1.9849,-0.1400,-1517.79,978.0000,2.24
2025-07-21 09:55:00,999.95,1000.95,998.5,998.85,493952,1.8466,-0.1400,-1419.00,978.0000,2.13
2025-07-21 10:00:00,998.55,999.15,997.15,998.55,504272,1.6223,-0.1400,-1258.79,978.0000,2.10
2025-07-21 10:05:00,998.55,998.95,997.15,997.9,279822,1.3300,-0.1400,-1050.00,978.0000,2.03
2025-07-21 10:10:00,997.8,998.55,996.75,997.5,379554,1.0233,-0.1400,-830.93,978.0000,1.99
2025-07-21 10:15:00,997.5,998.1,994.65,994.95,374112,0.5841,-0.1400,-517.21,978.0000,1.73
2025-07-21 10:20:00,994.85,994.95,991.6,992.1,352842,0.0643,-0.1400,-145.93,978.0000,1.44
2025-07-21 10:25:00,992.1,993.85,992.05,992.3,445538,-0.2841,-0.1400,102.93,978.0000,1.46
2025-07-21 10:30:00,992.3,994.6,991.9,994.5,222904,-0.3787,-0.1400,170.50,978.0000,1.69
2025-07-21 10:35:00,994.5,996,994.4,995.2,337820,-0.4040,-0.1400,188.57,978.0000,1.76
2025-07-21 10:40:00,995.25,995.6,994.55,995.35,146040,-0.4188,-0.1400,199.14,978.0000,1.77
2025-07-21 10:45:00,995.3,997.25,995.3,996,200326,-0.3933,-0.1400,180.93,978.0000,1.84
2025-07-21 10:50:00,996,996.25,995.05,996.05,135806,-0.3813,-0.1400,172.36,978.0000,1.85
2025-07-21 10:55:00,996.05,998.65,996,998,244352,-0.2563,-0.1400,83.07,978.0000,2.04
2025-07-21 11:00:00,998,998.7,996.95,998.1,198866,-0.1845,-0.1400,31.79,978.0000,2.06
2025-07-21 11:05:00,998.05,998.15,996.6,997.6,163370,-0.1876,-0.1400,34.00,978.0000,2.00
2025-07-21 11:10:00,997.6,997.8,997.2,997.4,151208,-0.2180,-0.1400,55.71,978.0000,1.98
2025-07-21 11:15:00,997.4,997.65,996.85,997.5,147934,-0.2443,-0.1400,74.50,978.0000,1.99
2025-07-21 11:20:00,997.6,997.95,996.95,997.9,123182,-0.2468,-0.1400,76.29,978.0000,2.03
2025-07-21 11:25:00,997.9,998,997.15,997.2,171212,-0.3041,-0.1400,117.21,978.0000,1.96
2025-07-21 11:30:00,997.25,998.15,997.2,997.5,260106,-0.3280,-0.1400,134.29,978.0000,1.99
2025-07-21 11:35:00,997.5,997.6,995.7,996,188816,-0.4440,-0.1400,217.14,978.0000,1.84
2025-07-21 11:40:00,995.95,996.45,994.5,995.3,274446,-0.5596,-0.1400,299.71,978.0000,1.77
2025-07-21 11:45:00,995.4,995.4,994,994.25,162646,-0.6898,-0.1400,392.71,978.0000,1.66
2025-07-21 11:50:00,994.25,995.1,994.2,995.1,116460,-0.6996,-0.1400,399.71,978.0000,1.75
2025-07-21 11:55:00,995.1,996.15,994.65,995.3,238234,-0.6733,-0.1400,380.93,978.0000,1.77
2025-07-21 12:00:00,995.35,995.6,994.7,994.85,105276,-0.6657,-0.1400,375.50,978.0000,1.72
2025-07-21 12:05:00,994.85,995.5,994.8,995.45,76996,-0.6017,-0.1400,329.79,978.0000,1.78
2025-07-21 12:10:00,995.4,996.3,995.4,996.1,106932,-0.5011,-0.1400,257.93,978.0000,1.85
2025-07-21 12:15:00,996.05,996.5,995.3,996.45,132468,-0.4009,-0.1400,186.36,978.0000,1.89
2025-07-21 12:20:00,996.45,997.05,996.15,996.3,210876,-0.3371,-0.1400,140.79,978.0000,1.87
2025-07-21 12:25:00,996.3,996.65,996,996.25,111578,-0.2924,-0.1400,108.86,978.0000,1.87
2025-07-21 12:30:00,996.25,996.25,994.65,996,190732,-0.2741,-0.1400,95.79,978.0000,1.84
2025-07-21 12:35:00,995.95,996.15,995.7,995.8,86076,-0.2695,-0.1400,92.50,978.0000,1.82
2025-07-21 12:40:00,995.85,996.1,995.8,996,92556,-0.2475,-0.1400,76.79,978.0000,1.84
2025-07-21 12:45:00,996,997.75,995.95,997.7,142448,-0.1196,-0.1400,-14.57,978.0000,2.01
2025-07-21 12:50:00,997.75,998.25,997.25,998,208170,-0.0209,-0.1400,-85.07,978.0000,2.04
2025-07-21 12:55:00,998,998.2,997.3,998,142466,0.0350,-0.1400,-125.00,978.0000,2.04
2025-07-21 13:00:00,998,998.95,997.95,998.5,122100,0.0931,-0.1400,-166.50,978.0000,2.10
2025-07-21 13:05:00,998.5,999,998.05,998.75,130026,0.1334,-0.1400,-195.29,978.0000,2.12
2025-07-21 13:10:00,998.75,999,997.95,998.8,112672,0.1473,-0.1400,-205.21,978.0000,2.13
2025-07-21 13:15:00,998.8,998.95,998.5,998.95,110764,0.1499,-0.1400,-207.07,978.0000,2.14
2025-07-21 13:20:00,998.95,999,998.45,998.75,123652,0.1228,-0.1400,-187.71,978.0000,2.12
2025-07-21 13:25:00,998.75,999.25,998.5,999,124478,0.1067,-0.1400,-176.21,978.0000,2.15
2025-07-21 13:30:00,999.05,999.45,999,999.35,107318,0.1047,-0.1400,-174.79,978.0000,2.18
2025-07-21 13:35:00,999.4,999.45,997.9,998.15,316582,0.0124,-0.1400,-108.86,978.0000,2.06
2025-07-21 13:40:00,998.2,998.5,997.8,998.2,106024,-0.0520,-0.1400,-62.86,978.0000,2.07
2025-07-21 13:45:00,998.25,998.5,997.5,997.8,119124,-0.1240,-0.1400,-11.43,978.0000,2.02
2025-07-21 13:50:00,997.95,998.35,997.6,997.95,98436,-0.1617,-0.1400,15.50,978.0000,2.04
2025-07-21 13:55:00,998,998,996,996.65,225056,-0.2681,-0.1400,91.50,978.0000,1.91
2025-07-21 14:00:00,996.55,997.15,996.2,997,116340,-0.3060,-0.1400,118.57,978.0000,1.94
2025-07-21 14:05:00,996.95,997.1,996.65,996.7,127076,-0.3398,-0.1400,142.71,978.0000,1.91
2025-07-21 14:10:00,996.7,997.35,996.6,997.25,136088,-0.3142,-0.1400,124.43,978.0000,1.97
2025-07-21 14:15:00,997.25,997.5,996.85,997.2,118100,-0.2903,-0.1400,107.36,978.0000,1.96
2025-07-21 14:20:00,997.2,997.7,997,997.45,98404,-0.2490,-0.1400,77.86,978.0000,1.99
2025-07-21 14:25:00,997.35,997.45,996.85,997.25,82506,-0.2270,-0.1400,62.14,978.0000,1.97
2025-07-21 14:30:00,997.1,997.5,996.85,996.95,79528,-0.2242,-0.1400,60.14,978.0000,1.94
2025-07-21 14:35:00,996.95,996.95,994.85,995.5,453866,-0.3064,-0.1400,118.86,978.0000,1.79
2025-07-21 14:40:00,995.45,996.6,994.55,996.6,233366,-0.2741,-0.1400,95.79,978.0000,1.90
2025-07-21 14:45:00,996.55,997,996.55,996.9,135178,-0.2223,-0.1400,58.79,978.0000,1.93
2025-07-21 14:50:00,996.85,997.75,996.1,997.4,315574,-0.1476,-0.1400,5.43,978.0000,1.98
2025-07-21 14:55:00,997.35,998.35,997.3,998.35,170560,-0.0334,-0.1400,-76.14,978.0000,2.08
2025-07-21 15:00:00,998.35,1000,998.3,1000,543390,0.1443,-0.1400,-203.07,978.0000,2.25
2025-07-21 15:05:00,1000,1000.85,999.95,1000.3,700518,0.2659,-0.1400,-289.93,978.0000,2.28
2025-07-21 15:10:00,1000.3,1000.9,1000.2,1000.5,523680,0.3391,-0.1400,-342.21,978.0000,2.30
2025-07-21 15:15:00,1000.5,1000.75,999.5,1000.4,754258,0.3582,-0.1400,-355.86,978.0000,2.29
2025-07-21 15:20:00,1000.4,1000.85,1000.05,1000.35,597554,0.3447,-0.1400,-346.21,978.0000,2.29
2025-07-21 15:25:00,1000.35,1001,1000,1000.75,450218,0.3394,-0.1400,-342.43,978.0000,2.33
2025-07-22 09:15:00,1006.55,1009,1001.65,1001.65,726502,0.3708,0.3394,9.25,1000.7500,0.09
2025-07-22 09:20:00,1001.6,1004,1001.5,1003,232892,0.4512,0.3394,32.94,1000.7500,0.22
2025-07-22 09:25:00,1003,1003.5,1001.85,1002.8,217740,0.4584,0.3394,35.06,1000.7500,0.20
2025-07-22 09:30:00,1002.8,1004.5,1001.6,1004.4,198622,0.5329,0.3394,57.01,1000.7500,0.36
2025-07-22 09:35:00,1004.05,1005.5,1003.9,1004.45,183630,0.5458,0.3394,60.81,1000.7500,0.37
2025-07-22 09:40:00,1004.55,1005,1004.15,1004.95,127920,0.5467,0.3394,61.08,1000.7500,0.42
2025-07-22 09:45:00,1004.95,1006.4,1004.95,1005.8,184586,0.5613,0.3394,65.38,1000.7500,0.50
2025-07-22 09:50:00,1005.95,1006.85,1005.8,1006.3,121234,0.5599,0.3394,64.97,1000.7500,0.55
2025-07-22 09:55:00,1006.25,1006.35,1004.25,1004.8,124796,0.4198,0.3394,23.69,1000.7500,0.40
2025-07-22 10:00:00,1004.95,1005.05,1004.25,1004.5,83034,0.2756,0.3394,-18.80,1000.7500,0.37
2025-07-22 10:05:00,1004.35,1005.5,1004.3,1004.9,97934,0.1806,0.3394,-46.79,1000.7500,0.41
2025-07-22 10:10:00,1004.95,1006.5,1004.9,1006.5,93918,0.1974,0.3394,-41.84,1000.7500,0.57
2025-07-22 10:15:00,1006.45,1007.75,1006.45,1007,287344,0.2129,0.3394,-37.27,1000.7500,0.62
2025-07-22 10:20:00,1007,1008.8,1006.8,1008.65,341824,0.2996,0.3394,-11.73,1000.7500,0.79
2025-07-22 10:25:00,1008.65,1009,1007.4,1007.55,292628,0.2502,0.3394,-26.28,1000.7500,0.68
2025-07-22 10:30:00,1007.5,1008.8,1007.45,1007.9,157098,0.2101,0.3394,-38.10,1000.7500,0.71
2025-07-22 10:35:00,1007.9,1008,1007,1007.35,171122,0.1199,0.3394,-64.67,1000.7500,0.66
2025-07-22 10:40:00,1007.35,1007.65,1006.85,1006.9,134014,0.0093,0.3394,-97.26,1000.7500,0.61
2025-07-22 10:45:00,1006.9,1007.25,1006.4,1007.05,161270,-0.0701,0.3394,-120.65,1000.7500,0.63
2025-07-22 10:50:00,1007.05,1007.5,1006.7,1006.8,130768,-0.1512,0.3394,-144.55,1000.7500,0.60
2025-07-22 10:55:00,1006.7,1006.8,1006.15,1006.35,137968,-0.2415,0.3394,-171.15,1000.7500,0.56
2025-07-22 11:00:00,1006.35,1006.7,1005.1,1005.2,191210,-0.3769,0.3394,-211.05,1000.7500,0.44
2025-07-22 11:05:00,1005.1,1005.1,1003.55,1003.55,279722,-0.5646,0.3394,-266.35,1000.7500,0.28
2025-07-22 11:10:00,1003.6,1004.6,1003.55,1004.5,112662,-0.6079,0.3394,-279.11,1000.7500,0.37
2025-07-22 11:15:00,1004.5,1004.95,1003.55,1003.9,99302,-0.6561,0.3394,-293.31,1000.7500,0.31
2025-07-22 11:20:00,1003.8,1004.4,1003.55,1004.05,69092,-0.6555,0.3394,-293.13,1000.7500,0.33
2025-07-22 11:25:00,1004.05,1004.45,1003.7,1004.1,66478,-0.6291,0.3394,-285.36,1000.7500,0.33
2025-07-22 11:30:00,1004.1,1004.15,1003.55,1003.95,69508,-0.5993,0.3394,-276.58,1000.7500,0.32
2025-07-22 11:35:00,1003.85,1004.3,1003.75,1003.9,81590,-0.5612,0.3394,-265.35,1000.7500,0.31
2025-07-22 11:40:00,1003.85,1004.5,1003.75,1004.2,84520,-0.4962,0.3394,-246.20,1000.7500,0.34
2025-07-22 11:45:00,1004.2,1004.55,1004.1,1004.2,73530,-0.4359,0.3394,-228.43,1000.7500,0.34
2025-07-22 11:50:00,1004.15,1004.15,1002.3,1003.8,234036,-0.4062,0.3394,-219.68,1000.7500,0.30
2025-07-22 11:55:00,1003.8,1004.5,1003.8,1004.25,104502,-0.3420,0.3394,-200.77,1000.7500,0.35
2025-07-22 12:00:00,1004.5,1004.55,1003.85,1004.05,95026,-0.3002,0.3394,-188.45,1000.7500,0.33
2025-07-22 12:05:00,1004.1,1004.65,1003.8,1004.4,90616,-0.2390,0.3394,-170.42,1000.7500,0.36
2025-07-22 12:10:00,1004.4,1004.45,1003.5,1004,74902,-0.2161,0.3394,-163.67,1000.7500,0.32
2025-07-22 12:15:00,1004.2,1004.9,1003.9,1004.8,82128,-0.1413,0.3394,-141.63,1000.7500,0.40
2025-07-22 12:20:00,1004.8,1005.55,1004.55,1005.15,105718,-0.0663,0.3394,-119.53,1000.7500,0.44
2025-07-22 12:25:00,1005.15,1005.5,1004.85,1005.2,79572,-0.0141,0.3394,-104.15,1000.7500,0.44
2025-07-22 12:30:00,1005.5,1005.85,1004.85,1005.4,149150,0.0306,0.3394,-90.98,1000.7500,0.46
2025-07-22 12:35:00,1005.3,1005.55,1004.8,1005,103274,0.0300,0.3394,-91.16,1000.7500,0.42
2025-07-22 12:40:00,1005.2,1005.35,1004.5,1005.35,99326,0.0488,0.3394,-85.62,1000.7500,0.46
2025-07-22 12:45:00,1005.25,1005.9,1004.8,1005.25,121294,0.0499,0.3394,-85.30,1000.7500,0.45
2025-07-22 12:50:00,1005.4,1005.4,1004.6,1005.1,90876,0.0366,0.3394,-89.22,1000.7500,0.43
2025-07-22 12:55:00,1005.1,1005.5,1005,1005.4,87226,0.0436,0.3394,-87.15,1000.7500,0.46
2025-07-22 13:00:00,1005.4,1005.7,1005,1005.2,77222,0.0309,0.3394,-90.90,1000.7500,0.44
2025-07-22 13:05:00,1005.2,1005.65,1003.85,1004.7,257020,-0.0126,0.3394,-103.71,1000.7500,0.39
2025-07-22 13:10:00,1004.75,1005,1004.15,1004.65,91368,-0.0445,0.3394,-113.11,1000.7500,0.39
2025-07-22 13:15:00,1004.65,1004.8,1003.65,1004,148908,-0.1055,0.3394,-131.08,1000.7500,0.32
2025-07-22 13:20:00,1003.95,1004.55,1003.95,1004,121916,-0.1400,0.3394,-141.25,1000.7500,0.32
2025-07-22 13:25:00,1004,1004.15,1003.9,1004.05,120046,-0.1524,0.3394,-144.90,1000.7500,0.33
2025-07-22 13:30:00,1004.05,1004.15,1003,1003.2,133254,-0.2075,0.3394,-161.14,1000.7500,0.24
2025-07-22 13:35:00,1003.2,1003.9,1002.7,1002.9,88842,-0.2509,0.3394,-173.92,1000.7500,0.21
2025-07-22 13:40:00,1002.85,1003.3,1002.5,1002.9,108352,-0.2649,0.3394,-178.05,1000.7500,0.21
2025-07-22 13:45:00,1002.9,1003.5,1002.7,1003.25,83444,-0.2368,0.3394,-169.77,1000.7500,0.25
2025-07-22 13:50:00,1003.4,1004.1,1002.8,1003.7,104448,-0.1770,0.3394,-152.15,1000.7500,0.29
2025-07-22 13:55:00,1003.75,1004.6,1003.4,1003.85,224308,-0.1190,0.3394,-135.06,1000.7500,0.31
2025-07-22 14:00:00,1003.8,1004.4,1003.75,1004.2,138914,-0.0523,0.3394,-115.41,1000.7500,0.34
2025-07-22 14:05:00,1004.2,1005,1004.05,1005,174070,0.0452,0.3394,-86.68,1000.7500,0.42
2025-07-22 14:10:00,1004.95,1005.1,1004.2,1004.6,117180,0.0803,0.3394,-76.34,1000.7500,0.38
2025-07-22 14:15:00,1004.55,1004.85,1004.2,1004.5,81876,0.0934,0.3394,-72.48,1000.7500,0.37
2025-07-22 14:20:00,1004.5,1004.55,1003.75,1003.85,96726,0.0567,0.3394,-83.29,1000.7500,0.31
2025-07-22 14:25:00,1003.85,1004.45,1003.25,1004,101326,0.0416,0.3394,-87.74,1000.7500,0.32
2025-07-22 14:30:00,1003.95,1004,1003.15,1003.6,156866,0.0056,0.3394,-98.35,1000.7500,0.28
2025-07-22 14:35:00,1003.25,1003.75,1002.75,1003.7,270492,-0.0096,0.3394,-102.83,1000.7500,0.29
2025-07-22 14:40:00,1003.65,1003.75,1002.75,1003.5,153164,-0.0302,0.3394,-108.90,1000.7500,0.27
2025-07-22 14:45:00,1003.4,1004.6,1003.4,1004.35,147754,0.0140,0.3394,-95.88,1000.7500,0.36
2025-07-22 14:50:00,1004.4,1004.9,1004.05,1004.75,157790,0.0678,0.3394,-80.02,1000.7500,0.40
2025-07-22 14:55:00,1004.75,1004.95,1004.1,1004.4,175276,0.0768,0.3394,-77.37,1000.7500,0.36
2025-07-22 15:00:00,1004.4,1004.4,1002.6,1003.8,829354,0.0410,0.3394,-87.92,1000.7500,0.30
2025-07-22 15:05:00,1003.8,1004.1,1002.6,1003.6,611992,0.0045,0.3394,-98.67,1000.7500,0.28
2025-07-22 15:10:00,1003.65,1004.1,1002.9,1003.4,665184,-0.0305,0.3394,-108.99,1000.7500,0.26
2025-07-22 15:15:00,1003.4,1003.9,1002.85,1003.8,665400,-0.0245,0.3394,-107.22,1000.7500,0.30
2025-07-22 15:20:00,1003.7,1004.6,1003.2,1003.75,1058436,-0.0216,0.3394,-106.36,1000.7500,0.30
2025-07-22 15:25:00,1003.6,1004.15,1001.5,1002.5,459026,-0.0974,0.3394,-128.70,1000.7500,0.17
2025-07-23 09:15:00,1005.5,1006.45,1001.5,1003.4,403242,-0.0812,-0.0974,-16.63,1002.5000,0.09
2025-07-23 09:20:00,1003.35,1003.35,1001.5,1002.7,110232,-0.1100,-0.0974,12.94,1002.5000,0.02
2025-07-23 09:25:00,1002.7,1004,1002.5,1002.65,89964,-0.1238,-0.0974,27.10,1002.5000,0.01
2025-07-23 09:30:00,1002.55,1004,1002.55,1003.9,110104,-0.0443,-0.0974,-54.52,1002.5000,0.14
2025-07-23 09:35:00,1003.75,1004.45,1002.95,1003.35,86432,-0.0251,-0.0974,-74.23,1002.5000,0.08
2025-07-23 09:40:00,1003.35,1004.6,1003,1004.5,79534,0.0637,-0.0974,-165.40,1002.5000,0.20
2025-07-23 09:45:00,1004.6,1005,1003.55,1004.6,112594,0.1244,-0.0974,-227.72,1002.5000,0.21
2025-07-23 09:50:00,1004.65,1005,1003.6,1003.95,75892,0.1161,-0.0974,-219.20,1002.5000,0.14
2025-07-23 09:55:00,1003.9,1004.75,1003.55,1004.5,84712,0.1413,-0.0974,-245.07,1002.5000,0.20
2025-07-23 10:00:00,1004.45,1005,1004.05,1004.25,65420,0.1349,-0.0974,-238.50,1002.5000,0.17
2025-07-23 10:05:00,1004.25,1004.8,1004,1004.45,49448,0.1373,-0.0974,-240.97,1002.5000,0.19
2025-07-23 10:10:00,1004.4,1004.75,1003.95,1004.3,133970,0.1225,-0.0974,-225.77,1002.5000,0.18
2025-07-23 10:15:00,1004.3,1004.45,1003.5,1003.7,68118,0.0688,-0.0974,-170.64,1002.5000,0.12
2025-07-23 10:20:00,1003.65,1004.5,1003.65,1004.5,44784,0.0825,-0.0974,-184.70,1002.5000,0.20
2025-07-23 10:25:00,1004.45,1004.7,1004.4,1004.5,67570,0.0867,-0.0974,-189.01,1002.5000,0.20
2025-07-23 10:30:00,1004.45,1004.5,1003.45,1003.75,152068,0.0366,-0.0974,-137.58,1002.5000,0.12
2025-07-23 10:35:00,1003.75,1004.5,1003.45,1004.35,260152,0.0411,-0.0974,-142.20,1002.5000,0.18
2025-07-23 10:40:00,1004.3,1004.5,1004.15,1004.4,33072,0.0444,-0.0974,-145.59,1002.5000,0.19
2025-07-23 10:45:00,1004.45,1004.95,1004.4,1004.5,137672,0.0499,-0.0974,-151.23,1002.5000,0.20
2025-07-23 10:50:00,1004.45,1004.95,1004.3,1004.9,32606,0.0756,-0.0974,-177.62,1002.5000,0.24
2025-07-23 10:55:00,1004.9,1005.45,1004.7,1005,87060,0.0931,-0.0974,-195.59,1002.5000,0.25
2025-07-23 11:00:00,1004.85,1005.9,1004.85,1005,74530,0.0981,-0.0974,-200.72,1002.5000,0.25
2025-07-23 11:05:00,1004.95,1005.3,1004.6,1005.15,52262,0.1044,-0.0974,-207.19,1002.5000,0.26
2025-07-23 11:10:00,1005.05,1005.35,1005,1005.35,33622,0.1140,-0.0974,-217.04,1002.5000,0.28
2025-07-23 11:15:00,1005.3,1005.9,1005.3,1005.4,63438,0.1154,-0.0974,-218.48,1002.5000,0.29
2025-07-23 11:20:00,1005.4,1005.45,1003.8,1004.45,131958,0.0475,-0.0974,-148.77,1002.5000,0.19
2025-07-23 11:25:00,1004.35,1004.75,1004.35,1004.6,34784,0.0098,-0.0974,-110.06,1002.5000,0.21
2025-07-23 11:30:00,1004.65,1005.3,1004.6,1005.25,51194,0.0249,-0.0974,-125.56,1002.5000,0.27
2025-07-23 11:35:00,1005.15,1005.7,1005,1005.35,44014,0.0371,-0.0974,-138.09,1002.5000,0.28
2025-07-23 11:40:00,1005.3,1006,1004.75,1005.85,55502,0.0724,-0.0974,-174.33,1002.5000,0.33
2025-07-23 11:45:00,1005.75,1006.5,1005.7,1006.45,91744,0.1264,-0.0974,-229.77,1002.5000,0.39
2025-07-23 11:50:00,1006.4,1007,1005.8,1006.5,118314,0.1540,-0.0974,-258.11,1002.5000,0.40
2025-07-23 11:55:00,1006.4,1007.2,1006.05,1006.8,70112,0.1792,-0.0974,-283.98,1002.5000,0.43
2025-07-23 12:00:00,1006.8,1008.2,1006.4,1007.45,184542,0.2235,-0.0974,-329.47,1002.5000,0.49
2025-07-23 12:05:00,1007.1,1007.5,1007,1007.45,37558,0.2355,-0.0974,-341.79,1002.5000,0.49
2025-07-23 12:10:00,1007.5,1008.05,1006,1006.9,191048,0.1909,-0.0974,-296.00,1002.5000,0.44
2025-07-23 12:15:00,1006.85,1008,1006.4,1007.6,75900,0.1925,-0.0974,-297.64,1002.5000,0.51
2025-07-23 12:20:00,1007.55,1008.45,1007.55,1008.4,48342,0.2290,-0.0974,-335.11,1002.5000,0.59
2025-07-23 12:25:00,1008.45,1008.5,1007.95,1008.15,53658,0.2178,-0.0974,-323.61,1002.5000,0.56
2025-07-23 12:30:00,1008.15,1008.5,1008,1008.5,66408,0.2153,-0.0974,-321.05,1002.5000,0.60
2025-07-23 12:35:00,1008.5,1010,1008.45,1009.7,256794,0.2719,-0.0974,-379.16,1002.5000,0.72
2025-07-23 12:40:00,1009.7,1010,1009.05,1009.35,193918,0.2632,-0.0974,-370.23,1002.5000,0.68
2025-07-23 12:45:00,1009.35,1010,1008.6,1009.05,158374,0.2165,-0.0974,-322.28,1002.5000,0.65
2025-07-23 12:50:00,1009.05,1009.5,1008.45,1008.6,120168,0.1385,-0.0974,-242.20,1002.5000,0.61
2025-07-23 12:55:00,1008.55,1009.1,1008.45,1009.1,70448,0.1052,-0.0974,-208.01,1002.5000,0.66
2025-07-23 13:00:00,1008.8,1010.75,1008.8,1010.1,256954,0.1333,-0.0974,-236.86,1002.5000,0.76
2025-07-23 13:05:00,1010.1,1010.15,1009.7,1010.05,65922,0.1312,-0.0974,-234.70,1002.5000,0.75
2025-07-23 13:10:00,1010,1010.25,1009.85,1010.05,69188,0.1131,-0.0974,-216.12,1002.5000,0.75
2025-07-23 13:15:00,1010.05,1010.2,1009.6,1009.8,46582,0.0697,-0.0974,-171.56,1002.5000,0.73
2025-07-23 13:20:00,1009.8,1010.25,1009.05,1010.05,221058,0.0445,-0.0974,-145.69,1002.5000,0.75
2025-07-23 13:25:00,1010.05,1010.75,1010,1010.65,596052,0.0542,-0.0974,-155.65,1002.5000,0.81
2025-07-23 13:30:00,1010.6,1011.4,1010.25,1011.05,177524,0.0725,-0.0974,-174.44,1002.5000,0.85
2025-07-23 13:35:00,1011,1011.2,1010.35,1010.5,103936,0.0343,-0.0974,-135.22,1002.5000,0.80
2025-07-23 13:40:00,1010.45,1012.1,1010.45,1011.55,397620,0.0649,-0.0974,-166.63,1002.5000,0.90
2025-07-23 13:45:00,1011.55,1013,1011.5,1012.65,353894,0.1399,-0.0974,-243.63,1002.5000,1.01
2025-07-23 13:50:00,1012.65,1014.5,1012.6,1014,887012,0.2545,-0.0974,-361.29,1002.5000,1.15
2025-07-23 13:55:00,1013.9,1014.75,1013.15,1014.7,180852,0.3458,-0.0974,-455.03,1002.5000,1.22
2025-07-23 14:00:00,1014.7,1014.9,1013.75,1013.75,671562,0.3117,-0.0974,-420.02,1002.5000,1.12
2025-07-23 14:05:00,1013.8,1014.1,1013.05,1013.5,186954,0.2447,-0.0974,-351.23,1002.5000,1.10
2025-07-23 14:10:00,1013.5,1014.25,1013,1014.25,189574,0.2238,-0.0974,-329.77,1002.5000,1.17
2025-07-23 14:15:00,1014.2,1014.4,1013.15,1013.55,272360,0.1400,-0.0974,-243.74,1002.5000,1.10
2025-07-23 14:20:00,1013.5,1013.8,1012.55,1013.05,163520,0.0335,-0.0974,-134.39,1002.5000,1.05
2025-07-23 14:25:00,1013.05,1013.05,1012,1012.1,140500,-0.1105,-0.0974,13.45,1002.5000,0.96
2025-07-23 14:30:00,1012.1,1012.85,1011.65,1012.85,168900,-0.1616,-0.0974,65.91,1002.5000,1.03
2025-07-23 14:35:00,1012.85,1013,1012.5,1012.65,107702,-0.2120,-0.0974,117.66,1002.5000,1.01
2025-07-23 14:40:00,1012.65,1013,1011.65,1012.65,227276,-0.2463,-0.0974,152.87,1002.5000,1.01
2025-07-23 14:45:00,1012.65,1012.65,1011.3,1011.8,191898,-0.3222,-0.0974,230.80,1002.5000,0.93
2025-07-23 14:50:00,1011.8,1012,1011.2,1011.8,157824,-0.3652,-0.0974,274.95,1002.5000,0.93
2025-07-23 14:55:00,1011.75,1012.1,1011.1,1011.9,325492,-0.3782,-0.0974,288.30,1002.5000,0.94
2025-07-23 15:00:00,1011.9,1012.65,1011.5,1011.7,577418,-0.3900,-0.0974,300.41,1002.5000,0.92
2025-07-23 15:05:00,1011.7,1012.45,1011.65,1011.95,346700,-0.3708,-0.0974,280.70,1002.5000,0.94
2025-07-23 15:10:00,1011.9,1012.45,1011.75,1012.45,382006,-0.3164,-0.0974,224.85,1002.5000,0.99
2025-07-23 15:15:00,1012.45,1012.5,1011.85,1011.85,543176,-0.3122,-0.0974,220.53,1002.5000,0.93
2025-07-23 15:20:00,1011.9,1012.35,1011.85,1012.25,436952,-0.2752,-0.0974,182.55,1002.5000,0.97
2025-07-23 15:25:00,1012.2,1012.85,1012,1012.25,400874,-0.2445,-0.0974,151.03,1002.5000,0.97
2025-07-24 09:15:00,1018.85,1018.85,1011.4,1011.55,2063068,-0.2635,-0.2445,7.77,1012.2500,-0.07
2025-07-24 09:20:00,1011.6,1011.75,1009.55,1010.75,531334,-0.3183,-0.2445,30.18,1012.2500,-0.15
2025-07-24 09:25:00,1010.5,1010.75,1010.1,1010.1,81460,-0.3825,-0.2445,56.44,1012.2500,-0.21
2025-07-24 09:30:00,1010.35,1011.9,1008.15,1008.55,1096656,-0.5058,-0.2445,106.87,1012.2500,-0.37
2025-07-24 09:35:00,1008.55,1010,1008.35,1009.35,162420,-0.5084,-0.2445,107.93,1012.2500,-0.29
2025-07-24 09:40:00,1009.3,1010.05,1009,1009.8,133544,-0.4566,-0.2445,86.75,1012.2500,-0.24
2025-07-24 09:45:00,1009.65,1009.8,1008.4,1009.15,155738,-0.4424,-0.2445,80.94,1012.2500,-0.31
2025-07-24 09:50:00,1009.1,1009.45,1008.35,1008.65,147204,-0.4420,-0.2445,80.78,1012.2500,-0.36
2025-07-24 09:55:00,1008.65,1009,1008.2,1008.95,140294,-0.3982,-0.2445,62.86,1012.2500,-0.33
2025-07-24 10:00:00,1008.85,1009.2,1008.25,1008.25,94750,-0.3925,-0.2445,60.53,1012.2500,-0.40
2025-07-24 10:05:00,1008.25,1008.95,1008.2,1008.9,92242,-0.3238,-0.2445,32.43,1012.2500,-0.33
2025-07-24 10:10:00,1008.9,1008.95,1008.4,1008.5,118694,-0.2855,-0.2445,16.77,1012.2500,-0.37
2025-07-24 10:15:00,1008.4,1009.3,1008.4,1008.7,251154,-0.2293,-0.2445,-6.22,1012.2500,-0.35
2025-07-24 10:20:00,1008.7,1010,1008.6,1009.75,236788,-0.1102,-0.2445,-54.93,1012.2500,-0.25
2025-07-24 10:25:00,1009.6,1010.65,1009.15,1010.35,218874,0.0137,-0.2445,-105.60,1012.2500,-0.19
2025-07-24 10:30:00,1010.45,1012,1010.35,1012,117468,0.2012,-0.2445,-182.29,1012.2500,-0.02
2025-07-24 10:35:00,1011.8,1012.35,1011.3,1012.25,107818,0.3287,-0.2445,-234.44,1012.2500,0.00
2025-07-24 10:40:00,1012.25,1012.8,1011.8,1012.5,137522,0.4114,-0.2445,-268.26,1012.2500,0.02
2025-07-24 10:45:00,1012.5,1012.55,1011.15,1011.6,108226,0.3872,-0.2445,-258.36,1012.2500,-0.06
2025-07-24 10:50:00,1011.6,1011.95,1011.25,1011.35,88554,0.3379,-0.2445,-238.20,1012.2500,-0.09
2025-07-24 10:55:00,1011.35,1011.55,1009.75,1009.8,160448,0.1917,-0.2445,-178.40,1012.2500,-0.24
2025-07-24 11:00:00,1009.8,1010,1008.75,1009.05,103788,0.0431,-0.2445,-117.63,1012.2500,-0.32
2025-07-24 11:05:00,1009.05,1010.6,1008.95,1010.55,147116,0.0443,-0.2445,-118.12,1012.2500,-0.17
2025-07-24 11:10:00,1010.5,1011.1,1010.1,1010.45,184762,0.0370,-0.2445,-115.13,1012.2500,-0.18
2025-07-24 11:15:00,1010.45,1012.15,1010.4,1010.9,205568,0.0599,-0.2445,-124.50,1012.2500,-0.13
2025-07-24 11:20:00,1011,1011.4,1009.5,1009.5,239750,-0.0178,-0.2445,-92.72,1012.2500,-0.27
2025-07-24 11:25:00,1009.6,1009.6,1009,1009.35,98104,-0.0745,-0.2445,-69.53,1012.2500,-0.29
2025-07-24 11:30:00,1009.35,1009.55,1008.5,1008.5,220404,-0.1597,-0.2445,-34.68,1012.2500,-0.37
2025-07-24 11:35:00,1008.55,1008.65,1008.3,1008.5,82668,-0.2037,-0.2445,-16.69,1012.2500,-0.37
2025-07-24 11:40:00,1008.5,1008.55,1007.85,1008,130764,-0.2509,-0.2445,2.62,1012.2500,-0.42
2025-07-24 11:45:00,1008,1008.4,1007.5,1007.75,151088,-0.2812,-0.2445,15.01,1012.2500,-0.44
2025-07-24 11:50:00,1007.75,1007.75,1006.7,1006.95,107960,-0.3338,-0.2445,36.52,1012.2500,-0.52
2025-07-24 11:55:00,1006.95,1007.4,1006.25,1006.3,94626,-0.3872,-0.2445,58.36,1012.2500,-0.59
2025-07-24 12:00:00,1006.3,1007.1,1005.7,1005.8,158640,-0.4279,-0.2445,75.01,1012.2500,-0.64
2025-07-24 12:05:00,1005.85,1005.95,1004.9,1005.6,169154,-0.4383,-0.2445,79.26,1012.2500,-0.66
2025-07-24 12:10:00,1005.35,1005.75,1004.75,1005.55,131180,-0.4187,-0.2445,71.25,1012.2500,-0.66
2025-07-24 12:15:00,1005.5,1006.4,1005.25,1006.1,121454,-0.3421,-0.2445,39.92,1012.2500,-0.61
2025-07-24 12:20:00,1006.1,1006.1,1005,1005.15,107392,-0.3286,-0.2445,34.40,1012.2500,-0.70
2025-07-24 12:25:00,1005.1,1006.2,1005.05,1005.95,140214,-0.2430,-0.2445,-0.61,1012.2500,-0.62
2025-07-24 12:30:00,1005.8,1006.5,1005.5,1006.25,125832,-0.1481,-0.2445,-39.43,1012.2500,-0.59
2025-07-24 12:35:00,1006.15,1006.45,1005.85,1006.1,86638,-0.0807,-0.2445,-66.99,1012.2500,-0.61
2025-07-24 12:40:00,1006.05,1006.4,1005.8,1006,87634,-0.0306,-0.2445,-87.48,1012.2500,-0.62
2025-07-24 12:45:00,1005.9,1006.5,1005.4,1006.35,148956,0.0347,-0.2445,-114.19,1012.2500,-0.58
2025-07-24 12:50:00,1006.15,1006.5,1005.4,1005.55,97354,0.0327,-0.2445,-113.37,1012.2500,-0.66
2025-07-24 12:55:00,1005.55,1005.95,1005,1005.15,114600,0.0140,-0.2445,-105.73,1012.2500,-0.70
2025-07-24 13:00:00,1005.1,1005.6,1004.7,1004.9,179062,-0.0046,-0.2445,-98.12,1012.2500,-0.73
2025-07-24 13:05:00,1004.9,1006.05,1004.7,1006,107734,0.0641,-0.2445,-126.22,1012.2500,-0.62
2025-07-24 13:10:00,1005.9,1006.8,1005.6,1006.5,94002,0.1453,-0.2445,-159.43,1012.2500,-0.57
2025-07-24 13:15:00,1006.5,1007.5,1005.8,1007.1,106654,0.2363,-0.2445,-196.65,1012.2500,-0.51
2025-07-24 13:20:00,1006.95,1007.15,1005.8,1006.05,70698,0.2227,-0.2445,-191.08,1012.2500,-0.61
2025-07-24 13:25:00,1006,1006.9,1005.9,1006.6,88570,0.2459,-0.2445,-200.57,1012.2500,-0.56
2025-07-24 13:30:00,1006.55,1007,1006.4,1007,79902,0.2808,-0.2445,-214.85,1012.2500,-0.52
2025-07-24 13:35:00,1006.85,1007.7,1006.7,1006.85,134712,0.2855,-0.2445,-216.77,1012.2500,-0.53
2025-07-24 13:40:00,1006.75,1009.05,1006.75,1007.65,696640,0.3310,-0.2445,-235.38,1012.2500,-0.45
2025-07-24 13:45:00,1007.55,1009.65,1007.05,1009.6,324776,0.4723,-0.2445,-293.17,1012.2500,-0.26
2025-07-24 13:50:00,1009.25,1010.1,1008.85,1009,453342,0.5024,-0.2445,-305.48,1012.2500,-0.32
2025-07-24 13:55:00,1008.95,1009,1006.6,1007.4,235976,0.3963,-0.2445,-262.09,1012.2500,-0.48
2025-07-24 14:00:00,1007.4,1009.35,1006.75,1009.1,337456,0.4201,-0.2445,-271.82,1012.2500,-0.31
2025-07-24 14:05:00,1009.1,1009.1,1008,1008.45,118824,0.3732,-0.2445,-252.64,1012.2500,-0.38
2025-07-24 14:10:00,1008.45,1008.75,1007.65,1007.8,100260,0.2834,-0.2445,-215.91,1012.2500,-0.44
2025-07-24 14:15:00,1007.75,1008.95,1007.65,1008.95,131392,0.2858,-0.2445,-216.89,1012.2500,-0.33
2025-07-24 14:20:00,1008.9,1009.95,1006.65,1008.15,931650,0.2208,-0.2445,-190.31,1012.2500,-0.41
2025-07-24 14:25:00,1008.15,1008.2,1007.5,1007.75,107106,0.1419,-0.2445,-158.04,1012.2500,-0.44
2025-07-24 14:30:00,1007.6,1008.1,1007.5,1007.8,106720,0.0868,-0.2445,-135.50,1012.2500,-0.44
2025-07-24 14:35:00,1007.65,1008.5,1006.95,1007.6,448576,0.0334,-0.2445,-113.66,1012.2500,-0.46
2025-07-24 14:40:00,1007.5,1007.95,1006.25,1007.5,266848,-0.0098,-0.2445,-95.99,1012.2500,-0.47
2025-07-24 14:45:00,1007.5,1008,1006.5,1007.1,279480,-0.0635,-0.2445,-74.03,1012.2500,-0.51
2025-07-24 14:50:00,1007,1007.35,1006.65,1007.15,125448,-0.0922,-0.2445,-62.29,1012.2500,-0.50
2025-07-24 14:55:00,1007.1,1007.65,1006.75,1006.8,140700,-0.1289,-0.2445,-47.28,1012.2500,-0.54
2025-07-24 15:00:00,1006.75,1008.05,1005.95,1007.95,596014,-0.0727,-0.2445,-70.27,1012.2500,-0.42
2025-07-24 15:05:00,1007.95,1008.05,1007.1,1007.6,437544,-0.0568,-0.2445,-76.77,1012.2500,-0.46
2025-07-24 15:10:00,1007.6,1007.7,1007.4,1007.6,392398,-0.0445,-0.2445,-81.80,1012.2500,-0.46
2025-07-24 15:15:00,1007.6,1007.65,1007.1,1007.15,438556,-0.0638,-0.2445,-73.91,1012.2500,-0.50
2025-07-24 15:20:00,1007.1,1007.55,1006.6,1007.4,431974,-0.0570,-0.2445,-76.69,1012.2500,-0.48
2025-07-24 15:25:00,1007.4,1007.45,1004.2,1005.85,452174,-0.1489,-0.2445,-39.10,1012.2500,-0.63
2025-07-25 09:15:00,1007.5,1007.5,1001.5,1003.5,692338,-0.3487,-0.1489,134.18,1005.8500,-0.23
2025-07-25 09:20:00,1003.55,1003.6,1001.05,1002.35,115404,-0.5282,-0.1489,254.73,1005.8500,-0.35
2025-07-25 09:25:00,1002.35,1004.9,1002,1004.6,89390,-0.4673,-0.1489,213.83,1005.8500,-0.12
2025-07-25 09:30:00,1004.9,1005.45,1003.15,1003.15,158746,-0.4941,-0.1489,231.83,1005.8500,-0.27
2025-07-25 09:35:00,1003.3,1004.45,1003,1004,41014,-0.4265,-0.1489,186.43,1005.8500,-0.18
2025-07-25 09:40:00,1003.9,1004.1,1003.25,1003.25,28014,-0.4045,-0.1489,171.66,1005.8500,-0.26
2025-07-25 09:45:00,1003.3,1003.85,1003,1003.35,42828,-0.3569,-0.1489,139.69,1005.8500,-0.25
2025-07-25 09:50:00,1003.4,1004.45,1003,1004.45,54242,-0.2313,-0.1489,55.34,1005.8500,-0.14
2025-07-25 09:55:00,1004.45,1005,1003.55,1004.1,75332,-0.1552,-0.1489,4.23,1005.8500,-0.17
2025-07-25 10:00:00,1004.3,1005.4,1004.1,1004.85,86134,-0.0438,-0.1489,-70.58,1005.8500,-0.10
2025-07-25 10:05:00,1004.85,1005.4,1004.25,1004.75,142222,0.0299,-0.1489,-120.08,1005.8500,-0.11
2025-07-25 10:10:00,1004.75,1004.75,1003.5,1004.05,93340,0.0378,-0.1489,-125.39,1005.8500,-0.18
2025-07-25 10:15:00,1004.05,1004.05,1002.55,1002.65,129498,-0.0409,-0.1489,-72.53,1005.8500,-0.32
2025-07-25 10:20:00,1002.65,1003.2,1002.25,1002.7,121358,-0.0770,-0.1489,-48.29,1005.8500,-0.31
2025-07-25 10:25:00,1002.7,1002.75,1001.6,1002.25,107642,-0.1163,-0.1489,-21.89,1005.8500,-0.36
2025-07-25 10:30:00,1002.25,1003.5,1002,1002.05,198152,-0.1392,-0.1489,-6.51,1005.8500,-0.38
2025-07-25 10:35:00,1002.05,1002.25,1000.6,1001.25,90916,-0.1888,-0.1489,26.80,1005.8500,-0.46
2025-07-25 10:40:00,1000.95,1001.35,1000.25,1001.35,45416,-0.1945,-0.1489,30.62,1005.8500,-0.45
2025-07-25 10:45:00,1001.35,1001.5,1000,1001,139386,-0.2007,-0.1489,34.79,1005.8500,-0.48
2025-07-25 10:50:00,1001,1001.5,1000,1000.15,154218,-0.2384,-0.1489,60.11,1005.8500,-0.57
2025-07-25 10:55:00,1000.05,1000.95,999.9,1000.4,92626,-0.2231,-0.1489,49.83,1005.8500,-0.54
2025-07-25 11:00:00,1000.35,1001.3,1000.1,1001,58850,-0.1525,-0.1489,2.42,1005.8500,-0.48
2025-07-25 11:05:00,1001.25,1001.7,1000.45,1001.15,159166,-0.0793,-0.1489,-46.74,1005.8500,-0.47
2025-07-25 11:10:00,1001.15,1001.15,999.9,1000.3,90916,-0.0720,-0.1489,-51.65,1005.8500,-0.55
2025-07-25 11:15:00,1000.45,1001.1,999.75,1000.85,84138,-0.0168,-0.1489,-88.72,1005.8500,-0.50
2025-07-25 11:20:00,1000.95,1002,1000.5,1002,102758,0.1037,-0.1489,-169.64,1005.8500,-0.38
2025-07-25 11:25:00,1002,1002.5,1001.5,1002.15,47706,0.1950,-0.1489,-230.96,1005.8500,-0.37
2025-07-25 11:30:00,1002.15,1004.05,1001.9,1002.45,304298,0.2721,-0.1489,-282.74,1005.8500,-0.34
2025-07-25 11:35:00,1002.45,1003,1001.85,1002.4,34996,0.3134,-0.1489,-310.48,1005.8500,-0.34
2025-07-25 11:40:00,1002.4,1002.75,1001.7,1002.7,33740,0.3518,-0.1489,-336.27,1005.8500,-0.31
2025-07-25 11:45:00,1002.75,1002.75,1000.85,1001.75,47664,0.3057,-0.1489,-305.31,1005.8500,-0.41
2025-07-25 11:50:00,1001.75,1002.25,1001.3,1001.75,51336,0.2690,-0.1489,-280.66,1005.8500,-0.41
2025-07-25 11:55:00,1001.75,1002.3,1001.3,1001.75,46418,0.2395,-0.1489,-260.85,1005.8500,-0.41
2025-07-25 12:00:00,1001.75,1001.9,1000.6,1001.15,105034,0.1772,-0.1489,-219.01,1005.8500,-0.47
2025-07-25 12:05:00,1001.05,1001.35,1000.5,1000.7,46932,0.1068,-0.1489,-171.73,1005.8500,-0.51
2025-07-25 12:10:00,1000.65,1001.3,1000.6,1000.95,38762,0.0795,-0.1489,-153.39,1005.8500,-0.49
2025-07-25 12:15:00,1000.95,1000.95,1000.2,1000.3,74210,0.0229,-0.1489,-115.38,1005.8500,-0.55
2025-07-25 12:20:00,1000.3,1000.55,999.5,999.9,105054,-0.0331,-0.1489,-77.77,1005.8500,-0.59
2025-07-25 12:25:00,999.7,1000.55,999.7,1000.4,59392,-0.0283,-0.1489,-80.99,1005.8500,-0.54
2025-07-25 12:30:00,1000.4,1000.45,999.55,999.8,69024,-0.0557,-0.1489,-62.59,1005.8500,-0.60
2025-07-25 12:35:00,999.7,1001.8,999.6,1001.45,138110,0.0417,-0.1489,-128.01,1005.8500,-0.44
2025-07-25 12:40:00,1001.45,1001.85,1000.95,1001,195860,0.0782,-0.1489,-152.52,1005.8500,-0.48
2025-07-25 12:45:00,1001.25,1001.5,1001,1001.45,52194,0.1319,-0.1489,-188.58,1005.8500,-0.44
2025-07-25 12:50:00,1001.45,1001.45,1000.55,1000.55,42664,0.1071,-0.1489,-171.93,1005.8500,-0.53
2025-07-25 12:55:00,1000.55,1001.05,1000.5,1001,67088,0.1203,-0.1489,-180.79,1005.8500,-0.48
2025-07-25 13:00:00,1001,1001.7,1000.95,1001.55,123678,0.1627,-0.1489,-209.27,1005.8500,-0.43
2025-07-25 13:05:00,1001.55,1002.7,1001.3,1001.85,150546,0.2049,-0.1489,-237.61,1005.8500,-0.40
2025-07-25 13:10:00,1001.9,1002.3,1001.65,1002.2,67384,0.2474,-0.1489,-266.15,1005.8500,-0.36
2025-07-25 13:15:00,1002.2,1002.45,1001.15,1001.85,59606,0.2428,-0.1489,-263.06,1005.8500,-0.40
2025-07-25 13:20:00,1001.9,1003,1001.85,1003,63848,0.3039,-0.1489,-304.10,1005.8500,-0.28
2025-07-25 13:25:00,1003,1003,1002.25,1002.8,39274,0.3162,-0.1489,-312.36,1005.8500,-0.30
2025-07-25 13:30:00,1002.85,1003,1000.45,1000.7,148906,0.1753,-0.1489,-217.73,1005.8500,-0.51
2025-07-25 13:35:00,1000.7,1002.55,1000.6,1002.55,73680,0.1975,-0.1489,-232.64,1005.8500,-0.33
2025-07-25 13:40:00,1002.5,1003,1001.95,1002.95,127978,0.2277,-0.1489,-252.92,1005.8500,-0.29
2025-07-25 13:45:00,1002.95,1003.5,1002.4,1003.25,68364,0.2545,-0.1489,-270.92,1005.8500,-0.26
2025-07-25 13:50:00,1003.25,1003.8,1002.8,1003.2,76074,0.2547,-0.1489,-271.05,1005.8500,-0.26
2025-07-25 13:55:00,1003.2,1003.5,1002.85,1003.3,61900,0.2474,-0.1489,-266.15,1005.8500,-0.25
2025-07-25 14:00:00,1003.3,1003.45,1002,1002.75,67330,0.1936,-0.1489,-230.02,1005.8500,-0.31
2025-07-25 14:05:00,1002.75,1003.05,1001.45,1002.35,94120,0.1227,-0.1489,-182.40,1005.8500,-0.35
2025-07-25 14:10:00,1002.3,1002.9,1001.85,1002.2,46112,0.0604,-0.1489,-140.56,1005.8500,-0.36
2025-07-25 14:15:00,1002.2,1002.45,1001.7,1002.2,47006,0.0163,-0.1489,-110.95,1005.8500,-0.36
2025-07-25 14:20:00,1002.1,1002.25,1000.85,1002.1,110270,-0.0207,-0.1489,-86.10,1005.8500,-0.37
2025-07-25 14:25:00,1002.05,1002.15,1000.3,1001.5,131248,-0.0830,-0.1489,-44.26,1005.8500,-0.43
2025-07-25 14:30:00,1001.25,1001.45,1000.55,1001,46354,-0.1513,-0.1489,1.61,1005.8500,-0.48
2025-07-25 14:35:00,1001,1001.6,1000.95,1001.55,46286,-0.1526,-0.1489,2.48,1005.8500,-0.43
2025-07-25 14:40:00,1001.25,1001.55,1000.7,1001.15,50768,-0.1720,-0.1489,15.51,1005.8500,-0.47
2025-07-25 14:45:00,1001.2,1001.5,1000.75,1000.9,53434,-0.1917,-0.1489,28.74,1005.8500,-0.49
2025-07-25 14:50:00,1001.15,1002.2,1000.9,1002,78198,-0.1241,-0.1489,-16.66,1005.8500,-0.38
2025-07-25 14:55:00,1002,1002.05,1001.4,1002.05,58100,-0.0720,-0.1489,-51.65,1005.8500,-0.38
2025-07-25 15:00:00,1002,1003,1001.7,1002.4,276710,-0.0130,-0.1489,-91.27,1005.8500,-0.34
2025-07-25 15:05:00,1002.45,1002.8,1002.35,1002.75,211932,0.0472,-0.1489,-131.70,1005.8500,-0.31
2025-07-25 15:10:00,1002.7,1002.85,1001.95,1002.15,247372,0.0443,-0.1489,-129.75,1005.8500,-0.37
2025-07-25 15:15:00,1002.15,1002.25,1001.4,1002.15,306362,0.0402,-0.1489,-127.00,1005.8500,-0.37
2025-07-25 15:20:00,1002.15,1003.4,1002.05,1002.2,340180,0.0386,-0.1489,-125.92,1005.8500,-0.36
2025-07-25 15:25:00,1002.2,1002.7,1000.75,1002.5,196292,0.0546,-0.1489,-136.67,1005.8500,-0.33
2025-07-28 09:15:00,1001.9,1005,1000.25,1004.6,380306,0.1955,0.0546,258.06,1002.5000,0.21
2025-07-28 09:20:00,1004.9,1006.7,1004.25,1005.15,192822,0.3080,0.0546,464.10,1002.5000,0.26
2025-07-28 09:25:00,1005.45,1005.5,1003.4,1004.45,139512,0.3162,0.0546,479.12,1002.5000,0.19
2025-07-28 09:30:00,1004.45,1007.5,1004.35,1007.25,162254,0.4813,0.0546,781.50,1002.5000,0.47
2025-07-28 09:35:00,1007.25,1007.95,1006.1,1006.5,145454,0.5085,0.0546,831.32,1002.5000,0.40
2025-07-28 09:40:00,1006.45,1006.75,1005.1,1005.45,106800,0.4274,0.0546,682.78,1002.5000,0.29
2025-07-28 09:45:00,1005.3,1007.25,1005.1,1007.1,131924,0.4541,0.0546,731.68,1002.5000,0.46
2025-07-28 09:50:00,1007.05,1007.45,1005.95,1006.4,116126,0.3960,0.0546,625.27,1002.5000,0.39
2025-07-28 09:55:00,1006.45,1007.3,1006.05,1006.15,102956,0.3155,0.0546,477.84,1002.5000,0.36
2025-07-28 10:00:00,1006.2,1006.85,1005.75,1006.1,105962,0.2373,0.0546,334.62,1002.5000,0.36
2025-07-28 10:05:00,1006.2,1007.5,1005.85,1007.35,137354,0.2471,0.0546,352.56,1002.5000,0.48
2025-07-28 10:10:00,1007.35,1008.85,1007.05,1008.85,220290,0.3268,0.0546,498.53,1002.5000,0.63
2025-07-28 10:15:00,1008.85,1010.5,1008.85,1009.95,180420,0.4200,0.0546,669.23,1002.5000,0.74
2025-07-28 10:20:00,1009.95,1010.35,1009.25,1010.15,142800,0.4583,0.0546,739.38,1002.5000,0.76
2025-07-28 10:25:00,1010.15,1010.3,1009.1,1009.55,89402,0.4081,0.0546,647.44,1002.5000,0.70
2025-07-28 10:30:00,1009.6,1009.95,1008.55,1008.65,75824,0.2850,0.0546,421.98,1002.5000,0.61
2025-07-28 10:35:00,1008.65,1008.95,1007.55,1007.55,90344,0.1092,0.0546,100.00,1002.5000,0.50
2025-07-28 10:40:00,1007.7,1008.9,1007.05,1007.55,73542,-0.0204,0.0546,-137.36,1002.5000,0.50
2025-07-28 10:45:00,1007.55,1007.55,1005.8,1007.2,191400,-0.1366,0.0546,-350.18,1002.5000,0.47
2025-07-28 10:50:00,1007.25,1008.45,1007.05,1008.2,85454,-0.1517,0.0546,-377.84,1002.5000,0.57
2025-07-28 10:55:00,1008.2,1009.5,1008,1009.5,108028,-0.0834,0.0546,-252.75,1002.5000,0.70
2025-07-28 11:00:00,1009.5,1010.7,1008.5,1009.05,231410,-0.0777,0.0546,-242.31,1002.5000,0.65
2025-07-28 11:05:00,1009.05,1009.2,1007.3,1007.95,220376,-0.1529,0.0546,-380.04,1002.5000,0.54
2025-07-28 11:10:00,1007.95,1008.6,1007.2,1007.5,128750,-0.2330,0.0546,-526.74,1002.5000,0.50
2025-07-28 11:15:00,1007.5,1007.95,1007.25,1007.5,95650,-0.2828,0.0546,-617.95,1002.5000,0.50
2025-07-28 11:20:00,1007.45,1007.8,1006.95,1007.4,89504,-0.3166,0.0546,-679.85,1002.5000,0.49
2025-07-28 11:25:00,1007.4,1007.5,1006.5,1006.85,123858,-0.3668,0.0546,-771.79,1002.5000,0.43
2025-07-28 11:30:00,1006.85,1007.7,1006.2,1007.45,197510,-0.3502,0.0546,-741.39,1002.5000,0.49
2025-07-28 11:35:00,1007.55,1008,1007,1007.5,201200,-0.3271,0.0546,-699.08,1002.5000,0.50
2025-07-28 11:40:00,1007.5,1007.5,1006.25,1006.85,208140,-0.3449,0.0546,-731.68,1002.5000,0.43
2025-07-28 11:45:00,1006.85,1006.85,1006.1,1006.5,52168,-0.3676,0.0546,-773.26,1002.5000,0.40
2025-07-28 11:50:00,1006.5,1007.5,1005.95,1007.2,64592,-0.3243,0.0546,-693.96,1002.5000,0.47
2025-07-28 11:55:00,1007.2,1007.7,1006.75,1007.45,58314,-0.2698,0.0546,-594.14,1002.5000,0.49
2025-07-28 12:00:00,1007.45,1007.5,1006.5,1006.85,50176,-0.2648,0.0546,-584.98,1002.5000,0.43
2025-07-28 12:05:00,1006.9,1007.45,1006,1006.3,60226,-0.2874,0.0546,-626.37,1002.5000,0.38
2025-07-28 12:10:00,1006.3,1007.5,1006.25,1007.4,92840,-0.2200,0.0546,-502.93,1002.5000,0.49
2025-07-28 12:15:00,1007.4,1007.55,1007,1007.5,78948,-0.1632,0.0546,-398.90,1002.5000,0.50
2025-07-28 12:20:00,1007.45,1007.65,1007,1007.4,74052,-0.1283,0.0546,-334.98,1002.5000,0.49
2025-07-28 12:25:00,1007.4,1007.95,1006.95,1007.5,107916,-0.0959,0.0546,-275.64,1002.5000,0.50
2025-07-28 12:30:00,1007.5,1007.85,1007.2,1007.5,56552,-0.0730,0.0546,-233.70,1002.5000,0.50
2025-07-28 12:35:00,1007.5,1007.5,1007,1007.45,55804,-0.0602,0.0546,-210.26,1002.5000,0.49
2025-07-28 12:40:00,1007.5,1007.75,1006.75,1006.95,69274,-0.0831,0.0546,-252.20,1002.5000,0.44
2025-07-28 12:45:00,1007,1007.7,1006.15,1006.25,117536,-0.1396,0.0546,-355.68,1002.5000,0.37
2025-07-28 12:50:00,1006.25,1006.7,1004.9,1006.5,232174,-0.1534,0.0546,-380.95,1002.5000,0.40
2025-07-28 12:55:00,1006.5,1006.7,1006,1006.4,66462,-0.1616,0.0546,-395.97,1002.5000,0.39
2025-07-28 13:00:00,1006.45,1006.75,1005,1005.05,135010,-0.2452,0.0546,-549.08,1002.5000,0.25
2025-07-28 13:05:00,1005.1,1005.95,1005,1005.35,74778,-0.2660,0.0546,-587.18,1002.5000,0.28
2025-07-28 13:10:00,1005.35,1005.5,1004.55,1004.9,143908,-0.2935,0.0546,-637.55,1002.5000,0.24
2025-07-28 13:15:00,1004.9,1004.95,1004.4,1004.5,120730,-0.3199,0.0546,-685.90,1002.5000,0.20
2025-07-28 13:20:00,1004.5,1004.95,1003.95,1004.4,148382,-0.3244,0.0546,-694.14,1002.5000,0.19
2025-07-28 13:25:00,1004.35,1004.5,1003.15,1003.55,95270,-0.3620,0.0546,-763.00,1002.5000,0.10
2025-07-28 13:30:00,1003.55,1004.25,1002.55,1002.75,93516,-0.4144,0.0546,-858.97,1002.5000,0.02
2025-07-28 13:35:00,1003,1003.45,1002.5,1003.3,61336,-0.3862,0.0546,-807.33,1002.5000,0.08
2025-07-28 13:40:00,1003.3,1003.9,1003.1,1003.15,76248,-0.3527,0.0546,-745.97,1002.5000,0.06
2025-07-28 13:45:00,1003.25,1003.95,1002.85,1003.55,69690,-0.2819,0.0546,-616.30,1002.5000,0.10
2025-07-28 13:50:00,1003.55,1004.6,1003.5,1004.45,147886,-0.1587,0.0546,-390.66,1002.5000,0.19
2025-07-28 13:55:00,1004.5,1004.85,1003.8,1004.05,140358,-0.0919,0.0546,-268.32,1002.5000,0.15
2025-07-28 14:00:00,1004.05,1004.3,1003,1003.8,108820,-0.0540,0.0546,-198.90,1002.5000,0.13
2025-07-28 14:05:00,1003.8,1004.5,1003.25,1004,145718,-0.0074,0.0546,-113.55,1002.5000,0.15
2025-07-28 14:10:00,1003.95,1004.35,1002.8,1003.75,222044,0.0135,0.0546,-75.27,1002.5000,0.12
2025-07-28 14:15:00,1003.9,1004.25,1003.55,1003.8,117648,0.0362,0.0546,-33.70,1002.5000,0.13
2025-07-28 14:20:00,1003.85,1004.5,1003.5,1004.1,111430,0.0749,0.0546,37.18,1002.5000,0.16
2025-07-28 14:25:00,1004.15,1004.45,1003.45,1003.6,113262,0.0702,0.0546,28.57,1002.5000,0.11
2025-07-28 14:30:00,1003.75,1004.5,1003.6,1004.25,143598,0.1119,0.0546,104.95,1002.5000,0.17
2025-07-28 14:35:00,1004.3,1005,1003.95,1004.65,140514,0.1642,0.0546,200.73,1002.5000,0.21
2025-07-28 14:40:00,1004.7,1005.65,1004.45,1005.25,211750,0.2329,0.0546,326.56,1002.5000,0.27
2025-07-28 14:45:00,1005.3,1005.3,1003.8,1004.05,204210,0.1928,0.0546,253.11,1002.5000,0.15
2025-07-28 14:50:00,1004.2,1005.2,1004.05,1004.6,126694,0.1978,0.0546,262.27,1002.5000,0.21
2025-07-28 14:55:00,1004.65,1005.65,1004.6,1005.25,153216,0.2368,0.0546,333.70,1002.5000,0.27
2025-07-28 15:00:00,1005.3,1005.3,1004,1004.55,520656,0.2084,0.0546,281.68,1002.5000,0.20
2025-07-28 15:05:00,1004.6,1004.65,1003.6,1003.9,486372,0.1419,0.0546,159.89,1002.5000,0.14
2025-07-28 15:10:00,1004,1004.8,1003.8,1003.85,437222,0.0930,0.0546,70.33,1002.5000,0.13
2025-07-28 15:15:00,1003.9,1004.6,1003.8,1004.3,626888,0.0894,0.0546,63.74,1002.5000,0.18
2025-07-28 15:20:00,1004.3,1004.75,1004,1004.35,507846,0.0887,0.0546,62.45,1002.5000,0.18
2025-07-28 15:25:00,1004.35,1005,1002.5,1004.95,544596,0.1246,0.0546,128.21,1002.5000,0.24
2025-07-29 09:15:00,999.95,1002.5,998.15,1001.8,1436490,-0.0579,0.1246,-146.47,1004.9500,-0.31
2025-07-29 09:20:00,1001.55,1002.95,999.65,1001.5,471480,-0.1858,0.1246,-249.12,1004.9500,-0.34
2025-07-29 09:25:00,1001.5,1002.4,1000.05,1001.75,412238,-0.2372,0.1246,-290.37,1004.9500,-0.32
2025-07-29 09:30:00,1001.85,1003,1000.6,1002.6,645698,-0.1991,0.1246,-259.79,1004.9500,-0.23
2025-07-29 09:35:00,1002.65,1003,1001.7,1002.45,240982,-0.1703,0.1246,-236.68,1004.9500,-0.25
2025-07-29 09:40:00,1002.5,1004.45,1002.45,1004.3,230604,-0.0208,0.1246,-116.69,1004.9500,-0.06
2025-07-29 09:45:00,1004.3,1004.95,1003.5,1004.35,161046,0.0816,0.1246,-34.51,1004.9500,-0.06
2025-07-29 09:50:00,1004.35,1005.5,1004.3,1005.5,126544,0.2193,0.1246,76.00,1004.9500,0.05
2025-07-29 09:55:00,1005.5,1006.1,1005.25,1005.3,145794,0.2851,0.1246,128.81,1004.9500,0.03
2025-07-29 10:00:00,1005.4,1005.85,1005.25,1005.8,83860,0.3465,0.1246,178.09,1004.9500,0.08
2025-07-29 10:05:00,1005.75,1006.5,1005.35,1005.6,132988,0.3564,0.1246,186.04,1004.9500,0.06
2025-07-29 10:10:00,1005.6,1005.7,1004.5,1005.05,133090,0.3104,0.1246,149.12,1004.9500,0.01
2025-07-29 10:15:00,1005.05,1005.9,1004,1005.35,279738,0.2853,0.1246,128.97,1004.9500,0.04
2025-07-29 10:20:00,1005.55,1005.75,1004.5,1004.7,131656,0.2133,0.1246,71.19,1004.9500,-0.02
2025-07-29 10:25:00,1004.8,1004.95,1003.6,1004.35,129230,0.1344,0.1246,7.87,1004.9500,-0.06
2025-07-29 10:30:00,1004.3,1005,1004.25,1004.8,110694,0.1060,0.1246,-14.93,1004.9500,-0.01
2025-07-29 10:35:00,1004.8,1005.05,1004.4,1004.75,70168,0.0786,0.1246,-36.92,1004.9500,-0.02
2025-07-29 10:40:00,1004.75,1006.15,1004.5,1005.9,150062,0.1297,0.1246,4.09,1004.9500,0.09
2025-07-29 10:45:00,1005.9,1006.1,1004.15,1004.5,161052,0.0643,0.1246,-48.39,1004.9500,-0.04
2025-07-29 10:50:00,1004.65,1005.05,1003.85,1004.85,88382,0.0408,0.1246,-67.26,1004.9500,-0.01
2025-07-29 10:55:00,1004.85,1004.95,1003.6,1004.8,251952,0.0192,0.1246,-84.59,1004.9500,-0.01
2025-07-29 11:00:00,1004.9,1005,1004.35,1004.65,118158,-0.0066,0.1246,-105.30,1004.9500,-0.03
2025-07-29 11:05:00,1004.65,1006.5,1004.45,1006.45,126634,0.0910,0.1246,-26.97,1004.9500,0.15
2025-07-29 11:10:00,1006.35,1006.95,1006.1,1006.6,103094,0.1551,0.1246,24.48,1004.9500,0.16
2025-07-29 11:15:00,1006.65,1008.7,1006.6,1008.2,344556,0.2871,0.1246,130.42,1004.9500,0.32
2025-07-29 11:20:00,1008.15,1009.65,1008,1009.65,178000,0.4446,0.1246,256.82,1004.9500,0.47
2025-07-29 11:25:00,1009.65,1009.7,1008.3,1008.35,204922,0.4332,0.1246,247.67,1004.9500,0.34
2025-07-29 11:30:00,1008.3,1009.4,1008.2,1009.25,63104,0.4560,0.1246,265.97,1004.9500,0.43
2025-07-29 11:35:00,1009.2,1009.5,1009,1009.15,81856,0.4342,0.1246,248.48,1004.9500,0.42
2025-07-29 11:40:00,1009.05,1009.2,1007.95,1008.25,108402,0.3335,0.1246,167.66,1004.9500,0.33
2025-07-29 11:45:00,1008.25,1008.55,1007.65,1007.95,114898,0.2261,0.1246,81.46,1004.9500,0.30
2025-07-29 11:50:00,1007.95,1008.4,1007.25,1007.5,201886,0.1102,0.1246,-11.56,1004.9500,0.25
2025-07-29 11:55:00,1007.5,1008.25,1007.45,1008.1,75198,0.0617,0.1246,-50.48,1004.9500,0.31
2025-07-29 12:00:00,1008.1,1008.25,1007.65,1008,57146,0.0132,0.1246,-89.41,1004.9500,0.30
2025-07-29 12:05:00,1008,1009,1007.9,1008.9,103134,0.0310,0.1246,-75.12,1004.9500,0.39
2025-07-29 12:10:00,1008.9,1009.25,1008.5,1009.15,52592,0.0479,0.1246,-61.56,1004.9500,0.42
2025-07-29 12:15:00,1009.25,1009.7,1008.15,1009.5,169548,0.0696,0.1246,-44.14,1004.9500,0.45
2025-07-29 12:20:00,1009.5,1010.4,1009.35,1010,403592,0.1026,0.1246,-17.66,1004.9500,0.50
2025-07-29 12:25:00,1010,1010.5,1009.75,1010.35,166020,0.1312,0.1246,5.30,1004.9500,0.54
2025-07-29 12:30:00,1010.2,1010.85,1009.85,1010.2,155116,0.1232,0.1246,-1.12,1004.9500,0.52
2025-07-29 12:35:00,1010.2,1010.6,1010,1010.15,105270,0.0989,0.1246,-20.63,1004.9500,0.52
2025-07-29 12:40:00,1010.05,1010.45,1008.7,1008.95,269496,-0.0080,0.1246,-106.42,1004.9500,0.40
2025-07-29 12:45:00,1009,1009.5,1008.5,1009.25,130786,-0.0653,0.1246,-152.41,1004.9500,0.43
2025-07-29 12:50:00,1009.25,1009.5,1008.75,1009.45,89846,-0.0948,0.1246,-176.08,1004.9500,0.45
2025-07-29 12:55:00,1009.45,1010.05,1008.8,1009.25,720486,-0.1305,0.1246,-204.74,1004.9500,0.43
2025-07-29 13:00:00,1009.15,1010.05,1008.8,1009.2,573638,-0.1585,0.1246,-227.21,1004.9500,0.42
2025-07-29 13:05:00,1009.15,1010.2,1009,1009.7,645870,-0.1447,0.1246,-216.13,1004.9500,0.47
2025-07-29 13:10:00,1009.6,1010,1009,1009.85,187210,-0.1274,0.1246,-202.25,1004.9500,0.49
2025-07-29 13:15:00,1009.85,1010,1009.05,1009.1,112588,-0.1660,0.1246,-233.23,1004.9500,0.41
2025-07-29 13:20:00,1009.1,1009.75,1009,1009.75,118138,-0.1479,0.1246,-218.70,1004.9500,0.48
2025-07-29 13:25:00,1009.75,1009.75,1009,1009.15,120766,-0.1746,0.1246,-240.13,1004.9500,0.42
2025-07-29 13:30:00,1009.15,1011,1009,1010.6,191458,-0.0967,0.1246,-177.61,1004.9500,0.56
2025-07-29 13:35:00,1010.65,1010.8,1009.85,1010.1,277884,-0.0817,0.1246,-165.57,1004.9500,0.51
2025-07-29 13:40:00,1010.15,1010.15,1009.55,1009.85,107170,-0.0906,0.1246,-172.71,1004.9500,0.49
2025-07-29 13:45:00,1009.9,1010.4,1009.65,1010.15,113228,-0.0789,0.1246,-163.32,1004.9500,0.52
2025-07-29 13:50:00,1010.15,1011,1009.85,1010.8,159336,-0.0322,0.1246,-125.84,1004.9500,0.58
2025-07-29 13:55:00,1010.9,1011.35,1010.4,1010.6,128716,-0.0203,0.1246,-116.29,1004.9500,0.56
2025-07-29 14:00:00,1010.65,1012.15,1010.5,1012.05,120560,0.0746,0.1246,-40.13,1004.9500,0.71
2025-07-29 14:05:00,1012,1012.8,1011.05,1012.5,424570,0.1524,0.1246,22.31,1004.9500,0.75
2025-07-29 14:10:00,1012.5,1012.65,1011.25,1012.1,1231966,0.1610,0.1246,29.21,1004.9500,0.71
2025-07-29 14:15:00,1012,1012.45,1011.9,1012,123328,0.1445,0.1246,15.97,1004.9500,0.70
2025-07-29 14:20:00,1012.1,1012.5,1011.45,1012.05,206240,0.1223,0.1246,-1.85,1004.9500,0.71
2025-07-29 14:25:00,1012.05,1012.5,1011.65,1012.1,177172,0.0975,0.1246,-21.75,1004.9500,0.71
2025-07-29 14:30:00,1012.4,1012.45,1009.55,1009.55,127680,-0.0939,0.1246,-175.36,1004.9500,0.46
2025-07-29 14:35:00,1009.55,1009.9,1008.2,1008.35,327030,-0.2932,0.1246,-335.31,1004.9500,0.34
2025-07-29 14:40:00,1008.35,1008.95,1007.65,1008.65,179034,-0.3906,0.1246,-413.48,1004.9500,0.37
2025-07-29 14:45:00,1008.8,1008.95,1007.55,1007.55,155780,-0.5076,0.1246,-507.38,1004.9500,0.26
2025-07-29 14:50:00,1007.7,1008.3,1007.25,1008.05,167366,-0.5273,0.1246,-523.19,1004.9500,0.31
2025-07-29 14:55:00,1008.05,1008.85,1007.55,1008.3,187848,-0.4999,0.1246,-501.20,1004.9500,0.33
2025-07-29 15:00:00,1008.6,1010.45,1008.3,1010,409182,-0.3507,0.1246,-381.46,1004.9500,0.50
2025-07-29 15:05:00,1010,1010.8,1009.1,1009.8,489998,-0.2534,0.1246,-303.37,1004.9500,0.48
2025-07-29 15:10:00,1009.8,1010.05,1009.1,1009.95,449390,-0.1709,0.1246,-237.16,1004.9500,0.50
2025-07-29 15:15:00,1009.9,1010.95,1009.65,1010.65,512234,-0.0664,0.1246,-153.29,1004.9500,0.57
2025-07-29 15:20:00,1010.65,1013.25,1010.45,1013,797108,0.1518,0.1246,21.83,1004.9500,0.80
2025-07-29 15:25:00,1012.95,1013.15,1010.15,1011.5,424982,0.1838,0.1246,47.51,1004.9500,0.65
2025-07-30 09:15:00,1014,1016.3,1011.15,1011.5,1290248,0.1927,0.1838,4.84,1011.5000,0.00
2025-07-30 09:20:00,1011.55,1012.2,1010.55,1011.05,397796,0.1576,0.1838,-14.25,1011.5000,-0.04
2025-07-30 09:25:00,1011.25,1011.85,1010.5,1010.7,281682,0.1026,0.1838,-44.18,1011.5000,-0.08
2025-07-30 09:30:00,1010.7,1011.45,1010.05,1011,235146,0.0794,0.1838,-56.80,1011.5000,-0.05
2025-07-30 09:35:00,1011.1,1012.65,1010.85,1012.25,319238,0.1378,0.1838,-25.03,1011.5000,0.07
2025-07-30 09:40:00,1012.25,1012.5,1011.15,1011.8,246178,0.1354,0.1838,-26.33,1011.5000,0.03
2025-07-30 09:45:00,1011.75,1011.8,1010.4,1010.6,205642,0.0468,0.1838,-74.54,1011.5000,-0.09
2025-07-30 09:50:00,1010.65,1011.1,1009.7,1010.45,180700,-0.0241,0.1838,-113.11,1011.5000,-0.10
2025-07-30 09:55:00,1010.45,1011.9,1010.35,1010.65,149570,-0.0579,0.1838,-131.50,1011.5000,-0.08
2025-07-30 10:00:00,1010.7,1010.85,1009.5,1010.5,233288,-0.0889,0.1838,-148.37,1011.5000,-0.10
2025-07-30 10:05:00,1010.55,1010.8,1010,1010.15,198234,-0.1291,0.1838,-170.24,1011.5000,-0.13
2025-07-30 10:10:00,1010.15,1010.55,1009.85,1010.5,565462,-0.1279,0.1838,-169.59,1011.5000,-0.10
2025-07-30 10:15:00,1010.45,1010.95,1010.15,1010.25,419740,-0.1389,0.1838,-175.57,1011.5000,-0.12
2025-07-30 10:20:00,1010.25,1010.45,1009.6,1009.95,292322,-0.1598,0.1838,-186.94,1011.5000,-0.15
2025-07-30 10:25:00,1010,1010.5,1009.85,1010.05,139864,-0.1599,0.1838,-187.00,1011.5000,-0.14
2025-07-30 10:30:00,1010.2,1010.65,1010,1010.35,131934,-0.1339,0.1838,-172.85,1011.5000,-0.11
2025-07-30 10:35:00,1010.35,1010.65,1010.15,1010.25,60980,-0.1181,0.1838,-164.25,1011.5000,-0.12
2025-07-30 10:40:00,1010.25,1010.5,1009.75,1010.15,112600,-0.1092,0.1838,-159.41,1011.5000,-0.13
2025-07-30 10:45:00,1010.15,1010.4,1008.5,1010,282926,-0.1081,0.1838,-158.81,1011.5000,-0.15
2025-07-30 10:50:00,1010.05,1010.5,1010,1010.25,64484,-0.0861,0.1838,-146.84,1011.5000,-0.12
2025-07-30 10:55:00,1010.45,1010.5,1009.75,1009.95,153956,-0.0871,0.1838,-147.39,1011.5000,-0.15
2025-07-30 11:00:00,1010,1010.3,1009.8,1010.25,207478,-0.0640,0.1838,-134.82,1011.5000,-0.12
2025-07-30 11:05:00,1010.25,1010.6,1009.75,1010.55,163506,-0.0268,0.1838,-114.58,1011.5000,-0.09
2025-07-30 11:10:00,1010.55,1011.5,1009.95,1010.8,524432,0.0141,0.1838,-92.33,1011.5000,-0.07
2025-07-30 11:15:00,1010.8,1012.5,1010.8,1012.15,180660,0.1253,0.1838,-31.83,1011.5000,0.06
2025-07-30 11:20:00,1012.15,1012.5,1011.45,1012.15,191172,0.1884,0.1838,2.50,1011.5000,0.06
2025-07-30 11:25:00,1012.3,1013.5,1012,1013.45,242482,0.3006,0.1838,63.55,1011.5000,0.19
2025-07-30 11:30:00,1013.45,1013.65,1012.7,1012.95,131668,0.3220,0.1838,75.19,1011.5000,0.14
2025-07-30 11:35:00,1013.15,1013.5,1012.65,1012.9,72978,0.3135,0.1838,70.57,1011.5000,0.14
2025-07-30 11:40:00,1012.75,1013.4,1011.7,1013.25,178218,0.3114,0.1838,69.42,1011.5000,0.17
2025-07-30 11:45:00,1013.3,1013.5,1012.65,1013.45,105682,0.3032,0.1838,64.96,1011.5000,0.19
2025-07-30 11:50:00,1013.45,1013.55,1013.3,1013.5,106516,0.2813,0.1838,53.05,1011.5000,0.20
2025-07-30 11:55:00,1013.5,1013.7,1012.85,1013.15,110810,0.2258,0.1838,22.85,1011.5000,0.16
2025-07-30 12:00:00,1013.2,1013.35,1012.75,1013.15,37704,0.1740,0.1838,-5.33,1011.5000,0.16
2025-07-30 12:05:00,1013.15,1013.25,1012.25,1012.6,79028,0.0917,0.1838,-50.11,1011.5000,0.11
2025-07-30 12:10:00,1012.3,1013,1011.9,1012.45,111034,0.0200,0.1838,-89.12,1011.5000,0.09
2025-07-30 12:15:00,1012.45,1013.45,1012.3,1013.3,145350,0.0224,0.1838,-87.81,1011.5000,0.18
2025-07-30 12:20:00,1013.35,1013.5,1013,1013.45,108222,0.0264,0.1838,-85.64,1011.5000,0.19
2025-07-30 12:25:00,1013.45,1013.5,1012.4,1012.95,117168,-0.0103,0.1838,-105.60,1011.5000,0.14
2025-07-30 12:30:00,1012.95,1013.1,1012.05,1012.25,53472,-0.0834,0.1838,-145.38,1011.5000,0.07
2025-07-30 12:35:00,1012.25,1012.6,1011.65,1011.85,54448,-0.1561,0.1838,-184.93,1011.5000,0.03
2025-07-30 12:40:00,1011.7,1012.15,1010.95,1011.05,65294,-0.2499,0.1838,-235.96,1011.5000,-0.04
2025-07-30 12:45:00,1011.05,1011.45,1010.5,1010.7,181968,-0.3228,0.1838,-275.63,1011.5000,-0.08
2025-07-30 12:50:00,1010.6,1012.15,1010.25,1011.95,172534,-0.2758,0.1838,-250.05,1011.5000,0.04
2025-07-30 12:55:00,1011.95,1012.4,1011.3,1011.7,88376,-0.2513,0.1838,-236.72,1011.5000,0.02
2025-07-30 13:00:00,1011.5,1012,1011.2,1011.65,69698,-0.2289,0.1838,-224.54,1011.5000,0.01
2025-07-30 13:05:00,1011.65,1012.3,1011.25,1011.55,64802,-0.2115,0.1838,-215.07,1011.5000,0.00
2025-07-30 13:10:00,1011.55,1011.95,1010.55,1011.45,255004,-0.1978,0.1838,-207.62,1011.5000,-0.00
2025-07-30 13:15:00,1011.4,1011.9,1011.2,1011.3,59608,-0.1899,0.1838,-203.32,1011.5000,-0.02
2025-07-30 13:20:00,1011.25,1011.6,1011,1011.5,75202,-0.1632,0.1838,-188.79,1011.5000,0.00
2025-07-30 13:25:00,1011.45,1011.95,1011,1011.55,103964,-0.1353,0.1838,-173.61,1011.5000,0.00
2025-07-30 13:30:00,1011.5,1012.5,1011,1012.1,89216,-0.0759,0.1838,-141.29,1011.5000,0.06
2025-07-30 13:35:00,1012.1,1012.8,1011.8,1012.5,70558,-0.0093,0.1838,-105.06,1011.5000,0.10
2025-07-30 13:40:00,1012.5,1012.85,1012.5,1012.75,78992,0.0487,0.1838,-73.50,1011.5000,0.12
2025-07-30 13:45:00,1012.55,1012.8,1011.8,1012.25,98788,0.0504,0.1838,-72.58,1011.5000,0.07
2025-07-30 13:50:00,1012.25,1013.3,1011.8,1013.2,158590,0.1091,0.1838,-40.64,1011.5000,0.17
2025-07-30 13:55:00,1013.2,1013.5,1012.7,1013.25,52764,0.1428,0.1838,-22.31,1011.5000,0.17
2025-07-30 14:00:00,1013.25,1013.5,1012.55,1013.05,67494,0.1428,0.1838,-22.31,1011.5000,0.15
2025-07-30 14:05:00,1013.05,1013.4,1011.65,1012.1,226654,0.0734,0.1838,-60.07,1011.5000,0.06
2025-07-30 14:10:00,1011.95,1012.5,1011.9,1012.1,74846,0.0246,0.1838,-86.62,1011.5000,0.06
2025-07-30 14:15:00,1012,1012.25,1011.2,1011.9,154544,-0.0214,0.1838,-111.64,1011.5000,0.04
2025-07-30 14:20:00,1012,1012.3,1011.5,1012.05,65196,-0.0410,0.1838,-122.31,1011.5000,0.05
2025-07-30 14:25:00,1012,1013.3,1012,1013.2,86346,0.0209,0.1838,-88.63,1011.5000,0.17
2025-07-30 14:30:00,1012.85,1013.85,1012.6,1013.55,212348,0.0796,0.1838,-56.69,1011.5000,0.20
2025-07-30 14:35:00,1013.55,1013.85,1012.8,1013.45,164152,0.1043,0.1838,-43.25,1011.5000,0.19
2025-07-30 14:40:00,1013.5,1013.55,1012.6,1012.7,156912,0.0647,0.1838,-64.80,1011.5000,0.12
2025-07-30 14:45:00,1012.7,1013.6,1012.6,1013.4,123860,0.0792,0.1838,-56.91,1011.5000,0.19
2025-07-30 14:50:00,1013.4,1013.65,1013.2,1013.35,117076,0.0788,0.1838,-57.13,1011.5000,0.18
2025-07-30 14:55:00,1013.3,1013.5,1013,1013.4,104740,0.0753,0.1838,-59.03,1011.5000,0.19
2025-07-30 15:00:00,1013.4,1013.85,1013.15,1013.55,462696,0.0763,0.1838,-58.49,1011.5000,0.20
2025-07-30 15:05:00,1013.55,1013.65,1012.6,1012.65,378258,0.0129,0.1838,-92.98,1011.5000,0.11
2025-07-30 15:10:00,1012.6,1012.9,1012.5,1012.6,395126,-0.0335,0.1838,-118.23,1011.5000,0.11
2025-07-30 15:15:00,1012.65,1013.25,1012.6,1012.85,442978,-0.0474,0.1838,-125.79,1011.5000,0.13
2025-07-30 15:20:00,1012.9,1013.05,1012.25,1012.25,414668,-0.0944,0.1838,-151.36,1011.5000,0.07
2025-07-30 15:25:00,1012.3,1012.95,1011.5,1012.95,435484,-0.0765,0.1838,-141.62,1011.5000,0.14
2025-07-31 09:15:00,1007.3,1012.5,1006.05,1009.5,638474,-0.2835,-0.0765,270.59,1012.9500,-0.34
2025-07-31 09:20:00,1009.75,1011,1008.5,1009.95,727624,-0.3712,-0.0765,385.23,1012.9500,-0.30
2025-07-31 09:25:00,1009.65,1010.65,1008.85,1009.25,196568,-0.4519,-0.0765,490.72,1012.9500,-0.37
2025-07-31 09:30:00,1009.05,1010.95,1009,1010.95,91516,-0.3699,-0.0765,383.53,1012.9500,-0.20
2025-07-31 09:35:00,1010.95,1011,1009.8,1010.1,112110,-0.3521,-0.0765,360.26,1012.9500,-0.28
2025-07-31 09:40:00,1010.1,1010.95,1010.05,1010.45,95108,-0.2981,-0.0765,289.67,1012.9500,-0.25
2025-07-31 09:45:00,1010.55,1010.8,1009.5,1010.15,117674,-0.2650,-0.0765,246.41,1012.9500,-0.28
2025-07-31 09:50:00,1010.4,1010.95,1010.1,1010.4,63536,-0.2110,-0.0765,175.82,1012.9500,-0.25
2025-07-31 09:55:00,1010.45,1010.5,1009,1009.5,410510,-0.2198,-0.0765,187.32,1012.9500,-0.34
2025-07-31 10:00:00,1009.5,1009.9,1006.75,1007.15,315890,-0.3593,-0.0765,369.67,1012.9500,-0.57
2025-07-31 10:05:00,1006.9,1007.9,1006.55,1007,149772,-0.4324,-0.0765,465.23,1012.9500,-0.59
2025-07-31 10:10:00,1007,1007.5,1006.55,1006.85,105768,-0.4590,-0.0765,500.00,1012.9500,-0.60
2025-07-31 10:15:00,1006.85,1007.6,1006.5,1006.8,130752,-0.4476,-0.0765,485.10,1012.9500,-0.61
2025-07-31 10:20:00,1006.8,1006.8,1005.6,1005.65,167420,-0.4821,-0.0765,530.20,1012.9500,-0.72
2025-07-31 10:25:00,1005.7,1006.5,1005.5,1005.55,152996,-0.4756,-0.0765,521.70,1012.9500,-0.73
2025-07-31 10:30:00,1005.55,1006.25,1005.15,1005.5,131662,-0.4394,-0.0765,474.38,1012.9500,-0.74
2025-07-31 10:35:00,1005.5,1005.9,1004.35,1005.1,157006,-0.4078,-0.0765,433.07,1012.9500,-0.77
2025-07-31 10:40:00,1005,1005.6,1004.6,1005.6,89618,-0.3223,-0.0765,321.31,1012.9500,-0.73
2025-07-31 10:45:00,1005.6,1007.45,1005.05,1006.6,136790,-0.1750,-0.0765,128.76,1012.9500,-0.63
2025-07-31 10:50:00,1006.65,1007,1005.25,1005.5,95124,-0.1303,-0.0765,70.33,1012.9500,-0.74
2025-07-31 10:55:00,1005.5,1005.9,1004,1005,217388,-0.1135,-0.0765,48.37,1012.9500,-0.78
2025-07-31 11:00:00,1004.95,1005.8,1004.65,1005.55,569136,-0.0480,-0.0765,-37.25,1012.9500,-0.73
2025-07-31 11:05:00,1005.75,1007.2,1005.55,1006.65,281922,0.0799,-0.0765,-204.44,1012.9500,-0.62
2025-07-31 11:10:00,1006.7,1006.7,1005.85,1006.15,48710,0.1379,-0.0765,-280.26,1012.9500,-0.67
2025-07-31 11:15:00,1006.15,1007,1005.55,1007,52406,0.2349,-0.0765,-407.06,1012.9500,-0.59
2025-07-31 11:20:00,1006.9,1008.5,1006.9,1008.5,172058,0.3922,-0.0765,-612.68,1012.9500,-0.44
2025-07-31 11:25:00,1008.45,1009.45,1007.8,1008.25,126338,0.4665,-0.0765,-709.80,1012.9500,-0.46
2025-07-31 11:30:00,1008.15,1010.5,1008.1,1010.5,233938,0.6433,-0.0765,-940.92,1012.9500,-0.24
2025-07-31 11:35:00,1010.45,1011.15,1009.1,1010.4,170302,0.7237,-0.0765,-1046.01,1012.9500,-0.25
2025-07-31 11:40:00,1010.4,1011.45,1009.8,1010.9,135222,0.7761,-0.0765,-1114.51,1012.9500,-0.20
2025-07-31 11:45:00,1011.15,1012.4,1010.35,1011.8,387346,0.8319,-0.0765,-1187.45,1012.9500,-0.11
2025-07-31 11:50:00,1011.85,1012.25,1011.25,1011.95,123464,0.8372,-0.0765,-1194.38,1012.9500,-0.10
2025-07-31 11:55:00,1011.95,1012.15,1010.65,1011.2,76190,0.7512,-0.0765,-1081.96,1012.9500,-0.17
2025-07-31 12:00:00,1011.4,1011.4,1009.05,1009.9,82210,0.5757,-0.0765,-852.55,1012.9500,-0.30
2025-07-31 12:05:00,1009.85,1010.3,1009.25,1010,96690,0.4413,-0.0765,-676.86,1012.9500,-0.29
2025-07-31 12:10:00,1009.8,1012.45,1009.75,1012.35,115192,0.4824,-0.0765,-730.59,1012.9500,-0.06
2025-07-31 12:15:00,1012.3,1012.95,1011.95,1012.5,163586,0.4897,-0.0765,-740.13,1012.9500,-0.04
2025-07-31 12:20:00,1012.5,1013.15,1012.05,1012.75,156326,0.4807,-0.0765,-728.37,1012.9500,-0.02
2025-07-31 12:25:00,1012.95,1012.95,1011.5,1011.85,80374,0.3876,-0.0765,-606.67,1012.9500,-0.11
2025-07-31 12:30:00,1011.85,1013.4,1011.75,1013.1,119378,0.3829,-0.0765,-600.52,1012.9500,0.01
2025-07-31 12:35:00,1013.15,1014.2,1013.05,1013.7,400816,0.3915,-0.0765,-611.76,1012.9500,0.07
2025-07-31 12:40:00,1013.85,1013.85,1012.7,1013.5,204790,0.3561,-0.0765,-565.49,1012.9500,0.05
2025-07-31 12:45:00,1013.5,1014.35,1013.1,1014.35,160566,0.3611,-0.0765,-572.03,1012.9500,0.14
2025-07-31 12:50:00,1014.3,1014.75,1013.95,1014.75,295840,0.3616,-0.0765,-572.68,1012.9500,0.18
2025-07-31 12:55:00,1014.75,1015.1,1014,1014.4,245302,0.3107,-0.0765,-506.14,1012.9500,0.14
2025-07-31 13:00:00,1014.4,1014.95,1013.55,1013.8,126742,0.2135,-0.0765,-379.08,1012.9500,0.08
2025-07-31 13:05:00,1013.65,1014.45,1013.55,1014.1,74532,0.1493,-0.0765,-295.16,1012.9500,0.11
2025-07-31 13:10:00,1014.1,1015.1,1013.65,1014.05,245640,0.0865,-0.0765,-213.07,1012.9500,0.11
2025-07-31 13:15:00,1014.05,1015,1013.4,1014.75,139816,0.0755,-0.0765,-198.69,1012.9500,0.18
2025-07-31 13:20:00,1014.75,1014.8,1013.5,1013.95,123874,0.0017,-0.0765,-102.22,1012.9500,0.10
2025-07-31 13:25:00,1013.95,1015.45,1013.55,1015.3,276138,0.0296,-0.0765,-138.69,1012.9500,0.23
2025-07-31 13:30:00,1015.3,1015.7,1014.5,1014.8,313760,0.0017,-0.0765,-102.22,1012.9500,0.18
2025-07-31 13:35:00,1014.8,1015.5,1014.1,1015.45,203694,0.0136,-0.0765,-117.78,1012.9500,0.25
2025-07-31 13:40:00,1015.45,1015.45,1013.45,1013.95,126934,-0.0874,-0.0765,14.25,1012.9500,0.10
2025-07-31 13:45:00,1013.95,1014.8,1013.25,1013.7,102454,-0.1739,-0.0765,127.32,1012.9500,0.07
2025-07-31 13:50:00,1013.7,1014.25,1013.05,1013.4,192912,-0.2496,-0.0765,226.27,1012.9500,0.04
2025-07-31 13:55:00,1013.4,1014.55,1013.2,1013.85,133144,-0.2661,-0.0765,247.84,1012.9500,0.09
2025-07-31 14:00:00,1013.8,1014.25,1013.3,1013.95,129636,-0.2663,-0.0765,248.10,1012.9500,0.10
2025-07-31 14:05:00,1013.95,1015.25,1013.9,1015.05,437498,-0.1919,-0.0765,150.85,1012.9500,0.21
2025-07-31 14:10:00,1015,1015.4,1014.25,1014.55,492500,-0.1764,-0.0765,130.59,1012.9500,0.16
2025-07-31 14:15:00,1014.55,1014.9,1013.55,1013.6,207884,-0.2268,-0.0765,196.47,1012.9500,0.06
2025-07-31 14:20:00,1014,1014.35,1013.05,1013.45,215192,-0.2644,-0.0765,245.62,1012.9500,0.05
2025-07-31 14:25:00,1013.05,1013.45,1011.25,1011.55,330560,-0.4030,-0.0765,426.80,1012.9500,-0.14
2025-07-31 14:30:00,1011.55,1012.9,1010.65,1012.55,541824,-0.4117,-0.0765,438.17,1012.9500,-0.04
2025-07-31 14:35:00,1012.5,1013.45,1011.55,1012.9,180988,-0.3791,-0.0765,395.56,1012.9500,-0.00
2025-07-31 14:40:00,1012.9,1013.45,1011.6,1012.8,251536,-0.3501,-0.0765,357.65,1012.9500,-0.01
2025-07-31 14:45:00,1012.55,1012.85,1011.3,1011.55,401548,-0.3975,-0.0765,419.61,1012.9500,-0.14
2025-07-31 14:50:00,1011.65,1012.45,1011.3,1011.5,311922,-0.4128,-0.0765,439.61,1012.9500,-0.14
2025-07-31 14:55:00,1011.6,1012.5,1011.2,1011.65,257276,-0.3935,-0.0765,414.38,1012.9500,-0.13
2025-07-31 15:00:00,1011.65,1011.65,1009.2,1009.7,1250944,-0.4867,-0.0765,536.21,1012.9500,-0.32
2025-07-31 15:05:00,1009.7,1009.7,1008.25,1008.6,1053696,-0.5900,-0.0765,671.24,1012.9500,-0.43
2025-07-31 15:10:00,1008.65,1010.95,1007.85,1008.95,1709718,-0.6005,-0.0765,684.97,1012.9500,-0.39
2025-07-31 15:15:00,1008.95,1009.85,1007.85,1008.8,1600558,-0.5828,-0.0765,661.83,1012.9500,-0.41
2025-07-31 15:20:00,1008.95,1009.6,1008.1,1008.75,1014778,-0.5406,-0.0765,606.67,1012.9500,-0.41
2025-07-31 15:25:00,1008.55,1010,1007.9,1009,568186,-0.4649,-0.0765,507.71,1012.9500,-0.39
2025-08-01 09:15:00,1007,1012,1006.6,1008.9,655650,-0.3934,-0.4649,-15.38,1009.0000,-0.01
2025-08-01 09:20:00,1009,1010,1008.1,1008.65,288166,-0.3370,-0.4649,-27.51,1009.0000,-0.03
2025-08-01 09:25:00,1008.9,1009.25,1006.85,1007.4,134260,-0.3561,-0.4649,-23.40,1009.0000,-0.16
2025-08-01 09:30:00,1007.4,1007.95,1006.15,1007.25,166144,-0.3504,-0.4649,-24.63,1009.0000,-0.17
2025-08-01 09:35:00,1007.3,1007.95,1006.45,1006.95,123092,-0.3384,-0.4649,-27.21,1009.0000,-0.20
2025-08-01 09:40:00,1006.95,1007.2,1005.5,1005.8,115878,-0.3764,-0.4649,-19.04,1009.0000,-0.32
2025-08-01 09:45:00,1005.8,1006.6,1005.1,1005.65,234918,-0.3791,-0.4649,-18.46,1009.0000,-0.33
2025-08-01 09:50:00,1005.65,1006.75,1005.2,1006.7,149126,-0.2822,-0.4649,-39.30,1009.0000,-0.23
2025-08-01 09:55:00,1006.75,1007.45,1006.5,1007.4,115232,-0.1495,-0.4649,-67.84,1009.0000,-0.16
2025-08-01 10:00:00,1007.4,1008.2,1006.7,1008.05,113278,-0.0043,-0.4649,-99.08,1009.0000,-0.09
2025-08-01 10:05:00,1008.15,1009.4,1007.95,1009.35,117430,0.1828,-0.4649,-139.32,1009.0000,0.03
2025-08-01 10:10:00,1009.4,1011.4,1008.9,1011.4,116848,0.4336,-0.4649,-193.27,1009.0000,0.24
2025-08-01 10:15:00,1011.4,1012.6,1011.3,1012.6,107372,0.6560,-0.4649,-241.11,1009.0000,0.36
2025-08-01 10:20:00,1012.6,1014.15,1012.5,1012.7,276928,0.7774,-0.4649,-267.22,1009.0000,0.37
2025-08-01 10:25:00,1012.7,1013.8,1012.1,1012.7,106460,0.8207,-0.4649,-276.53,1009.0000,0.37
2025-08-01 10:30:00,1012.8,1012.85,1012,1012.55,65816,0.8016,-0.4649,-272.42,1009.0000,0.35
2025-08-01 10:35:00,1012.55,1013.4,1012.5,1012.7,78872,0.7616,-0.4649,-263.82,1009.0000,0.37
2025-08-01 10:40:00,1012.65,1013,1012.3,1012.9,108788,0.7120,-0.4649,-253.15,1009.0000,0.39
2025-08-01 10:45:00,1012.9,1013.15,1012.4,1012.55,68140,0.6223,-0.4649,-233.86,1009.0000,0.35
2025-08-01 10:50:00,1012.5,1012.55,1011.25,1011.3,82870,0.4534,-0.4649,-197.53,1009.0000,0.23
2025-08-01 10:55:00,1011.35,1011.35,1009.55,1009.7,386346,0.2202,-0.4649,-147.37,1009.0000,0.07
2025-08-01 11:00:00,1009.7,1011.4,1009.65,1011.05,100140,0.1468,-0.4649,-131.58,1009.0000,0.20
2025-08-01 11:05:00,1011.05,1011.05,1008.3,1008.5,66216,-0.0719,-0.4649,-84.53,1009.0000,-0.05
2025-08-01 11:10:00,1008.5,1008.5,1007.65,1008.05,86864,-0.2360,-0.4649,-49.24,1009.0000,-0.09
2025-08-01 11:15:00,1008.05,1008.1,1006.15,1007.2,205210,-0.3822,-0.4649,-17.79,1009.0000,-0.18
2025-08-01 11:20:00,1007.25,1008,1007.05,1007.55,56244,-0.4322,-0.4649,-7.03,1009.0000,-0.14
2025-08-01 11:25:00,1007.55,1007.6,1006.5,1006.9,73760,-0.4820,-0.4649,3.68,1009.0000,-0.21
2025-08-01 11:30:00,1007,1007.25,1006.3,1006.45,64860,-0.5152,-0.4649,10.82,1009.0000,-0.25
2025-08-01 11:35:00,1006.4,1007,1006.05,1006.9,72628,-0.4777,-0.4649,2.75,1009.0000,-0.21
2025-08-01 11:40:00,1006.9,1007.25,1006.05,1006.2,68832,-0.4702,-0.4649,1.14,1009.0000,-0.28
2025-08-01 11:45:00,1006.2,1007.5,1006.05,1007.3,59260,-0.3658,-0.4649,-21.32,1009.0000,-0.17
2025-08-01 11:50:00,1007.4,1007.95,1006.75,1007.55,50030,-0.2597,-0.4649,-44.14,1009.0000,-0.14
2025-08-01 11:55:00,1007.4,1008.15,1007.05,1007.35,105520,-0.1861,-0.4649,-59.97,1009.0000,-0.16
2025-08-01 12:00:00,1007.25,1007.35,1006.2,1006.6,55192,-0.1715,-0.4649,-63.11,1009.0000,-0.24
2025-08-01 12:05:00,1006.5,1008.7,1006.2,1008.35,235202,-0.0347,-0.4649,-92.54,1009.0000,-0.06
2025-08-01 12:10:00,1008.4,1008.45,1007,1007.2,51594,-0.0134,-0.4649,-97.12,1009.0000,-0.18
2025-08-01 12:15:00,1007.2,1008,1006.6,1007.5,147478,0.0269,-0.4649,-105.79,1009.0000,-0.15
2025-08-01 12:20:00,1007.5,1008.2,1006.9,1007.75,94842,0.0737,-0.4649,-115.85,1009.0000,-0.12
2025-08-01 12:25:00,1007.75,1007.75,1007.1,1007.2,42062,0.0710,-0.4649,-115.27,1009.0000,-0.18
2025-08-01 12:30:00,1007.2,1008.95,1006.95,1007.1,169198,0.0659,-0.4649,-114.18,1009.0000,-0.19
2025-08-01 12:35:00,1007.1,1007.5,1006,1007.45,72040,0.0882,-0.4649,-118.97,1009.0000,-0.15
2025-08-01 12:40:00,1007.45,1007.45,1006.3,1007.35,179418,0.0975,-0.4649,-120.97,1009.0000,-0.16
2025-08-01 12:45:00,1007.35,1007.35,1006.7,1007,72782,0.0821,-0.4649,-117.66,1009.0000,-0.20
2025-08-01 12:50:00,1007,1007,1006.25,1006.9,82520,0.0676,-0.4649,-114.54,1009.0000,-0.21
2025-08-01 12:55:00,1006.9,1007.4,1006.35,1007.2,101362,0.0800,-0.4649,-117.21,1009.0000,-0.18
2025-08-01 13:00:00,1007.2,1007.2,1006,1006.2,75508,0.0254,-0.4649,-105.46,1009.0000,-0.28
2025-08-01 13:05:00,1006.25,1007.5,1006.2,1006.7,50694,0.0273,-0.4649,-105.87,1009.0000,-0.23
2025-08-01 13:10:00,1006.7,1007.5,1006.6,1007.15,48488,0.0613,-0.4649,-113.19,1009.0000,-0.18
2025-08-01 13:15:00,1007.15,1007.5,1006.5,1007.2,56204,0.0879,-0.4649,-118.91,1009.0000,-0.18
2025-08-01 13:20:00,1007.2,1007.85,1006.7,1007.75,47420,0.1403,-0.4649,-130.18,1009.0000,-0.12
2025-08-01 13:25:00,1007.65,1009.25,1007.5,1008.9,107422,0.2440,-0.4649,-152.48,1009.0000,-0.01
2025-08-01 13:30:00,1008.95,1009.1,1007.45,1007.65,56188,0.2207,-0.4649,-147.47,1009.0000,-0.13
2025-08-01 13:35:00,1007.65,1007.7,1005.55,1006.3,162146,0.1122,-0.4649,-124.13,1009.0000,-0.27
2025-08-01 13:40:00,1006.3,1008.15,1006.3,1007.6,58228,0.1248,-0.4649,-126.84,1009.0000,-0.14
2025-08-01 13:45:00,1007.6,1007.6,1006.8,1006.95,41346,0.0879,-0.4649,-118.91,1009.0000,-0.20
2025-08-01 13:50:00,1006.95,1007.45,1006.75,1007.4,50466,0.0919,-0.4649,-119.77,1009.0000,-0.16
2025-08-01 13:55:00,1007.4,1007.5,1006.35,1007.25,87428,0.0829,-0.4649,-117.83,1009.0000,-0.17
2025-08-01 14:00:00,1007.25,1007.5,1006.9,1007.5,47238,0.0915,-0.4649,-119.68,1009.0000,-0.15
2025-08-01 14:05:00,1007.5,1008.1,1007.35,1007.9,60854,0.1200,-0.4649,-125.81,1009.0000,-0.11
2025-08-01 14:10:00,1007.9,1008.35,1007.2,1007.75,72424,0.1242,-0.4649,-126.72,1009.0000,-0.12
2025-08-01 14:15:00,1007.8,1008.15,1007.25,1007.5,47622,0.1063,-0.4649,-122.87,1009.0000,-0.15
2025-08-01 14:20:00,1007.5,1008,1007.05,1007.45,79856,0.0879,-0.4649,-118.91,1009.0000,-0.15
2025-08-01 14:25:00,1007.45,1007.95,1007.15,1007.75,69490,0.0924,-0.4649,-119.88,1009.0000,-0.12
2025-08-01 14:30:00,1007.8,1008.5,1007.45,1007.45,58432,0.0724,-0.4649,-115.57,1009.0000,-0.15
2025-08-01 14:35:00,1007.5,1008.25,1006.75,1007.35,193698,0.0508,-0.4649,-110.93,1009.0000,-0.16
2025-08-01 14:40:00,1007.35,1007.7,1006.75,1006.85,43774,0.0036,-0.4649,-100.77,1009.0000,-0.21
2025-08-01 14:45:00,1007,1007.8,1006.8,1007.35,75096,0.0067,-0.4649,-101.44,1009.0000,-0.16
2025-08-01 14:50:00,1007.35,1007.75,1007,1007.65,75578,0.0283,-0.4649,-106.09,1009.0000,-0.13
2025-08-01 14:55:00,1007.65,1008,1007,1007.85,87576,0.0541,-0.4649,-111.64,1009.0000,-0.11
2025-08-01 15:00:00,1007.9,1008.4,1006.75,1007.1,387354,0.0202,-0.4649,-104.35,1009.0000,-0.19
2025-08-01 15:05:00,1007.1,1007.5,1005.35,1005.45,622204,-0.1067,-0.4649,-77.05,1009.0000,-0.35
2025-08-01 15:10:00,1005.5,1006,1005.05,1005.85,568986,-0.1541,-0.4649,-66.85,1009.0000,-0.31
2025-08-01 15:15:00,1005.85,1006.35,1005.65,1006.35,603734,-0.1426,-0.4649,-69.33,1009.0000,-0.26
2025-08-01 15:20:00,1006.35,1006.75,1004.9,1005.75,687720,-0.1646,-0.4649,-64.59,1009.0000,-0.32
2025-08-01 15:25:00,1005.75,1009.5,1004.65,1008.45,501672,0.0045,-0.4649,-100.97,1009.0000,-0.05
2025-08-04 09:15:00,1005.05,1009.25,1003.95,1007.8,509128,0.0708,0.0045,1473.33,1008.4500,-0.06
2025-08-04 09:20:00,1007.8,1008.95,1006.75,1007.5,172436,0.0913,0.0045,1928.89,1008.4500,-0.09
2025-08-04 09:25:00,1007.4,1007.5,1006.55,1006.7,112254,0.0499,0.0045,1008.89,1008.4500,-0.17
2025-08-04 09:30:00,1006.7,1007.15,1006.2,1006.2,86192,-0.0091,0.0045,-302.22,1008.4500,-0.22
2025-08-04 09:35:00,1006.2,1006.35,1002.5,1002.75,114632,-0.2642,0.0045,-5971.11,1008.4500,-0.57
2025-08-04 09:40:00,1002.55,1002.85,1001.4,1001.75,108726,-0.4720,0.0045,-10588.89,1008.4500,-0.66
2025-08-04 09:45:00,1001.75,1001.75,999.55,1000.6,148346,-0.6477,0.0045,-14493.33,1008.4500,-0.78
2025-08-04 09:50:00,1000.5,1002.75,999.6,1000.8,167068,-0.7064,0.0045,-15797.78,1008.4500,-0.76
2025-08-04 09:55:00,1000.8,1000.85,999.9,1000.5,94066,-0.7191,0.0045,-16080.00,1008.4500,-0.79
2025-08-04 10:00:00,1000.5,1000.85,999.65,1000.7,109384,-0.6686,0.0045,-14957.78,1008.4500,-0.77
2025-08-04 10:05:00,1000.7,1001,999.7,999.75,88502,-0.6531,0.0045,-14613.33,1008.4500,-0.86
2025-08-04 10:10:00,999.75,999.75,998.4,999.35,116170,-0.6238,0.0045,-13962.22,1008.4500,-0.90
2025-08-04 10:15:00,999.35,1000.85,999.25,1000.2,95284,-0.5061,0.0045,-11346.67,1008.4500,-0.82
2025-08-04 10:20:00,1000.1,1001.6,999.85,1001.6,111072,-0.3030,0.0045,-6833.33,1008.4500,-0.68
2025-08-04 10:25:00,1001.6,1002.15,1000.5,1001.25,85842,-0.1679,0.0045,-3831.11,1008.4500,-0.71
2025-08-04 10:30:00,1001.15,1002.75,1001.15,1002.5,148820,0.0199,0.0045,342.22,1008.4500,-0.59
2025-08-04 10:35:00,1002.5,1002.55,1001.95,1002.25,94356,0.1351,0.0045,2902.22,1008.4500,-0.61
2025-08-04 10:40:00,1002.3,1002.65,1001.9,1002.45,176458,0.2273,0.0045,4951.11,1008.4500,-0.59
2025-08-04 10:45:00,1002.25,1002.5,1000.75,1000.75,72834,0.1783,0.0045,3862.22,1008.4500,-0.76
2025-08-04 10:50:00,1000.7,1001.1,999.85,1000.85,319198,0.1580,0.0045,3411.11,1008.4500,-0.75
2025-08-04 10:55:00,1000.7,1001,999.9,1000.15,162720,0.1052,0.0045,2237.78,1008.4500,-0.82
2025-08-04 11:00:00,1000,1001.95,999.7,1001.75,278996,0.1814,0.0045,3931.11,1008.4500,-0.66
2025-08-04 11:05:00,1001.75,1002.25,1000.45,1000.6,175566,0.1586,0.0045,3424.44,1008.4500,-0.78
2025-08-04 11:10:00,1000.55,1001.7,1000,1001.25,450532,0.1894,0.0045,4108.89,1008.4500,-0.71
2025-08-04 11:15:00,1001.2,1002.15,1000.9,1001.7,148608,0.2389,0.0045,5208.89,1008.4500,-0.67
2025-08-04 11:20:00,1001.65,1002.5,1001,1001.75,119440,0.2716,0.0045,5935.56,1008.4500,-0.66
2025-08-04 11:25:00,1001.7,1002.35,1001.05,1001.3,58342,0.2595,0.0045,5666.67,1008.4500,-0.71
2025-08-04 11:30:00,1001.25,1002.2,1001.15,1001.4,53598,0.2544,0.0045,5553.33,1008.4500,-0.70
2025-08-04 11:35:00,1001.4,1001.4,999.85,1000.6,168128,0.1960,0.0045,4255.56,1008.4500,-0.78
2025-08-04 11:40:00,1000.55,1001,1000.2,1001,37670,0.1833,0.0045,3973.33,1008.4500,-0.74
2025-08-04 11:45:00,1000.95,1001.25,999.95,1000.4,188436,0.1358,0.0045,2917.78,1008.4500,-0.80
2025-08-04 11:50:00,1000.7,1001.1,1000.4,1000.6,52690,0.1196,0.0045,2557.78,1008.4500,-0.78
2025-08-04 11:55:00,1000.75,1001.7,1000.25,1001.55,130928,0.1715,0.0045,3711.11,1008.4500,-0.68
2025-08-04 12:00:00,1001.55,1001.7,1000.25,1000.8,57968,0.1545,0.0045,3333.33,1008.4500,-0.76
2025-08-04 12:05:00,1000.75,1001,1000.4,1000.4,72472,0.1172,0.0045,2504.44,1008.4500,-0.80
2025-08-04 12:10:00,1000.4,1001,1000.3,1000.7,89370,0.1136,0.0045,2424.44,1008.4500,-0.77
2025-08-04 12:15:00,1000.7,1001.4,1000.65,1001.3,83588,0.1500,0.0045,3233.33,1008.4500,-0.71
2025-08-04 12:20:00,1001.3,1001.5,1000.55,1000.6,120368,0.1265,0.0045,2711.11,1008.4500,-0.78
2025-08-04 12:25:00,1000.6,1001.25,1000.6,1001.05,78604,0.1396,0.0045,3002.22,1008.4500,-0.73
2025-08-04 12:30:00,1001.05,1001.45,1000.8,1001.2,120700,0.1555,0.0045,3355.56,1008.4500,-0.72
2025-08-04 12:35:00,1001.15,1002,1000.8,1001.45,176450,0.1785,0.0045,3866.67,1008.4500,-0.69
2025-08-04 12:40:00,1001.45,1001.8,1000.2,1000.45,111502,0.1244,0.0045,2664.44,1008.4500,-0.79
2025-08-04 12:45:00,1000.45,1000.7,1000,1000.55,80736,0.0949,0.0045,2008.89,1008.4500,-0.78
2025-08-04 12:50:00,1000.55,1001,1000.25,1000.3,56992,0.0596,0.0045,1224.44,1008.4500,-0.81
2025-08-04 12:55:00,1000.3,1001,1000.25,1000.5,55874,0.0513,0.0045,1040.00,1008.4500,-0.79
2025-08-04 13:00:00,1000.5,1001.45,1000.35,1000.9,66730,0.0729,0.0045,1520.00,1008.4500,-0.75
2025-08-04 13:05:00,1000.9,1001.45,1000.45,1000.65,61484,0.0704,0.0045,1464.44,1008.4500,-0.77
2025-08-04 13:10:00,1000.65,1000.75,1000,1000.25,50878,0.0433,0.0045,862.22,1008.4500,-0.81
2025-08-04 13:15:00,1000.25,1000.4,999.8,999.95,94204,0.0085,0.0045,88.89,1008.4500,-0.84
2025-08-04 13:20:00,999.95,1000.2,999.8,999.85,64442,-0.0166,0.0045,-468.89,1008.4500,-0.85
2025-08-04 13:25:00,999.9,1000.05,997.55,998.75,333870,-0.0981,0.0045,-2280.00,1008.4500,-0.96
2025-08-04 13:30:00,998.75,999.25,998.15,998.15,94554,-0.1786,0.0045,-4068.89,1008.4500,-1.02
2025-08-04 13:35:00,998.15,998.25,997.15,998.05,147308,-0.2218,0.0045,-5028.89,1008.4500,-1.03
2025-08-04 13:40:00,998,998.6,997.5,998.45,105990,-0.2070,0.0045,-4700.00,1008.4500,-0.99
2025-08-04 13:45:00,998.45,999.6,998.35,998.95,155238,-0.1498,0.0045,-3428.89,1008.4500,-0.94
2025-08-04 13:50:00,998.95,999.2,998.55,998.6,89606,-0.1230,0.0045,-2833.33,1008.4500,-0.98
2025-08-04 13:55:00,998.6,998.8,997.6,997.8,161946,-0.1449,0.0045,-3320.00,1008.4500,-1.06
2025-08-04 14:00:00,997.8,997.85,995,995.45,968310,-0.2949,0.0045,-6653.33,1008.4500,-1.29
2025-08-04 14:05:00,995.45,996.45,995.45,996.35,166444,-0.3092,0.0045,-6971.11,1008.4500,-1.20
2025-08-04 14:10:00,996.4,996.4,995.2,995.3,193060,-0.3615,0.0045,-8133.33,1008.4500,-1.30
2025-08-04 14:15:00,995.3,996,995,995.35,178160,-0.3638,0.0045,-8184.44,1008.4500,-1.30
2025-08-04 14:20:00,995.3,995.95,994.8,994.85,217174,-0.3689,0.0045,-8297.78,1008.4500,-1.35
2025-08-04 14:25:00,994.85,995.75,994.8,995.4,119630,-0.3076,0.0045,-6935.56,1008.4500,-1.29
2025-08-04 14:30:00,995.45,996.25,994.3,996.15,465222,-0.1946,0.0045,-4424.44,1008.4500,-1.22
2025-08-04 14:35:00,996.15,996.25,995.1,995.8,195990,-0.1247,0.0045,-2871.11,1008.4500,-1.25
2025-08-04 14:40:00,995.75,996.45,995.05,995.25,181212,-0.0980,0.0045,-2277.78,1008.4500,-1.31
2025-08-04 14:45:00,995.25,995.25,994.05,994.65,400848,-0.1028,0.0045,-2384.44,1008.4500,-1.37
2025-08-04 14:50:00,994.65,995.75,994.25,995.4,243520,-0.0406,0.0045,-1002.22,1008.4500,-1.29
2025-08-04 14:55:00,995.5,996,995.15,995.8,147824,0.0380,0.0045,744.44,1008.4500,-1.25
2025-08-04 15:00:00,995.75,996.05,995.05,996,529164,0.1099,0.0045,2342.22,1008.4500,-1.23
2025-08-04 15:05:00,996,996.15,996,996.05,303360,0.1640,0.0045,3544.44,1008.4500,-1.23
2025-08-04 15:10:00,996.05,996.1,995.05,995.7,622016,0.1783,0.0045,3862.22,1008.4500,-1.26
2025-08-04 15:15:00,995.7,995.85,995.55,995.85,396566,0.1984,0.0045,4308.89,1008.4500,-1.25
2025-08-04 15:20:00,995.85,996.9,995.8,996.75,455522,0.2684,0.0045,5864.44,1008.4500,-1.16
2025-08-04 15:25:00,996.75,997.45,996.15,997.2,350418,0.3367,0.0045,7382.22,1008.4500,-1.12
2025-08-05 09:15:00,993.25,997.2,982.75,987.75,9416524,-0.2322,0.3367,-168.96,997.2000,-0.95
2025-08-05 09:20:00,987.6,989.9,986.05,987.5,460128,-0.5829,0.3367,-273.12,997.2000,-0.97
2025-08-05 09:25:00,987.5,987.5,985.6,986.8,240896,-0.8060,0.3367,-339.38,997.2000,-1.04
2025-08-05 09:30:00,986.8,986.9,985.15,986.15,160200,-0.9323,0.3367,-376.89,997.2000,-1.11
2025-08-05 09:35:00,986.1,986.5,984.2,984.45,163396,-1.0563,0.3367,-413.72,997.2000,-1.28
2025-08-05 09:40:00,984.2,985.5,983.5,985.35,242416,-1.0039,0.3367,-398.16,997.2000,-1.19
2025-08-05 09:45:00,985.35,987.75,984.9,987.75,183042,-0.7457,0.3367,-321.47,997.2000,-0.95
2025-08-05 09:50:00,987.6,988.25,987,988.1,185808,-0.5012,0.3367,-248.86,997.2000,-0.91
2025-08-05 09:55:00,988.1,989.05,987.25,987.85,186034,-0.3153,0.3367,-193.64,997.2000,-0.94
2025-08-05 10:00:00,987.85,988.5,986.8,987.85,347722,-0.1591,0.3367,-147.25,997.2000,-0.94
2025-08-05 10:05:00,987.85,990.5,987.2,990,358802,0.1078,0.3367,-67.98,997.2000,-0.72
2025-08-05 10:10:00,990,990.65,989.55,990.4,220150,0.3182,0.3367,-5.49,997.2000,-0.68
2025-08-05 10:15:00,990.4,990.45,989,990.45,133028,0.4591,0.3367,36.35,997.2000,-0.68
2025-08-05 10:20:00,990.45,991.85,990.3,991.85,184986,0.6342,0.3367,88.36,997.2000,-0.54
2025-08-05 10:25:00,991.7,991.7,989.5,990,341668,0.6126,0.3367,81.94,997.2000,-0.72
2025-08-05 10:30:00,990,990.4,988.65,989.1,95920,0.5281,0.3367,56.85,997.2000,-0.81
2025-08-05 10:35:00,988.95,989.75,988.05,989.15,86728,0.4681,0.3367,39.03,997.2000,-0.81
2025-08-05 10:40:00,989,989.15,987.2,988.65,259472,0.3904,0.3367,15.95,997.2000,-0.86
2025-08-05 10:45:00,988.65,989.75,988.3,989.75,100520,0.4068,0.3367,20.82,997.2000,-0.75
2025-08-05 10:50:00,989.75,989.9,988.1,988.55,89738,0.3338,0.3367,-0.86,997.2000,-0.87
2025-08-05 10:55:00,988.55,989.2,988.3,988.8,88152,0.3002,0.3367,-10.84,997.2000,-0.84
2025-08-05 11:00:00,988.8,989.5,988.45,989,99796,0.2893,0.3367,-14.08,997.2000,-0.82
2025-08-05 11:05:00,988.75,989.2,988,988.25,99918,0.2318,0.3367,-31.16,997.2000,-0.90
2025-08-05 11:10:00,988.2,989.85,987.9,989.75,84516,0.2913,0.3367,-13.48,997.2000,-0.75
2025-08-05 11:15:00,989.5,989.75,988.45,989.1,149660,0.2830,0.3367,-15.95,997.2000,-0.81
2025-08-05 11:20:00,989.1,990,988.75,990,106240,0.3310,0.3367,-1.69,997.2000,-0.72
2025-08-05 11:25:00,990,990.45,989,990,150896,0.3536,0.3367,5.02,997.2000,-0.72
2025-08-05 11:30:00,990,991.2,989.7,990.2,91552,0.3710,0.3367,10.19,997.2000,-0.70
2025-08-05 11:35:00,990.2,991.5,990.05,990.8,101102,0.4089,0.3367,21.44,997.2000,-0.64
2025-08-05 11:40:00,990.8,991.65,990.75,991.55,90524,0.4664,0.3367,38.52,997.2000,-0.57
2025-08-05 11:45:00,991.55,991.65,990.8,991.25,81958,0.4650,0.3367,38.11,997.2000,-0.60
2025-08-05 11:50:00,991.25,991.5,990.55,990.85,91454,0.4193,0.3367,24.53,997.2000,-0.64
2025-08-05 11:55:00,990.85,991.45,990.6,990.8,78874,0.3697,0.3367,9.80,997.2000,-0.64
2025-08-05 12:00:00,990.8,991.35,990.75,991.35,85418,0.3576,0.3367,6.21,997.2000,-0.59
2025-08-05 12:05:00,991.15,992,990.65,992,111932,0.3753,0.3367,11.46,997.2000,-0.52
2025-08-05 12:10:00,991.8,994.05,991.8,992.6,158278,0.4067,0.3367,20.79,997.2000,-0.46
2025-08-05 12:15:00,992.55,993.3,992.5,992.7,98630,0.4121,0.3367,22.39,997.2000,-0.45
2025-08-05 12:20:00,992.75,993.25,991.85,992.95,105440,0.4097,0.3367,21.68,997.2000,-0.43
2025-08-05 12:25:00,992.9,992.95,992.3,992.55,81124,0.3600,0.3367,6.92,997.2000,-0.47
2025-08-05 12:30:00,992.55,992.55,991,991.9,211052,0.2665,0.3367,-20.85,997.2000,-0.53
2025-08-05 12:35:00,991.9,992.95,991.35,992.2,88922,0.2106,0.3367,-37.45,997.2000,-0.50
2025-08-05 12:40:00,992,992.45,991.4,991.9,81816,0.1422,0.3367,-57.77,997.2000,-0.53
2025-08-05 12:45:00,991.7,992.4,991.45,991.85,72812,0.0854,0.3367,-74.64,997.2000,-0.54
2025-08-05 12:50:00,991.6,991.85,990.95,991.4,88968,0.0130,0.3367,-96.14,997.2000,-0.58
2025-08-05 12:55:00,991.4,992,991,992,107642,0.0016,0.3367,-99.52,997.2000,-0.52
2025-08-05 13:00:00,991.85,992.85,991.55,992.25,99896,0.0068,0.3367,-97.98,997.2000,-0.50
2025-08-05 13:05:00,992,992.45,990.55,991,146548,-0.0738,0.3367,-121.92,997.2000,-0.62
2025-08-05 13:10:00,991,991.4,989.9,991.25,239714,-0.1079,0.3367,-132.05,997.2000,-0.60
2025-08-05 13:15:00,991.15,991.75,990.4,990.85,121008,-0.1523,0.3367,-145.23,997.2000,-0.64
2025-08-05 13:20:00,990.5,990.85,989.4,989.9,91656,-0.2357,0.3367,-170.00,997.2000,-0.73
2025-08-05 13:25:00,989.9,990,988.7,989.5,94718,-0.3034,0.3367,-190.11,997.2000,-0.77
2025-08-05 13:30:00,989.2,989.5,988.6,989.4,73216,-0.3380,0.3367,-200.39,997.2000,-0.78
2025-08-05 13:35:00,989.4,989.45,988,988.1,96058,-0.4258,0.3367,-226.46,997.2000,-0.91
2025-08-05 13:40:00,988,988.85,987.55,987.9,96874,-0.4711,0.3367,-239.92,997.2000,-0.93
2025-08-05 13:45:00,987.9,988.45,987.3,988.2,152502,-0.4545,0.3367,-234.99,997.2000,-0.90
2025-08-05 13:50:00,988,988.75,987.85,988.2,86968,-0.4181,0.3367,-224.18,997.2000,-0.90
2025-08-05 13:55:00,988.35,988.4,987.55,987.75,102684,-0.3988,0.3367,-218.44,997.2000,-0.95
2025-08-05 14:00:00,987.75,988.45,987.55,988.2,95730,-0.3331,0.3367,-198.93,997.2000,-0.90
2025-08-05 14:05:00,988.1,988.15,986.9,987.55,151564,-0.3111,0.3367,-192.40,997.2000,-0.97
2025-08-05 14:10:00,987.6,989.5,987.35,989.4,157598,-0.1573,0.3367,-146.72,997.2000,-0.78
2025-08-05 14:15:00,989.4,989.7,988.5,989.35,144112,-0.0500,0.3367,-114.85,997.2000,-0.79
2025-08-05 14:20:00,989.35,989.35,988,988.35,126018,-0.0379,0.3367,-111.26,997.2000,-0.89
2025-08-05 14:25:00,988.05,989.5,987.7,989.45,141376,0.0480,0.3367,-85.74,997.2000,-0.78
2025-08-05 14:30:00,989.1,990,987.85,988.5,267342,0.0446,0.3367,-86.75,997.2000,-0.87
2025-08-05 14:35:00,988.35,988.8,987.9,988.45,150002,0.0429,0.3367,-87.26,997.2000,-0.88
2025-08-05 14:40:00,988.45,988.95,987.6,988.25,166136,0.0326,0.3367,-90.32,997.2000,-0.90
2025-08-05 14:45:00,987.9,988.6,986.65,987.8,285710,0.0015,0.3367,-99.55,997.2000,-0.94
2025-08-05 14:50:00,987.75,987.8,986.75,987.1,127894,-0.0571,0.3367,-116.96,997.2000,-1.01
2025-08-05 14:55:00,987.1,987.7,986.7,987.5,158100,-0.0594,0.3367,-117.64,997.2000,-0.97
2025-08-05 15:00:00,987.5,988.15,986.75,988,492730,-0.0198,0.3367,-105.88,997.2000,-0.92
2025-08-05 15:05:00,987.95,989.45,987.5,989,619338,0.0758,0.3367,-77.49,997.2000,-0.82
2025-08-05 15:10:00,988.65,990,987.9,990,631730,0.2015,0.3367,-40.15,997.2000,-0.72
2025-08-05 15:15:00,989.95,990,988,989.55,764426,0.2464,0.3367,-26.82,997.2000,-0.77
2025-08-05 15:20:00,989.55,990.55,988.45,988.95,845968,0.2282,0.3367,-32.22,997.2000,-0.83
2025-08-05 15:25:00,988.95,991.35,987.5,990.5,622550,0.3080,0.3367,-8.52,997.2000,-0.67
2025-08-06 09:15:00,985.55,988.4,985,986.55,730700,0.0935,0.3080,-69.64,990.5000,-0.40
2025-08-06 09:20:00,986.5,987.75,985.55,987.45,426000,0.0149,0.3080,-95.16,990.5000,-0.31
2025-08-06 09:25:00,987.4,988.95,986.85,988.35,418246,0.0257,0.3080,-91.66,990.5000,-0.22
2025-08-06 09:30:00,988.35,989.5,987.9,988.35,254204,0.0344,0.3080,-88.83,990.5000,-0.22
2025-08-06 09:35:00,988.25,988.35,986.05,986.7,289252,-0.0640,0.3080,-120.78,990.5000,-0.38
2025-08-06 09:40:00,986.7,987.45,985.9,985.95,237608,-0.1668,0.3080,-154.16,990.5000,-0.46
2025-08-06 09:45:00,985.9,986.7,985.1,985.5,335582,-0.2474,0.3080,-180.32,990.5000,-0.50
2025-08-06 09:50:00,985.55,987.35,985.4,986.65,210420,-0.2073,0.3080,-167.31,990.5000,-0.39
2025-08-06 09:55:00,986.65,987.95,985.55,987.9,359564,-0.0867,0.3080,-128.15,990.5000,-0.26
2025-08-06 10:00:00,987.9,990,986.65,987.9,312312,-0.0016,0.3080,-100.52,990.5000,-0.26
2025-08-06 10:05:00,987.9,989.15,987.7,988.35,97784,0.0856,0.3080,-72.21,990.5000,-0.22
2025-08-06 10:10:00,988.4,988.95,988.1,988.6,108166,0.1565,0.3080,-49.19,990.5000,-0.19
2025-08-06 10:15:00,988.6,989.85,988.3,989.45,126226,0.2514,0.3080,-18.38,990.5000,-0.11
2025-08-06 10:20:00,989.8,990.45,989.5,989.85,129882,0.3271,0.3080,6.20,990.5000,-0.07
2025-08-06 10:25:00,989.9,989.9,987.75,988.4,293630,0.2680,0.3080,-12.99,990.5000,-0.21
2025-08-06 10:30:00,988.4,989,987.9,987.95,138796,0.1907,0.3080,-38.08,990.5000,-0.26
2025-08-06 10:35:00,987.9,987.95,985.5,987.3,474888,0.0929,0.3080,-69.84,990.5000,-0.32
2025-08-06 10:40:00,987.3,988.2,987.3,987.45,168162,0.0381,0.3080,-87.63,990.5000,-0.31
2025-08-06 10:45:00,987.5,987.95,987.1,987.6,182410,0.0132,0.3080,-95.71,990.5000,-0.29
2025-08-06 10:50:00,987.65,988.3,987.2,988.15,139162,0.0337,0.3080,-89.06,990.5000,-0.24
2025-08-06 10:55:00,988.15,988.4,987.15,987.65,208138,0.0145,0.3080,-95.29,990.5000,-0.29
2025-08-06 11:00:00,987.65,988.45,987.45,988.3,177804,0.0449,0.3080,-85.42,990.5000,-0.22
2025-08-06 11:05:00,988.3,988.9,988.25,988.65,81946,0.0855,0.3080,-72.24,990.5000,-0.19
2025-08-06 11:10:00,988.6,990.05,988.6,989.9,208064,0.1875,0.3080,-39.12,990.5000,-0.06
2025-08-06 11:15:00,989.85,990,988.65,988.85,224804,0.1756,0.3080,-42.99,990.5000,-0.17
2025-08-06 11:20:00,988.85,990.05,988.75,989.65,101026,0.2104,0.3080,-31.69,990.5000,-0.09
2025-08-06 11:25:00,989.7,990,988.95,989.05,118420,0.1830,0.3080,-40.58,990.5000,-0.15
2025-08-06 11:30:00,989,989.75,989,989.45,150454,0.1814,0.3080,-41.10,990.5000,-0.11
2025-08-06 11:35:00,989.4,989.55,989.05,989.15,184948,0.1509,0.3080,-51.01,990.5000,-0.14
2025-08-06 11:40:00,989.1,989.6,989.1,989.5,105488,0.1451,0.3080,-52.89,990.5000,-0.10
2025-08-06 11:45:00,989.4,991.05,989.4,990.5,219594,0.1962,0.3080,-36.30,990.5000,0.00
2025-08-06 11:50:00,990.5,991.85,990.45,990.75,170208,0.2320,0.3080,-24.68,990.5000,0.03
2025-08-06 11:55:00,990.65,990.7,989.2,990,313266,0.1920,0.3080,-37.66,990.5000,-0.05
2025-08-06 12:00:00,990,990.35,989.3,989.4,92740,0.1156,0.3080,-62.47,990.5000,-0.11
2025-08-06 12:05:00,989.4,990,989,989.1,79314,0.0394,0.3080,-87.21,990.5000,-0.14
2025-08-06 12:10:00,989.1,989.65,988.8,989.05,64358,-0.0168,0.3080,-105.45,990.5000,-0.15
2025-08-06 12:15:00,989,989.8,988.9,989.5,65958,-0.0257,0.3080,-108.34,990.5000,-0.10
2025-08-06 12:20:00,989.45,990.5,989.4,989.9,223208,-0.0075,0.3080,-102.44,990.5000,-0.06
2025-08-06 12:25:00,989.9,990.15,989.25,989.85,100344,-0.0020,0.3080,-100.65,990.5000,-0.07
2025-08-06 12:30:00,989.85,990.75,989.65,990.3,80060,0.0271,0.3080,-91.20,990.5000,-0.02
2025-08-06 12:35:00,990.45,990.9,989.95,990.2,60788,0.0344,0.3080,-88.83,990.5000,-0.03
2025-08-06 12:40:00,990.15,990.85,989.85,989.9,100754,0.0148,0.3080,-95.19,990.5000,-0.06
2025-08-06 12:45:00,989.85,990.45,989.85,990.2,130794,0.0176,0.3080,-94.29,990.5000,-0.03
2025-08-06 12:50:00,990.15,990.45,989.45,990,79364,0.0023,0.3080,-99.25,990.5000,-0.05
2025-08-06 12:55:00,990.1,990.5,990,990.2,64926,0.0020,0.3080,-99.35,990.5000,-0.03
2025-08-06 13:00:00,990.15,990.2,989.9,989.95,98288,-0.0175,0.3080,-105.68,990.5000,-0.06
2025-08-06 13:05:00,989.9,990.05,989.7,990,113002,-0.0290,0.3080,-109.42,990.5000,-0.05
2025-08-06 13:10:00,990,991,989.95,990.6,74638,0.0004,0.3080,-99.87,990.5000,0.01
2025-08-06 13:15:00,990.6,991.35,990.5,990.85,83864,0.0315,0.3080,-89.77,990.5000,0.04
2025-08-06 13:20:00,990.8,991.25,990.5,990.9,71302,0.0493,0.3080,-83.99,990.5000,0.04
2025-08-06 13:25:00,990.9,991.25,990.45,990.8,125172,0.0480,0.3080,-84.42,990.5000,0.03
2025-08-06 13:30:00,990.8,991.6,990.55,991,63450,0.0539,0.3080,-82.50,990.5000,0.05
2025-08-06 13:35:00,991,991.95,990.9,991.85,51752,0.1054,0.3080,-65.78,990.5000,0.14
2025-08-06 13:40:00,991.75,992.1,990.55,991.9,196944,0.1315,0.3080,-57.31,990.5000,0.14
2025-08-06 13:45:00,991.9,992,990.95,991.5,42118,0.1112,0.3080,-63.90,990.5000,0.10
2025-08-06 13:50:00,991.45,991.8,991.25,991.65,61176,0.0978,0.3080,-68.25,990.5000,0.12
2025-08-06 13:55:00,991.65,991.85,991.55,991.85,59634,0.0923,0.3080,-70.03,990.5000,0.14
2025-08-06 14:00:00,991.85,991.95,991.45,991.9,75950,0.0824,0.3080,-73.25,990.5000,0.14
2025-08-06 14:05:00,991.9,991.9,990.85,991,91302,0.0093,0.3080,-96.98,990.5000,0.05
2025-08-06 14:10:00,990.95,991.6,990.75,990.9,72400,-0.0484,0.3080,-115.71,990.5000,0.04
2025-08-06 14:15:00,990.9,991.85,990.65,991.85,63770,-0.0264,0.3080,-108.57,990.5000,0.14
2025-08-06 14:20:00,991.85,992.5,991.8,992.25,93548,0.0094,0.3080,-96.95,990.5000,0.18
2025-08-06 14:25:00,992.2,993,991.6,991.95,132818,0.0072,0.3080,-97.66,990.5000,0.15
2025-08-06 14:30:00,991.9,992,991,991.4,97018,-0.0345,0.3080,-111.20,990.5000,0.09
2025-08-06 14:35:00,991.4,991.5,989.6,990.8,328572,-0.1021,0.3080,-133.15,990.5000,0.03
2025-08-06 14:40:00,990.5,991.5,990.25,991.1,85340,-0.1246,0.3080,-140.45,990.5000,0.06
2025-08-06 14:45:00,991.1,991.45,990.9,991,95984,-0.1429,0.3080,-146.40,990.5000,0.05
2025-08-06 14:50:00,991,991.5,990.8,991.4,162298,-0.1253,0.3080,-140.68,990.5000,0.09
2025-08-06 14:55:00,991.45,991.5,990.55,991,127286,-0.1371,0.3080,-144.51,990.5000,0.05
2025-08-06 15:00:00,991,991.5,990.8,991.5,345964,-0.1088,0.3080,-135.32,990.5000,0.10
2025-08-06 15:05:00,991.5,992.5,991.45,992.5,329188,-0.0247,0.3080,-108.02,990.5000,0.20
2025-08-06 15:10:00,992.5,993.2,992.2,992.75,366786,0.0421,0.3080,-86.33,990.5000,0.23
2025-08-06 15:15:00,992.75,993.8,992.2,993.15,375444,0.1041,0.3080,-66.20,990.5000,0.27
2025-08-06 15:20:00,993.2,994,993.15,993.45,439926,0.1532,0.3080,-50.26,990.5000,0.30
2025-08-06 15:25:00,993.5,993.95,992.5,993.5,305334,0.1753,0.3080,-43.08,990.5000,0.30
2025-08-07 09:15:00,990.05,994.4,990,993.5,372028,0.1757,0.1753,0.23,993.5000,0.00
2025-08-07 09:20:00,993.45,993.5,990.6,991.55,122186,0.0377,0.1753,-78.49,993.5000,-0.20
2025-08-07 09:25:00,991.5,992.35,990.45,992.15,58102,-0.0171,0.1753,-109.75,993.5000,-0.14
2025-08-07 09:30:00,992,992.75,991.55,992.45,54006,-0.0361,0.1753,-120.59,993.5000,-0.11
2025-08-07 09:35:00,992.3,992.3,990.05,990.1,78992,-0.2007,0.1753,-214.49,993.5000,-0.34
2025-08-07 09:40:00,990.25,991.3,990.05,991.15,66658,-0.2305,0.1753,-231.49,993.5000,-0.24
2025-08-07 09:45:00,991.15,991.5,990.6,991.4,46644,-0.2246,0.1753,-228.12,993.5000,-0.21
2025-08-07 09:50:00,991.4,992.4,990.75,992.4,95318,-0.1485,0.1753,-184.71,993.5000,-0.11
2025-08-07 09:55:00,992.4,992.5,990.9,991.35,78122,-0.1627,0.1753,-192.81,993.5000,-0.22
2025-08-07 10:00:00,991.35,991.55,990.05,990.6,92354,-0.2134,0.1753,-221.73,993.5000,-0.29
2025-08-07 10:05:00,990.6,991.8,990.5,991.5,93598,-0.1784,0.1753,-201.77,993.5000,-0.20
2025-08-07 10:10:00,991.45,991.8,990.75,991.25,53720,-0.1645,0.1753,-193.84,993.5000,-0.23
2025-08-07 10:15:00,991.2,991.85,990,990.4,224350,-0.2026,0.1753,-215.57,993.5000,-0.31
2025-08-07 10:20:00,990.4,990.95,989.55,990.95,176052,-0.1813,0.1753,-203.42,993.5000,-0.26
2025-08-07 10:25:00,990.95,991,989.5,989.5,117128,-0.2513,0.1753,-243.35,993.5000,-0.40
2025-08-07 10:30:00,989.5,989.7,988.4,988.95,187866,-0.3167,0.1753,-280.66,993.5000,-0.46
2025-08-07 10:35:00,988.95,990.45,988.75,989.35,102004,-0.3145,0.1753,-279.41,993.5000,-0.42
2025-08-07 10:40:00,989.4,990.4,989.25,989.5,152968,-0.2853,0.1753,-262.75,993.5000,-0.40
2025-08-07 10:45:00,989.6,989.75,989,989.4,111436,-0.2560,0.1753,-246.04,993.5000,-0.41
2025-08-07 10:50:00,989.4,989.5,988.75,988.8,95126,-0.2595,0.1753,-248.03,993.5000,-0.47
2025-08-07 10:55:00,989,989.75,988.6,989,169600,-0.2317,0.1753,-232.17,993.5000,-0.45
2025-08-07 11:00:00,988.85,989.5,988.8,989.5,108416,-0.1661,0.1753,-194.75,993.5000,-0.40
2025-08-07 11:05:00,989.45,989.55,988.65,989.45,237402,-0.1149,0.1753,-165.54,993.5000,-0.41
2025-08-07 11:10:00,989.35,990.2,989.1,989.75,137592,-0.0529,0.1753,-130.18,993.5000,-0.38
2025-08-07 11:15:00,989.7,991,989.5,990.95,614634,0.0702,0.1753,-59.95,993.5000,-0.26
2025-08-07 11:20:00,990.85,992,990.6,990.95,135830,0.1484,0.1753,-15.35,993.5000,-0.26
2025-08-07 11:25:00,990.95,991.85,990.6,991.1,193104,0.2036,0.1753,16.14,993.5000,-0.24
2025-08-07 11:30:00,991.1,991.9,990.9,991.55,150662,0.2602,0.1753,48.43,993.5000,-0.20
2025-08-07 11:35:00,991.85,993,991.6,992.95,103676,0.3747,0.1753,113.75,993.5000,-0.06
2025-08-07 11:40:00,992.75,993,991.85,992.25,175464,0.3847,0.1753,119.45,993.5000,-0.13
2025-08-07 11:45:00,992.25,993,991.45,992.05,490158,0.3596,0.1753,105.13,993.5000,-0.15
2025-08-07 11:50:00,992.1,992.5,991.95,992.45,95770,0.3513,0.1753,100.40,993.5000,-0.11
2025-08-07 11:55:00,992.45,993,991.95,992.9,109808,0.3564,0.1753,103.31,993.5000,-0.06
2025-08-07 12:00:00,993,995,992.8,994,117136,0.4103,0.1753,134.06,993.5000,0.05
2025-08-07 12:05:00,994,994.95,993.9,994.55,67998,0.4559,0.1753,160.07,993.5000,0.11
2025-08-07 12:10:00,994.85,995.4,994.45,994.65,91220,0.4642,0.1753,164.80,993.5000,0.12
2025-08-07 12:15:00,994.95,995.3,994.5,995.15,89566,0.4731,0.1753,169.88,993.5000,0.17
2025-08-07 12:20:00,995.15,995.2,994.2,994.45,45948,0.4043,0.1753,130.63,993.5000,0.10
2025-08-07 12:25:00,994.25,995,994.1,994.8,37138,0.3564,0.1753,103.31,993.5000,0.13
2025-08-07 12:30:00,994.8,995,994.05,994.55,64012,0.2851,0.1753,62.64,993.5000,0.11
2025-08-07 12:35:00,994.4,995.25,994,995.25,85468,0.2629,0.1753,49.97,993.5000,0.18
2025-08-07 12:40:00,995.1,995.3,993.4,994,192832,0.1474,0.1753,-15.92,993.5000,0.05
2025-08-07 12:45:00,993.95,994.25,993.25,994.1,56130,0.0655,0.1753,-62.64,993.5000,0.06
2025-08-07 12:50:00,994.05,995.35,994.05,995.3,83458,0.0788,0.1753,-55.05,993.5000,0.18
2025-08-07 12:55:00,995.35,995.35,994.55,995,69894,0.0554,0.1753,-68.40,993.5000,0.15
2025-08-07 13:00:00,995,995.3,994.75,995.2,75838,0.0418,0.1753,-76.16,993.5000,0.17
2025-08-07 13:05:00,995.15,995.15,994.45,994.6,94702,-0.0160,0.1753,-109.13,993.5000,0.11
2025-08-07 13:10:00,994.55,995,994.05,994.7,135166,-0.0537,0.1753,-130.63,993.5000,0.12
2025-08-07 13:15:00,994.7,994.8,993.95,994.7,114662,-0.0832,0.1753,-147.46,993.5000,0.12
2025-08-07 13:20:00,994.6,994.9,993.15,993.65,236244,-0.1728,0.1753,-198.57,993.5000,0.02
2025-08-07 13:25:00,993.6,993.75,991.75,992.5,190952,-0.3014,0.1753,-271.93,993.5000,-0.10
2025-08-07 13:30:00,992.45,992.6,991.15,991.9,172826,-0.4118,0.1753,-334.91,993.5000,-0.16
2025-08-07 13:35:00,991.75,992.25,991,991.5,132846,-0.4914,0.1753,-380.32,993.5000,-0.20
2025-08-07 13:40:00,991.45,992.6,991.15,992,266372,-0.4889,0.1753,-378.89,993.5000,-0.15
2025-08-07 13:45:00,992.05,992.9,991.7,992.5,197328,-0.4341,0.1753,-347.63,993.5000,-0.10
2025-08-07 13:50:00,992.4,992.6,991.65,991.85,89926,-0.4216,0.1753,-340.50,993.5000,-0.17
2025-08-07 13:55:00,991.9,992.05,991.2,991.55,254688,-0.4131,0.1753,-335.65,993.5000,-0.20
2025-08-07 14:00:00,991.5,992.2,990.8,991.25,125206,-0.4065,0.1753,-331.89,993.5000,-0.23
2025-08-07 14:05:00,991.25,991.95,990.5,990.55,104426,-0.4262,0.1753,-343.13,993.5000,-0.30
2025-08-07 14:10:00,990.7,991.85,990.25,991.15,277080,-0.3773,0.1753,-315.23,993.5000,-0.24
2025-08-07 14:15:00,991.05,991.85,990.9,991.2,120760,-0.3222,0.1753,-283.80,993.5000,-0.23
2025-08-07 14:20:00,991.2,993.95,991,992,183948,-0.2176,0.1753,-224.13,993.5000,-0.15
2025-08-07 14:25:00,992,992.7,991.05,991.95,308740,-0.1411,0.1753,-180.49,993.5000,-0.16
2025-08-07 14:30:00,991.8,992.65,991.45,991.75,90942,-0.0955,0.1753,-154.48,993.5000,-0.18
2025-08-07 14:35:00,991.85,992.95,991.4,992.05,227804,-0.0396,0.1753,-122.59,993.5000,-0.15
2025-08-07 14:40:00,992,993.3,991,993,158100,0.0615,0.1753,-64.92,993.5000,-0.05
2025-08-07 14:45:00,993.1,993.4,992.1,992.6,129884,0.0993,0.1753,-43.35,993.5000,-0.09
2025-08-07 14:50:00,992.6,993.7,992.5,993.3,202206,0.1653,0.1753,-5.70,993.5000,-0.02
2025-08-07 14:55:00,993.3,994.15,992.5,994,152056,0.2453,0.1753,39.93,993.5000,0.05
2025-08-07 15:00:00,993.85,995.4,993.5,995.05,577824,0.3516,0.1753,100.57,993.5000,0.16
2025-08-07 15:05:00,995.05,997.25,995,997.25,425780,0.5414,0.1753,208.84,993.5000,0.38
2025-08-07 15:10:00,996.85,998.55,996.55,997.7,353522,0.6607,0.1753,276.90,993.5000,0.42
2025-08-07 15:15:00,997.7,1000.8,997.6,1000,430568,0.8460,0.1753,382.60,993.5000,0.65
2025-08-07 15:20:00,1000,1000.65,998.6,999.8,610346,0.9016,0.1753,414.32,993.5000,0.63
2025-08-07 15:25:00,999.95,1000.2,998.8,999,296962,0.8327,0.1753,375.01,993.5000,0.55
2025-08-08 09:15:00,993.55,996.4,992.15,993.25,1193814,0.3714,0.8327,-55.40,999.0000,-0.58
2025-08-08 09:20:00,993.25,993.55,991.85,992.5,225078,0.0067,0.8327,-99.20,999.0000,-0.65
2025-08-08 09:25:00,992.5,992.75,991.9,992.25,99352,-0.2465,0.8327,-129.60,999.0000,-0.68
2025-08-08 09:30:00,992.25,992.5,990.5,991.4,280856,-0.4542,0.8327,-154.55,999.0000,-0.76
2025-08-08 09:35:00,991.4,993.3,991.15,992.15,164966,-0.5194,0.8327,-162.38,999.0000,-0.69
2025-08-08 09:40:00,992.15,992.5,991.35,992.05,57910,-0.5449,0.8327,-165.44,999.0000,-0.70
2025-08-08 09:45:00,992.05,992.9,991.9,992.85,149430,-0.4856,0.8327,-158.32,999.0000,-0.62
2025-08-08 09:50:00,992.75,993.65,992.65,993.45,239302,-0.3877,0.8327,-146.56,999.0000,-0.56
2025-08-08 09:55:00,993.45,994,993.25,993.85,167594,-0.2829,0.8327,-133.97,999.0000,-0.52
2025-08-08 10:00:00,993.85,993.85,992.25,992.35,105826,-0.2996,0.8327,-135.98,999.0000,-0.67
2025-08-08 10:05:00,992.25,992.35,990.25,990.85,278518,-0.3911,0.8327,-146.97,999.0000,-0.82
2025-08-08 10:10:00,990.85,991.55,990.5,990.65,88602,-0.4407,0.8327,-152.92,999.0000,-0.84
2025-08-08 10:15:00,990.9,991.05,990.2,990.55,139834,-0.4542,0.8327,-154.55,999.0000,-0.85
2025-08-08 10:20:00,990.55,991.8,990.5,991.35,95452,-0.3857,0.8327,-146.32,999.0000,-0.77
2025-08-08 10:25:00,991.65,992.2,991.3,991.7,100252,-0.2974,0.8327,-135.72,999.0000,-0.73
2025-08-08 10:30:00,991.7,991.7,990.25,990.55,110212,-0.2963,0.8327,-135.58,999.0000,-0.85
2025-08-08 10:35:00,990.5,990.75,990.2,990.45,149548,-0.2822,0.8327,-133.89,999.0000,-0.86
2025-08-08 10:40:00,990.4,991.9,990,990.9,203272,-0.2250,0.8327,-127.02,999.0000,-0.81
2025-08-08 10:45:00,990.9,991.65,990.45,990.6,67336,-0.1911,0.8327,-122.95,999.0000,-0.84
2025-08-08 10:50:00,990.6,991.05,990.35,991.05,61590,-0.1253,0.8327,-115.05,999.0000,-0.80
2025-08-08 10:55:00,991,991.2,989.8,990.2,182010,-0.1257,0.8327,-115.10,999.0000,-0.88
2025-08-08 11:00:00,990.2,990.2,989.4,989.75,116290,-0.1416,0.8327,-117.00,999.0000,-0.93
2025-08-08 11:05:00,989.85,990,989.3,989.85,63310,-0.1311,0.8327,-115.74,999.0000,-0.92
2025-08-08 11:10:00,989.95,990.1,989.5,989.5,68326,-0.1330,0.8327,-115.97,999.0000,-0.95
2025-08-08 11:15:00,989.75,990.05,989.25,989.65,84754,-0.1103,0.8327,-113.25,999.0000,-0.94
2025-08-08 11:20:00,989.65,989.75,987.7,987.75,305834,-0.2039,0.8327,-124.49,999.0000,-1.13
2025-08-08 11:25:00,987.75,988.3,987.55,988.05,79218,-0.2248,0.8327,-127.00,999.0000,-1.10
2025-08-08 11:30:00,988.05,988.7,987.5,987.8,201384,-0.2335,0.8327,-128.04,999.0000,-1.12
2025-08-08 11:35:00,987.9,987.95,986.6,986.95,98382,-0.2719,0.8327,-132.65,999.0000,-1.21
2025-08-08 11:40:00,986.95,987.25,986.2,987.2,74554,-0.2560,0.8327,-130.74,999.0000,-1.18
2025-08-08 11:45:00,987.2,987.5,986.9,987.35,55730,-0.2128,0.8327,-125.56,999.0000,-1.17
2025-08-08 11:50:00,987.35,988.35,987.05,987.85,318028,-0.1319,0.8327,-115.84,999.0000,-1.12
2025-08-08 11:55:00,987.65,988.2,986.55,987.3,170104,-0.0983,0.8327,-111.80,999.0000,-1.17
2025-08-08 12:00:00,987.3,987.5,986.5,986.8,48552,-0.0927,0.8327,-111.13,999.0000,-1.22
2025-08-08 12:05:00,986.75,987.3,986.55,987.2,109970,-0.0473,0.8327,-105.68,999.0000,-1.18
2025-08-08 12:10:00,987.2,987.5,986.9,987.5,50638,0.0143,0.8327,-98.28,999.0000,-1.15
2025-08-08 12:15:00,987.45,987.55,986.85,987,249364,0.0319,0.8327,-96.17,999.0000,-1.20
2025-08-08 12:20:00,986.9,987.55,986.45,987.55,239204,0.0879,0.8327,-89.44,999.0000,-1.15
2025-08-08 12:25:00,987.55,989.05,987.15,988.95,88654,0.2190,0.8327,-73.70,999.0000,-1.01
2025-08-08 12:30:00,988.95,989.7,988.65,989.7,106672,0.3483,0.8327,-58.17,999.0000,-0.93
2025-08-08 12:35:00,989.7,990.7,989.5,990.45,122524,0.4690,0.8327,-43.68,999.0000,-0.86
2025-08-08 12:40:00,990.45,991.25,989.95,990.5,215746,0.5322,0.8327,-36.09,999.0000,-0.85
2025-08-08 12:45:00,990.5,991.65,990.2,991.05,253176,0.5868,0.8327,-29.53,999.0000,-0.80
2025-08-08 12:50:00,991.05,992,990.3,990.85,241790,0.5838,0.8327,-29.89,999.0000,-0.82
2025-08-08 12:55:00,990.95,991.45,990,990.65,158484,0.5436,0.8327,-34.72,999.0000,-0.84
2025-08-08 13:00:00,990.65,990.7,988.75,989.4,88678,0.4140,0.8327,-50.28,999.0000,-0.96
2025-08-08 13:05:00,989.4,989.85,988.3,989,146960,0.2884,0.8327,-65.37,999.0000,-1.00
2025-08-08 13:10:00,989,989.05,987.75,988.8,139334,0.1840,0.8327,-77.90,999.0000,-1.02
2025-08-08 13:15:00,988.8,989.5,988.3,989.5,104684,0.1554,0.8327,-81.34,999.0000,-0.95
2025-08-08 13:20:00,989.5,989.6,988.85,989.4,71664,0.1244,0.8327,-85.06,999.0000,-0.96
2025-08-08 13:25:00,989.4,989.7,988.5,988.9,163854,0.0677,0.8327,-91.87,999.0000,-1.01
2025-08-08 13:30:00,988.75,989.35,988.3,988.95,54548,0.0328,0.8327,-96.06,999.0000,-1.01
2025-08-08 13:35:00,988.95,989.35,988.5,989.25,51772,0.0293,0.8327,-96.48,999.0000,-0.98
2025-08-08 13:40:00,989.25,989.45,988.5,989.25,52844,0.0264,0.8327,-96.83,999.0000,-0.98
2025-08-08 13:45:00,989.25,989.3,987.55,988.6,116664,-0.0174,0.8327,-102.09,999.0000,-1.04
2025-08-08 13:50:00,988.6,988.95,988,988.5,53762,-0.0495,0.8327,-105.94,999.0000,-1.05
2025-08-08 13:55:00,988.5,988.7,987.25,987.5,150096,-0.1299,0.8327,-115.60,999.0000,-1.15
2025-08-08 14:00:00,987.4,989.25,987.35,988.8,106784,-0.0893,0.8327,-110.72,999.0000,-1.02
2025-08-08 14:05:00,988.75,988.8,987.7,988.3,132026,-0.0896,0.8327,-110.76,999.0000,-1.07
2025-08-08 14:10:00,988.3,988.4,986.85,988,194418,-0.1026,0.8327,-112.32,999.0000,-1.10
2025-08-08 14:15:00,988.15,989.25,987.7,988.9,201634,-0.0460,0.8327,-105.52,999.0000,-1.01
2025-08-08 14:20:00,988.9,989.25,988.3,988.9,73906,-0.0061,0.8327,-100.73,999.0000,-1.01
2025-08-08 14:25:00,988.9,988.9,987.5,987.8,129350,-0.0490,0.8327,-105.88,999.0000,-1.12
2025-08-08 14:30:00,987.8,988.6,987.2,987.95,295364,-0.0616,0.8327,-107.40,999.0000,-1.11
2025-08-08 14:35:00,987.95,988.35,987.35,988.3,250884,-0.0417,0.8327,-105.01,999.0000,-1.07
2025-08-08 14:40:00,987.95,989,987.7,988.95,185866,0.0169,0.8327,-97.97,999.0000,-1.01
2025-08-08 14:45:00,988.95,989.55,988.45,989.2,105636,0.0709,0.8327,-91.49,999.0000,-0.98
2025-08-08 14:50:00,989.2,989.4,988.55,989.1,121216,0.0969,0.8327,-88.36,999.0000,-0.99
2025-08-08 14:55:00,989.1,989.35,988.55,989.05,117944,0.1068,0.8327,-87.17,999.0000,-1.00
2025-08-08 15:00:00,989.05,989.15,988.1,988.8,399318,0.0932,0.8327,-88.81,999.0000,-1.02
2025-08-08 15:05:00,988.8,988.85,987.5,987.75,376216,0.0142,0.8327,-98.29,999.0000,-1.13
2025-08-08 15:10:00,987.8,987.95,985,986.45,557318,-0.1175,0.8327,-114.11,999.0000,-1.26
2025-08-08 15:15:00,986.45,987.65,985.5,985.8,585108,-0.2337,0.8327,-128.07,999.0000,-1.32
2025-08-08 15:20:00,985.8,986.5,985.4,986.05,391338,-0.2760,0.8327,-133.15,999.0000,-1.30
2025-08-08 15:25:00,986.05,987,985.25,986,347712,-0.2884,0.8327,-134.63,999.0000,-1.30
2025-08-11 09:15:00,987.95,989.35,986.55,989.3,362196,-0.0669,-0.2884,-76.80,986.0000,0.33
2025-08-11 09:20:00,989.35,992.75,989.3,992.5,208798,0.2833,-0.2884,-198.23,986.0000,0.66
2025-08-11 09:25:00,992.75,994.15,992.6,993.2,141384,0.5357,-0.2884,-285.75,986.0000,0.73
2025-08-11 09:30:00,993.2,994.5,991.1,994.05,112742,0.7219,-0.2884,-350.31,986.0000,0.82
2025-08-11 09:35:00,994.1,994.95,991.3,991.6,82390,0.6446,-0.2884,-323.51,986.0000,0.57
2025-08-11 09:40:00,991.6,992.5,991.15,991.2,37224,0.5355,-0.2884,-285.68,986.0000,0.53
2025-08-11 09:45:00,991.3,991.45,990.35,990.4,48898,0.3855,-0.2884,-233.67,986.0000,0.45
2025-08-11 09:50:00,990.5,991.25,990.15,990.8,61098,0.2934,-0.2884,-201.73,986.0000,0.49
2025-08-11 09:55:00,990.8,991.15,990.05,990.15,44834,0.1748,-0.2884,-160.61,986.0000,0.42
2025-08-11 10:00:00,990.15,991.05,990,990.8,48204,0.1283,-0.2884,-144.49,986.0000,0.49
2025-08-11 10:05:00,991,991.8,990.55,991.7,51188,0.1451,-0.2884,-150.31,986.0000,0.58
2025-08-11 10:10:00,991.8,992.55,990.7,991.35,105096,0.1206,-0.2884,-141.82,986.0000,0.54
2025-08-11 10:15:00,991.4,991.8,991.15,991.65,21378,0.1127,-0.2884,-139.08,986.0000,0.57
2025-08-11 10:20:00,991.65,991.65,990.3,990.8,44662,0.0420,-0.2884,-114.56,986.0000,0.49
2025-08-11 10:25:00,990.95,991.25,990.75,991.1,22242,0.0090,-0.2884,-103.12,986.0000,0.52
2025-08-11 10:30:00,991.1,991.4,990,990.9,115470,-0.0307,-0.2884,-89.36,986.0000,0.50
2025-08-11 10:35:00,991,992.25,990.5,992,64948,0.0105,-0.2884,-103.64,986.0000,0.61
2025-08-11 10:40:00,991.95,992.3,991.65,991.9,45816,0.0238,-0.2884,-108.25,986.0000,0.60
2025-08-11 10:45:00,991.85,992.35,991.65,991.95,69066,0.0283,-0.2884,-109.81,986.0000,0.60
2025-08-11 10:50:00,992,992.5,991.55,991.85,125990,0.0175,-0.2884,-106.07,986.0000,0.59
2025-08-11 10:55:00,991.85,992.45,991.7,992.05,46152,0.0167,-0.2884,-105.79,986.0000,0.61
2025-08-11 11:00:00,992.05,992.4,991.65,991.75,43352,-0.0097,-0.2884,-96.64,986.0000,0.58
2025-08-11 11:05:00,991.75,992.5,991.7,991.9,118886,-0.0220,-0.2884,-92.37,986.0000,0.60
2025-08-11 11:10:00,991.9,992.35,991,991.45,47258,-0.0631,-0.2884,-78.12,986.0000,0.55
2025-08-11 11:15:00,991.4,992.25,990.55,991.85,65820,-0.0657,-0.2884,-77.22,986.0000,0.59
2025-08-11 11:20:00,991.85,992.2,991.75,992.05,77272,-0.0566,-0.2884,-80.37,986.0000,0.61
2025-08-11 11:25:00,992.1,992.1,991.3,991.6,35942,-0.0820,-0.2884,-71.57,986.0000,0.57
2025-08-11 11:30:00,991.6,991.85,990.5,990.5,36526,-0.1691,-0.2884,-41.37,986.0000,0.46
2025-08-11 11:35:00,990.55,990.55,989.15,989.6,219640,-0.2770,-0.2884,-3.95,986.0000,0.37
2025-08-11 11:40:00,989.65,989.9,989.4,989.6,36080,-0.3343,-0.2884,15.92,986.0000,0.37
2025-08-11 11:45:00,989.85,990.25,989.1,990.2,33246,-0.3179,-0.2884,10.23,986.0000,0.43
2025-08-11 11:50:00,990.1,990.4,989.7,990.05,88862,-0.3031,-0.2884,5.10,986.0000,0.41
2025-08-11 11:55:00,990.05,990.45,989.95,990.4,32566,-0.2577,-0.2884,-10.64,986.0000,0.45
2025-08-11 12:00:00,990.4,991,990.1,990.55,39734,-0.2075,-0.2884,-28.05,986.0000,0.46
2025-08-11 12:05:00,990.65,990.8,989.95,990.25,109554,-0.1853,-0.2884,-35.75,986.0000,0.43
2025-08-11 12:10:00,990.25,990.65,990,990.45,83694,-0.1494,-0.2884,-48.20,986.0000,0.45
2025-08-11 12:15:00,990.5,992,990.45,990.55,172222,-0.1129,-0.2884,-60.85,986.0000,0.46
2025-08-11 12:20:00,990.6,990.65,990.4,990.65,67878,-0.0776,-0.2884,-73.09,986.0000,0.47
2025-08-11 12:25:00,990.65,991.5,990.6,990.95,72140,-0.0320,-0.2884,-88.90,986.0000,0.50
2025-08-11 12:30:00,991,991,990.65,991,51840,0.0017,-0.2884,-100.59,986.0000,0.51
2025-08-11 12:35:00,991,991.95,990.45,991.95,194786,0.0838,-0.2884,-129.06,986.0000,0.60
2025-08-11 12:40:00,991.95,992.3,991.55,992.1,84372,0.1405,-0.2884,-148.72,986.0000,0.62
2025-08-11 12:45:00,992.3,992.9,992,992.5,91208,0.1940,-0.2884,-167.27,986.0000,0.66
2025-08-11 12:50:00,992.45,992.7,992.15,992.7,103868,0.2295,-0.2884,-179.58,986.0000,0.68
2025-08-11 12:55:00,992.7,992.8,991.9,992.25,171664,0.2099,-0.2884,-172.78,986.0000,0.63
2025-08-11 13:00:00,992.25,993.7,992,992.45,198620,0.1977,-0.2884,-168.55,986.0000,0.65
2025-08-11 13:05:00,992.45,992.5,992,992.05,68774,0.1521,-0.2884,-152.74,986.0000,0.61
2025-08-11 13:10:00,992.05,992.05,991.35,991.5,80152,0.0780,-0.2884,-127.05,986.0000,0.56
2025-08-11 13:15:00,991.7,991.9,991.05,991.35,54924,0.0153,-0.2884,-105.31,986.0000,0.54
2025-08-11 13:20:00,991.35,991.5,990.85,991.3,53380,-0.0306,-0.2884,-89.39,986.0000,0.54
2025-08-11 13:25:00,991.3,992.55,991.05,991.8,138848,-0.0285,-0.2884,-90.12,986.0000,0.59
2025-08-11 13:30:00,991.85,992.6,991.45,992.5,299418,0.0165,-0.2884,-105.72,986.0000,0.66
2025-08-11 13:35:00,992.5,992.65,992.05,992.5,61374,0.0413,-0.2884,-114.32,986.0000,0.66
2025-08-11 13:40:00,992.5,992.7,992.3,992.45,48162,0.0489,-0.2884,-116.96,986.0000,0.65
2025-08-11 13:45:00,992.5,993,992.2,993,96698,0.0834,-0.2884,-128.92,986.0000,0.71
2025-08-11 13:50:00,993,993.3,992,992.5,112034,0.0658,-0.2884,-122.82,986.0000,0.66
2025-08-11 13:55:00,992.45,993.5,992.05,993.4,59722,0.1057,-0.2884,-136.65,986.0000,0.75
2025-08-11 14:00:00,993.45,994.5,993.3,993.55,105170,0.1314,-0.2884,-145.56,986.0000,0.77
2025-08-11 14:05:00,993.55,994.5,993.5,994.35,89214,0.1880,-0.2884,-165.19,986.0000,0.85
2025-08-11 14:10:00,994.3,994.85,993.9,994.75,88530,0.2351,-0.2884,-181.52,986.0000,0.89
2025-08-11 14:15:00,994.7,995,993.65,994.6,128202,0.2382,-0.2884,-182.59,986.0000,0.87
2025-08-11 14:20:00,994.6,994.65,993.75,994.15,121288,0.1937,-0.2884,-167.16,986.0000,0.83
2025-08-11 14:25:00,994.05,994.65,993.95,994.45,89188,0.1693,-0.2884,-158.70,986.0000,0.86
2025-08-11 14:30:00,994.5,995.9,994.35,995.65,170076,0.2157,-0.2884,-174.79,986.0000,0.98
2025-08-11 14:35:00,995.65,997,994.8,995.75,344294,0.2334,-0.2884,-180.93,986.0000,0.99
2025-08-11 14:40:00,996.05,996.35,994,994.65,173232,0.1551,-0.2884,-153.78,986.0000,0.88
2025-08-11 14:45:00,994.6,995.6,994.6,995.35,101996,0.1352,-0.2884,-146.88,986.0000,0.95
2025-08-11 14:50:00,995.4,995.95,994.95,995.6,149572,0.1240,-0.2884,-143.00,986.0000,0.97
2025-08-11 14:55:00,995.6,996,995.3,995.8,123638,0.1153,-0.2884,-139.98,986.0000,0.99
2025-08-11 15:00:00,995.8,997.65,995.7,997.55,352118,0.2072,-0.2884,-171.84,986.0000,1.17
2025-08-11 15:05:00,997.55,998.25,997.45,998.2,325508,0.2868,-0.2884,-199.45,986.0000,1.24
2025-08-11 15:10:00,998.2,998.8,997.75,997.85,406988,0.2900,-0.2884,-200.55,986.0000,1.20
2025-08-11 15:15:00,998.1,998.3,997.45,997.7,463790,0.2573,-0.2884,-189.22,986.0000,1.19
2025-08-11 15:20:00,997.7,998.6,997.3,997.9,339790,0.2255,-0.2884,-178.19,986.0000,1.21
2025-08-11 15:25:00,997.9,998,995.6,996,175214,0.0614,-0.2884,-121.29,986.0000,1.01
2025-08-12 09:15:00,995.95,995.95,990.4,992.5,365224,-0.2793,0.0614,-554.89,996.0000,-0.35
2025-08-12 09:20:00,992.8,994.65,992.45,994.5,170190,-0.3611,0.0614,-688.11,996.0000,-0.15
2025-08-12 09:25:00,994.2,995.35,994.05,994.9,177058,-0.3777,0.0614,-715.15,996.0000,-0.11
2025-08-12 09:30:00,994.9,995.8,993.65,995.8,162706,-0.3198,0.0614,-620.85,996.0000,-0.02
2025-08-12 09:35:00,995.8,996.75,995.4,996.25,148750,-0.2462,0.0614,-500.98,996.0000,0.03
2025-08-12 09:40:00,996.25,997.05,996,996.75,144476,-0.1628,0.0614,-365.15,996.0000,0.08
2025-08-12 09:45:00,996.75,997.25,996.05,996.75,120060,-0.1093,0.0614,-278.01,996.0000,0.08
2025-08-12 09:50:00,996.65,997.2,996.05,996.8,162096,-0.0738,0.0614,-220.20,996.0000,0.08
2025-08-12 09:55:00,997,997.8,996.8,997.5,152116,-0.0098,0.0614,-115.96,996.0000,0.15
2025-08-12 10:00:00,997.5,997.8,996.2,997.65,135636,0.0335,0.0614,-45.44,996.0000,0.17
2025-08-12 10:05:00,997.65,998,997.25,997.3,122378,0.0297,0.0614,-51.63,996.0000,0.13
2025-08-12 10:10:00,997.6,997.8,995.4,995.7,75030,-0.0832,0.0614,-235.50,996.0000,-0.03
2025-08-12 10:15:00,995.7,996.3,994.65,995.15,155704,-0.1915,0.0614,-411.89,996.0000,-0.09
2025-08-12 10:20:00,995.15,995.85,995,995.1,54742,-0.2589,0.0614,-521.66,996.0000,-0.09
2025-08-12 10:25:00,995.1,995.6,992.8,992.9,93916,-0.4337,0.0614,-806.35,996.0000,-0.31
2025-08-12 10:30:00,992.95,993,990.15,991.55,139906,-0.6114,0.0614,-1095.77,996.0000,-0.45
2025-08-12 10:35:00,991.7,993.05,991.7,993.05,35144,-0.5983,0.0614,-1074.43,996.0000,-0.30
2025-08-12 10:40:00,993.05,993.55,991.8,992.2,43456,-0.6150,0.0614,-1101.63,996.0000,-0.38
2025-08-12 10:45:00,992,992.5,991.25,992.25,66788,-0.5906,0.0614,-1061.89,996.0000,-0.38
2025-08-12 10:50:00,992.25,992.6,991.8,992.55,29118,-0.5245,0.0614,-954.23,996.0000,-0.35
2025-08-12 10:55:00,992.55,993.35,991.75,992.05,227638,-0.4855,0.0614,-890.72,996.0000,-0.40
2025-08-12 11:00:00,992,992.15,990,990.4,84282,-0.5378,0.0614,-975.90,996.0000,-0.56
2025-08-12 11:05:00,990.4,990.8,989.55,990.2,56028,-0.5509,0.0614,-997.23,996.0000,-0.58
2025-08-12 11:10:00,990.2,990.4,989.45,989.45,66270,-0.5725,0.0614,-1032.41,996.0000,-0.66
2025-08-12 11:15:00,989.45,991.35,989.1,990.8,167492,-0.4630,0.0614,-854.07,996.0000,-0.52
2025-08-12 11:20:00,990.55,991.1,990.05,990.45,53416,-0.3846,0.0614,-726.38,996.0000,-0.56
2025-08-12 11:25:00,990.45,990.5,989.1,989.55,56478,-0.3639,0.0614,-692.67,996.0000,-0.65
2025-08-12 11:30:00,989.55,990,989.1,989.55,124818,-0.3223,0.0614,-624.92,996.0000,-0.65
2025-08-12 11:35:00,989.55,990.05,989.5,989.75,231012,-0.2561,0.0614,-517.10,996.0000,-0.63
2025-08-12 11:40:00,989.75,990,989.3,989.9,55152,-0.1808,0.0614,-394.46,996.0000,-0.61
2025-08-12 11:45:00,989.9,990,989.25,989.55,46828,-0.1351,0.0614,-320.03,996.0000,-0.65
2025-08-12 11:50:00,989.55,989.55,988.65,989.5,55984,-0.0909,0.0614,-248.05,996.0000,-0.65
2025-08-12 11:55:00,989.5,990.4,989.3,990.4,51690,0.0109,0.0614,-82.25,996.0000,-0.56
2025-08-12 12:00:00,990.4,990.5,989.25,989.5,166774,0.0285,0.0614,-53.58,996.0000,-0.65
2025-08-12 12:05:00,989.5,989.9,989.15,989.7,27834,0.0626,0.0614,1.95,996.0000,-0.63
2025-08-12 12:10:00,989.7,990,989.35,989.8,56468,0.0987,0.0614,60.75,996.0000,-0.62
2025-08-12 12:15:00,989.8,991.75,989.65,991.75,226540,0.2520,0.0614,310.42,996.0000,-0.43
2025-08-12 12:20:00,991.75,991.75,990.05,990.7,321692,0.2787,0.0614,353.91,996.0000,-0.53
2025-08-12 12:25:00,990.65,991.35,989.9,990.8,316124,0.2974,0.0614,384.36,996.0000,-0.52
2025-08-12 12:30:00,990.8,992.85,990.8,992.2,151058,0.3923,0.0614,538.93,996.0000,-0.38
2025-08-12 12:35:00,992.1,992.5,991.6,992.15,146752,0.4367,0.0614,611.24,996.0000,-0.39
2025-08-12 12:40:00,992.15,993.25,991.3,992.7,149932,0.4844,0.0614,688.93,996.0000,-0.33
2025-08-12 12:45:00,992.7,993.1,991.65,991.65,88160,0.4284,0.0614,597.72,996.0000,-0.44
2025-08-12 12:50:00,991.65,992.2,990.7,990.85,107912,0.3253,0.0614,429.80,996.0000,-0.52
2025-08-12 12:55:00,990.85,991,990.55,990.85,50010,0.2485,0.0614,304.72,996.0000,-0.52
2025-08-12 13:00:00,990.85,991.9,990.3,991.9,102162,0.2585,0.0614,321.01,996.0000,-0.41
2025-08-12 13:05:00,991.85,991.95,990.25,991.1,222280,0.2039,0.0614,232.08,996.0000,-0.49
2025-08-12 13:10:00,991.25,991.5,990.15,990.15,115614,0.1015,0.0614,65.31,996.0000,-0.59
2025-08-12 13:15:00,990.35,990.5,989,989.9,111292,0.0190,0.0614,-69.06,996.0000,-0.61
2025-08-12 13:20:00,989.9,990.7,989.5,989.8,184522,-0.0372,0.0614,-160.59,996.0000,-0.62
2025-08-12 13:25:00,989.75,990,988.5,989.65,183922,-0.0770,0.0614,-225.41,996.0000,-0.64
2025-08-12 13:30:00,989.6,990,989,989.05,63996,-0.1331,0.0614,-316.78,996.0000,-0.70
2025-08-12 13:35:00,989.05,989.5,988.6,989.2,69048,-0.1482,0.0614,-341.37,996.0000,-0.68
2025-08-12 13:40:00,989.15,989.45,988.15,988.3,72058,-0.2035,0.0614,-431.43,996.0000,-0.77
2025-08-12 13:45:00,988.25,989.15,988.25,988.35,65094,-0.2201,0.0614,-458.47,996.0000,-0.77
2025-08-12 13:50:00,988.35,989.05,988.25,988.45,76550,-0.2078,0.0614,-438.44,996.0000,-0.76
2025-08-12 13:55:00,988.45,990.25,988.15,989.8,203842,-0.0977,0.0614,-259.12,996.0000,-0.62
2025-08-12 14:00:00,989.8,990,987.8,988,149864,-0.1331,0.0614,-316.78,996.0000,-0.80
2025-08-12 14:05:00,987.8,988.45,987.55,987.7,97656,-0.1616,0.0614,-363.19,996.0000,-0.83
2025-08-12 14:10:00,987.6,988,987.1,987.35,165658,-0.1872,0.0614,-404.89,996.0000,-0.87
2025-08-12 14:15:00,987.35,988.1,986.65,987.35,193424,-0.1869,0.0614,-404.40,996.0000,-0.87
2025-08-12 14:20:00,987.35,988.1,986.85,987.3,73770,-0.1731,0.0614,-381.92,996.0000,-0.87
2025-08-12 14:25:00,987.35,987.9,987.05,987.4,178982,-0.1416,0.0614,-330.62,996.0000,-0.86
2025-08-12 14:30:00,987.4,987.5,986.8,987,100968,-0.1322,0.0614,-315.31,996.0000,-0.90
2025-08-12 14:35:00,987,987.5,986.75,987.3,103172,-0.0923,0.0614,-250.33,996.0000,-0.87
2025-08-12 14:40:00,987.3,987.35,985.85,986.2,251390,-0.1244,0.0614,-302.61,996.0000,-0.98
2025-08-12 14:45:00,986.15,987.1,986,986.05,152162,-0.1390,0.0614,-326.38,996.0000,-1.00
2025-08-12 14:50:00,986.05,986.95,985.75,986,237096,-0.1353,0.0614,-320.36,996.0000,-1.00
2025-08-12 14:55:00,986.05,987.45,985.95,986,371784,-0.1167,0.0614,-290.07,996.0000,-1.00
2025-08-12 15:00:00,986,986,983.75,984.05,780406,-0.2140,0.0614,-448.53,996.0000,-1.20
2025-08-12 15:05:00,984.05,985,983.9,984.95,681734,-0.1965,0.0614,-420.03,996.0000,-1.11
2025-08-12 15:10:00,984.95,985.9,984.6,985,654056,-0.1616,0.0614,-363.19,996.0000,-1.10
2025-08-12 15:15:00,985,986.2,984.6,984.95,708540,-0.1238,0.0614,-301.63,996.0000,-1.11
2025-08-12 15:20:00,984.95,985.8,984.3,985.05,500228,-0.0762,0.0614,-224.10,996.0000,-1.10
2025-08-12 15:25:00,985.05,985.35,984.25,984.85,301292,-0.0440,0.0614,-171.66,996.0000,-1.12
2025-08-13 09:15:00,997,997,987.5,987.6,805338,0.1652,-0.0440,-475.45,984.8500,0.28
2025-08-13 09:20:00,987.6,987.95,986,986.85,231336,0.2507,-0.0440,-669.77,984.8500,0.20
2025-08-13 09:25:00,986.85,987.45,986.5,986.9,194852,0.3047,-0.0440,-792.50,984.8500,0.21
2025-08-13 09:30:00,986.85,988.1,986.8,987.25,276114,0.3545,-0.0440,-905.68,984.8500,0.24
2025-08-13 09:35:00,987.35,988.7,987.25,988.65,83872,0.4653,-0.0440,-1157.50,984.8500,0.39
2025-08-13 09:40:00,988.55,989.5,988.25,988.25,151246,0.4925,-0.0440,-1219.32,984.8500,0.35
2025-08-13 09:45:00,988.2,988.95,987.8,988.3,93476,0.4936,-0.0440,-1221.82,984.8500,0.35
2025-08-13 09:50:00,988.3,989.05,988.1,988.2,76090,0.4675,-0.0440,-1162.50,984.8500,0.34
2025-08-13 09:55:00,988.3,989.65,988.2,988.8,201820,0.4694,-0.0440,-1166.82,984.8500,0.40
2025-08-13 10:00:00,988.75,989,987.85,988.25,76588,0.4143,-0.0440,-1041.59,984.8500,0.35
2025-08-13 10:05:00,988.25,988.25,987.4,987.65,84892,0.3221,-0.0440,-832.05,984.8500,0.28
2025-08-13 10:10:00,987.5,987.7,986.55,986.65,93388,0.1853,-0.0440,-521.14,984.8500,0.18
2025-08-13 10:15:00,986.55,986.8,984.65,985.15,339954,-0.0046,-0.0440,-89.55,984.8500,0.03
2025-08-13 10:20:00,985.4,985.5,984.55,985,108242,-0.1317,-0.0440,199.32,984.8500,0.02
2025-08-13 10:25:00,985,987.05,984.6,986.55,209370,-0.1039,-0.0440,136.14,984.8500,0.17
2025-08-13 10:30:00,986.5,987.1,986,986,64138,-0.1144,-0.0440,160.00,984.8500,0.12
2025-08-13 10:35:00,986.05,986.15,985.3,985.3,57564,-0.1575,-0.0440,257.95,984.8500,0.05
2025-08-13 10:40:00,985.3,985.8,985,985.5,76432,-0.1611,-0.0440,266.14,984.8500,0.07
2025-08-13 10:45:00,985.4,985.6,984.9,985.1,99506,-0.1777,-0.0440,303.86,984.8500,0.03
2025-08-13 10:50:00,985.15,986.1,984.95,986,137154,-0.1181,-0.0440,168.41,984.8500,0.12
2025-08-13 10:55:00,986,986.25,985.3,986,222396,-0.0711,-0.0440,61.59,984.8500,0.12
2025-08-13 11:00:00,986.05,987.5,985.9,986.95,334164,0.0264,-0.0440,-160.00,984.8500,0.21
2025-08-13 11:05:00,986.95,987.45,986.15,986.4,181410,0.0546,-0.0440,-224.09,984.8500,0.16
2025-08-13 11:10:00,986.4,986.5,985.1,985.5,232644,0.0154,-0.0440,-135.00,984.8500,0.07
2025-08-13 11:15:00,985.6,986.75,985.5,986.1,175742,0.0317,-0.0440,-172.05,984.8500,0.13
2025-08-13 11:20:00,986.2,986.2,985,985.65,210790,0.0149,-0.0440,-133.86,984.8500,0.08
2025-08-13 11:25:00,985.65,985.9,984.7,985,128718,-0.0346,-0.0440,-21.36,984.8500,0.02
2025-08-13 11:30:00,985.05,985.45,984.75,985,47650,-0.0604,-0.0440,37.27,984.8500,0.02
2025-08-13 11:35:00,985,985.5,984.85,984.95,56050,-0.0731,-0.0440,66.14,984.8500,0.01
2025-08-13 11:40:00,985,985.25,984.8,984.95,55760,-0.0735,-0.0440,67.05,984.8500,0.01
2025-08-13 11:45:00,984.9,985.35,984.8,985,48794,-0.0628,-0.0440,42.73,984.8500,0.02
2025-08-13 11:50:00,985.05,986.1,985,985.75,64688,-0.0010,-0.0440,-97.73,984.8500,0.09
2025-08-13 11:55:00,985.75,985.8,984.8,984.8,71456,-0.0188,-0.0440,-57.27,984.8500,-0.01
2025-08-13 12:00:00,984.85,985.5,984.8,985.15,200228,-0.0026,-0.0440,-94.09,984.8500,0.03
2025-08-13 12:05:00,985.35,985.65,984.85,985.15,110832,0.0117,-0.0440,-126.59,984.8500,0.03
2025-08-13 12:10:00,985.15,985.8,984.8,985.1,72090,0.0209,-0.0440,-147.50,984.8500,0.03
2025-08-13 12:15:00,985.1,985.65,984.8,985.45,74236,0.0519,-0.0440,-217.95,984.8500,0.06
2025-08-13 12:20:00,985.3,987.35,985.2,986.75,297686,0.1555,-0.0440,-453.41,984.8500,0.19
2025-08-13 12:25:00,986.75,987.85,986,987.65,221386,0.2731,-0.0440,-720.68,984.8500,0.28
2025-08-13 12:30:00,987.65,988.85,987,988.65,285526,0.3993,-0.0440,-1007.50,984.8500,0.39
2025-08-13 12:35:00,988.7,988.85,986.75,987.4,114710,0.3796,-0.0440,-962.73,984.8500,0.26
2025-08-13 12:40:00,987.4,988.15,987.05,987.7,113872,0.3677,-0.0440,-935.68,984.8500,0.29
2025-08-13 12:45:00,987.7,988.25,987.35,988.1,75860,0.3667,-0.0440,-933.41,984.8500,0.33
2025-08-13 12:50:00,988.15,988.3,987.15,987.3,73444,0.2952,-0.0440,-770.91,984.8500,0.25
2025-08-13 12:55:00,987.3,987.4,986.75,987,78800,0.2146,-0.0440,-587.73,984.8500,0.22
2025-08-13 13:00:00,987,988.05,986.65,986.65,160826,0.1287,-0.0440,-392.50,984.8500,0.18
2025-08-13 13:05:00,986.7,987.9,986.65,987.45,72748,0.1172,-0.0440,-366.36,984.8500,0.26
2025-08-13 13:10:00,987.5,987.55,986.9,987.15,76608,0.0824,-0.0440,-287.27,984.8500,0.23
2025-08-13 13:15:00,987.15,987.5,987.1,987.1,56506,0.0506,-0.0440,-215.00,984.8500,0.23
2025-08-13 13:20:00,987.15,987.3,986.4,987.15,94786,0.0286,-0.0440,-165.00,984.8500,0.23
2025-08-13 13:25:00,987.15,987.45,986.4,986.95,88618,-0.0021,-0.0440,-95.23,984.8500,0.21
2025-08-13 13:30:00,986.9,987.5,986.4,987.2,126884,-0.0079,-0.0440,-82.05,984.8500,0.24
2025-08-13 13:35:00,987.2,988.25,987.2,987.95,78038,0.0341,-0.0440,-177.50,984.8500,0.31
2025-08-13 13:40:00,987.95,988.5,987.15,987.5,129720,0.0272,-0.0440,-161.82,984.8500,0.27
2025-08-13 13:45:00,987.6,988.55,987.5,988.5,94680,0.0825,-0.0440,-287.50,984.8500,0.37
2025-08-13 13:50:00,988.55,989.4,988.5,989.1,134854,0.1482,-0.0440,-436.82,984.8500,0.43
2025-08-13 13:55:00,989.2,989.95,988.45,989.9,248382,0.2293,-0.0440,-621.14,984.8500,0.51
2025-08-13 14:00:00,989.85,990.85,989.3,990.4,194628,0.2962,-0.0440,-773.18,984.8500,0.56
2025-08-13 14:05:00,990.45,990.7,989.85,990.25,126618,0.3086,-0.0440,-801.36,984.8500,0.55
2025-08-13 14:10:00,990.3,991.45,990.25,991.15,154100,0.3524,-0.0440,-900.91,984.8500,0.64
2025-08-13 14:15:00,991.1,991.5,989.65,990.6,316256,0.3203,-0.0440,-827.95,984.8500,0.58
2025-08-13 14:20:00,990.6,990.85,989.8,990.2,118068,0.2511,-0.0440,-670.68,984.8500,0.54
2025-08-13 14:25:00,990.1,990.75,988.9,989.5,224168,0.1426,-0.0440,-424.09,984.8500,0.47
2025-08-13 14:30:00,989.5,991,989.4,990.55,134648,0.1265,-0.0440,-387.50,984.8500,0.58
2025-08-13 14:35:00,990.8,990.8,989.85,990.35,109796,0.0891,-0.0440,-302.50,984.8500,0.56
2025-08-13 14:40:00,990.25,991.35,989.9,991.3,125470,0.1135,-0.0440,-357.95,984.8500,0.65
2025-08-13 14:45:00,991.3,991.9,990.65,991.55,148466,0.1304,-0.0440,-396.36,984.8500,0.68
2025-08-13 14:50:00,991.5,991.6,990.25,990.45,152536,0.0553,-0.0440,-225.68,984.8500,0.57
2025-08-13 14:55:00,990.3,991.45,990.3,991.1,120194,0.0380,-0.0440,-186.36,984.8500,0.63
2025-08-13 15:00:00,991,991.1,990,990.5,457358,-0.0220,-0.0440,-50.00,984.8500,0.57
2025-08-13 15:05:00,990.45,990.55,989.7,989.95,397094,-0.1024,-0.0440,132.73,984.8500,0.52
2025-08-13 15:10:00,989.95,990.9,989.85,990.4,573586,-0.1273,-0.0440,189.32,984.8500,0.56
2025-08-13 15:15:00,990.4,991,989.35,989.8,550982,-0.1829,-0.0440,315.68,984.8500,0.50
2025-08-13 15:20:00,989.8,990.4,989.6,990.1,410834,-0.1969,-0.0440,347.50,984.8500,0.53
2025-08-13 15:25:00,990.15,990.65,988.75,989.95,339604,-0.2123,-0.0440,382.50,984.8500,0.52
2025-08-14 09:15:00,989,992.45,985.6,990.9,659444,-0.1572,-0.2123,-25.95,989.9500,0.10
2025-08-14 09:20:00,990.9,992.5,990.25,992.5,227732,-0.0189,-0.2123,-91.10,989.9500,0.26
2025-08-14 09:25:00,992.45,994.1,992.4,993.65,256322,0.1355,-0.2123,-163.82,989.9500,0.37
2025-08-14 09:30:00,993.65,994.1,993,993.9,154600,0.2343,-0.2123,-210.36,989.9500,0.40
2025-08-14 09:35:00,993.95,996.1,993.9,996.1,264386,0.4170,-0.2123,-296.42,989.9500,0.62
2025-08-14 09:40:00,995.85,996.85,995.6,996.45,285226,0.5236,-0.2123,-346.63,989.9500,0.66
2025-08-14 09:45:00,996.5,997.4,995.25,995.9,359612,0.5183,-0.2123,-344.14,989.9500,0.60
2025-08-14 09:50:00,995.85,995.95,995.05,995.75,205938,0.4675,-0.2123,-320.21,989.9500,0.59
2025-08-14 09:55:00,995.7,995.95,994.7,994.8,121592,0.3387,-0.2123,-259.54,989.9500,0.49
2025-08-14 10:00:00,994.8,994.8,993.45,993.65,134460,0.1543,-0.2123,-172.68,989.9500,0.37
2025-08-14 10:05:00,993.6,994.3,993.1,993.25,127466,-0.0078,-0.2123,-96.33,989.9500,0.33
2025-08-14 10:10:00,993.2,994.15,993.05,993.5,399394,-0.1060,-0.2123,-50.07,989.9500,0.36
2025-08-14 10:15:00,993.55,994.85,993.05,994.6,149282,-0.1044,-0.2123,-50.82,989.9500,0.47
2025-08-14 10:20:00,994.5,995.75,993.85,995.35,197996,-0.0625,-0.2123,-70.56,989.9500,0.55
2025-08-14 10:25:00,995.45,996.3,994.8,995,126134,-0.0676,-0.2123,-68.16,989.9500,0.51
2025-08-14 10:30:00,995,996.15,994.75,996,52630,-0.0156,-0.2123,-92.65,989.9500,0.61
2025-08-14 10:35:00,996,996.2,995.15,995.75,94600,-0.0102,-0.2123,-95.20,989.9500,0.59
2025-08-14 10:40:00,995.75,996.2,995.2,995.7,95326,-0.0215,-0.2123,-89.87,989.9500,0.58
2025-08-14 10:45:00,995.75,995.85,994.55,994.65,80826,-0.1065,-0.2123,-49.84,989.9500,0.47
2025-08-14 10:50:00,994.6,994.9,993.8,993.85,208570,-0.2171,-0.2123,2.26,989.9500,0.39
2025-08-14 10:55:00,994.15,994.55,993.3,994,137538,-0.2767,-0.2123,30.33,989.9500,0.41
2025-08-14 11:00:00,994.35,994.6,994,994.45,92730,-0.2815,-0.2123,32.60,989.9500,0.45
2025-08-14 11:05:00,994.45,994.5,993.35,994.15,166380,-0.2989,-0.2123,40.79,989.9500,0.42
2025-08-14 11:10:00,994.15,994.5,993.35,993.95,140040,-0.3162,-0.2123,48.94,989.9500,0.40
2025-08-14 11:15:00,993.95,995.5,993.65,995.4,146882,-0.2266,-0.2123,6.74,989.9500,0.55
2025-08-14 11:20:00,995.35,995.95,993.95,995.35,255068,-0.1698,-0.2123,-20.02,989.9500,0.55
2025-08-14 11:25:00,995.3,995.6,994.75,994.75,154274,-0.1713,-0.2123,-19.31,989.9500,0.48
2025-08-14 11:30:00,994.8,994.95,994.2,994.6,104132,-0.1801,-0.2123,-15.17,989.9500,0.47
2025-08-14 11:35:00,994.6,995.25,993.9,994.85,333034,-0.1672,-0.2123,-21.24,989.9500,0.49
2025-08-14 11:40:00,994.9,995,993.95,994.3,156968,-0.1919,-0.2123,-9.61,989.9500,0.44
2025-08-14 11:45:00,994.3,994.45,993.15,993.55,176050,-0.2513,-0.2123,18.37,989.9500,0.36
2025-08-14 11:50:00,993.35,994.5,993.25,994.3,87008,-0.2330,-0.2123,9.75,989.9500,0.44
2025-08-14 11:55:00,994.3,995.3,993.5,995,265086,-0.1697,-0.2123,-20.07,989.9500,0.51
2025-08-14 12:00:00,995,995.95,995,995,316174,-0.1256,-0.2123,-40.84,989.9500,0.51
2025-08-14 12:05:00,995.3,996.25,994.95,996.2,293450,-0.0192,-0.2123,-90.96,989.9500,0.63
2025-08-14 12:10:00,996.15,996.65,995.5,996,230716,0.0315,-0.2123,-114.84,989.9500,0.61
2025-08-14 12:15:00,996,997.5,995.85,997.45,178944,0.1498,-0.2123,-170.56,989.9500,0.76
2025-08-14 12:20:00,997.45,997.95,996.6,997.4,254802,0.2083,-0.2123,-198.12,989.9500,0.75
2025-08-14 12:25:00,997.5,997.65,995.75,996,303744,0.1395,-0.2123,-165.71,989.9500,0.61
2025-08-14 12:30:00,996,996.95,995.85,996.35,210532,0.1059,-0.2123,-149.88,989.9500,0.65
2025-08-14 12:35:00,996.35,996.45,995.25,996.05,240294,0.0545,-0.2123,-125.67,989.9500,0.62
2025-08-14 12:40:00,996.15,996.5,995.35,995.45,78962,-0.0247,-0.2123,-88.37,989.9500,0.56
2025-08-14 12:45:00,995.4,996.1,995.25,995.9,61770,-0.0502,-0.2123,-76.35,989.9500,0.60
2025-08-14 12:50:00,995.9,996.45,995.75,996.3,43078,-0.0436,-0.2123,-79.46,989.9500,0.64
2025-08-14 12:55:00,996.3,997.2,996.2,997.15,468042,0.0115,-0.2123,-105.42,989.9500,0.73
2025-08-14 13:00:00,997.1,998,997.1,997.85,154880,0.0845,-0.2123,-139.80,989.9500,0.80
2025-08-14 13:05:00,997.85,998,997,997.7,187402,0.1104,-0.2123,-152.00,989.9500,0.78
2025-08-14 13:10:00,997.7,997.75,996.15,996.8,225782,0.0574,-0.2123,-127.04,989.9500,0.69
2025-08-14 13:15:00,996.8,997.85,996.55,996.95,188920,0.0246,-0.2123,-111.59,989.9500,0.71
2025-08-14 13:20:00,996.9,997.25,995.3,996,205756,-0.0641,-0.2123,-69.81,989.9500,0.61
2025-08-14 13:25:00,995.9,996.5,995.6,995.95,77348,-0.1256,-0.2123,-40.84,989.9500,0.61
2025-08-14 13:30:00,995.95,996.3,994.75,994.95,103672,-0.2272,-0.2123,7.02,989.9500,0.51
2025-08-14 13:35:00,994.9,995.75,994.75,995.7,149688,-0.2363,-0.2123,11.30,989.9500,0.58
2025-08-14 13:40:00,995.45,996.7,995.2,996.55,185668,-0.1802,-0.2123,-15.12,989.9500,0.67
2025-08-14 13:45:00,996.45,996.7,995.45,995.55,127118,-0.2037,-0.2123,-4.05,989.9500,0.57
2025-08-14 13:50:00,995.5,996.8,995.5,996.35,171482,-0.1605,-0.2123,-24.40,989.9500,0.65
2025-08-14 13:55:00,996.3,996.9,996.3,996.3,88630,-0.1318,-0.2123,-37.92,989.9500,0.64
2025-08-14 14:00:00,996.3,996.9,996.2,996.5,109998,-0.0973,-0.2123,-54.17,989.9500,0.66
2025-08-14 14:05:00,996.5,996.95,995.8,996.2,158840,-0.0926,-0.2123,-56.38,989.9500,0.63
2025-08-14 14:10:00,996.35,996.8,995.85,996.3,171272,-0.0813,-0.2123,-61.71,989.9500,0.64
2025-08-14 14:15:00,996.25,996.3,995.15,995.6,171346,-0.1171,-0.2123,-44.84,989.9500,0.57
2025-08-14 14:20:00,995.7,995.9,994.9,994.9,114298,-0.1805,-0.2123,-14.98,989.9500,0.50
2025-08-14 14:25:00,994.9,995.35,994.5,995.2,109604,-0.1934,-0.2123,-8.90,989.9500,0.53
2025-08-14 14:30:00,995.2,996.75,993.65,996,439512,-0.1418,-0.2123,-33.21,989.9500,0.61
2025-08-14 14:35:00,996.25,996.8,995.2,995.85,301620,-0.1128,-0.2123,-46.87,989.9500,0.60
2025-08-14 14:40:00,995.85,996.4,994.55,994.95,278982,-0.1469,-0.2123,-30.81,989.9500,0.51
2025-08-14 14:45:00,995,996.65,994.85,995.7,276028,-0.1133,-0.2123,-46.63,989.9500,0.58
2025-08-14 14:50:00,995.7,996.85,995.6,996.3,100112,-0.0483,-0.2123,-77.25,989.9500,0.64
2025-08-14 14:55:00,996.3,996.55,996.1,996.3,128062,-0.0052,-0.2123,-97.55,989.9500,0.64
2025-08-14 15:00:00,996.3,996.6,995.7,996.6,668656,0.0411,-0.2123,-119.36,989.9500,0.67
2025-08-14 15:05:00,996.55,997.2,995.8,995.8,685772,0.0166,-0.2123,-107.82,989.9500,0.59
2025-08-14 15:10:00,995.85,995.95,995.4,995.4,481564,-0.0254,-0.2123,-88.04,989.9500,0.55
2025-08-14 15:15:00,995.45,996,995.1,995.6,594136,-0.0379,-0.2123,-82.15,989.9500,0.57
2025-08-14 15:20:00,995.6,996.4,993.95,994.7,941572,-0.1013,-0.2123,-52.28,989.9500,0.48
2025-08-14 15:25:00,994.75,995,994.1,994.75,379736,-0.1325,-0.2123,-37.59,989.9500,0.48
2025-08-18 09:15:00,1005,1006.45,1000,1006.25,1166820,0.5892,-0.1325,-544.68,994.7500,1.16
2025-08-18 09:20:00,1006.45,1008.75,1005.95,1008.5,630940,1.1533,-0.1325,-970.42,994.7500,1.38
2025-08-18 09:25:00,1008.55,1011.85,1008.25,1011.6,669254,1.6407,-0.1325,-1338.26,994.7500,1.69
2025-08-18 09:30:00,1011.6,1013.3,1010.4,1011.2,1005716,1.8273,-0.1325,-1479.09,994.7500,1.65
2025-08-18 09:35:00,1011.3,1011.3,1009.05,1009.65,484862,1.7380,-0.1325,-1411.70,994.7500,1.50
2025-08-18 09:40:00,1009.75,1010.4,1008.15,1010.15,231948,1.6074,-0.1325,-1313.13,994.7500,1.55
2025-08-18 09:45:00,1010.15,1010.3,1009,1009.8,321470,1.3999,-0.1325,-1156.53,994.7500,1.51
2025-08-18 09:50:00,1009.85,1010.45,1009.05,1009.05,212942,1.1262,-0.1325,-949.96,994.7500,1.44
2025-08-18 09:55:00,1009.1,1009.85,1008.65,1009,182538,0.8676,-0.1325,-754.79,994.7500,1.43
2025-08-18 10:00:00,1009.05,1009.85,1007.15,1007.4,146978,0.5311,-0.1325,-500.83,994.7500,1.27
2025-08-18 10:05:00,1007.15,1007.45,1005.8,1007,184618,0.2387,-0.1325,-280.15,994.7500,1.23
2025-08-18 10:10:00,1007,1007.35,1005.95,1005.95,112328,-0.0527,-0.1325,-60.23,994.7500,1.13
2025-08-18 10:15:00,1006.15,1006.85,1005.55,1006.3,114666,-0.2387,-0.1325,80.15,994.7500,1.16
2025-08-18 10:20:00,1006.4,1006.9,1006.05,1006.1,110924,-0.3835,-0.1325,189.43,994.7500,1.14
2025-08-18 10:25:00,1006.15,1006.5,1005.5,1005.5,101268,-0.5195,-0.1325,292.08,994.7500,1.08
2025-08-18 10:30:00,1005.5,1006.05,1004.9,1005.35,193822,-0.6129,-0.1325,362.57,994.7500,1.07
2025-08-18 10:35:00,1005.35,1006.3,1005.35,1006.15,118484,-0.6128,-0.1325,362.49,994.7500,1.15
2025-08-18 10:40:00,1006.15,1006.75,1005.45,1005.8,234980,-0.6261,-0.1325,372.53,994.7500,1.11
2025-08-18 10:45:00,1005.95,1006.15,1004.8,1005,226840,-0.6742,-0.1325,408.83,994.7500,1.03
2025-08-18 10:50:00,1004.95,1005.5,1004.15,1004.45,378406,-0.7243,-0.1325,446.64,994.7500,0.98
2025-08-18 10:55:00,1004.45,1004.5,1004,1004.2,112916,-0.7522,-0.1325,467.70,994.7500,0.95
2025-08-18 11:00:00,1004.2,1004.5,1002.95,1002.95,122158,-0.8267,-0.1325,523.92,994.7500,0.82
2025-08-18 11:05:00,1002.95,1003.25,1001.95,1002.5,249014,-0.8737,-0.1325,559.40,994.7500,0.78
2025-08-18 11:10:00,1002.4,1002.5,1001.05,1001.8,169904,-0.9149,-0.1325,590.49,994.7500,0.71
2025-08-18 11:15:00,1001.55,1003.35,1001.5,1002.8,289672,-0.8398,-0.1325,533.81,994.7500,0.81
2025-08-18 11:20:00,1002.8,1006,1002.2,1005.6,941768,-0.5788,-0.1325,336.83,994.7500,1.09
2025-08-18 11:25:00,1005.6,1006.45,1003.4,1004.3,906440,-0.4755,-0.1325,258.87,994.7500,0.96
2025-08-18 11:30:00,1004.3,1004.6,1002.4,1003.3,201576,-0.4561,-0.1325,244.23,994.7500,0.86
2025-08-18 11:35:00,1003.15,1003.45,1001.9,1003.2,157592,-0.4318,-0.1325,225.89,994.7500,0.85
2025-08-18 11:40:00,1003.2,1003.9,1002.45,1003.05,190846,-0.4080,-0.1325,207.92,994.7500,0.83
2025-08-18 11:45:00,1003.1,1003.5,1002.7,1003,62538,-0.3784,-0.1325,185.58,994.7500,0.83
2025-08-18 11:50:00,1003.05,1003.95,1002.7,1003.05,271168,-0.3395,-0.1325,156.23,994.7500,0.83
2025-08-18 11:55:00,1003,1003.6,1001.85,1002,51778,-0.3662,-0.1325,176.38,994.7500,0.73
2025-08-18 12:00:00,1002,1002.55,1001.85,1002.45,41860,-0.3361,-0.1325,153.66,994.7500,0.77
2025-08-18 12:05:00,1002.45,1002.85,1001.1,1001.35,77096,-0.3701,-0.1325,179.32,994.7500,0.66
2025-08-18 12:10:00,1001.35,1001.8,999.4,999.6,209104,-0.4832,-0.1325,264.68,994.7500,0.49
2025-08-18 12:15:00,999.6,999.8,997.8,999.1,251470,-0.5589,-0.1325,321.81,994.7500,0.44
2025-08-18 12:20:00,999.1,1000,998.9,998.9,96722,-0.5870,-0.1325,343.02,994.7500,0.42
2025-08-18 12:25:00,998.95,999.3,998.35,999.1,97682,-0.5567,-0.1325,320.15,994.7500,0.44
2025-08-18 12:30:00,999.15,999.2,998.65,998.85,52504,-0.5190,-0.1325,291.70,994.7500,0.41
2025-08-18 12:35:00,998.85,999.15,998,998.8,69566,-0.4647,-0.1325,250.72,994.7500,0.41
2025-08-18 12:40:00,998.8,1000.15,998.6,1000.15,85700,-0.3123,-0.1325,135.70,994.7500,0.54
2025-08-18 12:45:00,1000.1,1000.75,999.8,1000.45,67284,-0.1728,-0.1325,30.42,994.7500,0.57
2025-08-18 12:50:00,1000.45,1001.45,1000.3,1001.2,90726,-0.0195,-0.1325,-85.28,994.7500,0.65
2025-08-18 12:55:00,1001.25,1002.25,1000.55,1001.05,161904,0.0769,-0.1325,-158.04,994.7500,0.63
2025-08-18 13:00:00,1001.15,1001.5,1000.5,1001.35,80226,0.1612,-0.1325,-221.66,994.7500,0.66
2025-08-18 13:05:00,1001.4,1001.7,1001.05,1001.6,57894,0.2299,-0.1325,-273.51,994.7500,0.69
2025-08-18 13:10:00,1001.6,1002.5,1001.55,1002.45,94356,0.3230,-0.1325,-343.77,994.7500,0.77
2025-08-18 13:15:00,1002.45,1002.45,1001.55,1002.1,79360,0.3493,-0.1325,-363.62,994.7500,0.74
2025-08-18 13:20:00,1002.15,1002.95,1001.7,1002.25,182700,0.3633,-0.1325,-374.19,994.7500,0.75
2025-08-18 13:25:00,1002.25,1002.35,1001.4,1001.85,96012,0.3330,-0.1325,-351.32,994.7500,0.71
2025-08-18 13:30:00,1001.85,1002.15,1001.35,1001.85,113086,0.3013,-0.1325,-327.40,994.7500,0.71
2025-08-18 13:35:00,1002.05,1002.5,1001.6,1002.4,129566,0.3048,-0.1325,-330.04,994.7500,0.77
2025-08-18 13:40:00,1002.4,1003.35,1002.25,1003.05,148962,0.3359,-0.1325,-353.51,994.7500,0.83
2025-08-18 13:45:00,1003.15,1003.25,1002.25,1002.3,90406,0.2924,-0.1325,-320.68,994.7500,0.76
2025-08-18 13:50:00,1002.45,1003.55,1002.3,1003.25,178240,0.3125,-0.1325,-335.85,994.7500,0.85
2025-08-18 13:55:00,1003.2,1003.45,1001.9,1002.5,163716,0.2620,-0.1325,-297.74,994.7500,0.78
2025-08-18 14:00:00,1002.5,1002.5,1000.75,1002.3,186256,0.2044,-0.1325,-254.26,994.7500,0.76
2025-08-18 14:05:00,1002.35,1003,1002.25,1002.75,79460,0.1865,-0.1325,-240.75,994.7500,0.80
2025-08-18 14:10:00,1002.85,1003.2,1001.75,1002.4,140848,0.1429,-0.1325,-207.85,994.7500,0.77
2025-08-18 14:15:00,1002.45,1002.75,1001.95,1002.1,71818,0.0884,-0.1325,-166.72,994.7500,0.74
2025-08-18 14:20:00,1002.15,1002.4,1001.65,1001.9,64000,0.0360,-0.1325,-127.17,994.7500,0.72
2025-08-18 14:25:00,1001.9,1003,1001.65,1001.9,428468,0.0003,-0.1325,-100.23,994.7500,0.72
2025-08-18 14:30:00,1002,1003.4,1001.85,1002.35,245498,0.0058,-0.1325,-104.38,994.7500,0.76
2025-08-18 14:35:00,1002.35,1003.2,1001.2,1003.2,308682,0.0623,-0.1325,-147.02,994.7500,0.85
2025-08-18 14:40:00,1003.2,1003.85,1002.7,1003.1,136288,0.0870,-0.1325,-165.66,994.7500,0.84
2025-08-18 14:45:00,1002.9,1003.5,1002.35,1003.3,190630,0.1095,-0.1325,-182.64,994.7500,0.86
2025-08-18 14:50:00,1003.3,1003.9,1002.95,1003.85,152328,0.1514,-0.1325,-214.26,994.7500,0.91
2025-08-18 14:55:00,1003.85,1004.15,1003.5,1003.95,156158,0.1743,-0.1325,-231.55,994.7500,0.92
2025-08-18 15:00:00,1003.8,1003.95,1001.7,1002.45,541170,0.0816,-0.1325,-161.58,994.7500,0.77
2025-08-18 15:05:00,1002.5,1003,1001.7,1002.55,558516,0.0232,-0.1325,-117.51,994.7500,0.78
2025-08-18 15:10:00,1002.55,1002.9,1001.15,1001.8,544208,-0.0650,-0.1325,-50.94,994.7500,0.71
2025-08-18 15:15:00,1001.8,1002.5,1000.5,1001.2,719826,-0.1575,-0.1325,18.87,994.7500,0.65
2025-08-18 15:20:00,1001.2,1001.7,1000.6,1001.05,655910,-0.2187,-0.1325,65.06,994.7500,0.63
2025-08-18 15:25:00,1001,1002.75,1000.65,1002.5,475500,-0.1546,-0.1325,16.68,994.7500,0.78
2025-08-19 09:15:00,999.15,1001.9,998.9,1001.75,679682,-0.1552,-0.1546,0.39,1002.5000,-0.07
2025-08-19 09:20:00,1001.25,1001.5,1000,1000.95,222714,-0.1993,-0.1546,28.91,1002.5000,-0.15
2025-08-19 09:25:00,1000.95,1001.05,1000,1000.45,70384,-0.2487,-0.1546,60.87,1002.5000,-0.20
2025-08-19 09:30:00,1000.45,1000.6,999.25,999.5,121568,-0.3270,-0.1546,111.51,1002.5000,-0.30
2025-08-19 09:35:00,999.35,1000,999.15,999.7,41254,-0.3451,-0.1546,123.22,1002.5000,-0.28
2025-08-19 09:40:00,999.7,1000.4,999.55,999.55,34610,-0.3462,-0.1546,123.93,1002.5000,-0.29
2025-08-19 09:45:00,999.55,999.6,999.1,999.1,33724,-0.3549,-0.1546,129.56,1002.5000,-0.34
2025-08-19 09:50:00,999.2,1000.15,999.1,1000,44230,-0.2808,-0.1546,81.63,1002.5000,-0.25
2025-08-19 09:55:00,1000,1000,999.05,999.25,223552,-0.2636,-0.1546,70.50,1002.5000,-0.32
2025-08-19 10:00:00,999.2,999.25,998,998.55,77804,-0.2790,-0.1546,80.47,1002.5000,-0.39
2025-08-19 10:05:00,998.55,998.55,997.55,998.15,38304,-0.2942,-0.1546,90.30,1002.5000,-0.43
2025-08-19 10:10:00,998.15,999.15,997.9,999.05,25506,-0.2250,-0.1546,45.54,1002.5000,-0.34
2025-08-19 10:15:00,999,999.4,998.4,999.4,71130,-0.1410,-0.1546,-8.80,1002.5000,-0.31
2025-08-19 10:20:00,999.4,999.8,999.3,999.35,35758,-0.0774,-0.1546,-49.94,1002.5000,-0.31
2025-08-19 10:25:00,999.5,999.6,998.65,998.65,39688,-0.0712,-0.1546,-53.95,1002.5000,-0.38
2025-08-19 10:30:00,998.65,999.1,998.45,998.9,32240,-0.0405,-0.1546,-73.80,1002.5000,-0.36
2025-08-19 10:35:00,998.8,999.35,998,998.25,208526,-0.0534,-0.1546,-65.46,1002.5000,-0.42
2025-08-19 10:40:00,998.25,999,998,998.7,31440,-0.0227,-0.1546,-85.32,1002.5000,-0.38
2025-08-19 10:45:00,998.7,999.25,998,998.3,94512,-0.0204,-0.1546,-86.80,1002.5000,-0.42
2025-08-19 10:50:00,998.55,999.1,998.35,999.05,37128,0.0374,-0.1546,-124.19,1002.5000,-0.34
2025-08-19 10:55:00,999.05,999.5,998.7,999.15,38014,0.0854,-0.1546,-155.24,1002.5000,-0.33
2025-08-19 11:00:00,999.2,999.45,999,999.4,41820,0.1341,-0.1546,-186.74,1002.5000,-0.31
2025-08-19 11:05:00,999.4,1000.9,998.9,1000.2,353450,0.2155,-0.1546,-239.39,1002.5000,-0.23
2025-08-19 11:10:00,1000.05,1000.35,999.4,999.5,131024,0.2169,-0.1546,-240.30,1002.5000,-0.30
2025-08-19 11:15:00,999.65,999.65,999.25,999.4,42156,0.2059,-0.1546,-233.18,1002.5000,-0.31
2025-08-19 11:20:00,999.4,999.45,999,999.25,44184,0.1840,-0.1546,-219.02,1002.5000,-0.32
2025-08-19 11:25:00,999.3,999.4,999,999.1,38258,0.1560,-0.1546,-200.91,1002.5000,-0.34
2025-08-19 11:30:00,999.15,1000,999,999.2,94992,0.1413,-0.1546,-191.40,1002.5000,-0.33
2025-08-19 11:35:00,999.2,1000.2,999,1000.15,164610,0.1896,-0.1546,-222.64,1002.5000,-0.23
2025-08-19 11:40:00,1000,1000.25,998.5,998.5,219830,0.1085,-0.1546,-170.18,1002.5000,-0.40
2025-08-19 11:45:00,998.55,998.65,998.4,998.55,34388,0.0587,-0.1546,-137.97,1002.5000,-0.39
2025-08-19 11:50:00,998.55,998.95,998.3,998.9,45828,0.0503,-0.1546,-132.54,1002.5000,-0.36
2025-08-19 11:55:00,998.9,1000,998.75,999.55,120150,0.0872,-0.1546,-156.40,1002.5000,-0.29
2025-08-19 12:00:00,999.8,1000.85,999.3,1000.1,118768,0.1441,-0.1546,-193.21,1002.5000,-0.24
2025-08-19 12:05:00,1000,1000.55,999.8,999.95,32880,0.1654,-0.1546,-206.99,1002.5000,-0.25
2025-08-19 12:10:00,999.95,1001.4,999.9,1001,61966,0.2395,-0.1546,-254.92,1002.5000,-0.15
2025-08-19 12:15:00,1001,1001.25,1000.55,1001.15,77974,0.2850,-0.1546,-284.35,1002.5000,-0.13
2025-08-19 12:20:00,1001.2,1002.45,1001,1001.6,120654,0.3285,-0.1546,-312.48,1002.5000,-0.09
2025-08-19 12:25:00,1001.6,1002.35,1001.15,1001.6,83816,0.3390,-0.1546,-319.28,1002.5000,-0.09
2025-08-19 12:30:00,1001.6,1002.5,1001.45,1002.4,53720,0.3787,-0.1546,-344.95,1002.5000,-0.01
2025-08-19 12:35:00,1002.45,1003.05,1001.7,1001.85,200222,0.3474,-0.1546,-324.71,1002.5000,-0.06
2025-08-19 12:40:00,1001.85,1002.15,1000.5,1000.85,136630,0.2439,-0.1546,-257.76,1002.5000,-0.16
2025-08-19 12:45:00,1000.85,1001.1,1000.5,1000.7,69268,0.1542,-0.1546,-199.74,1002.5000,-0.18
2025-08-19 12:50:00,1000.7,1001.5,1000.6,1001.45,63816,0.1349,-0.1546,-187.26,1002.5000,-0.10
2025-08-19 12:55:00,1001.4,1002.2,1000.5,1000.8,412622,0.0712,-0.1546,-146.05,1002.5000,-0.17
2025-08-19 13:00:00,1000.8,1000.85,1000.3,1000.5,47858,0.0050,-0.1546,-103.23,1002.5000,-0.20
2025-08-19 13:05:00,1000.5,1000.95,1000,1000.05,110458,-0.0687,-0.1546,-55.56,1002.5000,-0.24
2025-08-19 13:10:00,1000.15,1000.35,1000,1000.15,76924,-0.1081,-0.1546,-30.08,1002.5000,-0.23
2025-08-19 13:15:00,1000.15,1001.1,1000,1000.1,125454,-0.1332,-0.1546,-13.84,1002.5000,-0.24
2025-08-19 13:20:00,1000.05,1000.45,1000,1000,57560,-0.1509,-0.1546,-2.39,1002.5000,-0.25
2025-08-19 13:25:00,1000,1000,999,999.25,124134,-0.2042,-0.1546,32.08,1002.5000,-0.32
2025-08-19 13:30:00,999.2,999.95,998.95,999.1,171730,-0.2383,-0.1546,54.14,1002.5000,-0.34
2025-08-19 13:35:00,999.05,999.35,997,997.05,184772,-0.3793,-0.1546,145.34,1002.5000,-0.54
2025-08-19 13:40:00,997.05,997.5,995.7,996.9,652206,-0.4577,-0.1546,196.05,1002.5000,-0.56
2025-08-19 13:45:00,996.9,997.15,995.15,996.15,417980,-0.5300,-0.1546,242.82,1002.5000,-0.63
2025-08-19 13:50:00,996.15,996.65,995,995.6,212504,-0.5808,-0.1546,275.68,1002.5000,-0.69
2025-08-19 13:55:00,995.6,995.95,995,995.25,204726,-0.6013,-0.1546,288.94,1002.5000,-0.72
2025-08-19 14:00:00,995.3,995.85,995.1,995.25,83722,-0.5781,-0.1546,273.93,1002.5000,-0.72
2025-08-19 14:05:00,995.15,995.45,993.65,994.75,209300,-0.5593,-0.1546,261.77,1002.5000,-0.77
2025-08-19 14:10:00,994.75,995.3,994.3,994.75,156838,-0.5110,-0.1546,230.53,1002.5000,-0.77
2025-08-19 14:15:00,994.75,995.3,994.3,995.25,138608,-0.4137,-0.1546,167.59,1002.5000,-0.72
2025-08-19 14:20:00,995.25,995.9,995.05,995.8,77836,-0.2867,-0.1546,85.45,1002.5000,-0.67
2025-08-19 14:25:00,995.8,996.5,995.5,996.4,233210,-0.1438,-0.1546,-6.99,1002.5000,-0.61
2025-08-19 14:30:00,996.4,996.75,996.15,996.6,98764,-0.0237,-0.1546,-84.67,1002.5000,-0.59
2025-08-19 14:35:00,996.55,997.05,995.5,995.7,368358,0.0056,-0.1546,-103.62,1002.5000,-0.68
2025-08-19 14:40:00,995.65,996.7,994.1,994.35,568292,-0.0521,-0.1546,-66.30,1002.5000,-0.81
2025-08-19 14:45:00,994.25,994.75,993.35,994.5,219910,-0.0656,-0.1546,-57.57,1002.5000,-0.80
2025-08-19 14:50:00,994.4,994.85,994.3,994.7,217056,-0.0473,-0.1546,-69.40,1002.5000,-0.78
2025-08-19 14:55:00,994.75,995.6,994.6,995.3,88370,0.0156,-0.1546,-110.09,1002.5000,-0.72
2025-08-19 15:00:00,995.3,995.4,994.45,995.2,356052,0.0585,-0.1546,-137.84,1002.5000,-0.73
2025-08-19 15:05:00,995.2,995.5,994.15,995.1,422400,0.0864,-0.1546,-155.89,1002.5000,-0.74
2025-08-19 15:10:00,995.05,995.75,995,995.5,344332,0.1352,-0.1546,-187.45,1002.5000,-0.70
2025-08-19 15:15:00,995.55,996.75,995.4,996.3,492880,0.2197,-0.1546,-242.11,1002.5000,-0.62
2025-08-19 15:20:00,996.25,996.9,996.05,996.6,421058,0.2898,-0.1546,-287.45,1002.5000,-0.59
2025-08-19 15:25:00,996.55,996.65,993.7,995,284136,0.2253,-0.1546,-245.73,1002.5000,-0.75
2025-08-20 09:15:00,993.5,995,991.5,992,277910,-0.0101,0.2253,-104.48,995.0000,-0.30
2025-08-20 09:20:00,991.95,992.9,990.8,992.2,162202,-0.1360,0.2253,-160.36,995.0000,-0.28
2025-08-20 09:25:00,992.2,992.7,991.5,991.95,71484,-0.2151,0.2253,-195.47,995.0000,-0.31
2025-08-20 09:30:00,991.95,993.05,991.7,992.7,71122,-0.1964,0.2253,-187.17,995.0000,-0.23
2025-08-20 09:35:00,992.5,992.8,991.85,992.15,95414,-0.1999,0.2253,-188.73,995.0000,-0.29
2025-08-20 09:40:00,992.1,992.75,991.35,992.25,206154,-0.1752,0.2253,-177.76,995.0000,-0.28
2025-08-20 09:45:00,992.25,992.85,992.05,992.7,68618,-0.1114,0.2253,-149.45,995.0000,-0.23
2025-08-20 09:50:00,992.65,992.95,991.05,991.2,285072,-0.1505,0.2253,-166.80,995.0000,-0.38
2025-08-20 09:55:00,991.2,991.95,989.5,991.9,201116,-0.1115,0.2253,-149.49,995.0000,-0.31
2025-08-20 10:00:00,991.9,993,991.55,992.8,85172,-0.0125,0.2253,-105.55,995.0000,-0.22
2025-08-20 10:05:00,992.7,992.9,992.05,992.5,64280,0.0425,0.2253,-81.14,995.0000,-0.25
2025-08-20 10:10:00,992.4,993.25,992.4,993.25,67132,0.1337,0.2253,-40.66,995.0000,-0.18
2025-08-20 10:15:00,993.2,993.55,992.35,992.65,165596,0.1566,0.2253,-30.49,995.0000,-0.24
2025-08-20 10:20:00,992.7,992.95,991.7,992.25,94152,0.1477,0.2253,-34.44,995.0000,-0.28
2025-08-20 10:25:00,992.15,992.4,991.3,992.05,149022,0.1319,0.2253,-41.46,995.0000,-0.30
2025-08-20 10:30:00,992.05,992.35,991.7,992.15,72454,0.1313,0.2253,-41.72,995.0000,-0.29
2025-08-20 10:35:00,992.15,992.55,992,992.05,66246,0.1274,0.2253,-43.45,995.0000,-0.30
2025-08-20 10:40:00,992,992.35,991,991.45,141164,0.0892,0.2253,-60.41,995.0000,-0.36
2025-08-20 10:45:00,991.5,991.65,991.2,991.5,44986,0.0730,0.2253,-67.60,995.0000,-0.35
2025-08-20 10:50:00,991.2,991.6,989.95,990.5,283134,0.0041,0.2253,-98.18,995.0000,-0.45
2025-08-20 10:55:00,990.45,991.25,989.6,990,110894,-0.0622,0.2253,-127.61,995.0000,-0.50
2025-08-20 11:00:00,989.95,990.7,989.75,990.25,223214,-0.0755,0.2253,-133.51,995.0000,-0.48
2025-08-20 11:05:00,990.2,991.3,990.1,990.65,62182,-0.0450,0.2253,-119.97,995.0000,-0.44
2025-08-20 11:10:00,990.65,991.6,990.6,991.55,81436,0.0432,0.2253,-80.83,995.0000,-0.35
2025-08-20 11:15:00,991.35,991.75,990.65,990.85,118696,0.0609,0.2253,-72.97,995.0000,-0.42
2025-08-20 11:20:00,990.8,991.25,990.55,990.55,124158,0.0587,0.2253,-73.95,995.0000,-0.45
2025-08-20 11:25:00,990.55,991.2,990.55,991.15,58456,0.1016,0.2253,-54.90,995.0000,-0.39
2025-08-20 11:30:00,991.15,991.45,990.9,990.9,50274,0.1160,0.2253,-48.51,995.0000,-0.41
2025-08-20 11:35:00,990.9,991.2,990.55,991,48912,0.1338,0.2253,-40.61,995.0000,-0.40
2025-08-20 11:40:00,990.75,991,990.6,990.9,48856,0.1397,0.2253,-37.99,995.0000,-0.41
2025-08-20 11:45:00,990.9,991.35,990.8,991.05,49026,0.1536,0.2253,-31.82,995.0000,-0.40
2025-08-20 11:50:00,991.05,991.5,990.9,990.95,41034,0.1554,0.2253,-31.03,995.0000,-0.41
2025-08-20 11:55:00,990.9,991.55,990.85,991.4,63204,0.1843,0.2253,-18.20,995.0000,-0.36
2025-08-20 12:00:00,991.35,991.8,990.75,990.8,126366,0.1612,0.2253,-28.45,995.0000,-0.42
2025-08-20 12:05:00,990.8,991.05,990.25,990.55,230762,0.1287,0.2253,-42.88,995.0000,-0.45
2025-08-20 12:10:00,990.6,991.4,990,991.1,315130,0.1428,0.2253,-36.62,995.0000,-0.39
2025-08-20 12:15:00,991.1,991.55,990.3,990.75,122422,0.1276,0.2253,-43.36,995.0000,-0.43
2025-08-20 12:20:00,990.6,991.25,990.3,991.2,48382,0.1455,0.2253,-35.42,995.0000,-0.38
2025-08-20 12:25:00,991,991.85,990.7,990.85,78414,0.1320,0.2253,-41.41,995.0000,-0.42
2025-08-20 12:30:00,990.75,991.3,990.5,991.15,70916,0.1406,0.2253,-37.59,995.0000,-0.39
2025-08-20 12:35:00,991.1,991.65,991,991.45,81766,0.1622,0.2253,-28.01,995.0000,-0.36
2025-08-20 12:40:00,991.15,991.5,990.75,991.15,91118,0.1523,0.2253,-32.40,995.0000,-0.39
2025-08-20 12:45:00,991.05,991.7,990.8,991.65,74404,0.1739,0.2253,-22.81,995.0000,-0.34
2025-08-20 12:50:00,991.5,992.5,991.2,992.35,158648,0.2263,0.2253,0.44,995.0000,-0.27
2025-08-20 12:55:00,992.2,992.5,991.9,992.45,117184,0.2566,0.2253,13.89,995.0000,-0.26
2025-08-20 13:00:00,992.4,992.75,992.15,992.65,107244,0.2773,0.2253,23.08,995.0000,-0.24
2025-08-20 13:05:00,992.5,993.05,991.5,991.7,116576,0.2167,0.2253,-3.82,995.0000,-0.33
2025-08-20 13:10:00,991.75,992.95,991.5,992.7,131646,0.2324,0.2253,3.15,995.0000,-0.23
2025-08-20 13:15:00,992.7,993.95,991.95,993.65,189294,0.2913,0.2253,29.29,995.0000,-0.14
2025-08-20 13:20:00,993.5,993.95,992.3,993.2,138394,0.2843,0.2253,26.19,995.0000,-0.18
2025-08-20 13:25:00,993,993.25,992.05,992.4,71352,0.2132,0.2253,-5.37,995.0000,-0.26
2025-08-20 13:30:00,992.35,993.7,992.25,993.45,65156,0.2234,0.2253,-0.84,995.0000,-0.16
2025-08-20 13:35:00,993.45,993.9,993.25,993.7,61650,0.2324,0.2253,3.15,995.0000,-0.13
2025-08-20 13:40:00,993.5,993.75,993.05,993.7,102986,0.2236,0.2253,-0.75,995.0000,-0.13
2025-08-20 13:45:00,993.5,994.65,993.1,994.3,220100,0.2420,0.2253,7.41,995.0000,-0.07
2025-08-20 13:50:00,994.15,994.9,994.15,994.5,50880,0.2504,0.2253,11.14,995.0000,-0.05
2025-08-20 13:55:00,994.45,995,994.05,995,80790,0.2706,0.2253,20.11,995.0000,0.00
2025-08-20 14:00:00,994.95,996,994.5,995.7,143182,0.3094,0.2253,37.33,995.0000,0.07
2025-08-20 14:05:00,995.6,995.85,995,995.15,76392,0.2772,0.2253,23.04,995.0000,0.02
2025-08-20 14:10:00,995,996,995,995.1,166306,0.2335,0.2253,3.64,995.0000,0.01
2025-08-20 14:15:00,995.05,995.5,995,995.2,65086,0.1940,0.2253,-13.89,995.0000,0.02
2025-08-20 14:20:00,995.05,995.45,993.85,994,128774,0.0758,0.2253,-66.36,995.0000,-0.10
2025-08-20 14:25:00,994,994.1,992.8,993.3,114050,-0.0539,0.2253,-123.92,995.0000,-0.17
2025-08-20 14:30:00,993.3,993.65,992.05,993.6,290334,-0.1200,0.2253,-153.26,995.0000,-0.14
2025-08-20 14:35:00,993.6,993.65,993.05,993.5,104488,-0.1680,0.2253,-174.57,995.0000,-0.15
2025-08-20 14:40:00,993.5,993.75,992.75,993.25,147456,-0.2114,0.2253,-193.83,995.0000,-0.18
2025-08-20 14:45:00,993.25,993.95,992.6,993.5,178710,-0.2172,0.2253,-196.40,995.0000,-0.15
2025-08-20 14:50:00,993.4,995.05,993.25,995,211932,-0.1189,0.2253,-152.77,995.0000,0.00
2025-08-20 14:55:00,995,995.45,994.25,994.55,151120,-0.0847,0.2253,-137.59,995.0000,-0.05
2025-08-20 15:00:00,994.85,994.85,993.45,993.65,192952,-0.1209,0.2253,-153.66,995.0000,-0.14
2025-08-20 15:05:00,993.65,994.45,993.6,994.1,190646,-0.1129,0.2253,-150.11,995.0000,-0.09
2025-08-20 15:10:00,994.1,994.2,993.65,993.75,176846,-0.1285,0.2253,-157.04,995.0000,-0.13
2025-08-20 15:15:00,993.65,994.25,993.6,994.15,216716,-0.1099,0.2253,-148.78,995.0000,-0.09
2025-08-20 15:20:00,994.1,995.1,994.05,994.65,323270,-0.0642,0.2253,-128.50,995.0000,-0.04
2025-08-20 15:25:00,994.65,995.1,993,994.15,265430,-0.0675,0.2253,-129.96,995.0000,-0.09
2025-08-21 09:15:00,998.75,998.75,992.55,993.3,682080,-0.1236,-0.0675,83.11,994.1500,-0.09
2025-08-21 09:20:00,993.3,994.55,993.25,993.7,153478,-0.1298,-0.0675,92.30,994.1500,-0.05
2025-08-21 09:25:00,993.7,994.25,993.6,993.6,93726,-0.1360,-0.0675,101.48,994.1500,-0.06
2025-08-21 09:30:00,993.65,994,992.9,993,191554,-0.1735,-0.0675,157.04,994.1500,-0.12
2025-08-21 09:35:00,993,993.35,991.7,991.85,210512,-0.2633,-0.0675,290.07,994.1500,-0.23
2025-08-21 09:40:00,991.75,992.85,991.6,992.2,175168,-0.2849,-0.0675,322.07,994.1500,-0.20
2025-08-21 09:45:00,992.2,994.25,992.1,994.25,259114,-0.1535,-0.0675,127.41,994.1500,0.01
2025-08-21 09:50:00,994.2,994.5,993.65,994,175718,-0.0794,-0.0675,17.63,994.1500,-0.02
2025-08-21 09:55:00,994,995.45,993.95,994.85,182186,0.0252,-0.0675,-137.33,994.1500,0.07
2025-08-21 10:00:00,994.9,996.95,994.75,996.85,190390,0.2167,-0.0675,-421.04,994.1500,0.27
2025-08-21 10:05:00,996.85,997.25,996,996.1,92120,0.2768,-0.0675,-510.07,994.1500,0.20
2025-08-21 10:10:00,996.05,996.4,995.35,995.95,142592,0.2889,-0.0675,-528.00,994.1500,0.18
2025-08-21 10:15:00,995.95,996.25,995.4,996.15,74704,0.2920,-0.0675,-532.59,994.1500,0.20
2025-08-21 10:20:00,996,996.4,995.85,996.1,39448,0.2727,-0.0675,-504.00,994.1500,0.20
2025-08-21 10:25:00,996.05,996.15,995.8,996.05,53688,0.2397,-0.0675,-455.11,994.1500,0.19
2025-08-21 10:30:00,996.05,996.9,996,996.5,88962,0.2313,-0.0675,-442.67,994.1500,0.24
2025-08-21 10:35:00,996.55,997.05,996.25,996.45,77208,0.2062,-0.0675,-405.48,994.1500,0.23
2025-08-21 10:40:00,996.4,996.75,996.05,996.2,35090,0.1589,-0.0675,-335.41,994.1500,0.21
2025-08-21 10:45:00,996.2,996.2,995.35,996,206092,0.1028,-0.0675,-252.30,994.1500,0.19
2025-08-21 10:50:00,996,996.05,995.65,995.75,37390,0.0408,-0.0675,-160.44,994.1500,0.16
2025-08-21 10:55:00,995.75,996.05,995.5,995.85,34662,0.0005,-0.0675,-100.74,994.1500,0.17
2025-08-21 11:00:00,996,996.3,995.5,995.65,47924,-0.0431,-0.0675,-36.15,994.1500,0.15
2025-08-21 11:05:00,995.65,995.95,995.4,995.5,40382,-0.0833,-0.0675,23.41,994.1500,0.14
2025-08-21 11:10:00,995.4,995.7,995.4,995.55,32280,-0.1062,-0.0675,57.33,994.1500,0.14
2025-08-21 11:15:00,995.55,996.25,995.5,996.05,50110,-0.0882,-0.0675,30.67,994.1500,0.19
2025-08-21 11:20:00,996.05,996.5,995.9,996.35,53768,-0.0580,-0.0675,-14.07,994.1500,0.22
2025-08-21 11:25:00,996.35,996.4,995.5,995.95,59032,-0.0663,-0.0675,-1.78,994.1500,0.18
2025-08-21 11:30:00,995.9,996.25,995.7,996,61654,-0.0695,-0.0675,2.96,994.1500,0.19
2025-08-21 11:35:00,996,996.1,995.65,996,30638,-0.0722,-0.0675,6.96,994.1500,0.19
2025-08-21 11:40:00,996,996.5,995.75,996.2,64986,-0.0617,-0.0675,-8.59,994.1500,0.21
2025-08-21 11:45:00,996.2,996.2,995.1,995.4,80378,-0.1071,-0.0675,58.67,994.1500,0.13
2025-08-21 11:50:00,995.35,995.8,995.15,995.35,42796,-0.1369,-0.0675,102.81,994.1500,0.12
2025-08-21 11:55:00,995.35,995.95,995.25,995.75,61304,-0.1266,-0.0675,87.56,994.1500,0.16
2025-08-21 12:00:00,995.65,996.5,995.45,995.9,206138,-0.1071,-0.0675,58.67,994.1500,0.18
2025-08-21 12:05:00,996,996.35,995.55,996,60178,-0.0860,-0.0675,27.41,994.1500,0.19
2025-08-21 12:10:00,996,996,995.6,995.95,51690,-0.0743,-0.0675,10.07,994.1500,0.18
2025-08-21 12:15:00,995.95,996.15,995.2,996,147106,-0.0625,-0.0675,-7.41,994.1500,0.19
2025-08-21 12:20:00,996,996.75,995.95,996.65,102250,-0.0130,-0.0675,-80.74,994.1500,0.25
2025-08-21 12:25:00,996.7,996.75,996.25,996.35,42788,-0.0028,-0.0675,-95.85,994.1500,0.22
2025-08-21 12:30:00,996.35,997.95,996.1,997.65,308360,0.0841,-0.0675,-224.59,994.1500,0.35
2025-08-21 12:35:00,997.6,998.15,997.25,997.5,71644,0.1219,-0.0675,-280.59,994.1500,0.34
2025-08-21 12:40:00,997.5,997.6,996.55,996.85,43744,0.0948,-0.0675,-240.44,994.1500,0.27
2025-08-21 12:45:00,996.85,997.5,996.25,997.15,60854,0.0888,-0.0675,-231.56,994.1500,0.30
2025-08-21 12:50:00,997.15,997.65,996,996.55,341692,0.0386,-0.0675,-157.19,994.1500,0.24
2025-08-21 12:55:00,996.55,997.35,996,997.35,131852,0.0528,-0.0675,-178.22,994.1500,0.32
2025-08-21 13:00:00,997.35,997.55,996,996.75,318108,0.0170,-0.0675,-125.19,994.1500,0.26
2025-08-21 13:05:00,996.75,997,996.1,996.6,143508,-0.0195,-0.0675,-71.11,994.1500,0.25
2025-08-21 13:10:00,996.8,996.85,996.5,996.75,54938,-0.0354,-0.0675,-47.56,994.1500,0.26
2025-08-21 13:15:00,996.75,996.9,996.3,996.5,114932,-0.0630,-0.0675,-6.67,994.1500,0.24
2025-08-21 13:20:00,996.45,996.5,996,996.45,51842,-0.0835,-0.0675,23.70,994.1500,0.23
2025-08-21 13:25:00,996.45,996.5,996,996.4,38572,-0.0984,-0.0675,45.78,994.1500,0.23
2025-08-21 13:30:00,996.4,996.5,995.75,996.05,128946,-0.1278,-0.0675,89.33,994.1500,0.19
2025-08-21 13:35:00,996.05,996.2,995.55,995.85,54690,-0.1550,-0.0675,129.63,994.1500,0.17
2025-08-21 13:40:00,995.85,996,995,995.95,268830,-0.1599,-0.0675,136.89,994.1500,0.18
2025-08-21 13:45:00,995.65,996.5,995.5,996.25,118320,-0.1373,-0.0675,103.41,994.1500,0.21
2025-08-21 13:50:00,996.25,996.4,995.85,996.25,49954,-0.1176,-0.0675,74.22,994.1500,0.21
2025-08-21 13:55:00,996.25,996.4,995.35,996.3,101054,-0.0973,-0.0675,44.15,994.1500,0.22
2025-08-21 14:00:00,996.3,997.35,995.75,996.4,179564,-0.0742,-0.0675,9.93,994.1500,0.23
2025-08-21 14:05:00,996.7,997.05,996.3,997.05,91334,-0.0153,-0.0675,-77.33,994.1500,0.29
2025-08-21 14:10:00,997.05,997.35,996.5,997.25,121496,0.0342,-0.0675,-150.67,994.1500,0.31
2025-08-21 14:15:00,997.3,998.5,997,998,280504,0.1103,-0.0675,-263.41,994.1500,0.39
2025-08-21 14:20:00,998.1,998.1,997.3,997.4,55676,0.1127,-0.0675,-266.96,994.1500,0.33
2025-08-21 14:25:00,997.35,997.7,996.85,997.55,92174,0.1163,-0.0675,-272.30,994.1500,0.34
2025-08-21 14:30:00,997.3,997.65,997.05,997.15,71910,0.0851,-0.0675,-226.07,994.1500,0.30
2025-08-21 14:35:00,997.15,997.25,996,996.65,359252,0.0273,-0.0675,-140.44,994.1500,0.25
2025-08-21 14:40:00,996.65,997.25,996.5,997.15,175424,0.0194,-0.0675,-128.74,994.1500,0.30
2025-08-21 14:45:00,997.15,997.9,996.4,996.7,236576,-0.0173,-0.0675,-74.37,994.1500,0.26
2025-08-21 14:50:00,996.7,997.05,996.4,996.5,127960,-0.0542,-0.0675,-19.70,994.1500,0.24
2025-08-21 14:55:00,996.5,996.6,996.25,996.45,199368,-0.0797,-0.0675,18.07,994.1500,0.23
2025-08-21 15:00:00,996.35,996.65,996.1,996.3,601228,-0.1027,-0.0675,52.15,994.1500,0.22
2025-08-21 15:05:00,996.3,996.5,995.4,995.55,594196,-0.1612,-0.0675,138.81,994.1500,0.14
2025-08-21 15:10:00,995.5,995.85,995,995.15,564190,-0.2161,-0.0675,220.15,994.1500,0.10
2025-08-21 15:15:00,995.15,995.75,995.1,995.3,559762,-0.2302,-0.0675,241.04,994.1500,0.12
2025-08-21 15:20:00,995.3,995.55,994.7,994.9,585738,-0.2526,-0.0675,274.22,994.1500,0.08
2025-08-21 15:25:00,994.9,996,994.55,995.25,333894,-0.2307,-0.0675,241.78,994.1500,0.11
2025-08-22 09:15:00,994.95,998,989.9,990.4,1049944,-0.5134,-0.2307,122.54,995.2500,-0.49
2025-08-22 09:20:00,990.25,991.85,989.6,990.75,308084,-0.6391,-0.2307,177.03,995.2500,-0.45
2025-08-22 09:25:00,990.65,990.75,988.6,988.6,373048,-0.8181,-0.2307,254.62,995.2500,-0.67
2025-08-22 09:30:00,988.65,988.65,986.35,987.45,700038,-0.9553,-0.2307,314.09,995.2500,-0.78
2025-08-22 09:35:00,987.35,987.45,986,986.8,387678,-1.0250,-0.2307,344.30,995.2500,-0.85
2025-08-22 09:40:00,986.9,987.65,986.5,987.5,258478,-0.9604,-0.2307,316.30,995.2500,-0.78
2025-08-22 09:45:00,987.5,987.55,986.2,986.6,201272,-0.9148,-0.2307,296.53,995.2500,-0.87
2025-08-22 09:50:00,986.6,987.5,986.25,986.45,107762,-0.8335,-0.2307,261.29,995.2500,-0.88
2025-08-22 09:55:00,986.45,986.75,985.7,986.1,115380,-0.7451,-0.2307,222.97,995.2500,-0.92
2025-08-22 10:00:00,986.1,986.1,984.15,984.9,312706,-0.7094,-0.2307,207.50,995.2500,-1.04
2025-08-22 10:05:00,984.9,985.95,984.55,984.6,160528,-0.6494,-0.2307,181.49,995.2500,-1.07
2025-08-22 10:10:00,984.6,984.6,982.55,982.65,358036,-0.6813,-0.2307,195.32,995.2500,-1.27
2025-08-22 10:15:00,982.95,982.95,980,980.3,379930,-0.7931,-0.2307,243.78,995.2500,-1.50
2025-08-22 10:20:00,980.3,980.85,979.4,979.6,366648,-0.8419,-0.2307,264.93,995.2500,-1.57
2025-08-22 10:25:00,979.55,981.25,978.55,980.35,441744,-0.7543,-0.2307,226.96,995.2500,-1.50
2025-08-22 10:30:00,980.4,980.85,980.15,980.4,155556,-0.6287,-0.2307,172.52,995.2500,-1.49
2025-08-22 10:35:00,980.4,980.95,980.15,980.5,315564,-0.4812,-0.2307,108.58,995.2500,-1.48
2025-08-22 10:40:00,980.45,981,979.5,980.7,244646,-0.3204,-0.2307,38.88,995.2500,-1.46
2025-08-22 10:45:00,980.8,981.85,980.5,981.55,160964,-0.1173,-0.2307,-49.15,995.2500,-1.38
2025-08-22 10:50:00,981.6,981.75,980.5,980.95,123790,0.0093,-0.2307,-104.03,995.2500,-1.44
2025-08-22 10:55:00,980.95,981.55,980.65,981.5,119266,0.1548,-0.2307,-167.10,995.2500,-1.38
2025-08-22 11:00:00,981.55,982.1,980.5,981.5,144502,0.2689,-0.2307,-216.56,995.2500,-1.38
2025-08-22 11:05:00,981.65,982.8,981.5,982.55,132438,0.4239,-0.2307,-283.75,995.2500,-1.28
2025-08-22 11:10:00,982.5,982.7,981.3,981.5,186060,0.4613,-0.2307,-299.96,995.2500,-1.38
2025-08-22 11:15:00,981.5,982.3,981,982,131350,0.5209,-0.2307,-325.79,995.2500,-1.33
2025-08-22 11:20:00,982,983.45,981.7,983.4,194158,0.6476,-0.2307,-380.71,995.2500,-1.19
2025-08-22 11:25:00,983.4,983.55,981.8,982.75,206950,0.6774,-0.2307,-393.63,995.2500,-1.26
2025-08-22 11:30:00,982.7,983.2,982.5,983.05,98366,0.7040,-0.2307,-405.16,995.2500,-1.23
2025-08-22 11:35:00,983.05,983.05,982.15,982.75,86214,0.6872,-0.2307,-397.88,995.2500,-1.26
2025-08-22 11:40:00,982.75,983.25,982.2,982.5,185754,0.6459,-0.2307,-379.97,995.2500,-1.28
2025-08-22 11:45:00,982.65,983.7,982.45,983.6,127352,0.6759,-0.2307,-392.98,995.2500,-1.17
2025-08-22 11:50:00,983.6,983.85,983.2,983.8,138178,0.6901,-0.2307,-399.13,995.2500,-1.15
2025-08-22 11:55:00,983.75,983.85,983.05,983.75,142548,0.6762,-0.2307,-393.11,995.2500,-1.16
2025-08-22 12:00:00,983.75,984.65,982.75,984.55,1063760,0.6980,-0.2307,-402.56,995.2500,-1.08
2025-08-22 12:05:00,984.55,985.1,983.55,985,275176,0.7172,-0.2307,-410.88,995.2500,-1.03
2025-08-22 12:10:00,984.95,985.1,983.6,984,99520,0.6396,-0.2307,-377.24,995.2500,-1.13
2025-08-22 12:15:00,984,984.15,983.5,983.95,126748,0.5645,-0.2307,-344.69,995.2500,-1.14
2025-08-22 12:20:00,983.95,984,983.05,983.5,129756,0.4681,-0.2307,-302.90,995.2500,-1.18
2025-08-22 12:25:00,983.35,984.15,983.1,983.55,171500,0.3942,-0.2307,-270.87,995.2500,-1.18
2025-08-22 12:30:00,983.55,983.65,983,983.55,145422,0.3343,-0.2307,-244.91,995.2500,-1.18
2025-08-22 12:35:00,983.55,984,983.1,983.5,169962,0.2823,-0.2307,-222.37,995.2500,-1.18
2025-08-22 12:40:00,983.7,984.5,983.2,984,269672,0.2725,-0.2307,-218.12,995.2500,-1.13
2025-08-22 12:45:00,984,984.4,983.75,984.4,87446,0.2825,-0.2307,-222.45,995.2500,-1.09
2025-08-22 12:50:00,984.35,984.65,983.75,984.25,154748,0.2688,-0.2307,-216.51,995.2500,-1.11
2025-08-22 12:55:00,984.25,984.25,983,983.45,157438,0.1988,-0.2307,-186.17,995.2500,-1.19
2025-08-22 13:00:00,983.45,983.7,983,983.6,159128,0.1574,-0.2307,-168.23,995.2500,-1.17
2025-08-22 13:05:00,983.6,984.25,983.35,984.1,170030,0.1580,-0.2307,-168.49,995.2500,-1.12
2025-08-22 13:10:00,984.1,985.05,983.75,984.5,233146,0.1782,-0.2307,-177.24,995.2500,-1.08
2025-08-22 13:15:00,984.65,985.55,984.2,985.55,183698,0.2507,-0.2307,-208.67,995.2500,-0.97
2025-08-22 13:20:00,985.55,986,985,985.25,150166,0.2655,-0.2307,-215.08,995.2500,-1.00
2025-08-22 13:25:00,985.2,985.3,984.45,984.9,181142,0.2395,-0.2307,-203.81,995.2500,-1.04
2025-08-22 13:30:00,984.9,985.2,984.55,985.2,167392,0.2302,-0.2307,-199.78,995.2500,-1.01
2025-08-22 13:35:00,985.2,986,985.15,985.8,166466,0.2505,-0.2307,-208.58,995.2500,-0.95
2025-08-22 13:40:00,985.8,985.85,985,985.6,138274,0.2367,-0.2307,-202.60,995.2500,-0.97
2025-08-22 13:45:00,985.6,986,985.05,985.9,151392,0.2336,-0.2307,-201.26,995.2500,-0.94
2025-08-22 13:50:00,985.9,986.3,985,985.55,294170,0.1954,-0.2307,-184.70,995.2500,-0.97
2025-08-22 13:55:00,985.55,985.75,984.7,984.9,163700,0.1175,-0.2307,-150.93,995.2500,-1.04
2025-08-22 14:00:00,984.85,985,984.35,984.7,174534,0.0474,-0.2307,-120.55,995.2500,-1.06
2025-08-22 14:05:00,984.85,985,984.3,984.6,215962,-0.0080,-0.2307,-96.53,995.2500,-1.07
2025-08-22 14:10:00,984.75,985,984,984.3,150652,-0.0640,-0.2307,-72.26,995.2500,-1.10
2025-08-22 14:15:00,984.3,984.5,982.8,983.3,277976,-0.1619,-0.2307,-29.82,995.2500,-1.20
2025-08-22 14:20:00,983,983.7,982.15,982.5,232254,-0.2679,-0.2307,16.12,995.2500,-1.28
2025-08-22 14:25:00,982.55,983.15,981.3,982.9,237234,-0.2961,-0.2307,28.35,995.2500,-1.24
2025-08-22 14:30:00,982.65,982.9,981.4,981.95,176120,-0.3596,-0.2307,55.87,995.2500,-1.34
2025-08-22 14:35:00,981.9,983.15,981.75,982.9,280346,-0.3199,-0.2307,38.66,995.2500,-1.24
2025-08-22 14:40:00,982.8,983.2,982.1,982.95,284596,-0.2742,-0.2307,18.86,995.2500,-1.24
2025-08-22 14:45:00,982.9,983.4,982.4,983,198056,-0.2265,-0.2307,-1.82,995.2500,-1.23
2025-08-22 14:50:00,982.65,983.35,982.5,983.3,145964,-0.1636,-0.2307,-29.09,995.2500,-1.20
2025-08-22 14:55:00,983.25,983.45,982.75,983,161158,-0.1325,-0.2307,-42.57,995.2500,-1.23
2025-08-22 15:00:00,983,983,981.45,982.4,543930,-0.1416,-0.2307,-38.62,995.2500,-1.29
2025-08-22 15:05:00,982.5,982.5,982.1,982.4,367454,-0.1370,-0.2307,-40.62,995.2500,-1.29
2025-08-22 15:10:00,982.4,982.5,981.9,982.5,501230,-0.1173,-0.2307,-49.15,995.2500,-1.28
2025-08-22 15:15:00,982.5,982.7,982.15,982.35,693932,-0.1048,-0.2307,-54.57,995.2500,-1.30
2025-08-22 15:20:00,982.35,982.75,982,982.05,752420,-0.1068,-0.2307,-53.71,995.2500,-1.33
2025-08-22 15:25:00,982,983,981.5,982.75,679002,-0.0538,-0.2307,-76.68,995.2500,-1.26
2025-08-25 09:15:00,980.1,985.35,978.5,984.05,1385562,0.0694,-0.0538,-229.00,982.7500,0.13
2025-08-25 09:20:00,984.15,987.95,984.15,987.65,619088,0.3767,-0.0538,-800.19,982.7500,0.50
2025-08-25 09:25:00,987.65,988.65,985.8,988.55,300494,0.6101,-0.0538,-1234.01,982.7500,0.59
2025-08-25 09:30:00,988.55,988.7,986.8,987,217906,0.6272,-0.0538,-1265.80,982.7500,0.43
2025-08-25 09:35:00,987.05,987.2,986.05,986.45,130806,0.5703,-0.0538,-1160.04,982.7500,0.38
2025-08-25 09:40:00,986.4,986.45,984.5,985.55,199758,0.4463,-0.0538,-929.55,982.7500,0.28
2025-08-25 09:45:00,985.5,985.6,983.25,983.6,326728,0.2188,-0.0538,-506.69,982.7500,0.09
2025-08-25 09:50:00,983.6,984.2,982.7,983.7,271560,0.0685,-0.0538,-227.32,982.7500,0.10
2025-08-25 09:55:00,983.85,985.55,983.75,984.4,154292,0.0128,-0.0538,-123.79,982.7500,0.17
2025-08-25 10:00:00,984.4,985.2,983.65,983.75,119974,-0.0670,-0.0538,24.54,982.7500,0.10
2025-08-25 10:05:00,983.75,983.95,983,983.55,108910,-0.1288,-0.0538,139.41,982.7500,0.08
2025-08-25 10:10:00,983.5,983.7,982.5,982.8,141188,-0.2109,-0.0538,292.01,982.7500,0.01
2025-08-25 10:15:00,982.8,983.6,981.9,983.45,139280,-0.2115,-0.0538,293.12,982.7500,0.07
2025-08-25 10:20:00,983.5,983.75,982.55,983.6,88848,-0.1926,-0.0538,257.99,982.7500,0.09
2025-08-25 10:25:00,983.7,984.55,983.05,983.7,116478,-0.1651,-0.0538,206.88,982.7500,0.10
2025-08-25 10:30:00,983.7,984,982.55,982.6,541696,-0.2098,-0.0538,289.96,982.7500,-0.02
2025-08-25 10:35:00,982.6,983.65,982.55,983.05,232874,-0.1982,-0.0538,268.40,982.7500,0.03
2025-08-25 10:40:00,983.05,983.15,981.6,982.25,142614,-0.2310,-0.0538,329.37,982.7500,-0.05
2025-08-25 10:45:00,982.1,982.6,982,982.5,114042,-0.2226,-0.0538,313.75,982.7500,-0.03
2025-08-25 10:50:00,982.5,983.45,982.1,983,159284,-0.1722,-0.0538,220.07,982.7500,0.03
2025-08-25 10:55:00,983,983,982.2,982.45,98504,-0.1648,-0.0538,206.32,982.7500,-0.03
2025-08-25 11:00:00,982.5,984.45,982.2,984.25,284950,-0.0344,-0.0538,-36.06,982.7500,0.15
2025-08-25 11:05:00,984.25,984.25,982.55,982.75,172062,-0.0443,-0.0538,-17.66,982.7500,0.00
2025-08-25 11:10:00,982.8,984.1,982.5,983.55,193506,0.0054,-0.0538,-110.04,982.7500,0.08
2025-08-25 11:15:00,983.55,984,983.2,983.25,116650,0.0195,-0.0538,-136.25,982.7500,0.05
2025-08-25 11:20:00,983.2,984.45,982.85,984,541408,0.0776,-0.0538,-244.24,982.7500,0.13
2025-08-25 11:25:00,984.1,984.95,983.75,984.25,94714,0.1281,-0.0538,-338.10,982.7500,0.15
2025-08-25 11:30:00,984.3,985,984,984.2,132494,0.1518,-0.0538,-382.16,982.7500,0.15
2025-08-25 11:35:00,984.2,984.75,983.8,984.05,125964,0.1507,-0.0538,-380.11,982.7500,0.13
2025-08-25 11:40:00,984.2,985.7,984.05,985.6,231512,0.2422,-0.0538,-550.19,982.7500,0.29
2025-08-25 11:45:00,985.65,986.8,984.5,985,203592,0.2493,-0.0538,-563.38,982.7500,0.23
2025-08-25 11:50:00,985,985.35,984.5,985,190826,0.2408,-0.0538,-547.58,982.7500,0.23
2025-08-25 11:55:00,985,985.5,984.85,985.3,81578,0.2415,-0.0538,-548.88,982.7500,0.26
2025-08-25 12:00:00,985.3,985.95,985,985.4,90328,0.2347,-0.0538,-536.25,982.7500,0.27
2025-08-25 12:05:00,985.35,985.4,984.85,985.25,121630,0.2070,-0.0538,-484.76,982.7500,0.25
2025-08-25 12:10:00,985.2,985.5,984.6,985.5,279266,0.1928,-0.0538,-458.36,982.7500,0.28
2025-08-25 12:15:00,985.35,986,985,985.95,110228,0.2001,-0.0538,-471.93,982.7500,0.33
2025-08-25 12:20:00,985.85,986.3,985,986.15,119916,0.2040,-0.0538,-479.18,982.7500,0.35
2025-08-25 12:25:00,986.15,986.8,986,986.3,142082,0.2020,-0.0538,-475.46,982.7500,0.36
2025-08-25 12:30:00,986.25,986.8,986.05,986.55,89184,0.2023,-0.0538,-476.02,982.7500,0.39
2025-08-25 12:35:00,986.55,986.8,986,986.3,89450,0.1716,-0.0538,-418.96,982.7500,0.36
2025-08-25 12:40:00,986.2,986.65,986,986.45,105184,0.1483,-0.0538,-375.65,982.7500,0.38
2025-08-25 12:45:00,986.45,987.4,986.4,986.95,117846,0.1528,-0.0538,-384.01,982.7500,0.43
2025-08-25 12:50:00,986.95,987.4,986.7,987.1,111006,0.1519,-0.0538,-382.34,982.7500,0.44
2025-08-25 12:55:00,987.05,987.3,985.95,986.1,179518,0.0738,-0.0538,-237.17,982.7500,0.34
2025-08-25 13:00:00,986.05,986.45,985.75,986.3,137790,0.0279,-0.0538,-151.86,982.7500,0.36
2025-08-25 13:05:00,986.3,986.5,985.2,985.85,169766,-0.0370,-0.0538,-31.23,982.7500,0.32
2025-08-25 13:10:00,985.8,986,985.25,985.9,124398,-0.0784,-0.0538,45.72,982.7500,0.32
2025-08-25 13:15:00,985.9,986.25,985.5,985.65,68344,-0.1219,-0.0538,126.58,982.7500,0.30
2025-08-25 13:20:00,985.65,985.9,984.75,985.05,182090,-0.1864,-0.0538,246.47,982.7500,0.23
2025-08-25 13:25:00,985.05,985.75,984.75,985.15,195596,-0.2156,-0.0538,300.74,982.7500,0.24
2025-08-25 13:30:00,985.15,985.8,984.9,985.35,155338,-0.2144,-0.0538,298.51,982.7500,0.26
2025-08-25 13:35:00,985.35,986.2,985.1,985.75,96286,-0.1808,-0.0538,236.06,982.7500,0.31
2025-08-25 13:40:00,985.75,986.25,985.5,986,113808,-0.1379,-0.0538,156.32,982.7500,0.33
2025-08-25 13:45:00,986,986.45,985.55,986.25,146874,-0.0911,-0.0538,69.33,982.7500,0.36
2025-08-25 13:50:00,986.25,986.6,985.95,986.15,111770,-0.0664,-0.0538,23.42,982.7500,0.35
2025-08-25 13:55:00,986.25,986.45,985.75,985.9,107150,-0.0663,-0.0538,23.23,982.7500,0.32
2025-08-25 14:00:00,985.85,986,985,985.3,106630,-0.1038,-0.0538,92.94,982.7500,0.26
2025-08-25 14:05:00,985.2,985.95,985.1,985.6,89948,-0.1053,-0.0538,95.72,982.7500,0.29
2025-08-25 14:10:00,985.55,985.75,984.5,984.65,148710,-0.1635,-0.0538,203.90,982.7500,0.19
2025-08-25 14:15:00,984.6,985.8,984.5,984.75,304498,-0.1870,-0.0538,247.58,982.7500,0.20
2025-08-25 14:20:00,984.7,984.75,983.8,983.9,113554,-0.2476,-0.0538,360.22,982.7500,0.12
2025-08-25 14:25:00,983.8,984.1,983.05,983.4,162650,-0.3055,-0.0538,467.84,982.7500,0.07
2025-08-25 14:30:00,983.35,983.6,982.5,982.75,170922,-0.3674,-0.0538,582.90,982.7500,0.00
2025-08-25 14:35:00,982.7,982.75,980.9,981.8,433578,-0.4470,-0.0538,730.86,982.7500,-0.10
2025-08-25 14:40:00,981.75,982,981.05,981.75,178810,-0.4750,-0.0538,782.90,982.7500,-0.10
2025-08-25 14:45:00,981.75,982.6,981.5,982.6,199314,-0.4106,-0.0538,663.20,982.7500,-0.02
2025-08-25 14:50:00,982.6,983.8,982.55,983.75,217858,-0.2717,-0.0538,405.02,982.7500,0.10
2025-08-25 14:55:00,983.5,984.95,983.5,984.45,303184,-0.1215,-0.0538,125.84,982.7500,0.17
2025-08-25 15:00:00,984.55,984.7,982.3,982.5,433782,-0.1408,-0.0538,161.71,982.7500,-0.03
2025-08-25 15:05:00,982.55,982.55,981.7,982.15,430018,-0.1630,-0.0538,202.97,982.7500,-0.06
2025-08-25 15:10:00,982.15,982.3,980.75,980.85,694384,-0.2461,-0.0538,357.43,982.7500,-0.19
2025-08-25 15:15:00,981,982.25,980.55,982.2,551034,-0.1933,-0.0538,259.29,982.7500,-0.06
2025-08-25 15:20:00,982.1,982.2,981.5,981.6,520724,-0.1821,-0.0538,238.48,982.7500,-0.12
2025-08-25 15:25:00,981.8,985,981.6,984.6,547710,0.0326,-0.0538,-160.59,982.7500,0.19
2025-08-26 09:15:00,979.5,985.7,972.1,972.4,697811,-0.6066,0.0326,-1960.74,984.6000,-1.24
2025-08-26 09:20:00,972.2,973.6,970.2,972.6,310901,-0.9546,0.0326,-3028.22,984.6000,-1.22
2025-08-26 09:25:00,972.6,973.3,970.1,970.3,229571,-1.2594,0.0326,-3963.19,984.6000,-1.45
2025-08-26 09:30:00,970.3,973,969.4,971.8,270525,-1.2756,0.0326,-4012.88,984.6000,-1.30
2025-08-26 09:35:00,971.8,972.3,968,968.3,260890,-1.4264,0.0326,-4475.46,984.6000,-1.66
2025-08-26 09:40:00,968.6,969.8,968,969.5,206192,-1.3503,0.0326,-4242.02,984.6000,-1.53
2025-08-26 09:45:00,969.5,971.8,969.4,971.2,108200,-1.1011,0.0326,-3477.61,984.6000,-1.36
2025-08-26 09:50:00,971.2,971.4,968.7,969.2,124370,-0.9901,0.0326,-3137.12,984.6000,-1.56
2025-08-26 09:55:00,969.2,970.8,968.5,970.4,104842,-0.7650,0.0326,-2446.63,984.6000,-1.44
2025-08-26 10:00:00,970.4,971.5,969.9,970.8,83189,-0.5295,0.0326,-1724.23,984.6000,-1.40
2025-08-26 10:05:00,970.8,971,969,969,89069,-0.4390,0.0326,-1446.63,984.6000,-1.58
2025-08-26 10:10:00,969.1,969.6,968.1,969.1,104724,-0.3220,0.0326,-1087.73,984.6000,-1.57
2025-08-26 10:15:00,969.1,969.6,968,969.3,125386,-0.1872,0.0326,-674.23,984.6000,-1.55
2025-08-26 10:20:00,969.2,970.5,969,970.1,120682,-0.0098,0.0326,-130.06,984.6000,-1.47
2025-08-26 10:25:00,969.8,970.4,969.1,969.3,119946,0.0831,0.0326,154.91,984.6000,-1.55
2025-08-26 10:30:00,969.3,969.8,968.6,969.2,113401,0.1625,0.0326,398.47,984.6000,-1.56
2025-08-26 10:35:00,969.2,970.2,968.7,970.1,87078,0.2928,0.0326,798.16,984.6000,-1.47
2025-08-26 10:40:00,970.1,970.8,969.7,970.2,102832,0.3964,0.0326,1115.95,984.6000,-1.46
2025-08-26 10:45:00,970.2,970.7,969.4,969.6,90627,0.4323,0.0326,1226.07,984.6000,-1.52
2025-08-26 10:50:00,969.9,970.6,969.6,970.3,119632,0.5059,0.0326,1451.84,984.6000,-1.45
2025-08-26 10:55:00,970.2,972,969.7,971.8,159890,0.6491,0.0326,1891.10,984.6000,-1.30
2025-08-26 11:00:00,971.8,972.9,971.4,972.3,116000,0.7631,0.0326,2240.80,984.6000,-1.25
2025-08-26 11:05:00,972.2,974.8,972,973.8,346516,0.9150,0.0326,2706.75,984.6000,-1.10
2025-08-26 11:10:00,973.8,975.3,973.1,973.8,154420,0.9848,0.0326,2920.86,984.6000,-1.10
2025-08-26 11:15:00,973.4,974.9,973.2,974.4,116972,1.0356,0.0326,3076.69,984.6000,-1.04
2025-08-26 11:20:00,974.9,975.6,974.4,974.8,205605,1.0566,0.0326,3141.10,984.6000,-1.00
2025-08-26 11:25:00,974.9,976,974.5,975.1,107364,1.0491,0.0326,3118.10,984.6000,-0.96
2025-08-26 11:30:00,975.1,975.4,972.8,973.8,146632,0.9196,0.0326,2720.86,984.6000,-1.10
2025-08-26 11:35:00,973.8,974.7,972.7,972.9,156593,0.7439,0.0326,2181.90,984.6000,-1.19
2025-08-26 11:40:00,972.9,973,971.9,972.3,109450,0.5659,0.0326,1635.89,984.6000,-1.25
2025-08-26 11:45:00,972.2,972.7,971.3,972.5,111961,0.4455,0.0326,1266.56,984.6000,-1.23
2025-08-26 11:50:00,972.3,973.1,971.3,972.8,95342,0.3729,0.0326,1043.87,984.6000,-1.20
2025-08-26 11:55:00,972.7,974.7,972.7,974.7,103304,0.4354,0.0326,1235.58,984.6000,-1.01
2025-08-26 12:00:00,974.5,975.3,973.9,974.8,155368,0.4633,0.0326,1321.17,984.6000,-1.00
2025-08-26 12:05:00,974.7,975.5,974,974.1,147703,0.4160,0.0326,1176.07,984.6000,-1.07
2025-08-26 12:10:00,974,974.4,973.3,974.3,111534,0.3806,0.0326,1067.48,984.6000,-1.05
2025-08-26 12:15:00,974.3,974.8,973.7,974.6,151701,0.3600,0.0326,1004.29,984.6000,-1.02
2025-08-26 12:20:00,974.6,974.9,974.1,974.6,110114,0.3297,0.0326,911.35,984.6000,-1.02
2025-08-26 12:25:00,974.6,974.8,973.7,974.6,110327,0.2942,0.0326,802.45,984.6000,-1.02
2025-08-26 12:30:00,974.6,975,972.8,973.6,133340,0.1929,0.0326,491.72,984.6000,-1.12
2025-08-26 12:35:00,973.6,974.4,973.1,973.6,80102,0.1190,0.0326,265.03,984.6000,-1.12
2025-08-26 12:40:00,973.6,974.3,972.5,973.1,91101,0.0339,0.0326,3.99,984.6000,-1.17
2025-08-26 12:45:00,973.1,973.2,972.2,972.9,105640,-0.0346,0.0326,-206.13,984.6000,-1.19
2025-08-26 12:50:00,972.9,973.4,972.5,972.7,76102,-0.0891,0.0326,-373.31,984.6000,-1.21
2025-08-26 12:55:00,972.8,974.1,972.7,973.8,69213,-0.0488,0.0326,-249.69,984.6000,-1.10
2025-08-26 13:00:00,973.7,974.9,973.7,974.8,77566,0.0426,0.0326,30.67,984.6000,-1.00
2025-08-26 13:05:00,974.7,975,973.4,974.3,81646,0.0654,0.0326,100.61,984.6000,-1.05
2025-08-26 13:10:00,974.3,974.6,973.4,974.2,65188,0.0693,0.0326,112.58,984.6000,-1.06
2025-08-26 13:15:00,974.2,975,973.7,974.4,100475,0.0803,0.0326,146.32,984.6000,-1.04
2025-08-26 13:20:00,974.5,975.4,974.3,975.3,103422,0.1395,0.0326,327.91,984.6000,-0.94
2025-08-26 13:25:00,975.3,975.6,974.1,974.6,190426,0.1235,0.0326,278.83,984.6000,-1.02
2025-08-26 13:30:00,974.5,974.8,973.7,974.6,89200,0.1055,0.0326,223.62,984.6000,-1.02
2025-08-26 13:35:00,974.6,975.1,974.2,975.1,94611,0.1189,0.0326,264.72,984.6000,-0.96
2025-08-26 13:40:00,975.1,975.7,974.8,974.9,120271,0.1063,0.0326,226.07,984.6000,-0.99
2025-08-26 13:45:00,974.9,975.2,974.1,974.8,128676,0.0843,0.0326,158.59,984.6000,-1.00
2025-08-26 13:50:00,974.8,975.5,974.3,975.2,170726,0.0892,0.0326,173.62,984.6000,-0.95
2025-08-26 13:55:00,975.1,975.6,974.8,975.1,140410,0.0786,0.0326,141.10,984.6000,-0.96
2025-08-26 14:00:00,975.3,975.5,974.2,974.4,83680,0.0204,0.0326,-37.42,984.6000,-1.04
2025-08-26 14:05:00,974.3,974.8,973.8,974,140033,-0.0455,0.0326,-239.57,984.6000,-1.08
2025-08-26 14:10:00,974,974.3,971.5,972.8,334045,-0.1638,0.0326,-602.45,984.6000,-1.20
2025-08-26 14:15:00,972.8,973.3,971.9,972.7,143481,-0.2380,0.0326,-830.06,984.6000,-1.21
2025-08-26 14:20:00,972.7,973.1,972.1,972.9,105039,-0.2611,0.0326,-900.92,984.6000,-1.19
2025-08-26 14:25:00,972.7,974.9,972,974.4,368953,-0.1674,0.0326,-613.50,984.6000,-1.04
2025-08-26 14:30:00,974.5,974.8,972.2,972.7,210966,-0.2092,0.0326,-741.72,984.6000,-1.21
2025-08-26 14:35:00,972.6,973.7,972.3,973.5,142373,-0.1738,0.0326,-633.13,984.6000,-1.13
2025-08-26 14:40:00,973.5,974.1,972.8,973.5,228724,-0.1424,0.0326,-536.81,984.6000,-1.13
2025-08-26 14:45:00,973.4,973.7,972,973.2,279204,-0.1340,0.0326,-511.04,984.6000,-1.16
2025-08-26 14:50:00,973.1,973.6,971.9,972.6,333030,-0.1594,0.0326,-588.96,984.6000,-1.22
2025-08-26 14:55:00,972.8,972.9,971.9,972.1,222486,-0.1978,0.0326,-706.75,984.6000,-1.27
2025-08-26 15:00:00,972.1,973.4,971.8,972.5,1190105,-0.1845,0.0326,-665.95,984.6000,-1.23
2025-08-26 15:05:00,972.5,973.4,972.4,973.3,998427,-0.1136,0.0326,-448.47,984.6000,-1.15
2025-08-26 15:10:00,973.2,973.7,972.1,972.9,1191553,-0.0865,0.0326,-365.34,984.6000,-1.19
2025-08-26 15:15:00,972.9,974.9,972.4,974.1,1125053,0.0140,0.0326,-57.06,984.6000,-1.07
2025-08-26 15:20:00,974.2,974.8,973.5,974.2,941024,0.0849,0.0326,160.43,984.6000,-1.06
2025-08-26 15:25:00,974.1,975.7,971.1,972.3,700661,0.0058,0.0326,-82.21,984.6000,-1.25
2025-08-28 09:15:00,967,969.7,956.4,958.6,1321462,-0.9163,0.0058,-15898.28,972.3000,-1.41
2025-08-28 09:20:00,958.5,959.6,955,955.6,554949,-1.6334,0.0058,-28262.07,972.3000,-1.72
2025-08-28 09:25:00,955.3,960.2,955,958,467875,-1.8362,0.0058,-31758.62,972.3000,-1.47
2025-08-28 09:30:00,957.9,958,956.1,956.8,267237,-1.9315,0.0058,-33401.72,972.3000,-1.59
2025-08-28 09:35:00,956.8,958.6,956.5,958.2,299847,-1.7841,0.0058,-30860.34,972.3000,-1.45
2025-08-28 09:40:00,958.2,962.9,958.1,960.2,391738,-1.4500,0.0058,-25100.00,972.3000,-1.24
2025-08-28 09:45:00,960.3,961.3,959,960.2,237262,-1.1407,0.0058,-19767.24,972.3000,-1.24
2025-08-28 09:50:00,960.2,962.7,959.7,962.7,515321,-0.7009,0.0058,-12184.48,972.3000,-0.99
2025-08-28 09:55:00,962.8,962.8,961.1,961.8,330977,-0.4179,0.0058,-7305.17,972.3000,-1.08
2025-08-28 10:00:00,961.8,963.8,960.6,963.2,301196,-0.1003,0.0058,-1829.31,972.3000,-0.94
2025-08-28 10:05:00,963.4,964.3,961,961.4,211480,0.0185,0.0058,218.97,972.3000,-1.12
2025-08-28 10:10:00,961.2,962.3,960.4,960.7,145124,0.0765,0.0058,1218.97,972.3000,-1.19
2025-08-28 10:15:00,960.7,961.3,959.1,959.7,190558,0.0741,0.0058,1177.59,972.3000,-1.30
2025-08-28 10:20:00,959.7,964.4,959.2,964,1159471,0.3720,0.0058,6313.79,972.3000,-0.85
2025-08-28 10:25:00,964.2,966.2,963.2,965.8,268029,0.6821,0.0058,11660.34,972.3000,-0.67
2025-08-28 10:30:00,965.8,967.1,965.8,966.9,258741,0.9375,0.0058,16063.79,972.3000,-0.56
2025-08-28 10:35:00,967,969,967,967.9,253707,1.1365,0.0058,19494.83,972.3000,-0.45
2025-08-28 10:40:00,967.9,968.9,967.1,968.4,203267,1.2553,0.0058,21543.10,972.3000,-0.40
2025-08-28 10:45:00,968.4,970.6,968.1,970.4,215542,1.4105,0.0058,24218.97,972.3000,-0.20
2025-08-28 10:50:00,970.4,971.1,969.8,970.7,180191,1.4687,0.0058,25222.41,972.3000,-0.16
2025-08-28 10:55:00,970.5,971.6,969.7,971,241291,1.4596,0.0058,25065.52,972.3000,-0.13
2025-08-28 11:00:00,971.1,971.4,969.9,970.5,142352,1.3545,0.0058,23253.45,972.3000,-0.19
2025-08-28 11:05:00,970.4,971.9,969.8,970.5,152946,1.2236,0.0058,20996.55,972.3000,-0.19
2025-08-28 11:10:00,970.5,971.1,969.3,970.9,115242,1.1060,0.0058,18968.97,972.3000,-0.14
2025-08-28 11:15:00,971,971.3,970.3,971.1,128469,0.9877,0.0058,16929.31,972.3000,-0.12
2025-08-28 11:20:00,971.1,971.5,969.5,970.6,220620,0.8282,0.0058,14179.31,972.3000,-0.17
2025-08-28 11:25:00,970.8,971.2,970.1,970.6,155273,0.6813,0.0058,11646.55,972.3000,-0.17
2025-08-28 11:30:00,970.6,971.4,970.4,971.4,126172,0.5995,0.0058,10236.21,972.3000,-0.09
2025-08-28 11:35:00,971.3,972.2,970.7,970.8,229029,0.4720,0.0058,8037.93,972.3000,-0.15
2025-08-28 11:40:00,971.1,971.4,970.4,970.7,99567,0.3535,0.0058,5994.83,972.3000,-0.16
2025-08-28 11:45:00,970.6,970.9,969.5,970.4,109654,0.2332,0.0058,3920.69,972.3000,-0.20
2025-08-28 11:50:00,970.4,970.7,968,968.3,123842,0.0027,0.0058,-53.45,972.3000,-0.41
2025-08-28 11:55:00,968.2,968.9,967.4,968.4,298224,-0.1444,0.0058,-2589.66,972.3000,-0.40
2025-08-28 12:00:00,968.4,968.5,966.7,967.4,367277,-0.3014,0.0058,-5296.55,972.3000,-0.50
2025-08-28 12:05:00,967.4,968.5,967.1,968.4,151022,-0.3280,0.0058,-5755.17,972.3000,-0.40
2025-08-28 12:10:00,968.4,968.5,967.7,967.9,119448,-0.3666,0.0058,-6420.69,972.3000,-0.45
2025-08-28 12:15:00,967.9,968.5,966.6,967.1,117282,-0.4288,0.0058,-7493.10,972.3000,-0.53
2025-08-28 12:20:00,967,967.4,965.3,965.8,132149,-0.5336,0.0058,-9300.00,972.3000,-0.67
2025-08-28 12:25:00,965.8,966.7,965.4,966.6,154309,-0.5243,0.0058,-9139.66,972.3000,-0.59
2025-08-28 12:30:00,966.6,966.7,965.5,966.1,127100,-0.5258,0.0058,-9165.52,972.3000,-0.64
2025-08-28 12:35:00,966.2,966.3,965.5,966,103743,-0.5073,0.0058,-8846.55,972.3000,-0.65
2025-08-28 12:40:00,966,966.2,965.2,965.8,123921,-0.4823,0.0058,-8415.52,972.3000,-0.67
2025-08-28 12:45:00,965.8,966.9,965.7,966.5,135653,-0.3962,0.0058,-6931.03,972.3000,-0.60
2025-08-28 12:50:00,966.5,966.6,964.9,965.6,276941,-0.3774,0.0058,-6606.90,972.3000,-0.69
2025-08-28 12:55:00,965.5,965.7,963.6,964.6,155683,-0.4073,0.0058,-7122.41,972.3000,-0.79
2025-08-28 13:00:00,964.5,964.7,963,963.5,156550,-0.4716,0.0058,-8231.03,972.3000,-0.91
2025-08-28 13:05:00,963.5,963.6,961.5,962.1,240611,-0.5722,0.0058,-9965.52,972.3000,-1.05
2025-08-28 13:10:00,961.9,962.7,961.5,961.8,190807,-0.6188,0.0058,-10768.97,972.3000,-1.08
2025-08-28 13:15:00,962.1,962.5,961.2,961.7,101613,-0.6149,0.0058,-10701.72,972.3000,-1.09
2025-08-28 13:20:00,961.7,961.8,961,961.7,130772,-0.5717,0.0058,-9956.90,972.3000,-1.09
2025-08-28 13:25:00,961.6,963.2,961.6,962.3,163069,-0.4667,0.0058,-8146.55,972.3000,-1.03
2025-08-28 13:30:00,962.4,962.8,961.2,961.5,145740,-0.4166,0.0058,-7282.76,972.3000,-1.11
2025-08-28 13:35:00,961.5,962.9,961,962.7,135007,-0.2750,0.0058,-4841.38,972.3000,-0.99
2025-08-28 13:40:00,962.7,963.3,962.2,962.8,162918,-0.1531,0.0058,-2739.66,972.3000,-0.98
2025-08-28 13:45:00,962.6,962.8,961.3,961.6,199392,-0.1325,0.0058,-2384.48,972.3000,-1.10
2025-08-28 13:50:00,961.6,961.9,960,960.1,153658,-0.1953,0.0058,-3467.24,972.3000,-1.25
2025-08-28 13:55:00,960.4,960.6,960,960.5,183695,-0.1854,0.0058,-3296.55,972.3000,-1.21
2025-08-28 14:00:00,960.5,962.1,960.3,961.5,305864,-0.0917,0.0058,-1681.03,972.3000,-1.11
2025-08-28 14:05:00,961.4,962.5,961,962.4,168819,0.0433,0.0058,646.55,972.3000,-1.02
2025-08-28 14:10:00,962.4,963.8,962,962.3,357127,0.1334,0.0058,2200.00,972.3000,-1.03
2025-08-28 14:15:00,962.5,963.1,961.8,962.3,137262,0.1965,0.0058,3287.93,972.3000,-1.03
2025-08-28 14:20:00,962.3,962.6,961.9,962.4,282361,0.2455,0.0058,4132.76,972.3000,-1.02
2025-08-28 14:25:00,962.4,962.4,958.9,960.8,358866,0.1739,0.0058,2898.28,972.3000,-1.18
2025-08-28 14:30:00,960.8,960.8,959.8,959.9,113711,0.0748,0.0058,1189.66,972.3000,-1.28
2025-08-28 14:35:00,959.9,961.4,959.2,960.7,645833,0.0719,0.0058,1139.66,972.3000,-1.19
2025-08-28 14:40:00,960.7,960.9,959,959.9,229524,0.0273,0.0058,370.69,972.3000,-1.28
2025-08-28 14:45:00,959.9,959.9,957,957.6,441046,-0.1369,0.0058,-2460.34,972.3000,-1.51
2025-08-28 14:50:00,957.6,959,957,958.8,397655,-0.1439,0.0058,-2581.03,972.3000,-1.39
2025-08-28 14:55:00,958.7,959.2,958,958.3,333161,-0.1601,0.0058,-2860.34,972.3000,-1.44
2025-08-28 15:00:00,958.2,958.7,956.7,957,1044277,-0.2318,0.0058,-4096.55,972.3000,-1.57
2025-08-28 15:05:00,957,958,956.5,957.2,1294374,-0.2385,0.0058,-4212.07,972.3000,-1.55
2025-08-28 15:10:00,957.2,958.8,956.8,958,1280269,-0.1651,0.0058,-2946.55,972.3000,-1.47
2025-08-28 15:15:00,958,958.9,957.2,958.4,938423,-0.0705,0.0058,-1315.52,972.3000,-1.43
2025-08-28 15:20:00,958.4,960.6,957.4,958.4,1035524,0.0070,0.0058,20.69,972.3000,-1.43
2025-08-28 15:25:00,958.4,961.8,958,961.8,601033,0.2867,0.0058,4843.10,972.3000,-1.08
2025-08-29 09:15:00,954,962.9,954,959,568698,0.2822,0.2867,-1.57,961.8000,-0.29
2025-08-29 09:20:00,959,961.4,958.3,960.9,191145,0.3990,0.2867,39.17,961.8000,-0.09
2025-08-29 09:25:00,960.9,962.3,959.5,961.7,181482,0.5147,0.2867,79.53,961.8000,-0.01
2025-08-29 09:30:00,961.7,962,960.8,961.1,175338,0.5331,0.2867,85.94,961.8000,-0.07
2025-08-29 09:35:00,961,962.7,960.8,961.9,193818,0.5776,0.2867,101.46,961.8000,0.01
2025-08-29 09:40:00,961.8,963.3,961.3,961.3,429504,0.5456,0.2867,90.30,961.8000,-0.05
2025-08-29 09:45:00,961.5,962.1,960.8,961.4,136788,0.5107,0.2867,78.13,961.8000,-0.04
2025-08-29 09:50:00,961.1,961.7,959.9,961.7,266099,0.4873,0.2867,69.97,961.8000,-0.01
2025-08-29 09:55:00,961.7,962.2,961.4,961.9,95010,0.4650,0.2867,62.19,961.8000,0.01
2025-08-29 10:00:00,961.9,962.4,961,961.5,169091,0.4052,0.2867,41.33,961.8000,-0.03
2025-08-29 10:05:00,961.5,963.2,961.3,962.3,153313,0.4006,0.2867,39.73,961.8000,0.05
2025-08-29 10:10:00,962.3,962.3,960.4,960.9,89230,0.2895,0.2867,0.98,961.8000,-0.09
2025-08-29 10:15:00,960.9,961.2,960,961,128284,0.2127,0.2867,-25.81,961.8000,-0.08
2025-08-29 10:20:00,961.1,962.8,961,962.8,121331,0.2693,0.2867,-6.07,961.8000,0.10
2025-08-29 10:25:00,962.8,962.9,961.6,962.3,76164,0.2592,0.2867,-9.59,961.8000,0.05
2025-08-29 10:30:00,962.3,963,961.3,961.6,99941,0.1944,0.2867,-32.19,961.8000,-0.02
2025-08-29 10:35:00,961.5,961.7,960.2,960.2,77897,0.0537,0.2867,-81.27,961.8000,-0.17
2025-08-29 10:40:00,960.2,960.8,959.6,959.7,94130,-0.0699,0.2867,-124.38,961.8000,-0.22
2025-08-29 10:45:00,959.7,959.7,958.6,959.5,99379,-0.1571,0.2867,-154.80,961.8000,-0.24
2025-08-29 10:50:00,959.5,959.5,958.7,959,75070,-0.2356,0.2867,-182.18,961.8000,-0.29
2025-08-29 10:55:00,959,959.1,957.3,957.5,89671,-0.3679,0.2867,-228.32,961.8000,-0.45
2025-08-29 11:00:00,957.3,958.2,957.1,958.1,79286,-0.3920,0.2867,-236.73,961.8000,-0.38
2025-08-29 11:05:00,958.1,958.3,957.7,958.1,87330,-0.3845,0.2867,-234.11,961.8000,-0.38
2025-08-29 11:10:00,958.1,959.5,958,958.9,97386,-0.3057,0.2867,-206.63,961.8000,-0.30
2025-08-29 11:15:00,958.7,958.9,958.1,958.2,50548,-0.2813,0.2867,-198.12,961.8000,-0.37
2025-08-29 11:20:00,958.1,958.4,957.6,958.1,190928,-0.2533,0.2867,-188.35,961.8000,-0.38
2025-08-29 11:25:00,958.1,958.5,957.6,958.5,81353,-0.1921,0.2867,-167.00,961.8000,-0.34
2025-08-29 11:30:00,958.5,958.5,958,958.2,31246,-0.1576,0.2867,-154.97,961.8000,-0.37
2025-08-29 11:35:00,958.1,958.2,956.6,957.8,117645,-0.1475,0.2867,-151.45,961.8000,-0.42
2025-08-29 11:40:00,957.7,957.8,957,957.3,46832,-0.1594,0.2867,-155.60,961.8000,-0.47
2025-08-29 11:45:00,957.4,958.5,957.3,958.5,87251,-0.0756,0.2867,-126.37,961.8000,-0.34
2025-08-29 11:50:00,958.4,958.5,957.8,958.3,68377,-0.0253,0.2867,-108.82,961.8000,-0.36
2025-08-29 11:55:00,958.3,958.4,956.4,957.3,74257,-0.0497,0.2867,-117.34,961.8000,-0.47
2025-08-29 12:00:00,957.2,957.3,956.1,957.1,69377,-0.0684,0.2867,-123.86,961.8000,-0.49
2025-08-29 12:05:00,957.1,958.1,957,958,89463,-0.0123,0.2867,-104.29,961.8000,-0.40
2025-08-29 12:10:00,958,958.3,957.3,958.1,90082,0.0368,0.2867,-87.16,961.8000,-0.38
2025-08-29 12:15:00,958,958.1,956.7,957,85189,0.0022,0.2867,-99.23,961.8000,-0.50
2025-08-29 12:20:00,957.1,957.1,956.1,956.3,94591,-0.0575,0.2867,-120.06,961.8000,-0.57
2025-08-29 12:25:00,956.4,956.6,955.1,955.4,150919,-0.1424,0.2867,-149.67,961.8000,-0.67
2025-08-29 12:30:00,955.4,955.7,955,955.7,96272,-0.1617,0.2867,-156.40,961.8000,-0.63
2025-08-29 12:35:00,955.7,955.9,955.1,955.4,87539,-0.1769,0.2867,-161.70,961.8000,-0.67
2025-08-29 12:40:00,955.3,955.9,955,955.3,141593,-0.1755,0.2867,-161.21,961.8000,-0.68
2025-08-29 12:45:00,955.3,956,955,955.3,160475,-0.1570,0.2867,-154.76,961.8000,-0.68
2025-08-29 12:50:00,955.1,955.7,954.3,954.7,157207,-0.1667,0.2867,-158.14,961.8000,-0.74
2025-08-29 12:55:00,954.4,955,953.2,953.9,196669,-0.2059,0.2867,-171.82,961.8000,-0.82
2025-08-29 13:00:00,953.9,953.9,953,953.3,169774,-0.2484,0.2867,-186.64,961.8000,-0.88
2025-08-29 13:05:00,953.2,953.8,952.4,952.8,169603,-0.2837,0.2867,-198.95,961.8000,-0.94
2025-08-29 13:10:00,952.7,952.9,952,952.3,209724,-0.3120,0.2867,-208.82,961.8000,-0.99
2025-08-29 13:15:00,952.1,953.7,952.1,953.7,189166,-0.2125,0.2867,-174.12,961.8000,-0.84
2025-08-29 13:20:00,953.6,954,953,953.6,150681,-0.1334,0.2867,-146.53,961.8000,-0.85
2025-08-29 13:25:00,953.5,953.9,952.9,953.6,113735,-0.0644,0.2867,-122.46,961.8000,-0.85
2025-08-29 13:30:00,953.6,953.7,953,953.2,80425,-0.0309,0.2867,-110.78,961.8000,-0.89
2025-08-29 13:35:00,953.1,953.5,952.6,953,158185,-0.0084,0.2867,-102.93,961.8000,-0.91
2025-08-29 13:40:00,953,953.7,952.9,953.4,153000,0.0442,0.2867,-84.58,961.8000,-0.87
2025-08-29 13:45:00,953.3,953.9,952.8,953.8,96935,0.1128,0.2867,-60.66,961.8000,-0.83
2025-08-29 13:50:00,953.7,954.6,953.3,953.9,159231,0.1685,0.2867,-41.23,961.8000,-0.82
2025-08-29 13:55:00,953.7,955.1,952.9,953.4,342589,0.1746,0.2867,-39.10,961.8000,-0.87
2025-08-29 14:00:00,953.2,953.8,952.7,953.2,146242,0.1679,0.2867,-41.44,961.8000,-0.89
2025-08-29 14:05:00,953,954,952.9,953.9,141629,0.2106,0.2867,-26.54,961.8000,-0.82
2025-08-29 14:10:00,953.7,954.8,953.6,954.5,122532,0.2752,0.2867,-4.01,961.8000,-0.76
2025-08-29 14:15:00,954.5,955,953.9,954.4,139275,0.3048,0.2867,6.31,961.8000,-0.77
2025-08-29 14:20:00,954,955.2,953.8,954.7,285418,0.3358,0.2867,17.13,961.8000,-0.74
2025-08-29 14:25:00,955,955.1,953.6,954,188709,0.3014,0.2867,5.13,961.8000,-0.81
2025-08-29 14:30:00,953.7,954.3,953,953.7,119961,0.2527,0.2867,-11.86,961.8000,-0.84
2025-08-29 14:35:00,953.4,953.7,952.1,952.7,209309,0.1524,0.2867,-46.84,961.8000,-0.95
2025-08-29 14:40:00,952.7,952.8,951.6,951.6,313339,0.0182,0.2867,-93.65,961.8000,-1.06
2025-08-29 14:45:00,951.9,952.1,951.5,951.6,160055,-0.0601,0.2867,-120.96,961.8000,-1.06
2025-08-29 14:50:00,951.6,951.9,951,951.7,468086,-0.0926,0.2867,-132.30,961.8000,-1.05
2025-08-29 14:55:00,951.5,952,951.3,951.9,161281,-0.0882,0.2867,-130.76,961.8000,-1.03
2025-08-29 15:00:00,951.9,952.1,950.3,950.8,792566,-0.1436,0.2867,-150.09,961.8000,-1.14
2025-08-29 15:05:00,950.8,951.3,950.6,950.7,584260,-0.1695,0.2867,-159.12,961.8000,-1.15
2025-08-29 15:10:00,950.8,951,950.1,950.7,657837,-0.1688,0.2867,-158.88,961.8000,-1.15
2025-08-29 15:15:00,950.7,952.8,950.6,952.4,953853,-0.0425,0.2867,-114.82,961.8000,-0.98
2025-08-29 15:20:00,952.4,953.5,952,952.8,654101,0.0730,0.2867,-74.54,961.8000,-0.94
2025-08-29 15:25:00,952.8,953.8,952.4,953.4,455297,0.1883,0.2867,-34.32,961.8000,-0.87
2025-09-01 09:15:00,949.6,957.45,949.6,956.9,1725328,0.4820,0.1883,155.97,953.4000,0.37
2025-09-01 09:20:00,956.9,956.9,953.3,954.1,472237,0.4690,0.1883,149.07,953.4000,0.07
2025-09-01 09:25:00,954.4,955.5,953,955.45,502637,0.5283,0.1883,180.56,953.4000,0.22
2025-09-01 09:30:00,955.4,956.3,954.1,955.65,280848,0.5551,0.1883,194.80,953.4000,0.24
2025-09-01 09:35:00,955.6,955.75,954.6,954.8,186897,0.4919,0.1883,161.23,953.4000,0.15
2025-09-01 09:40:00,954.75,955,953.2,953.5,176621,0.3458,0.1883,83.64,953.4000,0.01
2025-09-01 09:45:00,953.45,953.5,951.4,951.6,335766,0.1162,0.1883,-38.29,953.4000,-0.19
2025-09-01 09:50:00,951.6,952.95,951.3,952.6,259338,0.0313,0.1883,-83.38,953.4000,-0.08
2025-09-01 09:55:00,952.6,952.75,951.55,952.25,182913,-0.0449,0.1883,-123.84,953.4000,-0.12
2025-09-01 10:00:00,952.25,952.6,951.55,952.55,152065,-0.0699,0.1883,-137.12,953.4000,-0.09
2025-09-01 10:05:00,952.55,952.6,951.5,952.3,127863,-0.0965,0.1883,-151.25,953.4000,-0.12
2025-09-01 10:10:00,952.3,952.4,951,951.1,186002,-0.1831,0.1883,-197.24,953.4000,-0.24
2025-09-01 10:15:00,951.1,951.3,949.7,949.85,454404,-0.3056,0.1883,-262.29,953.4000,-0.37
2025-09-01 10:20:00,949.9,950,947.45,947.5,448147,-0.5136,0.1883,-372.76,953.4000,-0.62
2025-09-01 10:25:00,947.8,948.95,947.45,948.7,293005,-0.5366,0.1883,-384.97,953.4000,-0.49
2025-09-01 10:30:00,948.7,948.9,947.5,947.65,219032,-0.5848,0.1883,-410.57,953.4000,-0.60
2025-09-01 10:35:00,947.6,947.95,947.1,947.25,208276,-0.6035,0.1883,-420.50,953.4000,-0.65
2025-09-01 10:40:00,947.2,947.95,947.05,947.65,194885,-0.5502,0.1883,-392.19,953.4000,-0.60
2025-09-01 10:45:00,947.55,949.35,947.25,948.75,320840,-0.4087,0.1883,-317.05,953.4000,-0.49
2025-09-01 10:50:00,948.75,949,948,948.05,126134,-0.3333,0.1883,-277.00,953.4000,-0.56
2025-09-01 10:55:00,948.05,948.7,947.65,948.25,136800,-0.2451,0.1883,-230.16,953.4000,-0.54
2025-09-01 11:00:00,948.3,948.8,947.5,948.05,170238,-0.1784,0.1883,-194.74,953.4000,-0.56
2025-09-01 11:05:00,948.05,948.5,947.7,948,184536,-0.1187,0.1883,-163.04,953.4000,-0.57
2025-09-01 11:10:00,948,948.65,947.75,947.95,145589,-0.0663,0.1883,-135.21,953.4000,-0.57
2025-09-01 11:15:00,948,948.15,947.1,947.4,131384,-0.0529,0.1883,-128.09,953.4000,-0.63
2025-09-01 11:20:00,947.4,947.5,946.35,946.9,303923,-0.0614,0.1883,-132.61,953.4000,-0.68
2025-09-01 11:25:00,946.9,948.4,946.65,948.3,174922,0.0382,0.1883,-79.71,953.4000,-0.53
2025-09-01 11:30:00,948.3,948.85,947.7,948.55,183740,0.1269,0.1883,-32.61,953.4000,-0.51
2025-09-01 11:35:00,948.5,949.05,948.2,948.55,121520,0.1878,0.1883,-0.27,953.4000,-0.51
2025-09-01 11:40:00,948.55,948.8,948.15,948.25,92517,0.2086,0.1883,10.78,953.4000,-0.54
2025-09-01 11:45:00,948.3,948.5,948.05,948.35,115731,0.2282,0.1883,21.19,953.4000,-0.53
2025-09-01 11:50:00,948.35,948.7,948.15,948.4,148750,0.2423,0.1883,28.68,953.4000,-0.52
2025-09-01 11:55:00,948.35,948.65,947.7,948,130026,0.2230,0.1883,18.43,953.4000,-0.57
2025-09-01 12:00:00,947.95,948.4,947.15,947.5,110413,0.1768,0.1883,-6.11,953.4000,-0.62
2025-09-01 12:05:00,947.45,948.05,947.35,947.8,146700,0.1668,0.1883,-11.42,953.4000,-0.59
2025-09-01 12:10:00,947.8,948.95,947.65,948.55,206033,0.2085,0.1883,10.73,953.4000,-0.51
2025-09-01 12:15:00,948.85,949.5,948.3,948.95,239554,0.2574,0.1883,36.70,953.4000,-0.47
2025-09-01 12:20:00,948.95,949.55,948.45,949.45,204039,0.3142,0.1883,66.86,953.4000,-0.41
2025-09-01 12:25:00,949.5,950.65,949.45,950.35,176008,0.3977,0.1883,111.21,953.4000,-0.32
2025-09-01 12:30:00,950.4,950.75,950.05,950.5,80940,0.4449,0.1883,136.27,953.4000,-0.30
2025-09-01 12:35:00,950.5,951.55,949.9,950.6,177712,0.4625,0.1883,145.62,953.4000,-0.29
2025-09-01 12:40:00,950.55,951.3,950.4,950.55,164762,0.4502,0.1883,139.09,953.4000,-0.30
2025-09-01 12:45:00,950.6,950.9,950.1,950.55,115654,0.4218,0.1883,124.00,953.4000,-0.30
2025-09-01 12:50:00,950.5,951.2,950.1,950.55,190624,0.3839,0.1883,103.88,953.4000,-0.30
2025-09-01 12:55:00,950.55,950.95,949.65,950.6,162601,0.3443,0.1883,82.85,953.4000,-0.29
2025-09-01 13:00:00,950.65,951.1,950,951.05,325550,0.3305,0.1883,75.52,953.4000,-0.25
2025-09-01 13:05:00,950.9,951.8,950.9,951.35,130744,0.3233,0.1883,71.69,953.4000,-0.22
2025-09-01 13:10:00,951.3,951.65,950.85,951.6,175665,0.3167,0.1883,68.19,953.4000,-0.19
2025-09-01 13:15:00,951.55,952.2,951.25,952,279697,0.3195,0.1883,69.68,953.4000,-0.15
2025-09-01 13:20:00,951.95,952.05,951.5,951.5,130444,0.2701,0.1883,43.44,953.4000,-0.20
2025-09-01 13:25:00,951.5,952.1,950.85,951.6,241260,0.2281,0.1883,21.14,953.4000,-0.19
2025-09-01 13:30:00,951.65,952.15,951.3,951.5,160105,0.1797,0.1883,-4.57,953.4000,-0.20
2025-09-01 13:35:00,951.6,952.05,951.4,951.55,142695,0.1391,0.1883,-26.13,953.4000,-0.19
2025-09-01 13:40:00,951.6,951.75,950.65,950.95,209026,0.0635,0.1883,-66.28,953.4000,-0.26
2025-09-01 13:45:00,951,951.05,950.35,950.45,125404,-0.0237,0.1883,-112.59,953.4000,-0.31
2025-09-01 13:50:00,950.4,950.75,949.3,949.75,278667,-0.1263,0.1883,-167.07,953.4000,-0.38
2025-09-01 13:55:00,949.9,950.6,949.5,949.9,253384,-0.1787,0.1883,-194.90,953.4000,-0.37
2025-09-01 14:00:00,949.95,950.5,949.7,950.1,291748,-0.1932,0.1883,-202.60,953.4000,-0.35
2025-09-01 14:05:00,950.15,950.3,949.9,950.1,225006,-0.1956,0.1883,-203.88,953.4000,-0.35
2025-09-01 14:10:00,950.15,950.8,950.1,950.5,226463,-0.1643,0.1883,-187.25,953.4000,-0.30
2025-09-01 14:15:00,950.5,950.7,949.7,949.85,148084,-0.1802,0.1883,-195.70,953.4000,-0.37
2025-09-01 14:20:00,949.9,950,949.35,949.65,180821,-0.1956,0.1883,-203.88,953.4000,-0.39
2025-09-01 14:25:00,949.65,949.8,949.1,949.35,195717,-0.2159,0.1883,-214.66,953.4000,-0.42
2025-09-01 14:30:00,949.35,950.55,949.3,950.4,191835,-0.1515,0.1883,-180.46,953.4000,-0.31
2025-09-01 14:35:00,950.3,950.75,949.9,950.45,247150,-0.1009,0.1883,-153.58,953.4000,-0.31
2025-09-01 14:40:00,950.4,952,950.25,951.4,333548,-0.0040,0.1883,-102.12,953.4000,-0.21
2025-09-01 14:45:00,951.5,951.5,950.45,950.75,197593,0.0149,0.1883,-92.09,953.4000,-0.28
2025-09-01 14:50:00,950.8,951,950.25,950.5,175427,0.0092,0.1883,-95.11,953.4000,-0.30
2025-09-01 14:55:00,950.55,951.35,950.35,950.95,425830,0.0332,0.1883,-82.37,953.4000,-0.26
2025-09-01 15:00:00,950.95,951.35,949.95,950.05,527958,-0.0117,0.1883,-106.21,953.4000,-0.35
2025-09-01 15:05:00,950.05,950.55,949.95,950.4,517022,-0.0176,0.1883,-109.35,953.4000,-0.31
2025-09-01 15:10:00,950.4,950.45,950.05,950.25,605237,-0.0308,0.1883,-116.36,953.4000,-0.33
2025-09-01 15:15:00,950.2,951,950.15,951,698643,0.0099,0.1883,-94.74,953.4000,-0.25
2025-09-01 15:20:00,951,951.6,950.75,950.9,496721,0.0277,0.1883,-85.29,953.4000,-0.26
2025-09-01 15:25:00,950.85,951.55,950.55,950.8,463370,0.0304,0.1883,-83.86,953.4000,-0.27
2025-09-02 09:15:00,951,954.8,950.6,952.4,484121,0.1317,0.0304,333.22,950.8000,0.17
2025-09-02 09:20:00,952.15,952.9,951,952.5,138902,0.1936,0.0304,536.84,950.8000,0.18
2025-09-02 09:25:00,952.5,953.45,952,953.05,126051,0.2558,0.0304,741.45,950.8000,0.24
2025-09-02 09:30:00,953.05,953.95,952.4,952.8,119976,0.2633,0.0304,766.12,950.8000,0.21
2025-09-02 09:35:00,952.8,953.6,952.15,952.55,105449,0.2355,0.0304,674.67,950.8000,0.18
2025-09-02 09:40:00,952.55,952.55,951.5,951.5,92466,0.1355,0.0304,345.72,950.8000,0.07
2025-09-02 09:45:00,951.5,951.85,951.1,951.25,79244,0.0461,0.0304,51.64,950.8000,0.05
2025-09-02 09:50:00,951.25,951.9,951.1,951.15,131952,-0.0223,0.0304,-173.36,950.8000,0.04
2025-09-02 09:55:00,951.15,951.8,950.6,951.6,256663,-0.0390,0.0304,-228.29,950.8000,0.08
2025-09-02 10:00:00,951.65,952.75,951.35,952.75,100165,0.0225,0.0304,-25.99,950.8000,0.21
2025-09-02 10:05:00,952.6,953.5,952.2,952.65,118345,0.0498,0.0304,63.82,950.8000,0.19
2025-09-02 10:10:00,952.65,952.95,951.9,952.15,76154,0.0287,0.0304,-5.59,950.8000,0.14
2025-09-02 10:15:00,952.05,952.25,951.5,951.75,93307,-0.0153,0.0304,-150.33,950.8000,0.10
2025-09-02 10:20:00,951.75,952,951.1,951.15,107738,-0.0841,0.0304,-376.64,950.8000,0.04
2025-09-02 10:25:00,951.3,952,950.8,951.75,150302,-0.0881,0.0304,-389.80,950.8000,0.10
2025-09-02 10:30:00,951.9,952,951.25,951.3,160422,-0.1180,0.0304,-488.16,950.8000,0.05
2025-09-02 10:35:00,951.35,952,951,951.75,76918,-0.1049,0.0304,-445.07,950.8000,0.10
2025-09-02 10:40:00,951.75,952,951.6,951.95,119429,-0.0813,0.0304,-367.43,950.8000,0.12
2025-09-02 10:45:00,951.9,953,951.9,952.95,142140,-0.0011,0.0304,-103.62,950.8000,0.23
2025-09-02 10:50:00,953,953,952.35,953,158470,0.0498,0.0304,63.82,950.8000,0.23
2025-09-02 10:55:00,953,953.8,952.7,953.35,94538,0.0987,0.0304,224.67,950.8000,0.27
2025-09-02 11:00:00,953.5,953.95,952.9,953.6,96145,0.1371,0.0304,350.99,950.8000,0.29
2025-09-02 11:05:00,953.6,954,953,953.4,145269,0.1379,0.0304,353.62,950.8000,0.27
2025-09-02 11:10:00,953.7,954,953,953.35,101567,0.1244,0.0304,309.21,950.8000,0.27
2025-09-02 11:15:00,953.2,953.35,952.45,952.75,54417,0.0672,0.0304,121.05,950.8000,0.21
2025-09-02 11:20:00,952.75,952.8,951.85,952,92111,-0.0241,0.0304,-179.28,950.8000,0.13
2025-09-02 11:25:00,951.95,952.9,951.3,952.5,287090,-0.0521,0.0304,-271.38,950.8000,0.18
2025-09-02 11:30:00,952.45,952.7,951.35,951.5,187089,-0.1346,0.0304,-542.76,950.8000,0.07
2025-09-02 11:35:00,951.5,952.3,950.7,952.25,181846,-0.1350,0.0304,-544.08,950.8000,0.15
2025-09-02 11:40:00,952.25,952.3,951.65,952.05,47998,-0.1442,0.0304,-574.34,950.8000,0.13
2025-09-02 11:45:00,952.05,952.3,951.65,952,53104,-0.1485,0.0304,-588.49,950.8000,0.13
2025-09-02 11:50:00,951.9,952,951.6,951.75,76980,-0.1620,0.0304,-632.89,950.8000,0.10
2025-09-02 11:55:00,951.8,952.2,951.15,951.85,93772,-0.1578,0.0304,-619.08,950.8000,0.11
2025-09-02 12:00:00,951.75,952.25,951.1,952.1,103492,-0.1328,0.0304,-536.84,950.8000,0.14
2025-09-02 12:05:00,952.1,952.25,951.5,951.65,43804,-0.1405,0.0304,-562.17,950.8000,0.09
2025-09-02 12:10:00,951.7,952.4,951.4,951.7,124502,-0.1359,0.0304,-547.04,950.8000,0.09
2025-09-02 12:15:00,951.7,951.75,951,951.2,118772,-0.1588,0.0304,-622.37,950.8000,0.04
2025-09-02 12:20:00,951.15,952.3,951,951.9,103530,-0.1207,0.0304,-497.04,950.8000,0.12
2025-09-02 12:25:00,951.9,952.5,951.65,952,137540,-0.0845,0.0304,-377.96,950.8000,0.13
2025-09-02 12:30:00,952,953.5,951.4,952.9,185613,0.0000,0.0304,-100.00,950.8000,0.22
2025-09-02 12:35:00,952.9,953.55,951.45,953.2,199233,0.0720,0.0304,136.84,950.8000,0.25
2025-09-02 12:40:00,953.35,953.8,952.05,952.05,205489,0.0397,0.0304,30.59,950.8000,0.13
2025-09-02 12:45:00,952.3,953.7,951.9,953,186125,0.0777,0.0304,155.59,950.8000,0.23
2025-09-02 12:50:00,953,953.2,952.2,953,91345,0.0968,0.0304,218.42,950.8000,0.23
2025-09-02 12:55:00,953,953.1,952.45,952.55,94245,0.0743,0.0304,144.41,950.8000,0.18
2025-09-02 13:00:00,952.65,953.65,952.2,952.7,162251,0.0649,0.0304,113.49,950.8000,0.20
2025-09-02 13:05:00,952.7,953.35,952.1,952.55,96178,0.0450,0.0304,48.03,950.8000,0.18
2025-09-02 13:10:00,952.4,952.95,951.75,952.4,182969,0.0194,0.0304,-36.18,950.8000,0.17
2025-09-02 13:15:00,952.4,952.9,951.3,951.9,221361,-0.0308,0.0304,-201.32,950.8000,0.12
2025-09-02 13:20:00,951.9,952.25,950.25,950.65,253183,-0.1415,0.0304,-565.46,950.8000,-0.02
2025-09-02 13:25:00,950.65,951.25,950,950.45,132840,-0.2171,0.0304,-814.14,950.8000,-0.04
2025-09-02 13:30:00,950.45,950.95,950,950.1,131392,-0.2758,0.0304,-1007.24,950.8000,-0.07
2025-09-02 13:35:00,950,950.85,949.15,950.15,263872,-0.2946,0.0304,-1069.08,950.8000,-0.07
2025-09-02 13:40:00,950.15,950.2,948.3,948.9,146132,-0.3698,0.0304,-1316.45,950.8000,-0.20
2025-09-02 13:45:00,948.9,949.9,948.3,949.7,96335,-0.3447,0.0304,-1233.88,950.8000,-0.12
2025-09-02 13:50:00,949.7,950,947.15,947.45,172402,-0.4518,0.0304,-1586.18,950.8000,-0.35
2025-09-02 13:55:00,947.45,947.55,946,946.45,286104,-0.5555,0.0304,-1927.30,950.8000,-0.46
2025-09-02 14:00:00,946.45,946.95,945.1,945.4,322408,-0.6535,0.0304,-2249.67,950.8000,-0.57
2025-09-02 14:05:00,945.4,945.85,944.1,944.95,447787,-0.7030,0.0304,-2412.50,950.8000,-0.62
2025-09-02 14:10:00,944.9,946.25,944.6,945.15,226022,-0.6764,0.0304,-2325.00,950.8000,-0.59
2025-09-02 14:15:00,944.85,945.9,944.7,945.05,244333,-0.6211,0.0304,-2143.09,950.8000,-0.60
2025-09-02 14:20:00,945.25,946.2,944.1,944.1,532819,-0.6036,0.0304,-2085.53,950.8000,-0.70
2025-09-02 14:25:00,944.15,945.05,944.05,944.6,471634,-0.5168,0.0304,-1800.00,950.8000,-0.65
2025-09-02 14:30:00,944.6,945.4,944.2,945,240388,-0.3962,0.0304,-1403.29,950.8000,-0.61
2025-09-02 14:35:00,945,946.5,944.55,945.1,323597,-0.2791,0.0304,-1018.09,950.8000,-0.60
2025-09-02 14:40:00,945.05,946.45,944.9,946,162884,-0.1186,0.0304,-490.13,950.8000,-0.50
2025-09-02 14:45:00,946.05,947.15,945.55,945.85,153581,-0.0061,0.0304,-120.07,950.8000,-0.52
2025-09-02 14:50:00,945.85,946.45,944.15,944.5,437135,-0.0061,0.0304,-120.07,950.8000,-0.66
2025-09-02 14:55:00,944.5,945.95,944.3,945.55,151109,0.0766,0.0304,151.97,950.8000,-0.55
2025-09-02 15:00:00,945.5,945.75,944.25,944.5,368280,0.0726,0.0304,138.82,950.8000,-0.66
2025-09-02 15:05:00,944.55,945.2,944.2,944.5,418471,0.0812,0.0304,167.11,950.8000,-0.66
2025-09-02 15:10:00,944.55,944.95,944.2,944.45,394634,0.0940,0.0304,209.21,950.8000,-0.67
2025-09-02 15:15:00,944.45,945,944.15,944.6,454551,0.1212,0.0304,298.68,950.8000,-0.65
2025-09-02 15:20:00,944.6,944.95,944,944.3,376481,0.1271,0.0304,318.09,950.8000,-0.68
2025-09-02 15:25:00,944.3,944.9,944,944.7,295237,0.1637,0.0304,438.49,950.8000,-0.64
2025-09-03 09:15:00,945,947,940.2,940.4,580854,-0.0827,0.1637,-150.52,944.7000,-0.46
2025-09-03 09:20:00,940.5,942,940.2,940.55,234259,-0.2094,0.1637,-227.92,944.7000,-0.44
2025-09-03 09:25:00,940.55,943.25,940.55,942.7,245971,-0.1263,0.1637,-177.15,944.7000,-0.21
2025-09-03 09:30:00,942.9,943.05,940.75,941.7,172869,-0.1168,0.1637,-171.35,944.7000,-0.32
2025-09-03 09:35:00,941.7,942.5,940.05,940.25,175862,-0.1824,0.1637,-211.42,944.7000,-0.47
2025-09-03 09:40:00,940.5,941.6,940,940.5,157050,-0.1827,0.1637,-211.61,944.7000,-0.44
2025-09-03 09:45:00,940.6,942.55,940.3,942.4,149766,-0.0364,0.1637,-122.24,944.7000,-0.24
2025-09-03 09:50:00,942.5,943.2,942,942.45,240209,0.0762,0.1637,-53.45,944.7000,-0.24
2025-09-03 09:55:00,942.5,942.6,942,942.15,83553,0.1393,0.1637,-14.91,944.7000,-0.27
2025-09-03 10:00:00,942,943.25,941.6,942.9,117575,0.2347,0.1637,43.37,944.7000,-0.19
2025-09-03 10:05:00,942.9,945.45,942.65,944.85,486298,0.4214,0.1637,157.42,944.7000,0.02
2025-09-03 10:10:00,945.05,945.2,944.45,945.05,121637,0.5429,0.1637,231.64,944.7000,0.04
2025-09-03 10:15:00,945.05,945.15,944.25,944.35,92965,0.5584,0.1637,241.11,944.7000,-0.04
2025-09-03 10:20:00,944.4,945,943.95,944.6,90196,0.5662,0.1637,245.88,944.7000,-0.01
2025-09-03 10:25:00,944.65,945.5,944.5,945,90220,0.5769,0.1637,252.41,944.7000,0.03
2025-09-03 10:30:00,945.05,945.05,943.1,943.45,146748,0.4631,0.1637,182.90,944.7000,-0.13
2025-09-03 10:35:00,943.3,943.6,941.7,941.95,142128,0.2794,0.1637,70.68,944.7000,-0.29
2025-09-03 10:40:00,941.95,942.05,941.1,941.55,96421,0.1311,0.1637,-19.91,944.7000,-0.33
2025-09-03 10:45:00,941.55,941.55,940.5,941.25,133937,0.0188,0.1637,-88.52,944.7000,-0.37
2025-09-03 10:50:00,941.3,941.5,940.4,941,253786,-0.0618,0.1637,-137.75,944.7000,-0.39
2025-09-03 10:55:00,941,942,940.95,941.85,118873,-0.0481,0.1637,-129.38,944.7000,-0.30
2025-09-03 11:00:00,941.7,942.45,940.65,941.45,387163,-0.0556,0.1637,-133.96,944.7000,-0.34
2025-09-03 11:05:00,941.3,942,940.25,941.45,255313,-0.0504,0.1637,-130.79,944.7000,-0.34
2025-09-03 11:10:00,941.45,941.95,941.45,941.75,89554,-0.0182,0.1637,-111.12,944.7000,-0.31
2025-09-03 11:15:00,941.75,941.95,940.55,941.9,129162,0.0197,0.1637,-87.97,944.7000,-0.30
2025-09-03 11:20:00,941.95,942.8,940.45,940.65,189933,-0.0302,0.1637,-118.45,944.7000,-0.43
2025-09-03 11:25:00,940.75,941.75,940.55,941.7,125396,0.0144,0.1637,-91.20,944.7000,-0.32
2025-09-03 11:30:00,941.7,941.95,941.05,941.45,46954,0.0327,0.1637,-80.02,944.7000,-0.34
2025-09-03 11:35:00,941.5,942.2,941.15,942.2,59971,0.0975,0.1637,-40.44,944.7000,-0.26
2025-09-03 11:40:00,942,942.6,941.9,942.4,68461,0.1526,0.1637,-6.78,944.7000,-0.24
2025-09-03 11:45:00,942.25,942.45,942.1,942.2,37876,0.1729,0.1637,5.62,944.7000,-0.26
2025-09-03 11:50:00,942.2,942.2,941.25,941.85,131718,0.1604,0.1637,-2.02,944.7000,-0.30
2025-09-03 11:55:00,941.9,942.5,941.7,942.5,42181,0.1914,0.1637,16.92,944.7000,-0.23
2025-09-03 12:00:00,942.5,943,942.45,942.65,63970,0.2157,0.1637,31.77,944.7000,-0.22
2025-09-03 12:05:00,942.7,943.15,942.2,942.6,98312,0.2213,0.1637,35.19,944.7000,-0.22
2025-09-03 12:10:00,942.65,943.6,942.5,943.5,79830,0.2750,0.1637,67.99,944.7000,-0.13
2025-09-03 12:15:00,943.5,944,943.1,943.85,60558,0.3202,0.1637,95.60,944.7000,-0.09
2025-09-03 12:20:00,943.85,944.5,943.6,944,76165,0.3444,0.1637,110.38,944.7000,-0.07
2025-09-03 12:25:00,943.95,944,943.35,943.7,77199,0.3245,0.1637,98.23,944.7000,-0.11
2025-09-03 12:30:00,943.75,944,943.5,943.95,49867,0.3125,0.1637,90.90,944.7000,-0.08
2025-09-03 12:35:00,943.9,944.5,943.65,944.45,50351,0.3212,0.1637,96.21,944.7000,-0.03
2025-09-03 12:40:00,944.4,944.45,943.45,943.8,62332,0.2684,0.1637,63.96,944.7000,-0.10
2025-09-03 12:45:00,943.55,944.35,942.6,942.8,89859,0.1568,0.1637,-4.22,944.7000,-0.20
2025-09-03 12:50:00,942.6,943.2,942.1,942.35,106925,0.0489,0.1637,-70.13,944.7000,-0.25
2025-09-03 12:55:00,942.6,942.85,941.55,942.3,139889,-0.0255,0.1637,-115.58,944.7000,-0.25
2025-09-03 13:00:00,942.3,942.9,941.95,942.5,66975,-0.0590,0.1637,-136.04,944.7000,-0.23
2025-09-03 13:05:00,942.5,943.25,942.4,942.6,82878,-0.0715,0.1637,-143.68,944.7000,-0.22
2025-09-03 13:10:00,942.75,942.9,942,942.8,93482,-0.0635,0.1637,-138.79,944.7000,-0.20
2025-09-03 13:15:00,942.8,943.35,942.65,943.3,42841,-0.0238,0.1637,-114.54,944.7000,-0.15
2025-09-03 13:20:00,943.35,944.1,943.1,943.45,114749,0.0114,0.1637,-93.04,944.7000,-0.13
2025-09-03 13:25:00,943.45,943.7,943,943.55,58135,0.0387,0.1637,-76.36,944.7000,-0.12
2025-09-03 13:30:00,943.55,944.55,943,943.65,204027,0.0596,0.1637,-63.59,944.7000,-0.11
2025-09-03 13:35:00,943.65,944,943.25,943.95,47333,0.0879,0.1637,-46.30,944.7000,-0.08
2025-09-03 13:40:00,943.95,945,943.85,944.85,140898,0.1575,0.1637,-3.79,944.7000,0.02
2025-09-03 13:45:00,944.85,945.3,944.55,945.2,264527,0.2139,0.1637,30.67,944.7000,0.05
2025-09-03 13:50:00,945.15,946.5,945,946.2,193337,0.3000,0.1637,83.26,944.7000,0.16
2025-09-03 13:55:00,946.2,946.95,946,946.55,131014,0.3581,0.1637,118.75,944.7000,0.20
2025-09-03 14:00:00,946.6,947,946,946.85,159015,0.3916,0.1637,139.22,944.7000,0.23
2025-09-03 14:05:00,946.85,949.15,946.85,949.15,265864,0.5347,0.1637,226.63,944.7000,0.47
2025-09-03 14:10:00,949.1,950.3,949,949.35,447433,0.6036,0.1637,268.72,944.7000,0.49
2025-09-03 14:15:00,949.3,949.8,948.6,949.25,184660,0.6020,0.1637,267.75,944.7000,0.48
2025-09-03 14:20:00,949.2,949.35,948.6,949,178810,0.5454,0.1637,233.17,944.7000,0.46
2025-09-03 14:25:00,949,949.8,949,949.4,222052,0.4974,0.1637,203.85,944.7000,0.50
2025-09-03 14:30:00,949.4,950.7,949.4,950.6,181714,0.5072,0.1637,209.84,944.7000,0.62
2025-09-03 14:35:00,950.65,951.1,950.1,950.6,215419,0.4751,0.1637,190.23,944.7000,0.62
2025-09-03 14:40:00,950.6,950.8,949,950.65,332819,0.4205,0.1637,156.87,944.7000,0.63
2025-09-03 14:45:00,950.7,951.65,950.55,950.85,231037,0.3633,0.1637,121.93,944.7000,0.65
2025-09-03 14:50:00,950.85,952.5,950.85,952.3,313476,0.3863,0.1637,135.98,944.7000,0.80
2025-09-03 14:55:00,952.3,953.25,951.75,953.1,280455,0.4161,0.1637,154.18,944.7000,0.89
2025-09-03 15:00:00,953.1,954.85,952.05,954.75,911132,0.5019,0.1637,206.60,944.7000,1.06
2025-09-03 15:05:00,954.75,955,953.9,954.8,780052,0.5150,0.1637,214.60,944.7000,1.07
2025-09-03 15:10:00,954.75,956.3,954.75,955.2,865249,0.5030,0.1637,207.27,944.7000,1.11
2025-09-03 15:15:00,955.2,955.3,953.7,954.55,852041,0.4078,0.1637,149.11,944.7000,1.04
2025-09-03 15:20:00,954.6,954.9,953.55,954,786669,0.2708,0.1637,65.42,944.7000,0.98
2025-09-03 15:25:00,954,955,952.5,953.95,549304,0.1462,0.1637,-10.69,944.7000,0.98
2025-09-04 09:15:00,960.2,964,956.3,957.9,897277,0.2907,0.1462,98.84,953.9500,0.41
2025-09-04 09:20:00,957.7,958.45,956.35,957.5,313154,0.3182,0.1462,117.65,953.9500,0.37
2025-09-04 09:25:00,957.55,960.85,956.95,960.4,264483,0.4806,0.1462,228.73,953.9500,0.68
2025-09-04 09:30:00,960.6,961.75,960.05,961.3,291319,0.5905,0.1462,303.90,953.9500,0.77
2025-09-04 09:35:00,961.45,961.6,960.1,960.3,183029,0.5390,0.1462,268.67,953.9500,0.67
2025-09-04 09:40:00,960.3,961.9,960.1,961.45,154328,0.5250,0.1462,259.10,953.9500,0.79
2025-09-04 09:45:00,961.3,962.5,960.95,962.25,198562,0.5118,0.1462,250.07,953.9500,0.87
2025-09-04 09:50:00,962.25,963.1,961.85,962.8,190801,0.4827,0.1462,230.16,953.9500,0.93
2025-09-04 09:55:00,962.65,962.85,961.65,961.75,101317,0.3418,0.1462,133.79,953.9500,0.82
2025-09-04 10:00:00,961.75,962.75,961.55,962.1,107856,0.2269,0.1462,55.20,953.9500,0.85
2025-09-04 10:05:00,962.1,962.8,960.5,960.5,156779,0.0093,0.1462,-93.64,953.9500,0.69
2025-09-04 10:10:00,960.65,961.3,958.7,958.7,177832,-0.2740,0.1462,-287.41,953.9500,0.50
2025-09-04 10:15:00,958.9,960,958,960,276859,-0.3852,0.1462,-363.47,953.9500,0.63
2025-09-04 10:20:00,959.7,960.45,958.8,959.9,164023,-0.4712,0.1462,-422.30,953.9500,0.62
2025-09-04 10:25:00,959.75,959.95,958,958.6,161743,-0.6123,0.1462,-518.81,953.9500,0.49
2025-09-04 10:30:00,958.6,959.35,958.2,959.35,92298,-0.6484,0.1462,-543.50,953.9500,0.57
2025-09-04 10:35:00,959.4,959.45,957.3,957.45,200805,-0.7845,0.1462,-636.59,953.9500,0.37
2025-09-04 10:40:00,957.3,959.5,956.25,959.15,330482,-0.7445,0.1462,-609.23,953.9500,0.55
2025-09-04 10:45:00,959.2,959.5,958,958.3,92602,-0.7573,0.1462,-617.99,953.9500,0.46
2025-09-04 10:50:00,958.45,960,958.25,959.9,105130,-0.6444,0.1462,-540.77,953.9500,0.62
2025-09-04 10:55:00,959.95,960,958.5,959.5,115476,-0.5848,0.1462,-500.00,953.9500,0.58
2025-09-04 11:00:00,959.7,960.75,959.55,960,100601,-0.5031,0.1462,-444.12,953.9500,0.63
2025-09-04 11:05:00,960,960.7,959.9,959.9,67211,-0.4488,0.1462,-406.98,953.9500,0.62
2025-09-04 11:10:00,960,960.35,959.55,959.55,60744,-0.4295,0.1462,-393.78,953.9500,0.59
2025-09-04 11:15:00,959.55,961,959.55,960.7,73701,-0.3365,0.1462,-330.16,953.9500,0.71
2025-09-04 11:20:00,960.7,961.45,960.35,961.2,105521,-0.2429,0.1462,-266.14,953.9500,0.76
2025-09-04 11:25:00,961.25,962.45,960.75,962.45,138156,-0.1053,0.1462,-172.02,953.9500,0.89
2025-09-04 11:30:00,962.45,962.7,961,962.55,205530,-0.0206,0.1462,-114.09,953.9500,0.90
2025-09-04 11:35:00,962.45,963.55,961.8,962.15,317513,-0.0053,0.1462,-103.63,953.9500,0.86
2025-09-04 11:40:00,962.6,964.15,962.15,962.85,354217,0.0358,0.1462,-75.51,953.9500,0.93
2025-09-04 11:45:00,962.9,963.4,960.85,961.95,254090,-0.0111,0.1462,-107.59,953.9500,0.84
2025-09-04 11:50:00,961.95,962.6,960.35,961.7,451325,-0.0693,0.1462,-147.40,953.9500,0.81
2025-09-04 11:55:00,961.65,962,960.95,961.7,191103,-0.1154,0.1462,-178.93,953.9500,0.81
2025-09-04 12:00:00,961.7,962.95,960.75,962.95,259190,-0.0714,0.1462,-148.84,953.9500,0.94
2025-09-04 12:05:00,962.95,963.45,962.1,962.3,211253,-0.0944,0.1462,-164.57,953.9500,0.88
2025-09-04 12:10:00,962.3,962.45,960.8,962.1,378150,-0.1293,0.1462,-188.44,953.9500,0.85
2025-09-04 12:15:00,962.1,962.65,960.45,961.2,244078,-0.2141,0.1462,-246.44,953.9500,0.76
2025-09-04 12:20:00,961.2,961.8,961,961.4,119672,-0.2551,0.1462,-274.49,953.9500,0.78
2025-09-04 12:25:00,961.4,962.6,961.3,962.4,134567,-0.2148,0.1462,-246.92,953.9500,0.89
2025-09-04 12:30:00,962.5,963.8,962,963.4,164211,-0.1253,0.1462,-185.70,953.9500,0.99
2025-09-04 12:35:00,963.5,964.45,962.8,963.4,314877,-0.0731,0.1462,-150.00,953.9500,0.99
2025-09-04 12:40:00,963.4,964.9,962.5,964.9,177374,0.0489,0.1462,-66.55,953.9500,1.15
2025-09-04 12:45:00,964.9,965.7,964.05,964.6,256567,0.0933,0.1462,-36.18,953.9500,1.12
2025-09-04 12:50:00,964.5,964.5,963.45,963.8,126755,0.0545,0.1462,-62.72,953.9500,1.03
2025-09-04 12:55:00,963.8,964.2,963.05,964.2,115478,0.0421,0.1462,-71.20,953.9500,1.07
2025-09-04 13:00:00,964.2,964.9,963.3,964.3,217582,0.0277,0.1462,-81.05,953.9500,1.08
2025-09-04 13:05:00,964.3,964.35,963.25,963.6,80855,-0.0384,0.1462,-126.27,953.9500,1.01
2025-09-04 13:10:00,963.75,964.3,962.5,963.05,217223,-0.1237,0.1462,-184.61,953.9500,0.95
2025-09-04 13:15:00,963.05,963.95,962.65,963.35,184656,-0.1621,0.1462,-210.88,953.9500,0.99
2025-09-04 13:20:00,963.3,964.35,963.05,963.85,114798,-0.1559,0.1462,-206.63,953.9500,1.04
2025-09-04 13:25:00,963.85,963.95,963.15,963.6,92810,-0.1697,0.1462,-216.07,953.9500,1.01
2025-09-04 13:30:00,963.65,964.55,963.4,964.15,185618,-0.1437,0.1462,-198.29,953.9500,1.07
2025-09-04 13:35:00,964.05,964.6,963.2,963.75,270639,-0.1545,0.1462,-205.68,953.9500,1.03
2025-09-04 13:40:00,963.75,964.05,962.4,963.05,100031,-0.2066,0.1462,-241.31,953.9500,0.95
2025-09-04 13:45:00,963,963,961.9,961.95,93772,-0.3069,0.1462,-309.92,953.9500,0.84
2025-09-04 13:50:00,961.95,963.4,960.9,962.65,277629,-0.3166,0.1462,-316.55,953.9500,0.91
2025-09-04 13:55:00,962.65,963.3,959.85,962.4,501337,-0.3289,0.1462,-324.97,953.9500,0.89
2025-09-04 14:00:00,962.4,964.15,962.15,963.7,246924,-0.2425,0.1462,-265.87,953.9500,1.02
2025-09-04 14:05:00,963.7,963.7,962.75,962.95,95867,-0.2290,0.1462,-256.63,953.9500,0.94
2025-09-04 14:10:00,963,963.35,962.15,962.6,114924,-0.2360,0.1462,-261.42,953.9500,0.91
2025-09-04 14:15:00,962.45,962.85,960.55,961.4,214833,-0.3090,0.1462,-311.35,953.9500,0.78
2025-09-04 14:20:00,961.4,961.9,958.1,958.45,329572,-0.5307,0.1462,-463.00,953.9500,0.47
2025-09-04 14:25:00,958.4,960.2,958.05,959.85,90632,-0.5550,0.1462,-479.62,953.9500,0.62
2025-09-04 14:30:00,959.85,961.65,959.55,961,340677,-0.4691,0.1462,-420.86,953.9500,0.74
2025-09-04 14:35:00,960.75,961.5,959.65,959.8,89330,-0.4675,0.1462,-419.77,953.9500,0.61
2025-09-04 14:40:00,959.8,962.8,959.4,962.2,430100,-0.2880,0.1462,-296.99,953.9500,0.86
2025-09-04 14:45:00,962.15,962.55,960.8,961.3,172949,-0.2163,0.1462,-247.95,953.9500,0.77
2025-09-04 14:50:00,961.4,962.3,960,961.05,394132,-0.1741,0.1462,-219.08,953.9500,0.74
2025-09-04 14:55:00,961.05,962.75,959.85,960.4,499146,-0.1776,0.1462,-221.48,953.9500,0.68
2025-09-04 15:00:00,960.4,962.2,960.4,961.25,358945,-0.1134,0.1462,-177.56,953.9500,0.77
2025-09-04 15:05:00,961.25,961.7,960.8,961.35,387512,-0.0579,0.1462,-139.60,953.9500,0.78
2025-09-04 15:10:00,961.35,961.75,960.15,960.4,489123,-0.0775,0.1462,-153.01,953.9500,0.68
2025-09-04 15:15:00,960.4,961.3,960.4,961.1,402293,-0.0377,0.1462,-125.79,953.9500,0.75
2025-09-04 15:20:00,961.1,962.35,961.05,961.9,424587,0.0437,0.1462,-70.11,953.9500,0.83
2025-09-04 15:25:00,961.7,961.9,960,960.95,284720,0.0351,0.1462,-75.99,953.9500,0.73
2025-09-05 09:15:00,967.5,967.5,962.8,965.5,652279,0.3215,0.0351,815.95,960.9500,0.47
2025-09-05 09:20:00,965.5,965.6,961.25,961.75,195614,0.2473,0.0351,604.56,960.9500,0.08
2025-09-05 09:25:00,961.95,961.95,958.9,959.4,138676,0.0399,0.0351,13.68,960.9500,-0.16
2025-09-05 09:30:00,959.5,961,959.4,960.85,89989,0.0021,0.0351,-94.02,960.9500,-0.01
2025-09-05 09:35:00,960.95,961,959.45,960.3,80094,-0.0549,0.0351,-256.41,960.9500,-0.07
2025-09-05 09:40:00,960.3,960.3,959.35,959.9,76792,-0.1113,0.0351,-417.09,960.9500,-0.11
2025-09-05 09:45:00,959.9,960.2,958.5,959.35,102760,-0.1737,0.0351,-594.87,960.9500,-0.17
2025-09-05 09:50:00,959,959.9,958.8,959.7,55398,-0.1787,0.0351,-609.12,960.9500,-0.13
2025-09-05 09:55:00,959.7,959.95,957.9,958.25,72495,-0.2620,0.0351,-846.44,960.9500,-0.28
2025-09-05 10:00:00,958.3,958.45,956.5,957.25,138879,-0.3607,0.0351,-1127.64,960.9500,-0.39
2025-09-05 10:05:00,957.3,957.95,957.1,957.65,51790,-0.3736,0.0351,-1164.39,960.9500,-0.34
2025-09-05 10:10:00,957.65,957.7,956.5,956.55,65290,-0.4270,0.0351,-1316.52,960.9500,-0.46
2025-09-05 10:15:00,956.6,956.65,955.1,955.45,73616,-0.5021,0.0351,-1530.48,960.9500,-0.57
2025-09-05 10:20:00,955.45,955.6,954.05,954.4,134817,-0.5823,0.0351,-1758.97,960.9500,-0.68
2025-09-05 10:25:00,954.45,957.4,954.4,956.45,106338,-0.4626,0.0351,-1417.95,960.9500,-0.47
2025-09-05 10:30:00,956.45,956.6,954.85,955.25,98139,-0.4300,0.0351,-1325.07,960.9500,-0.59
2025-09-05 10:35:00,955.15,956.5,954.75,955.7,64289,-0.3476,0.0351,-1090.31,960.9500,-0.55
2025-09-05 10:40:00,955.6,956.55,955.25,956.15,86362,-0.2374,0.0351,-776.35,960.9500,-0.50
2025-09-05 10:45:00,956.15,956.2,955.25,955.95,60823,-0.1565,0.0351,-545.87,960.9500,-0.52
2025-09-05 10:50:00,956.05,956.05,954.75,955.15,55360,-0.1362,0.0351,-488.03,960.9500,-0.60
2025-09-05 10:55:00,955.05,956.85,954.65,955.6,274789,-0.0749,0.0351,-313.39,960.9500,-0.56
2025-09-05 11:00:00,955.8,956.15,955.05,956.1,35631,0.0124,0.0351,-64.67,960.9500,-0.50
2025-09-05 11:05:00,956.1,957,956,956.8,71379,0.1240,0.0351,253.28,960.9500,-0.43
2025-09-05 11:10:00,956.75,957.35,956.55,957.1,40335,0.2193,0.0351,524.79,960.9500,-0.40
2025-09-05 11:15:00,957.05,957.5,956.85,957.15,142521,0.2828,0.0351,705.70,960.9500,-0.40
2025-09-05 11:20:00,957.15,957.7,957.05,957.3,69397,0.3289,0.0351,837.04,960.9500,-0.38
2025-09-05 11:25:00,957.35,958.95,957.25,958.8,100951,0.4470,0.0351,1173.50,960.9500,-0.22
2025-09-05 11:30:00,958.8,959.4,957.95,958.25,189794,0.4723,0.0351,1245.58,960.9500,-0.28
2025-09-05 11:35:00,958.25,959,957.7,958.95,65047,0.5166,0.0351,1371.79,960.9500,-0.21
2025-09-05 11:40:00,958.95,959.25,958.3,958.8,130728,0.5153,0.0351,1368.09,960.9500,-0.22
2025-09-05 11:45:00,958.75,959.2,958.5,958.7,59113,0.4873,0.0351,1288.32,960.9500,-0.23
2025-09-05 11:50:00,958.85,959.3,958.5,958.55,134672,0.4399,0.0351,1153.28,960.9500,-0.25
2025-09-05 11:55:00,958.5,958.6,957.95,958.25,69386,0.3721,0.0351,960.11,960.9500,-0.28
2025-09-05 12:00:00,958.25,958.45,957.95,958.25,45927,0.3135,0.0351,793.16,960.9500,-0.28
2025-09-05 12:05:00,958.4,958.45,958.1,958.25,33617,0.2629,0.0351,649.00,960.9500,-0.28
2025-09-05 12:10:00,958.25,958.5,958.1,958.15,64922,0.2131,0.0351,507.12,960.9500,-0.29
2025-09-05 12:15:00,958.15,958.4,957.8,957.9,57710,0.1563,0.0351,345.30,960.9500,-0.32
2025-09-05 12:20:00,958,958.7,957.85,958.45,48440,0.1488,0.0351,323.93,960.9500,-0.26
2025-09-05 12:25:00,958.5,958.5,958.15,958.4,37221,0.1339,0.0351,281.48,960.9500,-0.27
2025-09-05 12:30:00,958.4,958.7,957.6,958,167576,0.0926,0.0351,163.82,960.9500,-0.31
2025-09-05 12:35:00,957.95,958,957.5,957.8,188241,0.0494,0.0351,40.74,960.9500,-0.33
2025-09-05 12:40:00,957.95,958.35,957.8,958.2,81824,0.0455,0.0351,29.63,960.9500,-0.29
2025-09-05 12:45:00,958.2,958.2,957,957.05,160430,-0.0326,0.0351,-192.88,960.9500,-0.41
2025-09-05 12:50:00,957.05,957.5,956.65,956.95,164943,-0.0861,0.0351,-345.30,960.9500,-0.42
2025-09-05 12:55:00,957,957.6,956.75,957.05,121146,-0.1083,0.0351,-408.55,960.9500,-0.41
2025-09-05 13:00:00,957.1,958.05,957,957.25,75863,-0.1031,0.0351,-393.73,960.9500,-0.39
2025-09-05 13:05:00,957.25,957.55,956.9,956.9,597442,-0.1160,0.0351,-430.48,960.9500,-0.42
2025-09-05 13:10:00,956.95,957.75,956.8,957.35,92040,-0.0881,0.0351,-351.00,960.9500,-0.37
2025-09-05 13:15:00,957.45,958.85,957.25,957.7,130552,-0.0423,0.0351,-220.51,960.9500,-0.34
2025-09-05 13:20:00,957.7,957.8,957.1,957.8,80483,-0.0036,0.0351,-110.26,960.9500,-0.33
2025-09-05 13:25:00,957.8,959.1,957.45,958.15,179940,0.0446,0.0351,27.07,960.9500,-0.29
2025-09-05 13:30:00,958.15,959.1,958.15,959,157618,0.1281,0.0351,264.96,960.9500,-0.20
2025-09-05 13:35:00,959,960,958.85,959.95,158031,0.2353,0.0351,570.37,960.9500,-0.10
2025-09-05 13:40:00,959.95,960.3,959.55,960,159760,0.2939,0.0351,737.32,960.9500,-0.10
2025-09-05 13:45:00,960,962.8,960,962.15,359092,0.4523,0.0351,1188.60,960.9500,0.12
2025-09-05 13:50:00,962.1,962.1,961.25,962,141752,0.5171,0.0351,1373.22,960.9500,0.11
2025-09-05 13:55:00,961.95,963.75,960.5,963.55,352632,0.6271,0.0351,1686.61,960.9500,0.27
2025-09-05 14:00:00,963.55,964.35,962.95,963.2,126650,0.6371,0.0351,1715.10,960.9500,0.23
2025-09-05 14:05:00,963.2,963.2,962.05,962.55,210170,0.5632,0.0351,1504.56,960.9500,0.17
2025-09-05 14:10:00,962.55,963,962.2,962.25,223072,0.4617,0.0351,1215.38,960.9500,0.14
2025-09-05 14:15:00,962.45,963.3,962.1,963.15,286193,0.4237,0.0351,1107.12,960.9500,0.23
2025-09-05 14:20:00,963.15,963.95,963.05,963.75,116532,0.4074,0.0351,1060.68,960.9500,0.29
2025-09-05 14:25:00,963.75,964.7,963.4,964.2,194554,0.3951,0.0351,1025.64,960.9500,0.34
2025-09-05 14:30:00,964.15,965,964.1,964.2,177051,0.3562,0.0351,914.81,960.9500,0.34
2025-09-05 14:35:00,964.2,964.5,962.9,963.15,204687,0.2350,0.0351,569.52,960.9500,0.23
2025-09-05 14:40:00,963.15,963.7,962.5,962.55,193235,0.0967,0.0351,175.50,960.9500,0.17
2025-09-05 14:45:00,962.55,963,962.5,962.8,72537,0.0089,0.0351,-74.64,960.9500,0.19
2025-09-05 14:50:00,962.85,963.75,962.7,963.5,85397,-0.0138,0.0351,-139.32,960.9500,0.27
2025-09-05 14:55:00,963.6,965,963.5,964.75,142105,0.0404,0.0351,15.10,960.9500,0.40
2025-09-05 15:00:00,964.65,964.75,962.9,963.05,362170,-0.0482,0.0351,-237.32,960.9500,0.22
2025-09-05 15:05:00,963.15,964.3,963.1,964.15,271998,-0.0429,0.0351,-222.22,960.9500,0.33
2025-09-05 15:10:00,964.25,964.3,963,963.15,303509,-0.1130,0.0351,-421.94,960.9500,0.23
2025-09-05 15:15:00,963.2,963.55,962.45,962.5,247476,-0.2041,0.0351,-681.48,960.9500,0.16
2025-09-05 15:20:00,962.55,963.55,961.4,963.2,269221,-0.2169,0.0351,-717.95,960.9500,0.23
2025-09-05 15:25:00,963.2,964.35,962,962.6,203966,-0.2625,0.0351,-847.86,960.9500,0.17
2025-09-08 09:15:00,969,969,961.05,965.55,479932,-0.0990,-0.2625,-62.29,962.6000,0.31
2025-09-08 09:20:00,965.55,966.95,963.1,963.65,315830,-0.1224,-0.2625,-53.37,962.6000,0.11
2025-09-08 09:25:00,963.75,965,963.25,964,157163,-0.1178,-0.2625,-55.12,962.6000,0.15
2025-09-08 09:30:00,964.05,965.5,963.55,964.8,110465,-0.0670,-0.2625,-74.48,962.6000,0.23
2025-09-08 09:35:00,965,967,964.65,966.85,195304,0.0902,-0.2625,-134.36,962.6000,0.44
2025-09-08 09:40:00,966.45,967.45,965.9,966.3,178511,0.1395,-0.2625,-153.14,962.6000,0.38
2025-09-08 09:45:00,966.3,966.8,964.9,965,69827,0.0706,-0.2625,-126.90,962.6000,0.25
2025-09-08 09:50:00,965.2,965.25,962.3,962.3,86173,-0.1584,-0.2625,-39.66,962.6000,-0.03
2025-09-08 09:55:00,962.3,963.65,962.05,963.25,97329,-0.2424,-0.2625,-7.66,962.6000,0.07
2025-09-08 10:00:00,963.35,964.95,963.1,964.8,76101,-0.1923,-0.2625,-26.74,962.6000,0.23
2025-09-08 10:05:00,964.75,965.15,964.1,964.6,93774,-0.1720,-0.2625,-34.48,962.6000,0.21
2025-09-08 10:10:00,964.6,965.2,963,963,81646,-0.2604,-0.2625,-0.80,962.6000,0.04
2025-09-08 10:15:00,963,964.5,962.45,964,102197,-0.2457,-0.2625,-6.40,962.6000,0.15
2025-09-08 10:20:00,964,964.85,963.4,963.9,119117,-0.2369,-0.2625,-9.75,962.6000,0.14
2025-09-08 10:25:00,963.9,964.95,962.5,962.55,86867,-0.3115,-0.2625,18.67,962.6000,-0.01
2025-09-08 10:30:00,962.55,962.8,961.1,961.9,128809,-0.3890,-0.2625,48.19,962.6000,-0.07
2025-09-08 10:35:00,961.7,962.5,960.45,962.35,159511,-0.3932,-0.2625,49.79,962.6000,-0.03
2025-09-08 10:40:00,962.35,963.4,961.9,962.95,95778,-0.3408,-0.2625,29.83,962.6000,0.04
2025-09-08 10:45:00,962.95,963.95,962.75,963.95,77148,-0.2293,-0.2625,-12.65,962.6000,0.14
2025-09-08 10:50:00,963.95,963.95,962.65,962.75,80965,-0.2265,-0.2625,-13.71,962.6000,0.02
2025-09-08 10:55:00,962.75,964.35,962.6,964.35,59437,-0.1128,-0.2625,-57.03,962.6000,0.18
2025-09-08 11:00:00,964.35,964.45,963.4,963.7,57168,-0.0789,-0.2625,-69.94,962.6000,0.11
2025-09-08 11:05:00,963.7,965,963.3,964.95,51787,0.0247,-0.2625,-109.41,962.6000,0.24
2025-09-08 11:10:00,964.95,966.25,964.7,966.1,104423,0.1601,-0.2625,-160.99,962.6000,0.36
2025-09-08 11:15:00,966.1,968.5,966,968.4,212325,0.3813,-0.2625,-245.26,962.6000,0.60
2025-09-08 11:20:00,968.4,968.8,966.5,966.75,309726,0.3918,-0.2625,-249.26,962.6000,0.43
2025-09-08 11:25:00,966.75,968.85,966.6,968.7,193189,0.4985,-0.2625,-289.90,962.6000,0.63
2025-09-08 11:30:00,968.7,969.9,968,969.8,244514,0.6046,-0.2625,-330.32,962.6000,0.75
2025-09-08 11:35:00,969.8,970.9,969.6,970.45,185579,0.6745,-0.2625,-356.95,962.6000,0.82
2025-09-08 11:40:00,970.45,970.9,970,970.45,113478,0.6752,-0.2625,-357.22,962.6000,0.82
2025-09-08 11:45:00,970.45,970.8,969.95,970.2,106632,0.6149,-0.2625,-334.25,962.6000,0.79
2025-09-08 11:50:00,970.2,970.2,969.05,969.55,187913,0.4927,-0.2625,-287.70,962.6000,0.72
2025-09-08 11:55:00,969.5,969.85,968.3,969.45,97528,0.3719,-0.2625,-241.68,962.6000,0.71
2025-09-08 12:00:00,969.45,970.4,968.85,969.85,107446,0.2896,-0.2625,-210.32,962.6000,0.75
2025-09-08 12:05:00,969.85,970.3,969.55,969.7,78671,0.1998,-0.2625,-176.11,962.6000,0.74
2025-09-08 12:10:00,969.8,970,968.85,969.95,91629,0.1351,-0.2625,-151.47,962.6000,0.76
2025-09-08 12:15:00,970,970.6,969.5,970.2,76659,0.0893,-0.2625,-134.02,962.6000,0.79
2025-09-08 12:20:00,970.2,970.35,969.5,969.6,66373,0.0033,-0.2625,-101.26,962.6000,0.73
2025-09-08 12:25:00,969.75,969.8,968.7,969.3,76778,-0.0843,-0.2625,-67.89,962.6000,0.70
2025-09-08 12:30:00,969.3,969.5,968.5,969.35,75553,-0.1458,-0.2625,-44.46,962.6000,0.70
2025-09-08 12:35:00,969.35,970,969.05,969.7,85963,-0.1682,-0.2625,-35.92,962.6000,0.74
2025-09-08 12:40:00,969.7,970.55,969.45,970.3,115144,-0.1486,-0.2625,-43.39,962.6000,0.80
2025-09-08 12:45:00,970.35,970.7,969.55,970.05,129446,-0.1576,-0.2625,-39.96,962.6000,0.77
2025-09-08 12:50:00,970.05,970.5,969.75,970.45,91718,-0.1422,-0.2625,-45.83,962.6000,0.82
2025-09-08 12:55:00,970.5,970.9,970.05,970.8,100149,-0.1152,-0.2625,-56.11,962.6000,0.85
2025-09-08 13:00:00,970.85,971,969.9,970.95,118851,-0.0948,-0.2625,-63.89,962.6000,0.87
2025-09-08 13:05:00,970.95,971.8,970.7,971.5,92072,-0.0540,-0.2625,-79.43,962.6000,0.92
2025-09-08 13:10:00,971.55,971.7,970.55,971.2,78971,-0.0565,-0.2625,-78.48,962.6000,0.89
2025-09-08 13:15:00,971.25,971.45,970.1,970.8,91596,-0.0924,-0.2625,-64.80,962.6000,0.85
2025-09-08 13:20:00,970.8,971.05,969.75,970.2,95967,-0.1598,-0.2625,-39.12,962.6000,0.79
2025-09-08 13:25:00,970.15,970.65,969.65,970.65,98269,-0.1761,-0.2625,-32.91,962.6000,0.84
2025-09-08 13:30:00,970.65,970.65,969.7,970.6,120042,-0.1910,-0.2625,-27.24,962.6000,0.83
2025-09-08 13:35:00,970.6,970.8,969.95,970.5,80599,-0.2070,-0.2625,-21.14,962.6000,0.82
2025-09-08 13:40:00,970.6,970.95,970.1,970.6,82761,-0.2096,-0.2625,-20.15,962.6000,0.83
2025-09-08 13:45:00,970.6,970.8,969.4,970,127096,-0.2479,-0.2625,-5.56,962.6000,0.77
2025-09-08 13:50:00,970,970.5,969.5,969.8,104335,-0.2805,-0.2625,6.86,962.6000,0.75
2025-09-08 13:55:00,969.85,970.45,969.55,970.2,92983,-0.2688,-0.2625,2.40,962.6000,0.79
2025-09-08 14:00:00,970.2,970.5,970.05,970.2,93326,-0.2549,-0.2625,-2.90,962.6000,0.79
2025-09-08 14:05:00,970.2,970.25,967.95,968.95,330275,-0.3196,-0.2625,21.75,962.6000,0.66
2025-09-08 14:10:00,969,969.65,968.9,969.6,287014,-0.3081,-0.2625,17.37,962.6000,0.73
2025-09-08 14:15:00,969.6,970.6,968.95,970.6,168823,-0.2264,-0.2625,-13.75,962.6000,0.83
2025-09-08 14:20:00,970.6,970.95,969.4,970.25,161208,-0.1907,-0.2625,-27.35,962.6000,0.79
2025-09-08 14:25:00,970.25,970.45,969.6,969.95,115607,-0.1820,-0.2625,-30.67,962.6000,0.76
2025-09-08 14:30:00,970,971.8,969.95,971.7,230338,-0.0595,-0.2625,-77.33,962.6000,0.95
2025-09-08 14:35:00,971.7,972.55,971.35,972.3,125186,0.0546,-0.2625,-120.80,962.6000,1.01
2025-09-08 14:40:00,972.5,973.15,972.05,973.1,103272,0.1702,-0.2625,-164.84,962.6000,1.09
2025-09-08 14:45:00,973.05,973.1,965.1,966.1,582975,-0.2175,-0.2625,-17.14,962.6000,0.36
2025-09-08 14:50:00,966.1,969.4,965.65,968.95,182104,-0.2712,-0.2625,3.31,962.6000,0.66
2025-09-08 14:55:00,969,969.4,968.1,969.1,111805,-0.2846,-0.2625,8.42,962.6000,0.68
2025-09-08 15:00:00,969.1,969.15,965.4,966.1,355902,-0.4722,-0.2625,79.89,962.6000,0.36
2025-09-08 15:05:00,966.15,966.15,965.2,965.35,258996,-0.6146,-0.2625,134.13,962.6000,0.29
2025-09-08 15:10:00,965.3,966.7,965,966.25,348702,-0.6145,-0.2625,134.10,962.6000,0.38
2025-09-08 15:15:00,966.25,966.3,965.5,965.55,306033,-0.6258,-0.2625,138.40,962.6000,0.31
2025-09-08 15:20:00,965.55,967.35,965.25,966.95,355118,-0.5082,-0.2625,93.60,962.6000,0.45
2025-09-08 15:25:00,967.15,968.45,965.4,967.35,234808,-0.3786,-0.2625,44.23,962.6000,0.49
2025-09-09 09:15:00,974,974.4,969.15,973.55,878726,0.1227,-0.3786,-132.41,967.3500,0.64
2025-09-09 09:20:00,973.55,973.8,971.05,971.65,420544,0.3135,-0.3786,-182.81,967.3500,0.44
2025-09-09 09:25:00,971.85,972.75,971.4,971.75,218508,0.4266,-0.3786,-212.68,967.3500,0.45
2025-09-09 09:30:00,971.75,972.6,970.1,970.4,205664,0.3915,-0.3786,-203.41,967.3500,0.32
2025-09-09 09:35:00,970.5,971.15,970.4,970.85,144690,0.3795,-0.3786,-200.24,967.3500,0.36
2025-09-09 09:40:00,970.9,971,969.7,970.55,149870,0.3337,-0.3786,-188.14,967.3500,0.33
2025-09-09 09:45:00,970.55,970.65,970,970.1,108966,0.2589,-0.3786,-168.38,967.3500,0.28
2025-09-09 09:50:00,970.05,970.4,969.55,970.35,82498,0.2139,-0.3786,-156.50,967.3500,0.31
2025-09-09 09:55:00,970.4,970.5,969.5,969.85,90267,0.1415,-0.3786,-137.37,967.3500,0.26
2025-09-09 10:00:00,969.8,970.35,969,970.15,79596,0.1066,-0.3786,-128.16,967.3500,0.29
2025-09-09 10:05:00,970.3,971,970,970.15,122681,0.0775,-0.3786,-120.47,967.3500,0.29
2025-09-09 10:10:00,970.15,970.35,969.5,969.65,68307,0.0216,-0.3786,-105.71,967.3500,0.24
2025-09-09 10:15:00,969.9,970.4,969.65,970.35,113001,0.0283,-0.3786,-107.47,967.3500,0.31
2025-09-09 10:20:00,970.3,970.9,969.6,969.7,115390,-0.0124,-0.3786,-96.72,967.3500,0.24
2025-09-09 10:25:00,969.7,969.95,969.2,969.5,51141,-0.0518,-0.3786,-86.32,967.3500,0.22
2025-09-09 10:30:00,969.5,969.65,968.7,969.25,114478,-0.0914,-0.3786,-75.86,967.3500,0.20
2025-09-09 10:35:00,969.5,969.55,968.6,968.6,98601,-0.1545,-0.3786,-59.19,967.3500,0.13
2025-09-09 10:40:00,968.6,969.1,968.3,968.85,98248,-0.1711,-0.3786,-54.81,967.3500,0.16
2025-09-09 10:45:00,968.8,968.9,967.7,967.7,90663,-0.2467,-0.3786,-34.84,967.3500,0.04
2025-09-09 10:50:00,968,968,967.05,967.25,73977,-0.3101,-0.3786,-18.09,967.3500,-0.01
2025-09-09 10:55:00,967.25,968.4,967.2,968.25,56251,-0.2692,-0.3786,-28.90,967.3500,0.09
2025-09-09 11:00:00,968.2,968.8,967.6,967.75,84681,-0.2603,-0.3786,-31.25,967.3500,0.04
2025-09-09 11:05:00,967.7,968.3,967.7,968.25,95950,-0.2074,-0.3786,-45.22,967.3500,0.09
2025-09-09 11:10:00,968.25,968.6,966.8,968,221667,-0.1772,-0.3786,-53.20,967.3500,0.07
2025-09-09 11:15:00,967.9,968,966.45,966.5,74846,-0.2421,-0.3786,-36.05,967.3500,-0.09
2025-09-09 11:20:00,966.5,967.55,966.5,967.35,81333,-0.2127,-0.3786,-43.82,967.3500,0.00
2025-09-09 11:25:00,967.1,967.4,966.25,966.85,73938,-0.2114,-0.3786,-44.16,967.3500,-0.05
2025-09-09 11:30:00,966.85,967.3,966.25,967.2,67087,-0.1730,-0.3786,-54.31,967.3500,-0.02
2025-09-09 11:35:00,967.15,968.6,967.1,967.65,377616,-0.1067,-0.3786,-71.82,967.3500,0.03
2025-09-09 11:40:00,967.6,967.65,967.1,967.5,73477,-0.0644,-0.3786,-82.99,967.3500,0.02
2025-09-09 11:45:00,967.45,967.5,966.65,966.95,81598,-0.0647,-0.3786,-82.91,967.3500,-0.04
2025-09-09 11:50:00,966.9,967.45,966.4,966.5,96295,-0.0852,-0.3786,-77.50,967.3500,-0.09
2025-09-09 11:55:00,966.55,966.95,966.15,966.85,101088,-0.0660,-0.3786,-82.57,967.3500,-0.05
2025-09-09 12:00:00,966.85,967,966.4,966.7,87185,-0.0546,-0.3786,-85.58,967.3500,-0.07
2025-09-09 12:05:00,966.95,967.3,965.65,966.05,247316,-0.0807,-0.3786,-78.68,967.3500,-0.13
2025-09-09 12:10:00,966.05,967.65,966.05,967.3,95864,-0.0073,-0.3786,-98.07,967.3500,-0.01
2025-09-09 12:15:00,967.3,968.7,967.2,968.7,108714,0.1341,-0.3786,-135.42,967.3500,0.14
2025-09-09 12:20:00,968.65,969.7,968.2,968.4,255853,0.2020,-0.3786,-153.35,967.3500,0.11
2025-09-09 12:25:00,968.3,968.85,967.25,967.4,219926,0.1751,-0.3786,-146.25,967.3500,0.01
2025-09-09 12:30:00,967.4,968.5,967,968.5,132291,0.2238,-0.3786,-159.11,967.3500,0.12
2025-09-09 12:35:00,968.5,968.85,967.35,968,193744,0.2147,-0.3786,-156.71,967.3500,0.07
2025-09-09 12:40:00,968,968.55,967.85,968.3,88208,0.2204,-0.3786,-158.21,967.3500,0.10
2025-09-09 12:45:00,968.25,969.15,968.2,968.25,143581,0.2123,-0.3786,-156.08,967.3500,0.09
2025-09-09 12:50:00,968.25,968.55,967.35,967.65,97677,0.1604,-0.3786,-142.37,967.3500,0.03
2025-09-09 12:55:00,967.65,967.65,966.3,967.5,78012,0.1120,-0.3786,-129.58,967.3500,0.02
2025-09-09 13:00:00,967.4,967.95,967,967.95,79152,0.1065,-0.3786,-128.13,967.3500,0.06
2025-09-09 13:05:00,967.9,968.15,967.3,967.7,58447,0.0832,-0.3786,-121.98,967.3500,0.04
2025-09-09 13:10:00,967.7,968.4,967.15,967.95,171127,0.0817,-0.3786,-121.58,967.3500,0.06
2025-09-09 13:15:00,967.9,968.55,967.35,968.4,76201,0.1065,-0.3786,-128.13,967.3500,0.11
2025-09-09 13:20:00,968.3,968.6,968,968.25,56942,0.1080,-0.3786,-128.53,967.3500,0.09
2025-09-09 13:25:00,968.2,968.65,968,968.05,48964,0.0913,-0.3786,-124.12,967.3500,0.07
2025-09-09 13:30:00,968.05,968.5,968,968.2,57004,0.0863,-0.3786,-122.79,967.3500,0.09
2025-09-09 13:35:00,968.2,969,968.05,968.45,100583,0.0950,-0.3786,-125.09,967.3500,0.11
2025-09-09 13:40:00,968.45,968.85,967.75,968.45,128151,0.0956,-0.3786,-125.25,967.3500,0.11
2025-09-09 13:45:00,968.45,968.55,967.9,968.15,49559,0.0719,-0.3786,-118.99,967.3500,0.08
2025-09-09 13:50:00,968.1,968.35,967.15,967.45,55776,0.0084,-0.3786,-102.22,967.3500,0.01
2025-09-09 13:55:00,967.4,967.55,966.9,967,64968,-0.0607,-0.3786,-83.97,967.3500,-0.04
2025-09-09 14:00:00,966.95,967.4,966.35,967.2,98853,-0.0882,-0.3786,-76.70,967.3500,-0.02
2025-09-09 14:05:00,967.2,967.6,966.8,966.95,128242,-0.1166,-0.3786,-69.20,967.3500,-0.04
2025-09-09 14:10:00,966.95,967.45,966.25,967.3,99613,-0.1055,-0.3786,-72.13,967.3500,-0.01
2025-09-09 14:15:00,967.25,967.5,966.55,966.85,64269,-0.1211,-0.3786,-68.01,967.3500,-0.05
2025-09-09 14:20:00,966.75,967.1,965.25,965.75,77490,-0.1938,-0.3786,-48.81,967.3500,-0.17
2025-09-09 14:25:00,965.7,967.55,965.45,966.8,260365,-0.1608,-0.3786,-57.53,967.3500,-0.06
2025-09-09 14:30:00,966.8,967.65,966.25,966.6,157319,-0.1428,-0.3786,-62.28,967.3500,-0.08
2025-09-09 14:35:00,966.5,966.55,963.6,965.3,335256,-0.2048,-0.3786,-45.91,967.3500,-0.21
2025-09-09 14:40:00,965.3,966.15,964.5,964.65,216552,-0.2720,-0.3786,-28.16,967.3500,-0.28
2025-09-09 14:45:00,964.5,965.9,964.1,965.75,167766,-0.2264,-0.3786,-40.20,967.3500,-0.17
2025-09-09 14:50:00,965.75,965.95,964.75,965.65,219943,-0.1888,-0.3786,-50.13,967.3500,-0.18
2025-09-09 14:55:00,965.6,966.45,965.15,965.9,242799,-0.1352,-0.3786,-64.29,967.3500,-0.15
2025-09-09 15:00:00,965.8,966.3,965.1,965.15,663484,-0.1380,-0.3786,-63.55,967.3500,-0.23
2025-09-09 15:05:00,965.1,965.3,964,964.55,645315,-0.1661,-0.3786,-56.13,967.3500,-0.29
2025-09-09 15:10:00,964.55,965.6,964.45,965.5,746158,-0.1092,-0.3786,-71.16,967.3500,-0.19
2025-09-09 15:15:00,965.35,965.55,964.8,965.1,595844,-0.0881,-0.3786,-76.73,967.3500,-0.23
2025-09-09 15:20:00,965.1,965.9,964.75,965.1,629058,-0.0647,-0.3786,-82.91,967.3500,-0.23
2025-09-09 15:25:00,965,966.45,962.7,966.45,571634,0.0453,-0.3786,-111.97,967.3500,-0.09
2025-09-10 09:15:00,973.9,973.9,967,967.25,929800,0.1684,0.0453,271.74,966.4500,0.08
2025-09-10 09:20:00,967.3,967.6,965.5,965.85,359909,0.1527,0.0453,237.09,966.4500,-0.06
2025-09-10 09:25:00,965.9,968.2,965.5,968.15,221866,0.2864,0.0453,532.23,966.4500,0.18
2025-09-10 09:30:00,968.1,968.45,967.85,968.2,134369,0.3626,0.0453,700.44,966.4500,0.18
2025-09-10 09:35:00,968.15,968.25,967.15,968.05,122591,0.3852,0.0453,750.33,966.4500,0.17
2025-09-10 09:40:00,968.1,968.55,967.55,968.15,144754,0.3880,0.0453,756.51,966.4500,0.18
2025-09-10 09:45:00,968.15,968.45,967.3,967.8,208869,0.3488,0.0453,669.98,966.4500,0.14
2025-09-10 09:50:00,967.7,967.9,966.5,967.65,107551,0.2971,0.0453,555.85,966.4500,0.12
2025-09-10 09:55:00,967.65,968,967.15,967.15,98237,0.2174,0.0453,379.91,966.4500,0.07
2025-09-10 10:00:00,967.35,967.6,966.9,967,104057,0.1461,0.0453,222.52,966.4500,0.06
2025-09-10 10:05:00,967.05,967.4,966.1,966.25,107034,0.0452,0.0453,-0.22,966.4500,-0.02
2025-09-10 10:10:00,966.3,966.9,966,966.05,122506,-0.0339,0.0453,-174.83,966.4500,-0.04
2025-09-10 10:15:00,966.05,967.55,965.75,967.35,103241,0.0005,0.0453,-98.90,966.4500,0.09
2025-09-10 10:20:00,967.35,968.2,967.3,967.95,123029,0.0596,0.0453,31.57,966.4500,0.16
2025-09-10 10:25:00,967.95,970,965.5,968.4,2959456,0.1214,0.0453,167.99,966.4500,0.20
2025-09-10 10:30:00,968.5,969.7,966.45,968.4,372091,0.1527,0.0453,237.09,966.4500,0.20
2025-09-10 10:35:00,968.6,968.85,966.9,967,201959,0.0735,0.0453,62.25,966.4500,0.06
2025-09-10 10:40:00,967.1,967.2,966.5,966.85,85300,0.0087,0.0453,-80.79,966.4500,0.04
2025-09-10 10:45:00,966.9,967.9,966,967.6,162479,0.0139,0.0453,-69.32,966.4500,0.12
2025-09-10 10:50:00,967.85,968.75,967.3,968,66932,0.0403,0.0453,-11.04,966.4500,0.16
2025-09-10 10:55:00,968,968,967.1,967.75,86789,0.0369,0.0453,-18.54,966.4500,0.13
2025-09-10 11:00:00,967.75,968,967.35,967.8,80472,0.0342,0.0453,-24.50,966.4500,0.14
2025-09-10 11:05:00,967.9,968.5,967.7,968.3,95567,0.0607,0.0453,34.00,966.4500,0.19
2025-09-10 11:10:00,968.3,968.6,967.1,967.2,159074,0.0019,0.0453,-95.81,966.4500,0.08
2025-09-10 11:15:00,967.35,967.55,965.9,966.05,117302,-0.1106,0.0453,-344.15,966.4500,-0.04
2025-09-10 11:20:00,965.95,966.15,965.1,965.8,136726,-0.1931,0.0453,-526.27,966.4500,-0.07
2025-09-10 11:25:00,965.9,965.95,965.35,965.45,84803,-0.2584,0.0453,-670.42,966.4500,-0.10
2025-09-10 11:30:00,965.45,965.8,965.3,965.8,64021,-0.2643,0.0453,-683.44,966.4500,-0.07
2025-09-10 11:35:00,965.8,966.4,965.6,966.2,62165,-0.2288,0.0453,-605.08,966.4500,-0.03
2025-09-10 11:40:00,966.1,966.6,965.6,965.75,73262,-0.2229,0.0453,-592.05,966.4500,-0.07
2025-09-10 11:45:00,965.85,965.85,965,965.1,92548,-0.2482,0.0453,-647.90,966.4500,-0.14
2025-09-10 11:50:00,965.05,965.15,964.55,964.9,87234,-0.2624,0.0453,-679.25,966.4500,-0.16
2025-09-10 11:55:00,964.85,965,964.35,964.5,130318,-0.2811,0.0453,-720.53,966.4500,-0.20
2025-09-10 12:00:00,964.65,966.8,964.45,965.75,180285,-0.1957,0.0453,-532.01,966.4500,-0.07
2025-09-10 12:05:00,965.75,966.7,965.75,966.35,119274,-0.0905,0.0453,-299.78,966.4500,-0.01
2025-09-10 12:10:00,966.2,966.6,965.6,965.85,106296,-0.0485,0.0453,-207.06,966.4500,-0.06
2025-09-10 12:15:00,965.9,966.6,965.75,966.25,103367,0.0093,0.0453,-79.47,966.4500,-0.02
2025-09-10 12:20:00,966.3,966.45,965.2,965.5,116472,0.0006,0.0453,-98.68,966.4500,-0.10
2025-09-10 12:25:00,965.4,966.4,965.35,965.85,82825,0.0208,0.0453,-54.08,966.4500,-0.06
2025-09-10 12:30:00,965.85,966.05,965.3,965.45,121761,0.0101,0.0453,-77.70,966.4500,-0.10
2025-09-10 12:35:00,965.5,965.95,965.2,965.6,119641,0.0158,0.0453,-65.12,966.4500,-0.09
2025-09-10 12:40:00,965.6,966.15,965.3,966.15,90166,0.0569,0.0453,25.61,966.4500,-0.03
2025-09-10 12:45:00,966.15,966.25,964.75,964.75,171830,-0.0065,0.0453,-114.35,966.4500,-0.18
2025-09-10 12:50:00,964.8,965.15,964.55,964.7,101262,-0.0460,0.0453,-201.55,966.4500,-0.18
2025-09-10 12:55:00,964.65,964.7,963.5,964.05,181795,-0.1065,0.0453,-335.10,966.4500,-0.25
2025-09-10 13:00:00,964.1,964.2,963.75,964,99293,-0.1386,0.0453,-405.96,966.4500,-0.25
2025-09-10 13:05:00,964.05,964.3,963.75,964,99687,-0.1476,0.0453,-425.83,966.4500,-0.25
2025-09-10 13:10:00,963.95,964.15,962.75,962.8,116593,-0.2179,0.0453,-581.02,966.4500,-0.38
2025-09-10 13:15:00,962.85,963,962.4,962.45,116879,-0.2683,0.0453,-692.27,966.4500,-0.41
2025-09-10 13:20:00,962.45,963,961.95,962.45,263326,-0.2805,0.0453,-719.21,966.4500,-0.41
2025-09-10 13:25:00,962.5,962.95,961.95,962.6,260345,-0.2580,0.0453,-669.54,966.4500,-0.40
2025-09-10 13:30:00,962.6,962.8,962.15,962.15,113459,-0.2526,0.0453,-657.62,966.4500,-0.44
2025-09-10 13:35:00,962.2,962.2,961.7,961.95,135991,-0.2417,0.0453,-633.55,966.4500,-0.47
2025-09-10 13:40:00,961.95,962.8,961.85,962.5,183426,-0.1795,0.0453,-496.25,966.4500,-0.41
2025-09-10 13:45:00,962.5,962.8,962.4,962.65,93335,-0.1135,0.0453,-350.55,966.4500,-0.39
2025-09-10 13:50:00,962.7,963.55,962.6,963.25,105904,-0.0196,0.0453,-143.27,966.4500,-0.33
2025-09-10 13:55:00,963.25,964,963,963.4,226980,0.0582,0.0453,28.48,966.4500,-0.32
2025-09-10 14:00:00,963.2,963.85,963.05,963.65,100246,0.1280,0.0453,182.56,966.4500,-0.29
2025-09-10 14:05:00,963.7,964.9,963.6,964.1,230120,0.2017,0.0453,345.25,966.4500,-0.24
2025-09-10 14:10:00,964.15,964.55,963.35,963.6,181008,0.2129,0.0453,369.98,966.4500,-0.29
2025-09-10 14:15:00,963.75,964.1,963.55,964.1,128705,0.2476,0.0453,446.58,966.4500,-0.24
2025-09-10 14:20:00,964.1,964.95,963.95,964.85,153378,0.3106,0.0453,585.65,966.4500,-0.17
2025-09-10 14:25:00,964.85,964.95,964,964.4,196556,0.3108,0.0453,586.09,966.4500,-0.21
2025-09-10 14:30:00,964.4,965.65,964.1,965.5,143006,0.3698,0.0453,716.34,966.4500,-0.10
2025-09-10 14:35:00,965.4,966,964.95,965.95,140939,0.4202,0.0453,827.59,966.4500,-0.05
2025-09-10 14:40:00,965.9,966,963.3,963.6,461532,0.2830,0.0453,524.72,966.4500,-0.29
2025-09-10 14:45:00,963.6,965.85,963.55,964.55,285785,0.2453,0.0453,441.50,966.4500,-0.20
2025-09-10 14:50:00,964.65,965.5,964.5,965.1,147934,0.2459,0.0453,442.83,966.4500,-0.14
2025-09-10 14:55:00,965.1,965.3,963.6,963.85,293197,0.1550,0.0453,242.16,966.4500,-0.27
2025-09-10 15:00:00,963.9,966,963.85,966,467569,0.2282,0.0453,403.75,966.4500,-0.05
2025-09-10 15:05:00,965.95,966.75,965.95,966.75,485827,0.3105,0.0453,585.43,966.4500,0.03
2025-09-10 15:10:00,966.75,966.95,966,966.85,579410,0.3520,0.0453,677.04,966.4500,0.04
2025-09-10 15:15:00,966.8,967,965.3,965.45,748912,0.2693,0.0453,494.48,966.4500,-0.10
2025-09-10 15:20:00,965.45,966.35,964,965.45,704492,0.2017,0.0453,345.25,966.4500,-0.10
2025-09-10 15:25:00,965.45,966.45,963,965.5,376785,0.1499,0.0453,230.91,966.4500,-0.10
2025-09-11 09:15:00,960.3,964.5,959.9,963.6,687818,-0.0140,0.1499,-109.34,965.5000,-0.20
2025-09-11 09:20:00,963.6,965.65,963.1,965.15,166884,-0.0195,0.1499,-113.01,965.5000,-0.04
2025-09-11 09:25:00,965.15,965.3,964,964.15,90045,-0.0880,0.1499,-158.71,965.5000,-0.14
2025-09-11 09:30:00,964.15,964.85,963.7,964.75,64741,-0.0902,0.1499,-160.17,965.5000,-0.08
2025-09-11 09:35:00,964.7,964.95,964.05,964.2,63345,-0.1238,0.1499,-182.59,965.5000,-0.13
2025-09-11 09:40:00,964.2,964.65,963.1,963.45,79225,-0.1879,0.1499,-225.35,965.5000,-0.21
2025-09-11 09:45:00,963.3,964.85,963.3,964.8,54133,-0.1333,0.1499,-188.93,965.5000,-0.07
2025-09-11 09:50:00,964.8,964.95,964.45,964.95,50186,-0.0833,0.1499,-155.57,965.5000,-0.06
2025-09-11 09:55:00,964.9,965.15,964.4,964.85,75649,-0.0548,0.1499,-136.56,965.5000,-0.07
2025-09-11 10:00:00,964.95,965.35,964.65,965,27789,-0.0250,0.1499,-116.68,965.5000,-0.05
2025-09-11 10:05:00,965,965.25,964.5,964.6,55297,-0.0311,0.1499,-120.75,965.5000,-0.09
2025-09-11 10:10:00,964.6,965.2,964.45,965,41013,-0.0082,0.1499,-105.47,965.5000,-0.05
2025-09-11 10:15:00,964.85,965.25,964.7,965.2,45391,0.0189,0.1499,-87.39,965.5000,-0.03
2025-09-11 10:20:00,965.2,965.25,964,964.5,62385,-0.0102,0.1499,-106.80,965.5000,-0.10
2025-09-11 10:25:00,964.5,965,963.4,964.9,80800,-0.0029,0.1499,-101.93,965.5000,-0.06
2025-09-11 10:30:00,964.85,965.45,964.6,965,67424,0.0078,0.1499,-94.80,965.5000,-0.05
2025-09-11 10:35:00,965,965.45,964.55,965.05,63967,0.0169,0.1499,-88.73,965.5000,-0.05
2025-09-11 10:40:00,965.25,965.45,965,965.25,62299,0.0339,0.1499,-77.38,965.5000,-0.03
2025-09-11 10:45:00,965,965.45,963.7,964.6,190201,0.0007,0.1499,-99.53,965.5000,-0.09
2025-09-11 10:50:00,964.6,964.9,963.3,964,98567,-0.0590,0.1499,-139.36,965.5000,-0.16
2025-09-11 10:55:00,964,964.05,963.45,964,47154,-0.0937,0.1499,-162.51,965.5000,-0.16
2025-09-11 11:00:00,964,964.3,963.4,963.85,172332,-0.1204,0.1499,-180.32,965.5000,-0.17
2025-09-11 11:05:00,964,964.05,963.75,964,48960,-0.1212,0.1499,-180.85,965.5000,-0.16
2025-09-11 11:10:00,964,964,962.45,963,160639,-0.1789,0.1499,-219.35,965.5000,-0.26
2025-09-11 11:15:00,962.95,963.7,962.75,963,51021,-0.2049,0.1499,-236.69,965.5000,-0.26
2025-09-11 11:20:00,963.05,963.7,961.4,961.5,182010,-0.3050,0.1499,-303.47,965.5000,-0.41
2025-09-11 11:25:00,961.5,962.75,961.5,962.3,70355,-0.2988,0.1499,-299.33,965.5000,-0.33
2025-09-11 11:30:00,962.25,962.65,962,962.2,50065,-0.2831,0.1499,-288.86,965.5000,-0.34
2025-09-11 11:35:00,962.2,963.6,961.8,962.05,152439,-0.2647,0.1499,-276.58,965.5000,-0.36
2025-09-11 11:40:00,962.25,963,961.5,962.85,159988,-0.1845,0.1499,-223.08,965.5000,-0.27
2025-09-11 11:45:00,962.85,962.95,962.5,962.65,57140,-0.1330,0.1499,-188.73,965.5000,-0.30
2025-09-11 11:50:00,962.9,963.05,962.65,962.95,59870,-0.0701,0.1499,-146.76,965.5000,-0.26
2025-09-11 11:55:00,962.9,963.1,962.5,962.75,77510,-0.0351,0.1499,-123.42,965.5000,-0.28
2025-09-11 12:00:00,962.85,963.05,962.3,962.55,62369,-0.0193,0.1499,-112.88,965.5000,-0.31
2025-09-11 12:05:00,962.55,963,962,962.5,71539,-0.0067,0.1499,-104.47,965.5000,-0.31
2025-09-11 12:10:00,962.45,963.35,962.2,963.35,53425,0.0606,0.1499,-59.57,965.5000,-0.22
2025-09-11 12:15:00,963.3,963.75,962.75,963.7,81896,0.1267,0.1499,-15.48,965.5000,-0.19
2025-09-11 12:20:00,963.7,964.95,963.2,964.6,234556,0.2233,0.1499,48.97,965.5000,-0.09
2025-09-11 12:25:00,964.55,964.95,964.05,964.7,71406,0.2824,0.1499,88.39,965.5000,-0.08
2025-09-11 12:30:00,964.7,965,963.8,964.6,166421,0.3016,0.1499,101.20,965.5000,-0.09
2025-09-11 12:35:00,964.6,964.8,964,964.8,107362,0.3131,0.1499,108.87,965.5000,-0.07
2025-09-11 12:40:00,964.7,964.8,964.2,964.25,64468,0.2707,0.1499,80.59,965.5000,-0.13
2025-09-11 12:45:00,964.25,964.7,964.15,964.7,51695,0.2598,0.1499,73.32,965.5000,-0.08
2025-09-11 12:50:00,964.75,964.95,964.3,964.5,72555,0.2273,0.1499,51.63,965.5000,-0.10
2025-09-11 12:55:00,964.45,965.45,963.45,965.25,267098,0.2430,0.1499,62.11,965.5000,-0.03
2025-09-11 13:00:00,965.25,965.8,965.1,965.65,93194,0.2652,0.1499,76.92,965.5000,0.02
2025-09-11 13:05:00,965.7,966.2,965,965.6,131085,0.2610,0.1499,74.12,965.5000,0.01
2025-09-11 13:10:00,965.6,965.9,965.3,965.4,77241,0.2303,0.1499,53.64,965.5000,-0.01
2025-09-11 13:15:00,965.4,965.6,964.3,964.65,169164,0.1490,0.1499,-0.60,965.5000,-0.09
2025-09-11 13:20:00,964.65,964.95,963.85,964.15,139134,0.0558,0.1499,-62.78,965.5000,-0.14
2025-09-11 13:25:00,964.15,966.4,962.5,966.35,275140,0.1323,0.1499,-11.74,965.5000,0.09
2025-09-11 13:30:00,966.35,966.65,965,965.5,275444,0.1161,0.1499,-22.55,965.5000,0.00
2025-09-11 13:35:00,965.5,968,965.3,967.5,177825,0.2244,0.1499,49.70,965.5000,0.21
2025-09-11 13:40:00,967.55,968.9,967.5,968.4,153924,0.3342,0.1499,122.95,965.5000,0.30
2025-09-11 13:45:00,968.4,968.9,967.25,968.2,330913,0.3683,0.1499,145.70,965.5000,0.28
2025-09-11 13:50:00,967.85,968.85,967.4,968.55,375256,0.3874,0.1499,158.44,965.5000,0.32
2025-09-11 13:55:00,968.55,968.9,967.15,968,498356,0.3378,0.1499,125.35,965.5000,0.26
2025-09-11 14:00:00,968,968.7,967.45,968.3,114504,0.3012,0.1499,100.93,965.5000,0.29
2025-09-11 14:05:00,968.35,968.7,968.15,968.65,69394,0.2772,0.1499,84.92,965.5000,0.33
2025-09-11 14:10:00,968.6,968.7,967.65,968.05,84785,0.2011,0.1499,34.16,965.5000,0.26
2025-09-11 14:15:00,968.05,968.3,966.4,968,201087,0.1309,0.1499,-12.68,965.5000,0.26
2025-09-11 14:20:00,968,968.6,966.9,967.85,380797,0.0614,0.1499,-59.04,965.5000,0.24
2025-09-11 14:25:00,967.8,968,967.05,967.05,56018,-0.0455,0.1499,-130.35,965.5000,0.16
2025-09-11 14:30:00,967.1,967.15,965.05,966.4,318873,-0.1607,0.1499,-207.20,965.5000,0.09
2025-09-11 14:35:00,966.6,967.55,965,967.2,505221,-0.1821,0.1499,-221.48,965.5000,0.18
2025-09-11 14:40:00,967.2,968.3,966.75,968.15,274262,-0.1336,0.1499,-189.13,965.5000,0.27
2025-09-11 14:45:00,968.15,969.2,967.45,968.2,656246,-0.1010,0.1499,-167.38,965.5000,0.28
2025-09-11 14:50:00,968.25,968.65,966.95,968.4,463183,-0.0702,0.1499,-146.83,965.5000,0.30
2025-09-11 14:55:00,968.5,968.5,966.3,967.85,463000,-0.0900,0.1499,-160.04,965.5000,0.24
2025-09-11 15:00:00,967.85,968.35,967.05,968.1,628199,-0.0890,0.1499,-159.37,965.5000,0.27
2025-09-11 15:05:00,968.1,968.85,967.6,968.55,637681,-0.0622,0.1499,-141.49,965.5000,0.32
2025-09-11 15:10:00,968.55,969.25,966.8,967.45,929758,-0.1194,0.1499,-179.65,965.5000,0.20
2025-09-11 15:15:00,967.4,968.4,966.95,967.1,546738,-0.1780,0.1499,-218.75,965.5000,0.17
2025-09-11 15:20:00,967.15,967.85,966,967.05,471894,-0.2150,0.1499,-243.43,965.5000,0.16
2025-09-11 15:25:00,967,967.3,965.4,966.5,290554,-0.2679,0.1499,-278.72,965.5000,0.10
2025-09-12 09:15:00,969.9,970.75,964.5,964.65,634124,-0.4103,-0.2679,53.15,966.5000,-0.19
2025-09-12 09:20:00,964.7,965.85,962.95,963.45,326536,-0.5589,-0.2679,108.62,966.5000,-0.32
2025-09-12 09:25:00,963.45,963.8,963,963.55,152347,-0.6195,-0.2679,131.24,966.5000,-0.31
2025-09-12 09:30:00,963.55,963.9,963.1,963.35,103480,-0.6393,-0.2679,138.63,966.5000,-0.33
2025-09-12 09:35:00,963.4,964,962.8,963,320608,-0.6408,-0.2679,139.19,966.5000,-0.36
2025-09-12 09:40:00,963.25,963.25,962.25,962.9,202077,-0.6132,-0.2679,128.89,966.5000,-0.37
2025-09-12 09:45:00,962.75,963.15,962.4,963,193594,-0.5547,-0.2679,107.05,966.5000,-0.36
2025-09-12 09:50:00,963.05,963.7,962.75,963.15,222220,-0.4754,-0.2679,77.45,966.5000,-0.35
2025-09-12 09:55:00,963.15,963.95,963,963.9,138823,-0.3479,-0.2679,29.86,966.5000,-0.27
2025-09-12 10:00:00,963.95,964,963.35,963.55,104011,-0.2662,-0.2679,-0.63,966.5000,-0.31
2025-09-12 10:05:00,963.55,963.85,963.15,963.7,85287,-0.1851,-0.2679,-30.91,966.5000,-0.29
2025-09-12 10:10:00,963.7,963.7,963.05,963.5,102517,-0.1305,-0.2679,-51.29,966.5000,-0.31
2025-09-12 10:15:00,963.5,963.5,963,963.25,129519,-0.0982,-0.2679,-63.34,966.5000,-0.34
2025-09-12 10:20:00,963.2,963.95,963.15,963.95,214197,-0.0207,-0.2679,-92.27,966.5000,-0.26
2025-09-12 10:25:00,963.95,964.55,963.9,964.3,93476,0.0586,-0.2679,-121.87,966.5000,-0.23
2025-09-12 10:30:00,964.3,964.4,964.05,964.25,98897,0.1094,-0.2679,-140.84,966.5000,-0.23
2025-09-12 10:35:00,964.1,964.3,964,964.2,56545,0.1394,-0.2679,-152.03,966.5000,-0.24
2025-09-12 10:40:00,964.2,964.7,964.05,964.35,122144,0.1671,-0.2679,-162.37,966.5000,-0.22
2025-09-12 10:45:00,964.3,964.4,964,964.1,47356,0.1661,-0.2679,-162.00,966.5000,-0.25
2025-09-12 10:50:00,964.1,964.55,964.05,964.1,87102,0.1628,-0.2679,-160.77,966.5000,-0.25
2025-09-12 10:55:00,964.1,964.9,964,964.4,152056,0.1769,-0.2679,-166.03,966.5000,-0.22
2025-09-12 11:00:00,964.45,965.35,963.7,964.85,320931,0.2104,-0.2679,-178.54,966.5000,-0.17
2025-09-12 11:05:00,964.85,965.4,964.35,965.05,111924,0.2378,-0.2679,-188.76,966.5000,-0.15
2025-09-12 11:10:00,965.05,965.5,964.65,965.15,83287,0.2531,-0.2679,-194.48,966.5000,-0.14
2025-09-12 11:15:00,965.15,966.5,965,966.3,176258,0.3263,-0.2679,-221.80,966.5000,-0.02
2025-09-12 11:20:00,966.3,967.2,965.75,966.55,294496,0.3740,-0.2679,-239.60,966.5000,0.01
2025-09-12 11:25:00,966.55,967.85,966.4,967.85,125787,0.4692,-0.2679,-275.14,966.5000,0.14
2025-09-12 11:30:00,967.85,968.85,967.65,968,268543,0.5148,-0.2679,-292.16,966.5000,0.16
2025-09-12 11:35:00,968.05,968.45,966.85,968.45,417199,0.5448,-0.2679,-303.36,966.5000,0.20
2025-09-12 11:40:00,968.45,968.75,968,968.55,92916,0.5400,-0.2679,-301.57,966.5000,0.21
2025-09-12 11:45:00,968.55,969.3,967.9,968.7,178058,0.5155,-0.2679,-292.42,966.5000,0.23
2025-09-12 11:50:00,968.7,969.55,968.5,969,99120,0.4884,-0.2679,-282.31,966.5000,0.26
2025-09-12 11:55:00,969,969.2,968.4,968.85,107779,0.4312,-0.2679,-260.96,966.5000,0.24
2025-09-12 12:00:00,968.85,970.25,968.3,970.05,285432,0.4433,-0.2679,-265.47,966.5000,0.37
2025-09-12 12:05:00,970,970.1,969.15,969.9,212888,0.4111,-0.2679,-253.45,966.5000,0.35
2025-09-12 12:10:00,969.9,970,969.3,969.95,85225,0.3647,-0.2679,-236.13,966.5000,0.36
2025-09-12 12:15:00,969.95,970,969.15,969.65,125958,0.2885,-0.2679,-207.69,966.5000,0.33
2025-09-12 12:20:00,969.65,969.95,968.75,969.9,99412,0.2322,-0.2679,-186.67,966.5000,0.35
2025-09-12 12:25:00,969.9,970,969.5,970,142376,0.1811,-0.2679,-167.60,966.5000,0.36
2025-09-12 12:30:00,969.95,970.1,969.05,970.05,200706,0.1324,-0.2679,-149.42,966.5000,0.37
2025-09-12 12:35:00,970.05,970.1,969.35,970,95926,0.0811,-0.2679,-130.27,966.5000,0.36
2025-09-12 12:40:00,970,970.05,969.15,969.75,98969,0.0179,-0.2679,-106.68,966.5000,0.34
2025-09-12 12:45:00,969.75,969.8,968.9,969.3,137698,-0.0623,-0.2679,-76.75,966.5000,0.29
2025-09-12 12:50:00,969.3,969.45,967.85,968.35,168569,-0.1807,-0.2679,-32.55,966.5000,0.19
2025-09-12 12:55:00,968.35,968.95,967.6,967.95,153080,-0.2812,-0.2679,4.96,966.5000,0.15
2025-09-12 13:00:00,967.95,968,967.45,968,137753,-0.3361,-0.2679,25.46,966.5000,0.16
2025-09-12 13:05:00,968,969.05,967.7,968.85,217915,-0.3075,-0.2679,14.78,966.5000,0.24
2025-09-12 13:10:00,968.85,969.05,968,968.15,134488,-0.3264,-0.2679,21.84,966.5000,0.17
2025-09-12 13:15:00,968.1,968.3,967,967.05,126412,-0.3988,-0.2679,48.86,966.5000,0.06
2025-09-12 13:20:00,967.05,967.65,966.35,966.85,116475,-0.4426,-0.2679,65.21,966.5000,0.04
2025-09-12 13:25:00,966.85,967.1,966.15,966.3,151957,-0.4876,-0.2679,82.01,966.5000,-0.02
2025-09-12 13:30:00,966.25,967,966,966.6,199819,-0.4755,-0.2679,77.49,966.5000,0.01
2025-09-12 13:35:00,966.5,966.95,966.2,966.7,86978,-0.4400,-0.2679,64.24,966.5000,0.02
2025-09-12 13:40:00,966.4,967,966.2,966.4,123331,-0.4162,-0.2679,55.36,966.5000,-0.01
2025-09-12 13:45:00,966.35,967.25,966.25,966.55,134245,-0.3713,-0.2679,38.60,966.5000,0.01
2025-09-12 13:50:00,966.5,967,965.95,966.6,166580,-0.3211,-0.2679,19.86,966.5000,0.01
2025-09-12 13:55:00,966.6,967.2,966.3,966.7,120524,-0.2663,-0.2679,-0.60,966.5000,0.02
2025-09-12 14:00:00,966.7,966.95,966,966.7,115649,-0.2172,-0.2679,-18.92,966.5000,0.02
2025-09-12 14:05:00,966.45,967.05,966,966.15,115062,-0.2089,-0.2679,-22.02,966.5000,-0.04
2025-09-12 14:10:00,966.15,966.7,965.7,966.4,152887,-0.1751,-0.2679,-34.64,966.5000,-0.01
2025-09-12 14:15:00,966.35,966.55,965.75,966.2,94398,-0.1553,-0.2679,-42.03,966.5000,-0.03
2025-09-12 14:20:00,966.2,966.35,965.75,965.95,126584,-0.1483,-0.2679,-44.64,966.5000,-0.06
2025-09-12 14:25:00,965.9,966.3,965.75,966.15,101806,-0.1205,-0.2679,-55.02,966.5000,-0.04
2025-09-12 14:30:00,966.15,966.55,965.75,966.1,126466,-0.0969,-0.2679,-63.83,966.5000,-0.04
2025-09-12 14:35:00,966.1,966.2,965.85,966.2,155524,-0.0673,-0.2679,-74.88,966.5000,-0.03
2025-09-12 14:40:00,966.2,967,966.05,966.85,213315,-0.0003,-0.2679,-99.89,966.5000,0.04
2025-09-12 14:45:00,966.65,966.9,966,966.55,257818,0.0261,-0.2679,-109.74,966.5000,0.01
2025-09-12 14:50:00,966.55,966.65,965.9,966.6,391632,0.0478,-0.2679,-117.84,966.5000,0.01
2025-09-12 14:55:00,966.55,966.8,966.15,966.8,263660,0.0750,-0.2679,-128.00,966.5000,0.03
2025-09-12 15:00:00,966.8,967.45,966.6,967.45,455858,0.1327,-0.2679,-149.53,966.5000,0.10
2025-09-12 15:05:00,967.45,968,967.05,967.75,410396,0.1839,-0.2679,-168.65,966.5000,0.13
2025-09-12 15:10:00,967.65,968,966.9,967.9,420989,0.2184,-0.2679,-181.52,966.5000,0.14
2025-09-12 15:15:00,967.95,968,967.1,967.45,343833,0.2017,-0.2679,-175.29,966.5000,0.10
2025-09-12 15:20:00,967.4,967.5,965.9,967.15,315289,0.1630,-0.2679,-160.84,966.5000,0.07
2025-09-12 15:25:00,967,967.25,965.6,966.9,408067,0.1153,-0.2679,-143.04,966.5000,0.04
2025-09-15 09:15:00,969.6,969.65,965.35,965.9,696385,0.0163,0.1153,-85.86,966.9000,-0.10
2025-09-15 09:20:00,966.15,966.25,965,965.7,239796,-0.0585,0.1153,-150.74,966.9000,-0.12
2025-09-15 09:25:00,965.7,967,965.7,966.75,179189,-0.0344,0.1153,-129.84,966.9000,-0.02
2025-09-15 09:30:00,966.75,967.3,966.4,966.85,170565,-0.0102,0.1153,-108.85,966.9000,-0.01
2025-09-15 09:35:00,966.85,967,966.5,966.65,79356,-0.0062,0.1153,-105.38,966.9000,-0.03
2025-09-15 09:40:00,966.65,966.9,966.1,966.5,74869,-0.0119,0.1153,-110.32,966.9000,-0.04
2025-09-15 09:45:00,966.7,967.5,966.5,966.8,99817,0.0053,0.1153,-95.40,966.9000,-0.01
2025-09-15 09:50:00,966.9,968,966.8,966.85,91592,0.0201,0.1153,-82.57,966.9000,-0.01
2025-09-15 09:55:00,966.85,967.45,966.6,967.2,66193,0.0516,0.1153,-55.25,966.9000,0.03
2025-09-15 10:00:00,967.3,967.95,966.8,967.95,101556,0.1174,0.1153,1.82,966.9000,0.11
2025-09-15 10:05:00,967.95,967.95,967.1,967.75,75577,0.1404,0.1153,21.77,966.9000,0.09
2025-09-15 10:10:00,967.8,968,967.05,967.75,104944,0.1477,0.1153,28.10,966.9000,0.09
2025-09-15 10:15:00,967.7,967.9,966.65,967.7,178669,0.1413,0.1153,22.55,966.9000,0.08
2025-09-15 10:20:00,967.7,967.9,967.4,967.9,171914,0.1423,0.1153,23.42,966.9000,0.10
2025-09-15 10:25:00,967.9,969.1,967.85,968.9,153410,0.1986,0.1153,72.25,966.9000,0.21
2025-09-15 10:30:00,968.9,969,968.8,968.85,83276,0.2191,0.1153,90.03,966.9000,0.20
2025-09-15 10:35:00,968.85,969.45,968.3,968.7,121305,0.2093,0.1153,81.53,966.9000,0.19
2025-09-15 10:40:00,968.7,969.1,968.3,968.65,89380,0.1868,0.1153,62.01,966.9000,0.18
2025-09-15 10:45:00,968.65,969,967.75,968.1,128284,0.1253,0.1153,8.67,966.9000,0.12
2025-09-15 10:50:00,968.1,968.6,967.7,968.35,126943,0.0933,0.1153,-19.08,966.9000,0.15
2025-09-15 10:55:00,968.4,968.75,967.85,967.85,67534,0.0334,0.1153,-71.03,966.9000,0.10
2025-09-15 11:00:00,967.95,968,967.15,967.7,70246,-0.0186,0.1153,-116.13,966.9000,0.08
2025-09-15 11:05:00,967.65,968.1,967.65,968,98186,-0.0341,0.1153,-129.58,966.9000,0.11
2025-09-15 11:10:00,968.05,968.15,967.05,967.9,88789,-0.0514,0.1153,-144.58,966.9000,0.10
2025-09-15 11:15:00,967.9,968.55,967,968.4,113999,-0.0306,0.1153,-126.54,966.9000,0.16
2025-09-15 11:20:00,968.35,969,968.2,968.95,110356,0.0164,0.1153,-85.78,966.9000,0.21
2025-09-15 11:25:00,969,970,968.95,970,313778,0.1091,0.1153,-5.38,966.9000,0.32
2025-09-15 11:30:00,969.95,970.65,969.85,970.35,326612,0.1808,0.1153,56.81,966.9000,0.36
2025-09-15 11:35:00,970.3,970.5,969.5,970.1,116129,0.1967,0.1153,70.60,966.9000,0.33
2025-09-15 11:40:00,970.1,970.1,969.05,969.75,286673,0.1701,0.1153,47.53,966.9000,0.29
2025-09-15 11:45:00,969.75,971.05,969.7,970.95,174683,0.2168,0.1153,88.03,966.9000,0.42
2025-09-15 11:50:00,971.05,972,970,971.35,413931,0.2553,0.1153,121.42,966.9000,0.46
2025-09-15 11:55:00,971.35,971.5,970.6,971.35,121621,0.2607,0.1153,126.11,966.9000,0.46
2025-09-15 12:00:00,971.15,972.35,971.05,971.6,235487,0.2603,0.1153,125.76,966.9000,0.49
2025-09-15 12:05:00,971.3,971.7,968.05,970.3,503556,0.1569,0.1153,36.08,966.9000,0.35
2025-09-15 12:10:00,970.3,970.9,970.25,970.75,114283,0.1055,0.1153,-8.50,966.9000,0.40
2025-09-15 12:15:00,970.75,970.85,970,970.2,94542,0.0255,0.1153,-77.88,966.9000,0.34
2025-09-15 12:20:00,970.2,970.8,970.05,970.8,106853,0.0051,0.1153,-95.58,966.9000,0.40
2025-09-15 12:25:00,970.8,971.3,970.2,971.3,149406,0.0166,0.1153,-85.60,966.9000,0.46
2025-09-15 12:30:00,971.3,971.3,970.35,970.7,121179,-0.0226,0.1153,-119.60,966.9000,0.39
2025-09-15 12:35:00,970.7,970.8,969.7,970,114313,-0.0980,0.1153,-185.00,966.9000,0.32
2025-09-15 12:40:00,970,970.1,968.65,969,138719,-0.2109,0.1153,-282.91,966.9000,0.22
2025-09-15 12:45:00,969,969.85,969,969.8,80622,-0.2262,0.1153,-296.18,966.9000,0.30
2025-09-15 12:50:00,969.8,969.95,968,968.8,246152,-0.2937,0.1153,-354.73,966.9000,0.20
2025-09-15 12:55:00,968.95,969.65,968.55,969.45,90666,-0.2846,0.1153,-346.83,966.9000,0.26
2025-09-15 13:00:00,969.45,969.6,968.05,969.35,113107,-0.2750,0.1153,-338.51,966.9000,0.25
2025-09-15 13:05:00,969.4,969.9,969,969.7,136862,-0.2364,0.1153,-305.03,966.9000,0.29
2025-09-15 13:10:00,969.7,970,969.05,969.5,110988,-0.2161,0.1153,-287.42,966.9000,0.27
2025-09-15 13:15:00,969.5,969.85,968.5,969.5,138162,-0.1951,0.1153,-269.21,966.9000,0.27
2025-09-15 13:20:00,969.65,969.85,968.5,969.4,141355,-0.1808,0.1153,-256.81,966.9000,0.26
2025-09-15 13:25:00,969.4,969.65,968.25,969.4,195335,-0.1645,0.1153,-242.67,966.9000,0.26
2025-09-15 13:30:00,969,969.65,968.65,969.35,113078,-0.1507,0.1153,-230.70,966.9000,0.25
2025-09-15 13:35:00,969.35,969.5,968.75,969,88602,-0.1580,0.1153,-237.03,966.9000,0.22
2025-09-15 13:40:00,969.15,969.2,966.8,968,515167,-0.2192,0.1153,-290.11,966.9000,0.11
2025-09-15 13:45:00,967.95,969.1,967.55,967.85,240231,-0.2563,0.1153,-322.29,966.9000,0.10
2025-09-15 13:50:00,967.85,969,967.6,968.85,157159,-0.2024,0.1153,-275.54,966.9000,0.20
2025-09-15 13:55:00,968.85,969.2,968.75,968.9,125745,-0.1543,0.1153,-233.82,966.9000,0.21
2025-09-15 14:00:00,968.95,969,968.15,968.55,101086,-0.1377,0.1153,-219.43,966.9000,0.17
2025-09-15 14:05:00,968.3,969,967.55,968.95,199909,-0.0935,0.1153,-181.09,966.9000,0.21
2025-09-15 14:10:00,969,969,968.35,969,93154,-0.0564,0.1153,-148.92,966.9000,0.22
2025-09-15 14:15:00,969,969.2,968.4,969.2,134645,-0.0160,0.1153,-113.88,966.9000,0.24
2025-09-15 14:20:00,969.2,969.4,968.15,969.15,324273,0.0085,0.1153,-92.63,966.9000,0.23
2025-09-15 14:25:00,969.15,969.25,968.4,968.7,107200,-0.0040,0.1153,-103.47,966.9000,0.19
2025-09-15 14:30:00,968.7,968.9,968.3,968.8,82417,-0.0037,0.1153,-103.21,966.9000,0.20
2025-09-15 14:35:00,968.85,968.95,968.65,968.95,124019,0.0077,0.1153,-93.32,966.9000,0.21
2025-09-15 14:40:00,968.9,969.95,968.75,969.2,456097,0.0318,0.1153,-72.42,966.9000,0.24
2025-09-15 14:45:00,969.2,969.85,968.55,968.95,220201,0.0306,0.1153,-73.46,966.9000,0.21
2025-09-15 14:50:00,968.9,969.45,968.85,969.45,141358,0.0615,0.1153,-46.66,966.9000,0.26
2025-09-15 14:55:00,969.45,969.45,969,969.15,132414,0.0597,0.1153,-48.22,966.9000,0.23
2025-09-15 15:00:00,969,969.15,968.2,968.25,361574,-0.0010,0.1153,-100.87,966.9000,0.14
2025-09-15 15:05:00,968.25,968.25,966.95,967.3,400966,-0.0987,0.1153,-185.60,966.9000,0.04
2025-09-15 15:10:00,967.25,967.3,966.5,966.85,424812,-0.1821,0.1153,-257.94,966.9000,-0.01
2025-09-15 15:15:00,966.85,966.9,966.6,966.85,484642,-0.2233,0.1153,-293.67,966.9000,-0.01
2025-09-15 15:20:00,966.9,967.05,965.7,966,507878,-0.2894,0.1153,-351.00,966.9000,-0.09
2025-09-15 15:25:00,966,966.95,965.3,966.1,488405,-0.3065,0.1153,-365.83,966.9000,-0.08
2025-09-16 09:15:00,961.2,965,961.2,964.5,1330846,-0.3997,-0.3065,30.41,966.1000,-0.17
2025-09-16 09:20:00,964.55,964.9,964,964.55,200229,-0.4295,-0.3065,40.13,966.1000,-0.16
2025-09-16 09:25:00,964.55,965.4,964.45,964.5,164975,-0.4235,-0.3065,38.17,966.1000,-0.17
2025-09-16 09:30:00,964.45,965.45,963.7,964.65,1021637,-0.3816,-0.3065,24.50,966.1000,-0.15
2025-09-16 09:35:00,964.65,965.15,963.7,964.6,151498,-0.3312,-0.3065,8.06,966.1000,-0.16
2025-09-16 09:40:00,964.6,966.15,964.4,966.15,145854,-0.1754,-0.3065,-42.77,966.1000,0.01
2025-09-16 09:45:00,966.05,967.2,965.75,966.95,173922,-0.0090,-0.3065,-97.06,966.1000,0.09
2025-09-16 09:50:00,966.95,968.85,966.8,968.35,171268,0.1935,-0.3065,-163.13,966.1000,0.23
2025-09-16 09:55:00,968.55,968.55,967.6,967.95,77099,0.2927,-0.3065,-195.50,966.1000,0.19
2025-09-16 10:00:00,967.95,968.95,967.85,967.9,196852,0.3437,-0.3065,-212.14,966.1000,0.19
2025-09-16 10:05:00,968.05,968.1,967.6,968,124857,0.3705,-0.3065,-220.88,966.1000,0.20
2025-09-16 10:10:00,967.95,968.4,967.7,967.85,210751,0.3641,-0.3065,-218.79,966.1000,0.18
2025-09-16 10:15:00,967.85,968,967.55,967.75,125943,0.3394,-0.3065,-210.73,966.1000,0.17
2025-09-16 10:20:00,967.7,967.9,967,967.15,138169,0.2720,-0.3065,-188.74,966.1000,0.11
2025-09-16 10:25:00,967.15,967.95,967.1,967.35,180953,0.2316,-0.3065,-175.56,966.1000,0.13
2025-09-16 10:30:00,967.35,968.35,967,968.3,185904,0.2578,-0.3065,-184.11,966.1000,0.23
2025-09-16 10:35:00,968.3,969.35,968.3,968.65,155925,0.2854,-0.3065,-193.12,966.1000,0.26
2025-09-16 10:40:00,968.65,968.65,967.4,967.5,94126,0.2160,-0.3065,-170.47,966.1000,0.14
2025-09-16 10:45:00,967.5,967.55,966.8,966.9,89302,0.1241,-0.3065,-140.49,966.1000,0.08
2025-09-16 10:50:00,966.9,967.05,966.35,967,1142038,0.0673,-0.3065,-121.96,966.1000,0.09
2025-09-16 10:55:00,967,967.2,966.85,967.05,142772,0.0322,-0.3065,-110.51,966.1000,0.10
2025-09-16 11:00:00,967.05,967.15,966.6,966.9,93785,-0.0004,-0.3065,-99.87,966.1000,0.08
2025-09-16 11:05:00,966.85,967,966.4,966.4,119554,-0.0520,-0.3065,-83.03,966.1000,0.03
2025-09-16 11:10:00,966.6,967,966.4,966.75,110604,-0.0585,-0.3065,-80.91,966.1000,0.07
2025-09-16 11:15:00,966.75,966.75,966.1,966.65,94826,-0.0649,-0.3065,-78.83,966.1000,0.06
2025-09-16 11:20:00,966.65,966.75,966.4,966.65,74979,-0.0644,-0.3065,-78.99,966.1000,0.06
2025-09-16 11:25:00,966.65,967.25,966.05,966.75,344803,-0.0531,-0.3065,-82.68,966.1000,0.07
2025-09-16 11:30:00,966.8,967,966.45,966.8,87772,-0.0387,-0.3065,-87.37,966.1000,0.07
2025-09-16 11:35:00,966.8,966.8,966.15,966.3,84877,-0.0581,-0.3065,-81.04,966.1000,0.02
2025-09-16 11:40:00,966.3,966.45,965.45,965.5,106400,-0.1166,-0.3065,-61.96,966.1000,-0.06
2025-09-16 11:45:00,965.55,966.4,965.25,965.8,131976,-0.1262,-0.3065,-58.83,966.1000,-0.03
2025-09-16 11:50:00,965.8,966.15,965.45,965.85,66824,-0.1203,-0.3065,-60.75,966.1000,-0.03
2025-09-16 11:55:00,965.9,966.3,965,965.65,216206,-0.1206,-0.3065,-60.65,966.1000,-0.05
2025-09-16 12:00:00,965.65,966.15,964.95,966,223424,-0.0895,-0.3065,-70.80,966.1000,-0.01
2025-09-16 12:05:00,966,966.45,965.35,965.35,88793,-0.1038,-0.3065,-66.13,966.1000,-0.08
2025-09-16 12:10:00,965.45,965.95,965,965.2,105127,-0.1138,-0.3065,-62.87,966.1000,-0.09
2025-09-16 12:15:00,965.2,965.45,965,965.05,75924,-0.1203,-0.3065,-60.75,966.1000,-0.11
2025-09-16 12:20:00,965.1,966,965,965.95,79010,-0.0570,-0.3065,-81.40,966.1000,-0.02
2025-09-16 12:25:00,965.95,967.25,965.9,967.05,183317,0.0597,-0.3065,-119.48,966.1000,0.10
2025-09-16 12:30:00,967.2,967.7,967,967.2,105664,0.1429,-0.3065,-146.62,966.1000,0.11
2025-09-16 12:35:00,967.2,967.8,967,967.15,109883,0.1878,-0.3065,-161.27,966.1000,0.11
2025-09-16 12:40:00,967.15,967.2,966.85,967.2,117778,0.2121,-0.3065,-169.20,966.1000,0.11
2025-09-16 12:45:00,967.2,967.5,966.7,966.8,110597,0.1932,-0.3065,-163.03,966.1000,0.07
2025-09-16 12:50:00,966.8,967,966.4,966.75,122327,0.1699,-0.3065,-155.43,966.1000,0.07
2025-09-16 12:55:00,966.8,967.35,966.3,967.05,126053,0.1672,-0.3065,-154.55,966.1000,0.10
2025-09-16 13:00:00,967.05,967.15,966.5,966.55,64004,0.1260,-0.3065,-141.11,966.1000,0.05
2025-09-16 13:05:00,966.55,966.75,966.4,966.55,71473,0.0946,-0.3065,-130.86,966.1000,0.05
2025-09-16 13:10:00,966.55,966.6,965.5,966.05,162084,0.0387,-0.3065,-112.63,966.1000,-0.01
2025-09-16 13:15:00,966.1,966.45,965.7,966,75242,-0.0010,-0.3065,-99.67,966.1000,-0.01
2025-09-16 13:20:00,966,966.2,965.6,966.1,107407,-0.0187,-0.3065,-93.90,966.1000,0.00
2025-09-16 13:25:00,966.1,966.1,965.3,966.1,144188,-0.0282,-0.3065,-90.80,966.1000,0.00
2025-09-16 13:30:00,966.1,966.65,965.65,966.6,107126,-0.0001,-0.3065,-99.97,966.1000,0.05
2025-09-16 13:35:00,966.6,967.2,966.35,967,90438,0.0439,-0.3065,-114.32,966.1000,0.09
2025-09-16 13:40:00,966.9,966.9,966.3,966.6,149945,0.0442,-0.3065,-114.42,966.1000,0.05
2025-09-16 13:45:00,966.6,966.6,966.15,966.6,106598,0.0426,-0.3065,-113.90,966.1000,0.05
2025-09-16 13:50:00,966.6,966.6,966.05,966.35,80888,0.0239,-0.3065,-107.80,966.1000,0.03
2025-09-16 13:55:00,966.35,966.5,966.2,966.4,77188,0.0144,-0.3065,-104.70,966.1000,0.03
2025-09-16 14:00:00,966.3,966.7,966,966,123786,-0.0174,-0.3065,-94.32,966.1000,-0.01
2025-09-16 14:05:00,966.1,966.3,965.3,965.35,195635,-0.0775,-0.3065,-74.71,966.1000,-0.08
2025-09-16 14:10:00,965.35,966.2,965.1,965.85,337321,-0.0787,-0.3065,-74.32,966.1000,-0.03
2025-09-16 14:15:00,965.9,966.45,965.65,966.3,171871,-0.0458,-0.3065,-85.06,966.1000,0.02
2025-09-16 14:20:00,966.3,967.85,966.1,967.65,319019,0.0642,-0.3065,-120.95,966.1000,0.16
2025-09-16 14:25:00,967.65,968,967.45,967.55,267658,0.1241,-0.3065,-140.49,966.1000,0.15
2025-09-16 14:30:00,967.55,968.45,967.5,968.1,259191,0.1906,-0.3065,-162.19,966.1000,0.21
2025-09-16 14:35:00,968.25,968.8,967.15,968.8,442291,0.2670,-0.3065,-187.11,966.1000,0.28
2025-09-16 14:40:00,968.8,969.25,968,968.2,186190,0.2620,-0.3065,-185.48,966.1000,0.22
2025-09-16 14:45:00,968.2,968.75,967.95,968.7,102539,0.2758,-0.3065,-189.98,966.1000,0.27
2025-09-16 14:50:00,968.7,968.7,967.25,967.8,440459,0.2107,-0.3065,-168.74,966.1000,0.18
2025-09-16 14:55:00,967.8,967.85,966.75,966.75,168638,0.0895,-0.3065,-129.20,966.1000,0.07
2025-09-16 15:00:00,967.1,967.9,966.65,967.6,721416,0.0605,-0.3065,-119.74,966.1000,0.16
2025-09-16 15:05:00,967.6,968.2,966.6,966.8,815933,-0.0145,-0.3065,-95.27,966.1000,0.07
2025-09-16 15:10:00,966.85,968,966.4,966.85,706198,-0.0602,-0.3065,-80.36,966.1000,0.08
2025-09-16 15:15:00,966.95,967.05,965.95,966.2,1023210,-0.1297,-0.3065,-57.68,966.1000,0.01
2025-09-16 15:20:00,966.2,966.95,965.6,966.4,1069194,-0.1559,-0.3065,-49.14,966.1000,0.03
2025-09-16 15:25:00,966.4,966.5,966.15,966.3,358684,-0.1724,-0.3065,-43.75,966.1000,0.02
2025-09-17 09:15:00,965.15,970.45,965.15,968.9,654787,-0.0092,-0.1724,-94.66,966.3000,0.27
2025-09-17 09:20:00,968.85,971.5,968.7,970.3,554002,0.1815,-0.1724,-205.28,966.3000,0.41
2025-09-17 09:25:00,970.3,970.65,969.3,970.5,316488,0.3024,-0.1724,-275.41,966.3000,0.43
2025-09-17 09:30:00,970.45,972,970.45,971.05,220716,0.3949,-0.1724,-329.06,966.3000,0.49
2025-09-17 09:35:00,971.05,972.4,970.7,972.25,225894,0.5053,-0.1724,-393.10,966.3000,0.62
2025-09-17 09:40:00,972.1,973.85,972.1,973,325404,0.5913,-0.1724,-442.98,966.3000,0.69
2025-09-17 09:45:00,973,973.75,972.5,973.45,198733,0.6369,-0.1724,-469.43,966.3000,0.74
2025-09-17 09:50:00,973.5,974.4,973.1,974.2,229221,0.6727,-0.1724,-490.20,966.3000,0.82
2025-09-17 09:55:00,974.3,974.3,972.1,972.3,139343,0.5296,-0.1724,-407.19,966.3000,0.62
2025-09-17 10:00:00,972.2,972.6,971.3,972.1,140855,0.3893,-0.1724,-325.81,966.3000,0.60
2025-09-17 10:05:00,972.1,972.2,971.3,971.5,91837,0.2316,-0.1724,-234.34,966.3000,0.54
2025-09-17 10:10:00,971.5,972,971,971.45,186679,0.1059,-0.1724,-161.43,966.3000,0.53
2025-09-17 10:15:00,971.5,971.6,970.65,970.85,143039,-0.0285,-0.1724,-83.47,966.3000,0.47
2025-09-17 10:20:00,970.85,971.55,970.7,971.1,197555,-0.1070,-0.1724,-37.94,966.3000,0.50
2025-09-17 10:25:00,971.05,971.15,969.3,969.45,173676,-0.2674,-0.1724,55.10,966.3000,0.33
2025-09-17 10:30:00,969.5,970.15,969.2,969.4,118145,-0.3680,-0.1724,113.46,966.3000,0.32
2025-09-17 10:35:00,969.35,969.4,968.8,969,162064,-0.4473,-0.1724,159.45,966.3000,0.28
2025-09-17 10:40:00,968.95,969.1,968,968.45,250487,-0.5177,-0.1724,200.29,966.3000,0.22
2025-09-17 10:45:00,968.4,969,968.25,968.65,82166,-0.5297,-0.1724,207.25,966.3000,0.24
2025-09-17 10:50:00,968.65,969.1,968.5,969.05,127371,-0.4906,-0.1724,184.57,966.3000,0.28
2025-09-17 10:55:00,969.05,970.4,968.85,969.15,286352,-0.4395,-0.1724,154.93,966.3000,0.29
2025-09-17 11:00:00,969.15,969.65,968.8,968.85,166025,-0.4080,-0.1724,136.66,966.3000,0.26
2025-09-17 11:05:00,968.85,970.6,968.55,970.5,233781,-0.2652,-0.1724,53.83,966.3000,0.43
2025-09-17 11:10:00,970.45,970.6,969.8,970.05,113943,-0.1935,-0.1724,12.24,966.3000,0.39
2025-09-17 11:15:00,970,970.15,969.3,969.35,102784,-0.1856,-0.1724,7.66,966.3000,0.32
2025-09-17 11:20:00,969.35,969.6,968.95,969,184715,-0.1954,-0.1724,13.34,966.3000,0.28
2025-09-17 11:25:00,969,969.2,968.9,968.95,139262,-0.1961,-0.1724,13.75,966.3000,0.27
2025-09-17 11:30:00,969,969.3,968.95,969,92971,-0.1843,-0.1724,6.90,966.3000,0.28
2025-09-17 11:35:00,969,969.05,968.55,968.8,128664,-0.1808,-0.1724,4.87,966.3000,0.26
2025-09-17 11:40:00,968.8,969.25,968.6,968.8,110830,-0.1695,-0.1724,-1.68,966.3000,0.26
2025-09-17 11:45:00,968.75,969.3,968.65,969,119220,-0.1408,-0.1724,-18.33,966.3000,0.28
2025-09-17 11:50:00,968.95,969.6,968.9,969.45,141476,-0.0863,-0.1724,-49.94,966.3000,0.33
2025-09-17 11:55:00,969.4,969.5,969.15,969.45,80914,-0.0472,-0.1724,-72.62,966.3000,0.33
2025-09-17 12:00:00,969.45,969.45,968.75,968.85,78899,-0.0578,-0.1724,-66.47,966.3000,0.26
2025-09-17 12:05:00,968.8,969.55,968.7,969.55,141414,-0.0160,-0.1724,-90.72,966.3000,0.34
2025-09-17 12:10:00,969.55,970.15,969,970.1,157538,0.0469,-0.1724,-127.20,966.3000,0.39
2025-09-17 12:15:00,970.15,970.45,970,970.1,118590,0.0846,-0.1724,-149.07,966.3000,0.39
2025-09-17 12:20:00,970.1,971,970,970.2,296321,0.1107,-0.1724,-164.21,966.3000,0.40
2025-09-17 12:25:00,970.2,970.65,969.65,970.45,296673,0.1374,-0.1724,-179.70,966.3000,0.43
2025-09-17 12:30:00,970.45,970.9,969.95,970.3,505308,0.1373,-0.1724,-179.64,966.3000,0.41
2025-09-17 12:35:00,970.3,970.45,969.4,969.6,210426,0.0850,-0.1724,-149.30,966.3000,0.34
2025-09-17 12:40:00,969.6,969.8,969.2,969.3,183967,0.0280,-0.1724,-116.24,966.3000,0.31
2025-09-17 12:45:00,969.3,969.3,968.5,968.95,175026,-0.0321,-0.1724,-81.38,966.3000,0.27
2025-09-17 12:50:00,968.95,968.95,968.1,968.8,195686,-0.0783,-0.1724,-54.58,966.3000,0.26
2025-09-17 12:55:00,968.8,968.95,968,968.7,314068,-0.1098,-0.1724,-36.31,966.3000,0.25
2025-09-17 13:00:00,968.8,969.35,968,968.45,363714,-0.1400,-0.1724,-18.79,966.3000,0.22
2025-09-17 13:05:00,968.45,968.75,967.95,968.25,132129,-0.1641,-0.1724,-4.81,966.3000,0.20
2025-09-17 13:10:00,968.3,968.55,967.8,968.2,122028,-0.1733,-0.1724,0.52,966.3000,0.20
2025-09-17 13:15:00,968.2,968.5,967.9,968.2,178225,-0.1690,-0.1724,-1.97,966.3000,0.20
2025-09-17 13:20:00,968.2,969,967.9,968.15,145270,-0.1593,-0.1724,-7.60,966.3000,0.19
2025-09-17 13:25:00,968.15,968.15,967.55,967.65,142610,-0.1750,-0.1724,1.51,966.3000,0.14
2025-09-17 13:30:00,967.65,967.9,967.25,967.6,146461,-0.1769,-0.1724,2.61,966.3000,0.13
2025-09-17 13:35:00,967.55,967.9,967.1,967.35,85825,-0.1822,-0.1724,5.68,966.3000,0.11
2025-09-17 13:40:00,967.35,967.5,967.05,967.1,103642,-0.1890,-0.1724,9.63,966.3000,0.08
2025-09-17 13:45:00,967.1,967.75,966.65,967.25,233197,-0.1704,-0.1724,-1.16,966.3000,0.10
2025-09-17 13:50:00,967.25,967.3,966.8,967,66117,-0.1621,-0.1724,-5.97,966.3000,0.07
2025-09-17 13:55:00,967,967,966,966.35,126751,-0.1857,-0.1724,7.71,966.3000,0.01
2025-09-17 14:00:00,966.35,966.6,966,966.35,143345,-0.1863,-0.1724,8.06,966.3000,0.01
2025-09-17 14:05:00,966.35,967.6,965.7,966.9,237761,-0.1368,-0.1724,-20.65,966.3000,0.06
2025-09-17 14:10:00,966.9,967.25,965.6,966.45,296705,-0.1221,-0.1724,-29.18,966.3000,0.02
2025-09-17 14:15:00,966.5,966.55,966,966.45,100949,-0.1009,-0.1724,-41.47,966.3000,0.02
2025-09-17 14:20:00,966.45,966.45,965.75,965.95,119944,-0.1085,-0.1724,-37.06,966.3000,-0.04
2025-09-17 14:25:00,965.95,966.8,965.1,965.9,473605,-0.1047,-0.1724,-39.27,966.3000,-0.04
2025-09-17 14:30:00,965.9,966.05,965.05,965.3,249250,-0.1289,-0.1724,-25.23,966.3000,-0.10
2025-09-17 14:35:00,965.35,965.4,964.6,964.8,280355,-0.1626,-0.1724,-5.68,966.3000,-0.16
2025-09-17 14:40:00,964.8,965.35,964.35,965.3,235731,-0.1364,-0.1724,-20.88,966.3000,-0.10
2025-09-17 14:45:00,965.3,965.4,964.8,964.9,141586,-0.1312,-0.1724,-23.90,966.3000,-0.14
2025-09-17 14:50:00,964.9,966.4,964.75,966.25,208559,-0.0273,-0.1724,-84.16,966.3000,-0.01
2025-09-17 14:55:00,966.3,966.4,966,966.25,138562,0.0469,-0.1724,-127.20,966.3000,-0.01
2025-09-17 15:00:00,966.3,967.4,966.25,966.85,630511,0.1366,-0.1724,-179.23,966.3000,0.06
2025-09-17 15:05:00,966.85,966.9,966.15,966.55,431521,0.1738,-0.1724,-200.81,966.3000,0.03
2025-09-17 15:10:00,966.5,966.8,966.4,966.65,480567,0.2011,-0.1724,-216.65,966.3000,0.04
2025-09-17 15:15:00,966.6,966.65,966.2,966.4,567603,0.1981,-0.1724,-214.91,966.3000,0.01
2025-09-17 15:20:00,966.4,966.45,965.9,966.25,676781,0.1821,-0.1724,-205.63,966.3000,-0.01
2025-09-17 15:25:00,966.2,967,965.95,967,580133,0.2159,-0.1724,-225.23,966.3000,0.07
2025-09-18 09:15:00,973.3,974.85,971,973.45,1535099,0.6423,0.2159,197.50,967.0000,0.67
2025-09-18 09:20:00,973.55,977.45,973.1,977.25,672993,1.1219,0.2159,419.64,967.0000,1.06
2025-09-18 09:25:00,977.25,979.65,975.65,976.4,590983,1.3104,0.2159,506.95,967.0000,0.97
2025-09-18 09:30:00,976.4,977.65,976,976.5,223980,1.3642,0.2159,531.87,967.0000,0.98
2025-09-18 09:35:00,976.5,977,976,976.15,167770,1.2989,0.2159,501.62,967.0000,0.95
2025-09-18 09:40:00,976.2,977,976,976.05,145761,1.1754,0.2159,444.42,967.0000,0.94
2025-09-18 09:45:00,976.05,976.95,975.35,976.15,221792,1.0320,0.2159,378.00,967.0000,0.95
2025-09-18 09:50:00,976.2,976.5,974.5,975.3,136679,0.8206,0.2159,280.08,967.0000,0.86
2025-09-18 09:55:00,975.3,976.5,975,976.25,126148,0.6907,0.2159,219.92,967.0000,0.96
2025-09-18 10:00:00,976.3,976.75,975.55,976.45,140585,0.5692,0.2159,163.64,967.0000,0.98
2025-09-18 10:05:00,976.45,977,975.65,976.8,143899,0.4677,0.2159,116.63,967.0000,1.01
2025-09-18 10:10:00,977,977,975.25,976.15,116615,0.3192,0.2159,47.85,967.0000,0.95
2025-09-18 10:15:00,976.15,976.3,975.45,975.85,80286,0.1705,0.2159,-21.03,967.0000,0.92
2025-09-18 10:20:00,975.9,976.2,975,975.05,67457,-0.0028,0.2159,-101.30,967.0000,0.83
2025-09-18 10:25:00,975.3,976.85,975,976.75,103569,-0.0228,0.2159,-110.56,967.0000,1.01
2025-09-18 10:30:00,976.75,976.75,975.5,975.6,121313,-0.1275,0.2159,-159.06,967.0000,0.89
2025-09-18 10:35:00,975.6,975.6,974.25,974.7,144307,-0.2637,0.2159,-222.14,967.0000,0.80
2025-09-18 10:40:00,974.7,975.8,974.65,975.35,132939,-0.3128,0.2159,-244.88,967.0000,0.86
2025-09-18 10:45:00,975.35,976.2,975.2,975.75,128234,-0.3201,0.2159,-248.26,967.0000,0.90
2025-09-18 10:50:00,975.8,976.35,975.55,976.25,135610,-0.2936,0.2159,-235.99,967.0000,0.96
2025-09-18 10:55:00,976.35,976.9,975.9,976.85,155714,-0.2404,0.2159,-211.35,967.0000,1.02
2025-09-18 11:00:00,976.9,977.85,976.8,976.8,144012,-0.2140,0.2159,-199.12,967.0000,1.01
2025-09-18 11:05:00,976.9,977,976.1,976.5,69748,-0.2214,0.2159,-202.55,967.0000,0.98
2025-09-18 11:10:00,976.5,976.9,976,976.35,70696,-0.2395,0.2159,-210.93,967.0000,0.97
2025-09-18 11:15:00,976.5,976.75,976.1,976.5,79801,-0.2436,0.2159,-212.83,967.0000,0.98
2025-09-18 11:20:00,976.5,976.85,976,976.05,86032,-0.2765,0.2159,-228.07,967.0000,0.94
2025-09-18 11:25:00,976.05,976.55,975,975.85,184581,-0.3091,0.2159,-243.17,967.0000,0.92
2025-09-18 11:30:00,975.9,977,975.7,976.6,179018,-0.2785,0.2159,-228.99,967.0000,0.99
2025-09-18 11:35:00,976.6,977.75,975.95,977.15,327911,-0.2220,0.2159,-202.83,967.0000,1.05
2025-09-18 11:40:00,977.15,977.3,976.3,976.85,83271,-0.2060,0.2159,-195.41,967.0000,1.02
2025-09-18 11:45:00,976.85,978,976.45,976.7,175235,-0.2062,0.2159,-195.51,967.0000,1.00
2025-09-18 11:50:00,976.65,976.95,975.8,976.15,91361,-0.2415,0.2159,-211.86,967.0000,0.95
2025-09-18 11:55:00,976.15,976.7,976,976.25,67266,-0.2550,0.2159,-218.11,967.0000,0.96
2025-09-18 12:00:00,976.25,976.85,975.9,976.2,109344,-0.2631,0.2159,-221.86,967.0000,0.95
2025-09-18 12:05:00,976.2,976.95,975.95,976.9,98489,-0.2190,0.2159,-201.44,967.0000,1.02
2025-09-18 12:10:00,976.9,977,975.8,976.5,178715,-0.2141,0.2159,-199.17,967.0000,0.98
2025-09-18 12:15:00,976.65,976.9,975.95,976.7,158207,-0.1952,0.2159,-190.41,967.0000,1.00
2025-09-18 12:20:00,976.85,976.9,976.1,976.5,131122,-0.1937,0.2159,-189.72,967.0000,0.98
2025-09-18 12:25:00,976.55,976.6,975,975.6,115521,-0.2474,0.2159,-214.59,967.0000,0.89
2025-09-18 12:30:00,975.6,975.95,974.8,975.05,100052,-0.3100,0.2159,-243.58,967.0000,0.83
2025-09-18 12:35:00,975.05,975.75,973.2,973.7,263177,-0.4252,0.2159,-296.94,967.0000,0.69
2025-09-18 12:40:00,974,974.65,972.95,974.55,214280,-0.4259,0.2159,-297.27,967.0000,0.78
2025-09-18 12:45:00,974.65,975.15,972.7,973.7,246335,-0.4625,0.2159,-314.22,967.0000,0.69
2025-09-18 12:50:00,973.75,973.85,973.05,973.45,97300,-0.4802,0.2159,-322.42,967.0000,0.67
2025-09-18 12:55:00,973.45,973.8,972.65,972.65,194890,-0.5191,0.2159,-340.44,967.0000,0.58
2025-09-18 13:00:00,972.85,972.85,969.25,970.8,316746,-0.6352,0.2159,-394.21,967.0000,0.39
2025-09-18 13:05:00,970.8,971.7,970,971,162408,-0.6612,0.2159,-406.25,967.0000,0.41
2025-09-18 13:10:00,971.25,971.9,970.05,971.35,170133,-0.6184,0.2159,-386.43,967.0000,0.45
2025-09-18 13:15:00,971.4,971.45,970.25,970.65,122421,-0.6003,0.2159,-378.05,967.0000,0.38
2025-09-18 13:20:00,970.7,972.2,969.65,971.75,264347,-0.4823,0.2159,-323.39,967.0000,0.49
2025-09-18 13:25:00,971.8,972.9,971.5,972.25,122471,-0.3451,0.2159,-259.84,967.0000,0.54
2025-09-18 13:30:00,972.25,973,971.4,972.7,247928,-0.2055,0.2159,-195.18,967.0000,0.59
2025-09-18 13:35:00,972.7,973.1,971.35,972.4,174644,-0.1191,0.2159,-155.16,967.0000,0.56
2025-09-18 13:40:00,972.35,972.5,971.9,972.4,54273,-0.0512,0.2159,-123.71,967.0000,0.56
2025-09-18 13:45:00,972.4,973.1,971.55,972.4,190993,0.0018,0.2159,-99.17,967.0000,0.56
2025-09-18 13:50:00,972.4,972.8,970.75,971.75,169674,0.0011,0.2159,-99.49,967.0000,0.49
2025-09-18 13:55:00,971.85,971.9,971.05,971.65,85653,0.0019,0.2159,-99.12,967.0000,0.48
2025-09-18 14:00:00,971.65,971.9,971,971.35,71228,-0.0092,0.2159,-104.26,967.0000,0.45
2025-09-18 14:05:00,971.65,971.7,969.75,970.55,221918,-0.0591,0.2159,-127.37,967.0000,0.37
2025-09-18 14:10:00,970.65,971.9,970.5,971.3,325529,-0.0315,0.2159,-114.59,967.0000,0.44
2025-09-18 14:15:00,971.6,971.85,970.9,971.8,70420,0.0272,0.2159,-87.40,967.0000,0.50
2025-09-18 14:20:00,971.85,972,970.75,971.4,167936,0.0448,0.2159,-79.25,967.0000,0.46
2025-09-18 14:25:00,971.2,972.4,970.65,971.6,310679,0.0741,0.2159,-65.68,967.0000,0.48
2025-09-18 14:30:00,971.75,972.55,971.35,971.75,172178,0.1056,0.2159,-51.09,967.0000,0.49
2025-09-18 14:35:00,971.75,972.4,971.3,972.2,247813,0.1559,0.2159,-27.79,967.0000,0.54
2025-09-18 14:40:00,972.25,973.4,972.15,973.3,399704,0.2564,0.2159,18.76,967.0000,0.65
2025-09-18 14:45:00,973.35,974.4,972.4,974.4,436704,0.3825,0.2159,77.17,967.0000,0.77
2025-09-18 14:50:00,974.35,975,973.5,974.3,226917,0.4406,0.2159,104.08,967.0000,0.75
2025-09-18 14:55:00,974.4,975.5,974.05,974.9,260674,0.4968,0.2159,130.11,967.0000,0.82
2025-09-18 15:00:00,974.75,976.8,974.65,976.55,624823,0.6146,0.2159,184.67,967.0000,0.99
2025-09-18 15:05:00,976.6,977,976.25,976.65,589967,0.6645,0.2159,207.78,967.0000,1.00
2025-09-18 15:10:00,976.65,977.45,976.15,976.85,607670,0.6742,0.2159,212.27,967.0000,1.02
2025-09-18 15:15:00,976.9,977.95,976.6,977.8,577773,0.7045,0.2159,226.31,967.0000,1.12
2025-09-18 15:20:00,977.75,977.95,976.75,977.6,580733,0.6711,0.2159,210.84,967.0000,1.10
2025-09-18 15:25:00,977.6,977.75,976,976,384957,0.5087,0.2159,135.62,967.0000,0.93
2025-09-19 09:15:00,974.9,976.7,973,973.95,845787,0.2440,0.5087,-52.03,976.0000,-0.21
2025-09-19 09:20:00,974.3,975.45,972.1,972.55,404141,-0.0300,0.5087,-105.90,976.0000,-0.35
2025-09-19 09:25:00,972.5,973,971.2,972.8,400566,-0.1901,0.5087,-137.37,976.0000,-0.33
2025-09-19 09:30:00,972.8,973.2,970.6,971.2,206450,-0.3880,0.5087,-176.27,976.0000,-0.49
2025-09-19 09:35:00,971.2,971.6,970.2,971.15,160702,-0.4994,0.5087,-198.17,976.0000,-0.50
2025-09-19 09:40:00,971.1,971.2,969.7,970.7,244526,-0.5752,0.5087,-213.07,976.0000,-0.54
2025-09-19 09:45:00,970.7,971.1,969.6,970.95,161142,-0.5787,0.5087,-213.76,976.0000,-0.52
2025-09-19 09:50:00,970.85,971.45,970.5,970.8,119763,-0.5609,0.5087,-210.26,976.0000,-0.53
2025-09-19 09:55:00,970.8,971.05,969.85,970.15,127946,-0.5614,0.5087,-210.36,976.0000,-0.60
2025-09-19 10:00:00,970.15,970.3,968.8,969.15,161480,-0.5942,0.5087,-216.81,976.0000,-0.70
2025-09-19 10:05:00,969.2,970.1,968.5,968.6,90547,-0.6157,0.5087,-221.03,976.0000,-0.76
2025-09-19 10:10:00,968.65,969.3,968.55,969.25,68806,-0.5508,0.5087,-208.28,976.0000,-0.69
2025-09-19 10:15:00,969.25,969.3,968.5,968.95,50543,-0.4946,0.5087,-197.23,976.0000,-0.72
2025-09-19 10:20:00,969,969.9,968.6,969.5,75319,-0.3915,0.5087,-176.96,976.0000,-0.67
2025-09-19 10:25:00,969.4,969.7,968.75,969.25,62736,-0.3145,0.5087,-161.82,976.0000,-0.69
2025-09-19 10:30:00,969.25,969.85,967.2,967.7,190770,-0.3401,0.5087,-166.86,976.0000,-0.85
2025-09-19 10:35:00,967.5,967.95,967.1,967.85,74919,-0.3194,0.5087,-162.79,976.0000,-0.84
2025-09-19 10:40:00,967.8,967.85,966.45,967.6,129554,-0.2957,0.5087,-158.13,976.0000,-0.86
2025-09-19 10:45:00,967.6,967.7,966.3,966.55,91213,-0.3216,0.5087,-163.22,976.0000,-0.97
2025-09-19 10:50:00,966.55,967.5,966.5,967.5,73577,-0.2489,0.5087,-148.93,976.0000,-0.87
2025-09-19 10:55:00,967.45,968,966.75,966.95,70840,-0.2134,0.5087,-141.95,976.0000,-0.93
2025-09-19 11:00:00,966.95,966.95,966,966.65,85904,-0.1866,0.5087,-136.68,976.0000,-0.96
2025-09-19 11:05:00,966.5,967.25,965.5,966.4,143273,-0.1631,0.5087,-132.06,976.0000,-0.98
2025-09-19 11:10:00,966.4,966.5,965.55,966,84478,-0.1520,0.5087,-129.88,976.0000,-1.02
2025-09-19 11:15:00,966,966.5,965.55,966.05,84502,-0.1203,0.5087,-123.65,976.0000,-1.02
2025-09-19 11:20:00,965.8,966.05,965,965.25,235865,-0.1313,0.5087,-125.81,976.0000,-1.10
2025-09-19 11:25:00,965.3,966.55,965,965.85,84410,-0.0787,0.5087,-115.47,976.0000,-1.04
2025-09-19 11:30:00,965.85,966.05,965.2,965.3,48935,-0.0624,0.5087,-112.27,976.0000,-1.10
2025-09-19 11:35:00,965.65,965.7,965,965.45,48657,-0.0248,0.5087,-104.88,976.0000,-1.08
2025-09-19 11:40:00,965.5,966.4,964.3,965,201689,-0.0141,0.5087,-102.77,976.0000,-1.13
2025-09-19 11:45:00,964.8,965.05,963.25,963.9,112414,-0.0622,0.5087,-112.23,976.0000,-1.24
2025-09-19 11:50:00,963.9,963.95,962.55,963.15,135444,-0.1222,0.5087,-124.02,976.0000,-1.32
2025-09-19 11:55:00,963.05,963.95,963,963.85,42612,-0.0937,0.5087,-118.42,976.0000,-1.24
2025-09-19 12:00:00,963.9,963.95,962.8,962.85,91350,-0.1195,0.5087,-123.49,976.0000,-1.35
2025-09-19 12:05:00,962.95,962.95,962.1,962.95,104933,-0.1075,0.5087,-121.13,976.0000,-1.34
2025-09-19 12:10:00,962.8,965,962.6,964.35,224286,0.0108,0.5087,-97.88,976.0000,-1.19
2025-09-19 12:15:00,964.35,964.35,963,963.05,90094,0.0172,0.5087,-96.62,976.0000,-1.33
2025-09-19 12:20:00,963.05,964.45,963,963.9,144198,0.0902,0.5087,-82.27,976.0000,-1.24
2025-09-19 12:25:00,963.9,964.2,962.8,963.4,164653,0.1148,0.5087,-77.43,976.0000,-1.29
2025-09-19 12:30:00,963.4,963.4,962.5,963,93691,0.1139,0.5087,-77.61,976.0000,-1.33
2025-09-19 12:35:00,963,963,962.6,962.95,49681,0.1192,0.5087,-76.57,976.0000,-1.34
2025-09-19 12:40:00,962.95,963.05,962.5,962.8,76930,0.1214,0.5087,-76.14,976.0000,-1.35
2025-09-19 12:45:00,962.8,963.2,962.4,962.75,144479,0.1276,0.5087,-74.92,976.0000,-1.36
2025-09-19 12:50:00,962.8,964,962.1,962.95,296677,0.1518,0.5087,-70.16,976.0000,-1.34
2025-09-19 12:55:00,962.85,963.8,962.85,963.1,84630,0.1823,0.5087,-64.16,976.0000,-1.32
2025-09-19 13:00:00,963.4,965.4,963.25,965.15,181155,0.3361,0.5087,-33.93,976.0000,-1.11
2025-09-19 13:05:00,965.15,965.5,964.8,965.05,134112,0.4211,0.5087,-17.22,976.0000,-1.12
2025-09-19 13:10:00,965,965.85,964.8,965.5,132489,0.4927,0.5087,-3.15,976.0000,-1.08
2025-09-19 13:15:00,965.6,966,965.4,966,207902,0.5541,0.5087,8.92,976.0000,-1.02
2025-09-19 13:20:00,966,966.7,965.05,966.55,528695,0.6080,0.5087,19.52,976.0000,-0.97
2025-09-19 13:25:00,966.5,966.75,966,966.35,337282,0.6050,0.5087,18.93,976.0000,-0.99
2025-09-19 13:30:00,966.65,966.8,966,966.75,131017,0.6034,0.5087,18.62,976.0000,-0.95
2025-09-19 13:35:00,966.75,967.85,965.8,967.05,313639,0.5950,0.5087,16.96,976.0000,-0.92
2025-09-19 13:40:00,967.05,967.3,966.55,966.8,127040,0.5464,0.5087,7.41,976.0000,-0.94
2025-09-19 13:45:00,966.75,967.1,966,966.35,136911,0.4611,0.5087,-9.36,976.0000,-0.99
2025-09-19 13:50:00,966.35,966.9,966,966.3,123254,0.3818,0.5087,-24.95,976.0000,-0.99
2025-09-19 13:55:00,966.25,966.7,965.6,966.3,179248,0.3126,0.5087,-38.55,976.0000,-0.99
2025-09-19 14:00:00,966.45,967.5,965.55,966.85,221290,0.2879,0.5087,-43.40,976.0000,-0.94
2025-09-19 14:05:00,966.85,967,966.15,966.7,127724,0.2469,0.5087,-51.46,976.0000,-0.95
2025-09-19 14:10:00,966.7,967.4,966.45,967.1,124433,0.2325,0.5087,-54.30,976.0000,-0.91
2025-09-19 14:15:00,967.15,967.65,965.7,966.15,260351,0.1488,0.5087,-70.75,976.0000,-1.01
2025-09-19 14:20:00,966.15,966.35,965.2,965.8,192013,0.0640,0.5087,-87.42,976.0000,-1.05
2025-09-19 14:25:00,965.75,966.2,964.3,966,232745,0.0179,0.5087,-96.48,976.0000,-1.02
2025-09-19 14:30:00,966,966.55,965.1,966.35,193507,0.0081,0.5087,-98.41,976.0000,-0.99
2025-09-19 14:35:00,966.35,966.9,965.5,965.9,161394,-0.0297,0.5087,-105.84,976.0000,-1.03
2025-09-19 14:40:00,965.9,966.25,965,965.1,170227,-0.1052,0.5087,-120.68,976.0000,-1.12
2025-09-19 14:45:00,965.05,965.5,965,965,120305,-0.1554,0.5087,-130.55,976.0000,-1.13
2025-09-19 14:50:00,965.05,966.1,964.6,965.65,193133,-0.1391,0.5087,-127.34,976.0000,-1.06
2025-09-19 14:55:00,965.7,966.25,965.4,965.7,129570,-0.1197,0.5087,-123.53,976.0000,-1.06
2025-09-19 15:00:00,965.55,968,965.55,967.25,2982341,-0.0036,0.5087,-100.71,976.0000,-0.90
2025-09-19 15:05:00,967.2,968.25,966.45,966.55,2703051,0.0236,0.5087,-95.36,976.0000,-0.97
2025-09-19 15:10:00,966.6,968,964.7,967.9,5098763,0.1243,0.5087,-75.57,976.0000,-0.83
2025-09-19 15:15:00,967.95,968.65,966.5,967.05,3234919,0.1252,0.5087,-75.39,976.0000,-0.92
2025-09-19 15:20:00,967.1,967.75,965.45,966.05,3063265,0.0537,0.5087,-89.44,976.0000,-1.02
2025-09-19 15:25:00,965.85,968.45,965.1,967,2258423,0.0647,0.5087,-87.28,976.0000,-0.92
2025-09-22 09:15:00,964,968.4,963.35,968.2,409468,0.1428,0.0647,120.71,967.0000,0.12
2025-09-22 09:20:00,968.1,969.7,967.6,969.35,229109,0.2553,0.0647,294.59,967.0000,0.24
2025-09-22 09:25:00,969.35,970.3,968.55,970.15,179809,0.3605,0.0647,457.19,967.0000,0.33
2025-09-22 09:30:00,970.15,970.85,969.7,969.8,135090,0.3815,0.0647,489.64,967.0000,0.29
2025-09-22 09:35:00,969.95,969.95,969,969.55,117282,0.3540,0.0647,447.14,967.0000,0.26
2025-09-22 09:40:00,969.5,969.55,968.65,969.3,68615,0.2969,0.0647,358.89,967.0000,0.24
2025-09-22 09:45:00,969.2,969.9,968.45,968.5,96472,0.1883,0.0647,191.04,967.0000,0.16
2025-09-22 09:50:00,968.5,968.95,967.8,968.85,75805,0.1262,0.0647,95.05,967.0000,0.19
2025-09-22 09:55:00,968.9,969.7,968.55,969.25,58075,0.0993,0.0647,53.48,967.0000,0.23
2025-09-22 10:00:00,969.25,970.4,968.6,970.4,145829,0.1436,0.0647,121.95,967.0000,0.35
2025-09-22 10:05:00,970.2,970.9,969.95,970.6,59247,0.1692,0.0647,161.51,967.0000,0.37
2025-09-22 10:10:00,970.55,971.2,970,970.25,76722,0.1463,0.0647,126.12,967.0000,0.34
2025-09-22 10:15:00,970.35,970.7,969.35,969.75,80755,0.0842,0.0647,30.14,967.0000,0.28
2025-09-22 10:20:00,969.85,970,968.4,968.8,37211,-0.0280,0.0647,-143.28,967.0000,0.19
2025-09-22 10:25:00,968.7,969.45,968.25,969.45,37955,-0.0637,0.0647,-198.45,967.0000,0.25
2025-09-22 10:30:00,969.45,970,969.45,969.7,40896,-0.0748,0.0647,-215.61,967.0000,0.28
2025-09-22 10:35:00,969.7,970,969.6,969.95,32351,-0.0698,0.0647,-207.88,967.0000,0.31
2025-09-22 10:40:00,969.95,970,968,969.6,126747,-0.0931,0.0647,-243.89,967.0000,0.27
2025-09-22 10:45:00,969.65,970,968.55,969,69123,-0.1487,0.0647,-329.83,967.0000,0.21
2025-09-22 10:50:00,969,969.55,968.35,968.9,106546,-0.1893,0.0647,-392.58,967.0000,0.20
2025-09-22 10:55:00,968.85,969.25,968.25,968.95,71115,-0.2085,0.0647,-422.26,967.0000,0.20
2025-09-22 11:00:00,968.6,969.35,967.55,967.65,174034,-0.2988,0.0647,-561.82,967.0000,0.07
2025-09-22 11:05:00,967.65,968,967.6,967.95,54113,-0.3262,0.0647,-604.17,967.0000,0.10
2025-09-22 11:10:00,967.95,967.95,967.25,967.85,40450,-0.3376,0.0647,-621.79,967.0000,0.09
2025-09-22 11:15:00,967.85,967.85,967,967.4,41697,-0.3598,0.0647,-656.11,967.0000,0.04
2025-09-22 11:20:00,967.35,967.4,966.3,967,65071,-0.3837,0.0647,-693.04,967.0000,0.00
2025-09-22 11:25:00,967,967.05,966.75,967,35281,-0.3810,0.0647,-688.87,967.0000,0.00
2025-09-22 11:30:00,967,967.05,966.1,966.7,57970,-0.3800,0.0647,-687.33,967.0000,-0.03
2025-09-22 11:35:00,966.85,966.9,966.1,966.5,33988,-0.3729,0.0647,-676.35,967.0000,-0.05
2025-09-22 11:40:00,966.5,967.1,966.5,967.1,37645,-0.3105,0.0647,-579.91,967.0000,0.01
2025-09-22 11:45:00,967.05,967.05,966.3,966.7,29144,-0.2797,0.0647,-532.30,967.0000,-0.03
2025-09-22 11:50:00,966.7,967.5,966.6,967.1,120143,-0.2187,0.0647,-438.02,967.0000,0.01
2025-09-22 11:55:00,967.1,967.95,966.65,967.2,244496,-0.1606,0.0647,-348.22,967.0000,0.02
2025-09-22 12:00:00,967.2,967.8,966.2,967.1,158672,-0.1198,0.0647,-285.16,967.0000,0.01
2025-09-22 12:05:00,966.9,967.6,966.65,967.15,61263,-0.0821,0.0647,-226.89,967.0000,0.02
2025-09-22 12:10:00,967.5,967.9,966.5,967.5,220818,-0.0290,0.0647,-144.82,967.0000,0.05
2025-09-22 12:15:00,967.5,969.95,967.3,968.45,393029,0.0694,0.0647,7.26,967.0000,0.15
2025-09-22 12:20:00,968.5,969.7,967.75,968.5,189116,0.1333,0.0647,106.03,967.0000,0.16
2025-09-22 12:25:00,968.8,969.15,968.15,968.75,75333,0.1848,0.0647,185.63,967.0000,0.18
2025-09-22 12:30:00,968.95,969.45,968.35,969.1,47346,0.2317,0.0647,258.11,967.0000,0.22
2025-09-22 12:35:00,969.1,969.65,968.05,969.5,94478,0.2760,0.0647,326.58,967.0000,0.26
2025-09-22 12:40:00,969.6,970,969,969.3,149581,0.2774,0.0647,328.75,967.0000,0.24
2025-09-22 12:45:00,969.3,969.8,968.9,969.45,44477,0.2736,0.0647,322.87,967.0000,0.25
2025-09-22 12:50:00,969.5,969.8,968.05,968.3,71165,0.1830,0.0647,182.84,967.0000,0.13
2025-09-22 12:55:00,968.3,968.95,967.85,968.8,91572,0.1478,0.0647,128.44,967.0000,0.19
2025-09-22 13:00:00,968.8,969.7,967.9,968.75,145394,0.1136,0.0647,75.58,967.0000,0.18
2025-09-22 13:05:00,968.6,969,967.5,967.7,125635,0.0178,0.0647,-72.49,967.0000,0.07
2025-09-22 13:10:00,967.7,967.7,966.7,966.7,75229,-0.1084,0.0647,-267.54,967.0000,-0.03
2025-09-22 13:15:00,966.7,966.8,966.2,966.3,66321,-0.2086,0.0647,-422.41,967.0000,-0.07
2025-09-22 13:20:00,966.45,966.8,966,966.25,103695,-0.2643,0.0647,-508.50,967.0000,-0.08
2025-09-22 13:25:00,966.25,967.25,966,966.3,204672,-0.2824,0.0647,-536.48,967.0000,-0.07
2025-09-22 13:30:00,966.3,966.55,965.35,965.75,178038,-0.3134,0.0647,-584.39,967.0000,-0.13
2025-09-22 13:35:00,965.75,966.75,965.2,966.45,88251,-0.2706,0.0647,-518.24,967.0000,-0.06
2025-09-22 13:40:00,966.35,966.75,966.05,966.5,45027,-0.2245,0.0647,-446.99,967.0000,-0.05
2025-09-22 13:45:00,966.5,966.65,966.05,966.25,43461,-0.1974,0.0647,-405.10,967.0000,-0.08
2025-09-22 13:50:00,966.25,966.75,965.6,965.9,59596,-0.1896,0.0647,-393.04,967.0000,-0.11
2025-09-22 13:55:00,965.9,966.25,965.15,965.95,89516,-0.1683,0.0647,-360.12,967.0000,-0.11
2025-09-22 14:00:00,965.9,966.1,965.2,965.55,142511,-0.1681,0.0647,-359.81,967.0000,-0.15
2025-09-22 14:05:00,965.25,966.35,964.6,965.25,437010,-0.1742,0.0647,-369.24,967.0000,-0.18
2025-09-22 14:10:00,965.25,966.3,965.25,966.25,62732,-0.1007,0.0647,-255.64,967.0000,-0.08
2025-09-22 14:15:00,966.3,966.5,965.55,966.2,92203,-0.0479,0.0647,-174.03,967.0000,-0.08
2025-09-22 14:20:00,966.2,966.65,966,966.25,59345,-0.0044,0.0647,-106.80,967.0000,-0.08
2025-09-22 14:25:00,966.3,966.45,965,965.05,70342,-0.0487,0.0647,-175.27,967.0000,-0.20
2025-09-22 14:30:00,965.05,965.9,965,965.3,77862,-0.0531,0.0647,-182.07,967.0000,-0.18
2025-09-22 14:35:00,965.3,965.3,964.1,964.9,70825,-0.0736,0.0647,-213.76,967.0000,-0.22
2025-09-22 14:40:00,964.95,965,963.2,963.7,231694,-0.1540,0.0647,-338.02,967.0000,-0.34
2025-09-22 14:45:00,963.5,964,961.95,963.7,417045,-0.1908,0.0647,-394.90,967.0000,-0.34
2025-09-22 14:50:00,963.7,964.6,963.25,964.2,154496,-0.1660,0.0647,-356.57,967.0000,-0.29
2025-09-22 14:55:00,964.25,964.45,963.05,964,233725,-0.1482,0.0647,-329.06,967.0000,-0.31
2025-09-22 15:00:00,963.85,965.4,963.6,964.15,511755,-0.1131,0.0647,-274.81,967.0000,-0.29
2025-09-22 15:05:00,964.15,964.2,962.55,962.95,305272,-0.1548,0.0647,-339.26,967.0000,-0.42
2025-09-22 15:10:00,962.95,963.45,962.8,963.15,342796,-0.1527,0.0647,-336.01,967.0000,-0.40
2025-09-22 15:15:00,963.2,964.75,963.1,964.55,385870,-0.0465,0.0647,-171.87,967.0000,-0.25
2025-09-22 15:20:00,964.55,965.75,964.45,965.55,331362,0.0941,0.0647,45.44,967.0000,-0.15
2025-09-22 15:25:00,965.55,966,964.3,965.4,251709,0.1752,0.0647,170.79,967.0000,-0.17
2025-09-23 09:15:00,967,968.2,965.2,966.55,658049,0.2973,0.1752,69.69,965.4000,0.12
2025-09-23 09:20:00,966.7,967.5,965.6,965.8,281452,0.3169,0.1752,80.88,965.4000,0.04
2025-09-23 09:25:00,966,966.5,965,965.05,142507,0.2704,0.1752,54.34,965.4000,-0.04
2025-09-23 09:30:00,965.05,965.1,963.1,963.85,253240,0.1556,0.1752,-11.19,965.4000,-0.16
2025-09-23 09:35:00,963.95,964.05,963.05,963.65,115941,0.0674,0.1752,-61.53,965.4000,-0.18
2025-09-23 09:40:00,963.6,964.5,961.45,962,280570,-0.0920,0.1752,-152.51,965.4000,-0.35
2025-09-23 09:45:00,962.35,962.45,961.4,961.95,94065,-0.1856,0.1752,-205.94,965.4000,-0.36
2025-09-23 09:50:00,961.95,962.75,961.7,962.7,70791,-0.1814,0.1752,-203.54,965.4000,-0.28
2025-09-23 09:55:00,962.7,965.05,962.65,963.5,358742,-0.1126,0.1752,-164.27,965.4000,-0.20
2025-09-23 10:00:00,963.6,963.9,963.05,963.25,49626,-0.0736,0.1752,-142.01,965.4000,-0.22
2025-09-23 10:05:00,963.25,963.9,962.9,963,81435,-0.0552,0.1752,-131.51,965.4000,-0.25
2025-09-23 10:10:00,962.9,963,962,962,67982,-0.0984,0.1752,-156.16,965.4000,-0.35
2025-09-23 10:15:00,962,962.8,961.35,961.4,83964,-0.1522,0.1752,-186.87,965.4000,-0.41
2025-09-23 10:20:00,961.4,961.4,958.55,959.75,233804,-0.2765,0.1752,-257.82,965.4000,-0.59
2025-09-23 10:25:00,959.75,959.85,958.9,959.45,60570,-0.3517,0.1752,-300.74,965.4000,-0.62
2025-09-23 10:30:00,959.45,959.55,958.95,959.2,57534,-0.3881,0.1752,-321.52,965.4000,-0.64
2025-09-23 10:35:00,959.2,960.35,959,960.1,67852,-0.3241,0.1752,-284.99,965.4000,-0.55
2025-09-23 10:40:00,960.1,960.6,959.7,960.5,63028,-0.2316,0.1752,-232.19,965.4000,-0.51
2025-09-23 10:45:00,960.5,960.95,959.3,959.85,88750,-0.1927,0.1752,-209.99,965.4000,-0.57
2025-09-23 10:50:00,959.85,960,959,959.35,68277,-0.1793,0.1752,-202.34,965.4000,-0.63
2025-09-23 10:55:00,959.45,959.45,957.95,958.85,169451,-0.1823,0.1752,-204.05,965.4000,-0.68
2025-09-23 11:00:00,958.85,960,958.7,959.25,94761,-0.1374,0.1752,-178.42,965.4000,-0.64
2025-09-23 11:05:00,959.25,959.25,957.75,958.2,125598,-0.1572,0.1752,-189.73,965.4000,-0.75
2025-09-23 11:10:00,958.1,958.3,956.4,956.9,154493,-0.2320,0.1752,-232.42,965.4000,-0.88
2025-09-23 11:15:00,956.9,957.15,956,956.1,184327,-0.3050,0.1752,-274.09,965.4000,-0.96
2025-09-23 11:20:00,956.2,956.85,955.5,956.6,74523,-0.2894,0.1752,-265.18,965.4000,-0.91
2025-09-23 11:25:00,956.6,956.95,956.3,956.7,52407,-0.2439,0.1752,-239.21,965.4000,-0.90
2025-09-23 11:30:00,956.7,957.95,956,957.25,268657,-0.1528,0.1752,-187.21,965.4000,-0.84
2025-09-23 11:35:00,957.25,957.75,957,957.55,61379,-0.0534,0.1752,-130.48,965.4000,-0.81
2025-09-23 11:40:00,957.55,958.7,957.45,958.6,182738,0.0938,0.1752,-46.46,965.4000,-0.70
2025-09-23 11:45:00,958.6,959.35,958.5,958.65,90113,0.1994,0.1752,13.81,965.4000,-0.70
2025-09-23 11:50:00,958.6,958.75,957.85,958.6,214018,0.2664,0.1752,52.05,965.4000,-0.70
2025-09-23 11:55:00,958.6,959.2,958.25,959.15,78104,0.3434,0.1752,96.00,965.4000,-0.65
2025-09-23 12:00:00,959.15,959.15,958.1,958.25,74792,0.3294,0.1752,88.01,965.4000,-0.74
2025-09-23 12:05:00,958.25,960.3,958.1,959.8,319754,0.4147,0.1752,136.70,965.4000,-0.58
2025-09-23 12:10:00,959.8,960.5,959.55,960.5,296491,0.5024,0.1752,186.76,965.4000,-0.51
2025-09-23 12:15:00,960.4,961.75,960,961.6,356538,0.6116,0.1752,249.09,965.4000,-0.39
2025-09-23 12:20:00,961.6,962.6,961.05,961.9,177187,0.6760,0.1752,285.84,965.4000,-0.36
2025-09-23 12:25:00,961.9,963.4,961.7,963.4,161899,0.7840,0.1752,347.49,965.4000,-0.21
2025-09-23 12:30:00,963.4,964.55,962.8,964.2,175825,0.8672,0.1752,394.98,965.4000,-0.12
2025-09-23 12:35:00,964.3,966.35,964.1,965.8,336684,0.9796,0.1752,459.13,965.4000,0.04
2025-09-23 12:40:00,965.8,966.25,964,964.1,176279,0.8916,0.1752,408.90,965.4000,-0.13
2025-09-23 12:45:00,964.25,964.85,963.35,964,213536,0.7826,0.1752,346.69,965.4000,-0.15
2025-09-23 12:50:00,964.1,964.8,963.55,964,170201,0.6708,0.1752,282.88,965.4000,-0.15
2025-09-23 12:55:00,964.1,964.3,963,963.15,97561,0.5073,0.1752,189.55,965.4000,-0.23
2025-09-23 13:00:00,963.15,964.05,962.65,963.3,172457,0.3827,0.1752,118.44,965.4000,-0.22
2025-09-23 13:05:00,963.3,963.65,962.05,962.55,211977,0.2306,0.1752,31.62,965.4000,-0.30
2025-09-23 13:10:00,962.6,963.1,962.05,962.6,142927,0.1199,0.1752,-31.56,965.4000,-0.29
2025-09-23 13:15:00,962.6,962.65,961.5,962.1,132732,0.0054,0.1752,-96.92,965.4000,-0.34
2025-09-23 13:20:00,962.1,962.25,961.5,961.8,125981,-0.0925,0.1752,-152.80,965.4000,-0.37
2025-09-23 13:25:00,961.8,962.2,961.05,962.05,224748,-0.1398,0.1752,-179.79,965.4000,-0.35
2025-09-23 13:30:00,962.05,963.45,961.6,963.3,269221,-0.0886,0.1752,-150.57,965.4000,-0.22
2025-09-23 13:35:00,963.3,963.35,961.75,962.3,172027,-0.1218,0.1752,-169.52,965.4000,-0.32
2025-09-23 13:40:00,962.3,962.8,961.7,962,142985,-0.1611,0.1752,-191.95,965.4000,-0.35
2025-09-23 13:45:00,962,962.45,961.45,961.55,206939,-0.2116,0.1752,-220.78,965.4000,-0.40
2025-09-23 13:50:00,961.5,961.85,960.8,961.3,130733,-0.2530,0.1752,-244.41,965.4000,-0.42
2025-09-23 13:55:00,961.3,961.4,960.3,960.9,79346,-0.2956,0.1752,-268.72,965.4000,-0.47
2025-09-23 14:00:00,960.85,962.85,960.7,962.4,121264,-0.2148,0.1752,-222.60,965.4000,-0.31
2025-09-23 14:05:00,962.35,963.6,961.75,962.75,257548,-0.1338,0.1752,-176.37,965.4000,-0.27
2025-09-23 14:10:00,962.7,963,960.05,960.3,340247,-0.2353,0.1752,-234.30,965.4000,-0.53
2025-09-23 14:15:00,960.25,961,958.8,960,390099,-0.3082,0.1752,-275.91,965.4000,-0.56
2025-09-23 14:20:00,960,960.7,959.05,960.4,223864,-0.3138,0.1752,-279.11,965.4000,-0.52
2025-09-23 14:25:00,960.4,960.5,959.3,959.95,264836,-0.3306,0.1752,-288.70,965.4000,-0.56
2025-09-23 14:30:00,959.95,959.95,958.25,959,418647,-0.3846,0.1752,-319.52,965.4000,-0.66
2025-09-23 14:35:00,959,960.35,958.25,958.95,464814,-0.4009,0.1752,-328.82,965.4000,-0.67
2025-09-23 14:40:00,958.95,960.45,958.3,960.45,319012,-0.2927,0.1752,-267.07,965.4000,-0.51
2025-09-23 14:45:00,960.35,960.7,958,958.65,567045,-0.3222,0.1752,-283.90,965.4000,-0.70
2025-09-23 14:50:00,958.65,959.75,957.55,958.05,718193,-0.3592,0.1752,-305.02,965.4000,-0.76
2025-09-23 14:55:00,958,958.6,957.3,957.85,668203,-0.3725,0.1752,-312.61,965.4000,-0.78
2025-09-23 15:00:00,957.85,958.15,956.7,957.15,984433,-0.4013,0.1752,-329.05,965.4000,-0.85
2025-09-23 15:05:00,957.05,957.7,956.35,957.1,1178055,-0.3960,0.1752,-326.03,965.4000,-0.86
2025-09-23 15:10:00,957.1,958,956.2,957.6,1321504,-0.3335,0.1752,-290.35,965.4000,-0.81
2025-09-23 15:15:00,957.5,958.1,957.1,957.35,1045840,-0.2856,0.1752,-263.01,965.4000,-0.83
2025-09-23 15:20:00,957.7,957.7,956.5,957.1,983693,-0.2487,0.1752,-241.95,965.4000,-0.86
2025-09-23 15:25:00,956.85,958.5,956.75,958.45,753744,-0.1180,0.1752,-167.35,965.4000,-0.72
2025-09-24 09:15:00,952.2,956.45,952.2,955.3,506778,-0.2221,-0.1180,88.22,958.4500,-0.33
2025-09-24 09:20:00,955.3,956,954.15,955.75,183712,-0.2379,-0.1180,101.61,958.4500,-0.28
2025-09-24 09:25:00,955.7,955.95,953.5,954.4,202273,-0.3117,-0.1180,164.15,958.4500,-0.42
2025-09-24 09:30:00,954.4,954.5,952.3,953.2,168636,-0.4077,-0.1180,245.51,958.4500,-0.55
2025-09-24 09:35:00,953.05,953.2,951.45,951.9,130057,-0.5181,-0.1180,339.07,958.4500,-0.68
2025-09-24 09:40:00,951.85,951.9,949.35,950.45,164432,-0.6401,-0.1180,442.46,958.4500,-0.83
2025-09-24 09:45:00,950.5,950.75,949.6,949.75,73916,-0.7136,-0.1180,504.75,958.4500,-0.91
2025-09-24 09:50:00,950.05,950.4,948.65,949.9,106685,-0.6971,-0.1180,490.76,958.4500,-0.89
2025-09-24 09:55:00,949.65,950.15,949,949.7,68019,-0.6457,-0.1180,447.20,958.4500,-0.91
2025-09-24 10:00:00,949.7,950.1,948.15,948.45,210564,-0.6407,-0.1180,442.97,958.4500,-1.04
2025-09-24 10:05:00,948.25,948.7,948.05,948.4,115612,-0.5870,-0.1180,397.46,958.4500,-1.05
2025-09-24 10:10:00,948.4,948.45,947.15,947.4,209158,-0.5648,-0.1180,378.64,958.4500,-1.15
2025-09-24 10:15:00,947.25,948.05,946.6,947.3,209024,-0.5049,-0.1180,327.88,958.4500,-1.16
2025-09-24 10:20:00,947.25,948.3,947.15,948.1,126047,-0.3659,-0.1180,210.08,958.4500,-1.08
2025-09-24 10:25:00,948,948.35,947.5,947.55,80623,-0.2699,-0.1180,128.73,958.4500,-1.14
2025-09-24 10:30:00,947.55,948.15,947,947,135383,-0.2053,-0.1180,73.98,958.4500,-1.19
2025-09-24 10:35:00,947.15,947.7,946.65,946.85,109803,-0.1377,-0.1180,16.69,958.4500,-1.21
2025-09-24 10:40:00,946.85,946.95,945.05,945.85,321445,-0.1258,-0.1180,6.61,958.4500,-1.31
2025-09-24 10:45:00,945.85,946.8,945.2,946.15,208246,-0.0661,-0.1180,-43.98,958.4500,-1.28
2025-09-24 10:50:00,946.1,946.8,944.75,945.65,353722,-0.0305,-0.1180,-74.15,958.4500,-1.34
2025-09-24 10:55:00,946,947.35,945.65,947.1,125453,0.1126,-0.1180,-195.42,958.4500,-1.18
2025-09-24 11:00:00,947.25,947.3,945.2,945.6,107297,0.1272,-0.1180,-207.80,958.4500,-1.34
2025-09-24 11:05:00,945.6,946,943.25,943.9,199097,0.0472,-0.1180,-140.00,958.4500,-1.52
2025-09-24 11:10:00,944,945.2,943.55,944.9,65461,0.0845,-0.1180,-171.61,958.4500,-1.41
2025-09-24 11:15:00,944.85,945.15,944.55,944.8,57665,0.1229,-0.1180,-204.15,958.4500,-1.42
2025-09-24 11:20:00,944.8,945,943.5,943.9,102592,0.1087,-0.1180,-192.12,958.4500,-1.52
2025-09-24 11:25:00,943.8,945,943,944.5,127847,0.1577,-0.1180,-233.64,958.4500,-1.46
2025-09-24 11:30:00,944.6,944.95,944,944.65,45216,0.2146,-0.1180,-281.86,958.4500,-1.44
2025-09-24 11:35:00,944.5,945.2,944,945.2,98076,0.2987,-0.1180,-353.14,958.4500,-1.38
2025-09-24 11:40:00,945,946.55,945,945.6,239386,0.3850,-0.1180,-426.27,958.4500,-1.34
2025-09-24 11:45:00,945.55,946,945.35,945.6,45834,0.4418,-0.1180,-474.41,958.4500,-1.34
2025-09-24 11:50:00,945.6,945.8,945.1,945.6,39230,0.4762,-0.1180,-503.56,958.4500,-1.34
2025-09-24 11:55:00,945.6,945.8,945,945.4,89993,0.4808,-0.1180,-507.46,958.4500,-1.36
2025-09-24 12:00:00,945.35,945.4,944.55,944.95,99448,0.4495,-0.1180,-480.93,958.4500,-1.41
2025-09-24 12:05:00,944.9,945,944.3,944.75,78451,0.4123,-0.1180,-449.41,958.4500,-1.43
2025-09-24 12:10:00,944.9,945.95,944.55,945.8,67623,0.4521,-0.1180,-483.14,958.4500,-1.32
2025-09-24 12:15:00,945.8,946.8,945.4,946.7,193407,0.5275,-0.1180,-547.03,958.4500,-1.23
2025-09-24 12:20:00,946.75,947.95,946.55,947.05,145961,0.5850,-0.1180,-595.76,958.4500,-1.19
2025-09-24 12:25:00,947,947.2,946.75,947.1,78672,0.6077,-0.1180,-615.00,958.4500,-1.18
2025-09-24 12:30:00,947.05,947.6,946.9,947.3,84509,0.6157,-0.1180,-621.78,958.4500,-1.16
2025-09-24 12:35:00,947.3,948.3,946.95,947.3,220347,0.5998,-0.1180,-608.31,958.4500,-1.16
2025-09-24 12:40:00,947.3,947.45,946.8,947.05,50857,0.5525,-0.1180,-568.22,958.4500,-1.19
2025-09-24 12:45:00,946.95,947.6,946.5,947.55,63500,0.5346,-0.1180,-553.05,958.4500,-1.14
2025-09-24 12:50:00,947.45,948,947.3,947.9,68263,0.5252,-0.1180,-545.08,958.4500,-1.10
2025-09-24 12:55:00,947.85,948.5,947.65,948.5,105592,0.5364,-0.1180,-554.58,958.4500,-1.04
2025-09-24 13:00:00,948.5,948.85,948.05,948.65,98587,0.5301,-0.1180,-549.24,958.4500,-1.02
2025-09-24 13:05:00,948.65,948.95,948.1,948.65,113344,0.5022,-0.1180,-525.59,958.4500,-1.02
2025-09-24 13:10:00,948.4,949.8,948.35,949.4,151349,0.5091,-0.1180,-531.44,958.4500,-0.94
2025-09-24 13:15:00,949.35,949.6,948.7,949.25,147975,0.4788,-0.1180,-505.76,958.4500,-0.96
2025-09-24 13:20:00,949.15,949.5,948.9,949.15,54082,0.4288,-0.1180,-463.39,958.4500,-0.97
2025-09-24 13:25:00,949.1,949.5,948.55,948.95,139163,0.3618,-0.1180,-406.61,958.4500,-0.99
2025-09-24 13:30:00,948.95,949.85,948.95,949.4,71721,0.3283,-0.1180,-378.22,958.4500,-0.94
2025-09-24 13:35:00,949.2,949.8,949.05,949.2,72962,0.2753,-0.1180,-333.31,958.4500,-0.97
2025-09-24 13:40:00,949.2,949.75,949,949.35,70695,0.2346,-0.1180,-298.81,958.4500,-0.95
2025-09-24 13:45:00,949.1,949.4,948.2,948.65,73881,0.1489,-0.1180,-226.19,958.4500,-1.02
2025-09-24 13:50:00,948.45,949.5,948.25,949.1,60812,0.1126,-0.1180,-195.42,958.4500,-0.98
2025-09-24 13:55:00,949.05,949.6,948.25,948.4,133252,0.0355,-0.1180,-130.08,958.4500,-1.05
2025-09-24 14:00:00,948.7,949,948.25,948.5,61528,-0.0121,-0.1180,-89.75,958.4500,-1.04
2025-09-24 14:05:00,948.35,948.6,947.15,947.3,82120,-0.1218,-0.1180,3.22,958.4500,-1.16
2025-09-24 14:10:00,947.25,947.75,946.35,946.85,110980,-0.2164,-0.1180,83.39,958.4500,-1.21
2025-09-24 14:15:00,946.6,948.3,946.6,947.5,237887,-0.2259,-0.1180,91.44,958.4500,-1.14
2025-09-24 14:20:00,947.65,947.8,946,947.05,232570,-0.2513,-0.1180,112.97,958.4500,-1.19
2025-09-24 14:25:00,947.4,948.2,946.75,948,126135,-0.1954,-0.1180,65.59,958.4500,-1.09
2025-09-24 14:30:00,948.05,948.15,947.05,947.85,166285,-0.1612,-0.1180,36.61,958.4500,-1.11
2025-09-24 14:35:00,947.85,949.25,947.55,948.65,257176,-0.0814,-0.1180,-31.02,958.4500,-1.02
2025-09-24 14:40:00,948.75,949.15,947.4,948.25,614276,-0.0536,-0.1180,-54.58,958.4500,-1.06
2025-09-24 14:45:00,948.35,949.2,948,948.75,425647,-0.0024,-0.1180,-97.97,958.4500,-1.01
2025-09-24 14:50:00,949,949.45,948.7,949.2,142716,0.0578,-0.1180,-148.98,958.4500,-0.97
2025-09-24 14:55:00,949.2,949.6,948.7,948.95,158276,0.0755,-0.1180,-163.98,958.4500,-0.99
2025-09-24 15:00:00,949.05,951.25,948.75,951.2,856093,0.2251,-0.1180,-290.76,958.4500,-0.76
2025-09-24 15:05:00,951.2,951.7,950.7,951.7,821891,0.3373,-0.1180,-385.85,958.4500,-0.70
2025-09-24 15:10:00,951.7,952.75,950.9,952.4,494707,0.4322,-0.1180,-466.27,958.4500,-0.63
2025-09-24 15:15:00,952.4,952.55,951.2,951.85,825897,0.4305,-0.1180,-464.83,958.4500,-0.69
2025-09-24 15:20:00,951.85,951.95,950.05,951,726876,0.3483,-0.1180,-395.17,958.4500,-0.78
2025-09-24 15:25:00,951,951.5,950,951,629374,0.2733,-0.1180,-331.61,958.4500,-0.78
2025-09-25 09:15:00,952.5,954,947.4,948.75,989376,0.0625,0.2733,-77.13,951.0000,-0.24
2025-09-25 09:20:00,948.65,950.5,948.2,950,173340,0.0010,0.2733,-99.63,951.0000,-0.11
2025-09-25 09:25:00,950,952.7,950,952.1,339035,0.0904,0.2733,-66.92,951.0000,0.12
2025-09-25 09:30:00,952,953.5,951.5,952.1,237072,0.1355,0.2733,-50.42,951.0000,0.12
2025-09-25 09:35:00,952.15,953.45,951.5,953,172060,0.2077,0.2733,-24.00,951.0000,0.21
2025-09-25 09:40:00,952.95,954.4,951.6,952.1,179515,0.1777,0.2733,-34.98,951.0000,0.12
2025-09-25 09:45:00,952.2,953.85,951.6,953.65,181736,0.2411,0.2733,-11.78,951.0000,0.28
2025-09-25 09:50:00,953.65,953.65,952.3,953.05,162209,0.2220,0.2733,-18.77,951.0000,0.22
2025-09-25 09:55:00,952.95,953.35,952.3,952.9,96279,0.1804,0.2733,-33.99,951.0000,0.20
2025-09-25 10:00:00,952.75,952.95,951.5,951.95,114601,0.0755,0.2733,-72.37,951.0000,0.10
2025-09-25 10:05:00,951.95,952.2,951,951.45,109938,-0.0352,0.2733,-112.88,951.0000,0.05
2025-09-25 10:10:00,951.55,952.3,951.15,951.5,113627,-0.1084,0.2733,-139.66,951.0000,0.05
2025-09-25 10:15:00,951.45,952,951.05,951.5,139557,-0.1573,0.2733,-157.56,951.0000,0.05
2025-09-25 10:20:00,951.5,952.35,951.15,952.25,143528,-0.1401,0.2733,-151.26,951.0000,0.13
2025-09-25 10:25:00,952.25,952.9,951.55,952.45,152444,-0.1172,0.2733,-142.88,951.0000,0.15
2025-09-25 10:30:00,952.45,953.25,952.05,952.55,129255,-0.0980,0.2733,-135.86,951.0000,0.16
2025-09-25 10:35:00,952.55,952.55,951.25,951.8,121410,-0.1363,0.2733,-149.87,951.0000,0.08
2025-09-25 10:40:00,951.75,952.6,950.3,951.65,465766,-0.1698,0.2733,-162.13,951.0000,0.07
2025-09-25 10:45:00,951.6,953.2,951.5,952.4,179346,-0.1409,0.2733,-151.56,951.0000,0.15
2025-09-25 10:50:00,952.4,953.9,951.9,952.7,587163,-0.1027,0.2733,-137.58,951.0000,0.18
2025-09-25 10:55:00,952.75,953.1,951.8,952.05,226657,-0.1211,0.2733,-144.31,951.0000,0.11
2025-09-25 11:00:00,952.05,952.6,951.45,952.15,126134,-0.1259,0.2733,-146.07,951.0000,0.12
2025-09-25 11:05:00,952.2,952.4,950.6,951.2,86886,-0.1886,0.2733,-169.01,951.0000,0.02
2025-09-25 11:10:00,951.25,952.45,951.2,952.2,130561,-0.1594,0.2733,-158.32,951.0000,0.13
2025-09-25 11:15:00,952.1,952.6,951.85,952.6,110612,-0.1121,0.2733,-141.02,951.0000,0.17
2025-09-25 11:20:00,952.65,954.65,952.5,953.75,261726,-0.0079,0.2733,-102.89,951.0000,0.29
2025-09-25 11:25:00,953.85,954.5,953.2,953.8,152300,0.0565,0.2733,-79.33,951.0000,0.29
2025-09-25 11:30:00,953.85,955.8,953.75,954.7,414141,0.1466,0.2733,-46.36,951.0000,0.39
2025-09-25 11:35:00,954.8,955,954,954.2,94373,0.1583,0.2733,-42.08,951.0000,0.34
2025-09-25 11:40:00,954.25,954.5,952.9,953.3,140242,0.0946,0.2733,-65.39,951.0000,0.24
2025-09-25 11:45:00,953.4,954.2,952.95,953.1,227142,0.0312,0.2733,-88.58,951.0000,0.22
2025-09-25 11:50:00,953.05,953.3,952.05,952.2,196222,-0.0733,0.2733,-126.82,951.0000,0.13
2025-09-25 11:55:00,952.25,953.15,951.4,951.4,368889,-0.1916,0.2733,-170.11,951.0000,0.04
2025-09-25 12:00:00,951.45,952.5,951.3,952.4,293498,-0.1969,0.2733,-172.05,951.0000,0.15
2025-09-25 12:05:00,952.4,952.4,951.3,951.5,106376,-0.2521,0.2733,-192.24,951.0000,0.05
2025-09-25 12:10:00,951.5,952.4,951.2,952,340415,-0.2456,0.2733,-189.86,951.0000,0.11
2025-09-25 12:15:00,952,952.65,951.5,952.15,170852,-0.2227,0.2733,-181.49,951.0000,0.12
2025-09-25 12:20:00,952.2,953.1,951.65,952.3,185564,-0.1901,0.2733,-169.56,951.0000,0.14
2025-09-25 12:25:00,952.25,953.55,952.15,953.2,398006,-0.1048,0.2733,-138.35,951.0000,0.23
2025-09-25 12:30:00,953,955,952.85,954.4,573114,0.0283,0.2733,-89.65,951.0000,0.36
2025-09-25 12:35:00,954.35,954.45,953,954.05,127911,0.0856,0.2733,-68.68,951.0000,0.32
2025-09-25 12:40:00,954,955,952.85,953.05,344317,0.0505,0.2733,-81.52,951.0000,0.22
2025-09-25 12:45:00,953.1,954.45,953.05,954.05,392402,0.0870,0.2733,-68.17,951.0000,0.32
2025-09-25 12:50:00,954,954.15,953.5,954.1,159560,0.1055,0.2733,-61.40,951.0000,0.33
2025-09-25 12:55:00,954.15,954.45,953.6,954,153406,0.1021,0.2733,-62.64,951.0000,0.32
2025-09-25 13:00:00,954,955.45,953.8,954.85,367147,0.1454,0.2733,-46.80,951.0000,0.40
2025-09-25 13:05:00,955,957.45,954.9,956.6,501836,0.2729,0.2733,-0.15,951.0000,0.59
2025-09-25 13:10:00,956.6,958,955.7,955.8,270067,0.2831,0.2733,3.59,951.0000,0.50
2025-09-25 13:15:00,955.95,956.85,954.6,956.85,505506,0.3366,0.2733,23.16,951.0000,0.62
2025-09-25 13:20:00,956.85,957.25,954.05,954.8,462365,0.2160,0.2733,-20.97,951.0000,0.40
2025-09-25 13:25:00,954.85,955.5,954.15,954.85,198231,0.1259,0.2733,-53.93,951.0000,0.40
2025-09-25 13:30:00,954.85,956.15,954.7,954.95,219509,0.0628,0.2733,-77.02,951.0000,0.42
2025-09-25 13:35:00,954.95,955.7,954.2,954.9,332249,0.0100,0.2733,-96.34,951.0000,0.41
2025-09-25 13:40:00,954.9,955,954.1,954.75,137163,-0.0399,0.2733,-114.60,951.0000,0.39
2025-09-25 13:45:00,954.7,955.45,954.45,955.25,172655,-0.0438,0.2733,-116.03,951.0000,0.45
2025-09-25 13:50:00,955.25,955.45,954.65,955.3,246261,-0.0473,0.2733,-117.31,951.0000,0.45
2025-09-25 13:55:00,955.2,956.05,954.1,954.6,439446,-0.0981,0.2733,-135.89,951.0000,0.38
2025-09-25 14:00:00,954.6,955.25,954.15,954.9,164490,-0.1118,0.2733,-140.91,951.0000,0.41
2025-09-25 14:05:00,954.9,955.25,954.25,954.85,329749,-0.1237,0.2733,-145.26,951.0000,0.40
2025-09-25 14:10:00,954.7,955.2,954,954.85,581731,-0.1303,0.2733,-147.68,951.0000,0.40
2025-09-25 14:15:00,954.85,955.2,953.95,954.35,544260,-0.1649,0.2733,-160.34,951.0000,0.35
2025-09-25 14:20:00,954.4,954.85,954.15,954.25,278217,-0.1893,0.2733,-169.26,951.0000,0.34
2025-09-25 14:25:00,954.25,955.15,953.6,953.75,542388,-0.2311,0.2733,-184.56,951.0000,0.29
2025-09-25 14:30:00,953.85,954,953,953,265671,-0.2971,0.2733,-208.71,951.0000,0.21
2025-09-25 14:35:00,952.95,953.05,951.4,952.4,518907,-0.3645,0.2733,-233.37,951.0000,0.15
2025-09-25 14:40:00,952.4,952.95,951.5,952.65,352670,-0.3742,0.2733,-236.92,951.0000,0.17
2025-09-25 14:45:00,952.4,952.95,951,951.9,632209,-0.4102,0.2733,-250.09,951.0000,0.09
2025-09-25 14:50:00,951.9,952.3,951.3,952,600688,-0.4056,0.2733,-248.41,951.0000,0.11
2025-09-25 14:55:00,952,953,951.35,951.9,628984,-0.3876,0.2733,-241.82,951.0000,0.09
2025-09-25 15:00:00,952,952.05,949.9,950.25,1726599,-0.4603,0.2733,-268.42,951.0000,-0.08
2025-09-25 15:05:00,950.3,950.7,948.95,949.4,2017271,-0.5338,0.2733,-295.32,951.0000,-0.17
2025-09-25 15:10:00,949.45,950.25,949,949.15,1928325,-0.5645,0.2733,-306.55,951.0000,-0.19
2025-09-25 15:15:00,949.3,950.3,948.75,949.5,2094937,-0.5272,0.2733,-292.90,951.0000,-0.16
2025-09-25 15:20:00,949.55,950,948.9,949.75,1908780,-0.4544,0.2733,-266.26,951.0000,-0.13
2025-09-25 15:25:00,949.75,951.65,949.2,951.2,1097308,-0.2855,0.2733,-204.46,951.0000,0.02
2025-09-26 09:15:00,945.1,951.45,944.1,950.15,917011,-0.2242,-0.2855,-21.47,951.2000,-0.11
2025-09-26 09:20:00,950.3,950.45,948.85,949.05,155363,-0.2362,-0.2855,-17.27,951.2000,-0.23
2025-09-26 09:25:00,949.15,949.85,947.05,947.2,154507,-0.3408,-0.2855,19.37,951.2000,-0.42
2025-09-26 09:30:00,947.05,947.4,945.5,947.3,188821,-0.3728,-0.2855,30.58,951.2000,-0.41
2025-09-26 09:35:00,947.3,948.05,946.3,946.8,74321,-0.3950,-0.2855,38.35,951.2000,-0.46
2025-09-26 09:40:00,946.8,946.8,945.5,945.75,62063,-0.4441,-0.2855,55.55,951.2000,-0.57
2025-09-26 09:45:00,945.75,946.95,945.3,946.15,103376,-0.4140,-0.2855,45.01,951.2000,-0.53
2025-09-26 09:50:00,946.5,948.2,946.15,946.5,191164,-0.3380,-0.2855,18.39,951.2000,-0.49
2025-09-26 09:55:00,946.5,947.4,946.4,946.75,67237,-0.2429,-0.2855,-14.92,951.2000,-0.47
2025-09-26 10:00:00,946.75,947.35,946.45,947.35,61713,-0.1179,-0.2855,-58.70,951.2000,-0.40
2025-09-26 10:05:00,947.3,947.35,946.65,947.05,61749,-0.0378,-0.2855,-86.76,951.2000,-0.44
2025-09-26 10:10:00,947,947.3,947,947.1,39268,0.0322,-0.2855,-111.28,951.2000,-0.43
2025-09-26 10:15:00,947.1,948.2,947.05,947.65,106974,0.1242,-0.2855,-143.50,951.2000,-0.37
2025-09-26 10:20:00,947.65,948.5,947.65,948.45,57301,0.2408,-0.2855,-184.34,951.2000,-0.29
2025-09-26 10:25:00,948.4,949.4,948.25,948.3,93388,0.3055,-0.2855,-207.01,951.2000,-0.30
2025-09-26 10:30:00,948.35,948.9,948,948.35,56763,0.3463,-0.2855,-221.30,951.2000,-0.30
2025-09-26 10:35:00,948.35,948.5,947.25,947.45,40300,0.3087,-0.2855,-208.13,951.2000,-0.39
2025-09-26 10:40:00,947.3,947.4,946.15,946.5,78325,0.2199,-0.2855,-177.02,951.2000,-0.49
2025-09-26 10:45:00,946.35,946.4,945,945.5,275104,0.1001,-0.2855,-135.06,951.2000,-0.60
2025-09-26 10:50:00,945.45,946.35,945,945.95,593427,0.0594,-0.2855,-120.81,951.2000,-0.55
2025-09-26 10:55:00,946,946.6,945.7,946.2,79645,0.0574,-0.2855,-120.11,951.2000,-0.53
2025-09-26 11:00:00,946.1,946.65,945.45,945.55,131019,0.0224,-0.2855,-107.85,951.2000,-0.59
2025-09-26 11:05:00,945.5,947.15,945.5,946.7,155457,0.0832,-0.2855,-129.14,951.2000,-0.47
2025-09-26 11:10:00,946.7,946.7,945.65,945.7,144307,0.0636,-0.2855,-122.28,951.2000,-0.58
2025-09-26 11:15:00,945.9,946,945.3,945.7,41544,0.0582,-0.2855,-120.39,951.2000,-0.58
2025-09-26 11:20:00,945.65,947,945.25,946.45,132561,0.1097,-0.2855,-138.42,951.2000,-0.50
2025-09-26 11:25:00,946.1,946.6,945.55,945.8,69226,0.1047,-0.2855,-136.67,951.2000,-0.57
2025-09-26 11:30:00,945.7,945.8,945,945.45,124368,0.0833,-0.2855,-129.18,951.2000,-0.60
2025-09-26 11:35:00,945.35,945.9,945.1,945.55,80361,0.0814,-0.2855,-128.51,951.2000,-0.59
2025-09-26 11:40:00,945.55,946.75,945.35,946.65,226950,0.1554,-0.2855,-154.43,951.2000,-0.48
2025-09-26 11:45:00,946.6,947.25,945.3,946.9,260279,0.2185,-0.2855,-176.53,951.2000,-0.45
2025-09-26 11:50:00,946.75,947.3,946,947.15,140668,0.2709,-0.2855,-194.89,951.2000,-0.43
2025-09-26 11:55:00,947.1,947.75,946.75,946.8,120274,0.2751,-0.2855,-196.36,951.2000,-0.46
2025-09-26 12:00:00,946.9,947.55,946.2,946.65,309591,0.2608,-0.2855,-191.35,951.2000,-0.48
2025-09-26 12:05:00,946.65,947.55,945.8,947.4,279809,0.2926,-0.2855,-202.49,951.2000,-0.40
2025-09-26 12:10:00,947.45,947.75,946.4,946.8,38898,0.2649,-0.2855,-192.78,951.2000,-0.46
2025-09-26 12:15:00,946.9,947.5,946,947.25,77903,0.2676,-0.2855,-193.73,951.2000,-0.42
2025-09-26 12:20:00,947.25,947.9,947.1,947.9,53170,0.3014,-0.2855,-205.57,951.2000,-0.35
2025-09-26 12:25:00,947.9,948.1,947.8,947.95,43396,0.3140,-0.2855,-209.98,951.2000,-0.34
2025-09-26 12:30:00,947.95,948.4,947.55,948.4,58375,0.3375,-0.2855,-218.21,951.2000,-0.29
2025-09-26 12:35:00,948.25,948.55,947.1,947.35,47984,0.2700,-0.2855,-194.57,951.2000,-0.40
2025-09-26 12:40:00,947.4,947.6,946.8,947.6,64819,0.2314,-0.2855,-181.05,951.2000,-0.38
2025-09-26 12:45:00,947.5,947.9,946.75,947.2,115199,0.1709,-0.2855,-159.86,951.2000,-0.42
2025-09-26 12:50:00,947.15,947.7,947.1,947.6,81275,0.1506,-0.2855,-152.75,951.2000,-0.38
2025-09-26 12:55:00,947.35,947.7,945.65,946.7,326177,0.0731,-0.2855,-125.60,951.2000,-0.47
2025-09-26 13:00:00,946.6,948.25,946.35,948.1,110253,0.1106,-0.2855,-138.74,951.2000,-0.33
2025-09-26 13:05:00,947.85,948.95,947.7,948.55,173643,0.1572,-0.2855,-155.06,951.2000,-0.28
2025-09-26 13:10:00,948.5,948.8,947.95,948.25,50399,0.1589,-0.2855,-155.66,951.2000,-0.31
2025-09-26 13:15:00,948.2,949.95,948.2,949.55,256943,0.2341,-0.2855,-182.00,951.2000,-0.17
2025-09-26 13:20:00,949.6,949.85,948.55,949.55,220613,0.2679,-0.2855,-193.84,951.2000,-0.17
2025-09-26 13:25:00,949.55,949.7,949.05,949.2,67059,0.2511,-0.2855,-187.95,951.2000,-0.21
2025-09-26 13:30:00,949.2,949.45,947.8,948,88847,0.1486,-0.2855,-152.05,951.2000,-0.34
2025-09-26 13:35:00,947.9,948.85,947.85,948.65,104461,0.1155,-0.2855,-140.46,951.2000,-0.27
2025-09-26 13:40:00,948.75,949.2,947.3,947.4,134616,0.0061,-0.2855,-102.14,951.2000,-0.40
2025-09-26 13:45:00,947.4,947.75,946.9,947.55,166785,-0.0561,-0.2855,-80.35,951.2000,-0.38
2025-09-26 13:50:00,947.65,947.75,945.6,945.6,449835,-0.2192,-0.2855,-23.22,951.2000,-0.59
2025-09-26 13:55:00,945.6,946.45,944.4,945.2,282051,-0.3377,-0.2855,18.28,951.2000,-0.63
2025-09-26 14:00:00,945.15,945.7,943.35,943.5,133322,-0.5042,-0.2855,76.60,951.2000,-0.81
2025-09-26 14:05:00,943.55,944.2,942.85,943,84765,-0.6143,-0.2855,115.17,951.2000,-0.86
2025-09-26 14:10:00,943,943.7,941.3,943.65,797191,-0.6085,-0.2855,113.13,951.2000,-0.79
2025-09-26 14:15:00,943.5,944.5,942.4,944.45,395410,-0.5195,-0.2855,81.96,951.2000,-0.71
2025-09-26 14:20:00,944.45,944.95,943.6,943.95,112606,-0.4646,-0.2855,62.73,951.2000,-0.76
2025-09-26 14:25:00,943.95,945,943.7,944.8,90608,-0.3469,-0.2855,21.51,951.2000,-0.67
2025-09-26 14:30:00,944.85,945.3,943.85,943.85,141721,-0.3100,-0.2855,8.58,951.2000,-0.77
2025-09-26 14:35:00,944,945.05,943.55,944.5,137149,-0.2229,-0.2855,-21.93,951.2000,-0.70
2025-09-26 14:40:00,944.55,945.45,944.25,944.8,129901,-0.1308,-0.2855,-54.19,951.2000,-0.67
2025-09-26 14:45:00,945.05,945.15,944.25,944.55,95505,-0.0750,-0.2855,-73.73,951.2000,-0.70
2025-09-26 14:50:00,944.9,945.45,943.1,943.25,409756,-0.1119,-0.2855,-60.81,951.2000,-0.84
2025-09-26 14:55:00,943.25,945,943.2,944.5,215501,-0.0419,-0.2855,-85.32,951.2000,-0.70
2025-09-26 15:00:00,944.5,945,943.9,944.15,318780,-0.0106,-0.2855,-96.29,951.2000,-0.74
2025-09-26 15:05:00,944.15,946.4,943.9,945.45,505972,0.1001,-0.2855,-135.06,951.2000,-0.60
2025-09-26 15:10:00,945.5,945.75,944.85,945.45,381371,0.1716,-0.2855,-160.11,951.2000,-0.60
2025-09-26 15:15:00,945.4,945.45,944.5,945.1,478846,0.1921,-0.2855,-167.29,951.2000,-0.64
2025-09-26 15:20:00,945.05,945.55,944.45,944.75,508329,0.1791,-0.2855,-162.73,951.2000,-0.68
2025-09-26 15:25:00,944.85,945.1,942.9,944.25,407791,0.1357,-0.2855,-147.53,951.2000,-0.73
2025-09-29 09:15:00,946.05,946.5,939.1,940.1,2064889,-0.1576,0.1357,-216.14,944.2500,-0.44
2025-09-29 09:20:00,940.4,945.6,940.25,945.35,463100,0.0081,0.1357,-94.03,944.2500,0.12
2025-09-29 09:25:00,945.35,947.25,945.2,946.75,233267,0.2070,0.1357,52.54,944.2500,0.26
2025-09-29 09:30:00,946.75,948.85,946.55,948.75,228904,0.4541,0.1357,234.64,944.2500,0.48
2025-09-29 09:35:00,948.75,949.8,948.75,949.65,239634,0.6473,0.1357,377.01,944.2500,0.57
2025-09-29 09:40:00,949.5,950.85,949.15,950.7,219954,0.8047,0.1357,493.00,944.2500,0.68
2025-09-29 09:45:00,950.8,952.3,950.7,951.4,140780,0.9071,0.1357,568.46,944.2500,0.76
2025-09-29 09:50:00,951.6,951.6,949.25,949.75,177350,0.8178,0.1357,502.65,944.2500,0.58
2025-09-29 09:55:00,949.75,951.1,949.75,950.3,1980828,0.7514,0.1357,453.72,944.2500,0.64
2025-09-29 10:00:00,950.2,951.85,950,950.85,184620,0.7012,0.1357,416.73,944.2500,0.70
2025-09-29 10:05:00,950.85,951.9,950.5,951.45,137373,0.6654,0.1357,390.35,944.2500,0.76
2025-09-29 10:10:00,951.4,952,950.9,951.2,119086,0.5847,0.1357,330.88,944.2500,0.74
2025-09-29 10:15:00,951.2,952.95,950.9,952.75,132184,0.5936,0.1357,337.44,944.2500,0.90
2025-09-29 10:20:00,952.75,953.55,952.55,953.5,117754,0.6059,0.1357,346.50,944.2500,0.98
2025-09-29 10:25:00,953.5,953.7,952.05,952.7,110689,0.5193,0.1357,282.68,944.2500,0.89
2025-09-29 10:30:00,952.7,953.4,952.3,952.5,212998,0.4123,0.1357,203.83,944.2500,0.87
2025-09-29 10:35:00,952.6,953.5,951.9,952.65,205188,0.3196,0.1357,135.52,944.2500,0.89
2025-09-29 10:40:00,952.65,952.85,950.9,951.55,390010,0.1603,0.1357,18.13,944.2500,0.77
2025-09-29 10:45:00,951.65,952.2,951,951.1,181641,0.0086,0.1357,-93.66,944.2500,0.73
2025-09-29 10:50:00,951.1,952,950.9,950.95,149917,-0.1113,0.1357,-182.02,944.2500,0.71
2025-09-29 10:55:00,951.1,952.5,950.25,951.8,289260,-0.1408,0.1357,-203.76,944.2500,0.80
2025-09-29 11:00:00,952.05,952.95,951.7,952.65,202806,-0.1118,0.1357,-182.39,944.2500,0.89
2025-09-29 11:05:00,952.7,954,952.65,953.95,165770,-0.0186,0.1357,-113.71,944.2500,1.03
2025-09-29 11:10:00,954,954.15,952,952.6,103964,-0.0593,0.1357,-143.70,944.2500,0.88
2025-09-29 11:15:00,952.5,952.7,951.6,952.35,286178,-0.1114,0.1357,-182.09,944.2500,0.86
2025-09-29 11:20:00,952.3,952.65,951.85,952.2,124638,-0.1612,0.1357,-218.79,944.2500,0.84
2025-09-29 11:25:00,952.1,952.4,951.3,951.6,91391,-0.2353,0.1357,-273.40,944.2500,0.78
2025-09-29 11:30:00,951.5,951.6,950.15,950.5,114335,-0.3522,0.1357,-359.54,944.2500,0.66
2025-09-29 11:35:00,950.55,950.75,949.2,950,1455741,-0.4507,0.1357,-432.13,944.2500,0.61
2025-09-29 11:40:00,950.2,951,949.6,950.6,168310,-0.4612,0.1357,-439.87,944.2500,0.67
2025-09-29 11:45:00,950.6,951,949.6,950.1,89531,-0.4852,0.1357,-457.55,944.2500,0.62
2025-09-29 11:50:00,950,951.3,949.8,950,132015,-0.4897,0.1357,-460.87,944.2500,0.61
2025-09-29 11:55:00,950,951.6,950,950.65,131003,-0.4329,0.1357,-419.01,944.2500,0.68
2025-09-29 12:00:00,950.6,950.85,949.45,950.15,80612,-0.4129,0.1357,-404.27,944.2500,0.62
2025-09-29 12:05:00,950.35,951.7,949.8,950,561707,-0.3939,0.1357,-390.27,944.2500,0.61
2025-09-29 12:10:00,950.05,950.05,948.45,948.6,252620,-0.4553,0.1357,-435.52,944.2500,0.46
2025-09-29 12:15:00,948.6,949.95,947.35,947.65,372415,-0.5341,0.1357,-493.59,944.2500,0.36
2025-09-29 12:20:00,947.5,948.4,947.1,947.85,108204,-0.5451,0.1357,-501.69,944.2500,0.38
2025-09-29 12:25:00,947.85,947.9,947.3,947.6,86272,-0.5405,0.1357,-498.31,944.2500,0.35
2025-09-29 12:30:00,947.5,948.05,946.75,948,215612,-0.4836,0.1357,-456.37,944.2500,0.40
2025-09-29 12:35:00,948,948.05,946,946.25,138589,-0.5331,0.1357,-492.85,944.2500,0.21
2025-09-29 12:40:00,946.25,946.9,946.15,946.5,63684,-0.5178,0.1357,-481.58,944.2500,0.24
2025-09-29 12:45:00,946.5,948,946,946.55,263381,-0.4743,0.1357,-449.52,944.2500,0.24
2025-09-29 12:50:00,946.65,947.65,946.3,946.65,186744,-0.4111,0.1357,-402.95,944.2500,0.25
2025-09-29 12:55:00,946.7,947.9,946.65,947.55,88819,-0.2869,0.1357,-311.42,944.2500,0.35
2025-09-29 13:00:00,947.55,949.55,946.95,949.45,581832,-0.0664,0.1357,-148.93,944.2500,0.55
2025-09-29 13:05:00,949.45,949.5,946.3,948.3,353935,0.0083,0.1357,-93.88,944.2500,0.43
2025-09-29 13:10:00,948,949.45,947.95,949.45,158472,0.1344,0.1357,-0.96,944.2500,0.55
2025-09-29 13:15:00,949.45,950,947.8,949.4,273925,0.2094,0.1357,54.31,944.2500,0.55
2025-09-29 13:20:00,949.4,952,949.4,951.9,115117,0.4105,0.1357,202.51,944.2500,0.81
2025-09-29 13:25:00,951.9,953.95,951.3,953.95,391472,0.6506,0.1357,379.44,944.2500,1.03
2025-09-29 13:30:00,953.95,955.95,953.8,955.1,277291,0.8436,0.1357,521.67,944.2500,1.15
2025-09-29 13:35:00,954.9,955.7,954.6,955.5,183203,0.9471,0.1357,597.94,944.2500,1.19
2025-09-29 13:40:00,955.5,955.5,952.9,954,307562,0.8658,0.1357,538.03,944.2500,1.03
2025-09-29 13:45:00,953.95,955.45,953.9,954.85,502999,0.8208,0.1357,504.86,944.2500,1.12
2025-09-29 13:50:00,954.85,955.25,953.95,954.25,402840,0.7065,0.1357,420.63,944.2500,1.06
2025-09-29 13:55:00,954.25,955,953.3,954.45,271198,0.6043,0.1357,345.32,944.2500,1.08
2025-09-29 14:00:00,954.55,955.95,954.55,955.9,157980,0.5934,0.1357,337.29,944.2500,1.23
2025-09-29 14:05:00,955.8,956.8,955,955,182461,0.4890,0.1357,260.35,944.2500,1.14
2025-09-29 14:10:00,955.05,955.9,954.6,955.15,219037,0.3973,0.1357,192.78,944.2500,1.15
2025-09-29 14:15:00,955.15,955.65,954.1,955.2,458172,0.3111,0.1357,129.26,944.2500,1.16
2025-09-29 14:20:00,955.2,956.45,955.1,955.35,218440,0.2385,0.1357,75.76,944.2500,1.18
2025-09-29 14:25:00,955.35,956.15,954.95,955.2,422763,0.1587,0.1357,16.95,944.2500,1.16
2025-09-29 14:30:00,955.5,956.75,955,956.65,610986,0.1801,0.1357,32.72,944.2500,1.31
2025-09-29 14:35:00,956.65,956.8,955.3,955.55,348667,0.1008,0.1357,-25.72,944.2500,1.20
2025-09-29 14:40:00,955.45,955.9,952.8,953.15,290988,-0.1207,0.1357,-188.95,944.2500,0.94
2025-09-29 14:45:00,953.1,953.5,951.55,951.95,308663,-0.3428,0.1357,-352.62,944.2500,0.82
2025-09-29 14:50:00,951.95,952.45,951.35,952,288543,-0.4732,0.1357,-448.71,944.2500,0.82
2025-09-29 14:55:00,952,952.55,951.5,951.6,213230,-0.5668,0.1357,-517.69,944.2500,0.78
2025-09-29 15:00:00,951.6,951.75,948.2,948.2,2085709,-0.8226,0.1357,-706.19,944.2500,0.42
2025-09-29 15:05:00,948.35,950.3,948.15,949.9,1738488,-0.8394,0.1357,-718.57,944.2500,0.60
2025-09-29 15:10:00,949.9,951,949.35,950,1790979,-0.8057,0.1357,-693.74,944.2500,0.61
2025-09-29 15:15:00,950,950.75,949.8,949.9,1712323,-0.7530,0.1357,-654.90,944.2500,0.60
2025-09-29 15:20:00,949.95,953.35,949.85,952.95,2085920,-0.4884,0.1357,-459.91,944.2500,0.92
2025-09-29 15:25:00,952.95,953.95,951.5,953.4,1056294,-0.2697,0.1357,-298.75,944.2500,0.97
2025-09-30 09:15:00,958.05,960,953.35,955,738640,-0.0172,-0.2697,-93.62,953.4000,0.17
2025-09-30 09:20:00,955,957.5,954.4,956.95,373977,0.2656,-0.2697,-198.48,953.4000,0.37
2025-09-30 09:25:00,956.95,957.7,953.55,953.55,227009,0.2106,-0.2697,-178.09,953.4000,0.02
2025-09-30 09:30:00,953.6,954.8,952.55,954,311378,0.1918,-0.2697,-171.12,953.4000,0.06
2025-09-30 09:35:00,954,954.35,953.35,953.85,141527,0.1582,-0.2697,-158.66,953.4000,0.05
2025-09-30 09:40:00,953.85,954.65,953,953.25,227548,0.0878,-0.2697,-132.55,953.4000,-0.02
2025-09-30 09:45:00,953.05,953.65,951.7,953.5,193259,0.0521,-0.2697,-119.32,953.4000,0.01
2025-09-30 09:50:00,953.45,953.7,951.35,951.8,193161,-0.0844,-0.2697,-68.71,953.4000,-0.17
2025-09-30 09:55:00,951.75,951.85,950.65,951.15,143129,-0.2099,-0.2697,-22.17,953.4000,-0.24
2025-09-30 10:00:00,951.1,952.45,950.3,951.05,210130,-0.2862,-0.2697,6.12,953.4000,-0.25
2025-09-30 10:05:00,951.05,951.5,949.7,950.15,111226,-0.3782,-0.2697,40.23,953.4000,-0.34
2025-09-30 10:10:00,950.2,950.75,949.05,949.8,95035,-0.4392,-0.2697,62.85,953.4000,-0.38
2025-09-30 10:15:00,949.75,950.85,949.6,950.55,105639,-0.4063,-0.2697,50.65,953.4000,-0.30
2025-09-30 10:20:00,950.55,951.55,950.1,950.85,91524,-0.3442,-0.2697,27.62,953.4000,-0.27
2025-09-30 10:25:00,950.85,951.05,949.45,949.65,114617,-0.3619,-0.2697,34.19,953.4000,-0.39
2025-09-30 10:30:00,949.7,950.05,949.35,949.9,123428,-0.3353,-0.2697,24.32,953.4000,-0.37
2025-09-30 10:35:00,949.95,950.2,949.05,949.9,222004,-0.2976,-0.2697,10.34,953.4000,-0.37
2025-09-30 10:40:00,950.05,951.35,949.85,950.9,206611,-0.1904,-0.2697,-29.40,953.4000,-0.26
2025-09-30 10:45:00,950.95,951.4,950.5,950.75,93664,-0.1182,-0.2697,-56.17,953.4000,-0.28
2025-09-30 10:50:00,950.75,951.65,950.65,951.55,101621,-0.0108,-0.2697,-96.00,953.4000,-0.19
2025-09-30 10:55:00,951.55,953.3,951.5,952.4,186928,0.1162,-0.2697,-143.08,953.4000,-0.10
2025-09-30 11:00:00,952.4,954.1,952.35,953.9,183358,0.2900,-0.2697,-207.53,953.4000,0.05
2025-09-30 11:05:00,953.9,954.25,953.1,953.85,146795,0.3846,-0.2697,-242.60,953.4000,0.05
2025-09-30 11:10:00,953.85,954,953.1,953.35,109587,0.3948,-0.2697,-246.38,953.4000,-0.01
2025-09-30 11:15:00,953.4,953.5,952.35,952.75,92151,0.3445,-0.2697,-227.73,953.4000,-0.07
2025-09-30 11:20:00,952.8,953.7,951.05,951.45,112438,0.2133,-0.2697,-179.09,953.4000,-0.20
2025-09-30 11:25:00,951.45,951.95,950.75,951.7,110901,0.1368,-0.2697,-150.72,953.4000,-0.18
2025-09-30 11:30:00,951.75,953.3,951.35,953.25,124321,0.1811,-0.2697,-167.15,953.4000,-0.02
2025-09-30 11:35:00,953.25,954.1,952.45,952.45,175550,0.1486,-0.2697,-155.10,953.4000,-0.10
2025-09-30 11:40:00,952.45,953.3,951.8,953.05,107056,0.1586,-0.2697,-158.81,953.4000,-0.04
2025-09-30 11:45:00,953.1,953.6,952.55,953.25,103688,0.1687,-0.2697,-162.55,953.4000,-0.02
2025-09-30 11:50:00,953.3,953.7,951.8,952.45,116443,0.1143,-0.2697,-142.38,953.4000,-0.10
2025-09-30 11:55:00,952.5,952.6,951.7,952.05,93388,0.0476,-0.2697,-117.65,953.4000,-0.14
2025-09-30 12:00:00,952.1,953.45,951.75,953.35,204550,0.0849,-0.2697,-131.48,953.4000,-0.01
2025-09-30 12:05:00,953.4,953.85,952.2,953.6,422564,0.1184,-0.2697,-143.90,953.4000,0.02
2025-09-30 12:10:00,953.65,953.95,953.2,953.5,117118,0.1250,-0.2697,-146.35,953.4000,0.01
2025-09-30 12:15:00,953.5,954.95,953.3,954.85,253936,0.2068,-0.2697,-176.68,953.4000,0.15
2025-09-30 12:20:00,954.85,955,953.35,953.9,270610,0.1841,-0.2697,-168.26,953.4000,0.05
2025-09-30 12:25:00,953.9,954.35,953.5,954,121768,0.1637,-0.2697,-160.70,953.4000,0.06
2025-09-30 12:30:00,954,954.45,953.3,954.05,154488,0.1422,-0.2697,-152.73,953.4000,0.07
2025-09-30 12:35:00,954.3,954.9,952.7,953.65,330673,0.0922,-0.2697,-134.19,953.4000,0.03
2025-09-30 12:40:00,953.65,954.4,952.2,952.95,472437,0.0075,-0.2697,-102.78,953.4000,-0.05
2025-09-30 12:45:00,952.95,953.1,951.35,951.6,296739,-0.1359,-0.2697,-49.61,953.4000,-0.19
2025-09-30 12:50:00,951.65,952.95,951.6,952.65,137631,-0.1552,-0.2697,-42.45,953.4000,-0.08
2025-09-30 12:55:00,952.65,953,951.45,952.55,293591,-0.1687,-0.2697,-37.45,953.4000,-0.09
2025-09-30 13:00:00,952.6,953.3,952.35,952.45,188505,-0.1775,-0.2697,-34.19,953.4000,-0.10
2025-09-30 13:05:00,952.5,953.05,952.2,953,228842,-0.1410,-0.2697,-47.72,953.4000,-0.04
2025-09-30 13:10:00,952.95,953.75,952.6,953.45,273441,-0.0840,-0.2697,-68.85,953.4000,0.01
2025-09-30 13:15:00,953.45,954.2,952.1,952.3,539014,-0.1192,-0.2697,-55.80,953.4000,-0.12
2025-09-30 13:20:00,952.3,952.35,951.35,952,142331,-0.1557,-0.2697,-42.27,953.4000,-0.15
2025-09-30 13:25:00,952,952.15,951.05,951.5,224754,-0.2036,-0.2697,-24.51,953.4000,-0.20
2025-09-30 13:30:00,951.45,951.7,950.5,951.7,401738,-0.2109,-0.2697,-21.80,953.4000,-0.18
2025-09-30 13:35:00,951.75,952.4,950.65,951.05,605286,-0.2462,-0.2697,-8.71,953.4000,-0.25
2025-09-30 13:40:00,951.05,951.25,950.25,950.7,331639,-0.2775,-0.2697,2.89,953.4000,-0.28
2025-09-30 13:45:00,950.7,951.25,950.5,950.75,208338,-0.2785,-0.2697,3.26,953.4000,-0.28
2025-09-30 13:50:00,950.7,951.75,950.7,951.1,192792,-0.2406,-0.2697,-10.79,953.4000,-0.24
2025-09-30 13:55:00,951.1,951.25,950.6,951.1,144155,-0.2022,-0.2697,-25.03,953.4000,-0.24
2025-09-30 14:00:00,951.1,951.3,950.65,951.2,154561,-0.1586,-0.2697,-41.19,953.4000,-0.23
2025-09-30 14:05:00,951.2,951.65,949.9,950,678600,-0.1966,-0.2697,-27.10,953.4000,-0.36
2025-09-30 14:10:00,950,950.85,948.7,950.6,703062,-0.1685,-0.2697,-37.52,953.4000,-0.29
2025-09-30 14:15:00,950.5,950.75,948.6,949.45,642865,-0.2117,-0.2697,-21.51,953.4000,-0.41
2025-09-30 14:20:00,949.35,950.45,948,948.9,555715,-0.2585,-0.2697,-4.15,953.4000,-0.47
2025-09-30 14:25:00,948.85,949.4,947.8,948.8,520657,-0.2759,-0.2697,2.30,953.4000,-0.48
2025-09-30 14:30:00,948.8,949.6,947.9,949.2,383516,-0.2414,-0.2697,-10.49,953.4000,-0.44
2025-09-30 14:35:00,949.2,950.25,947.6,948.1,893575,-0.2713,-0.2697,0.59,953.4000,-0.56
2025-09-30 14:40:00,948.1,948.7,947.6,948.15,321999,-0.2660,-0.2697,-1.37,953.4000,-0.55
2025-09-30 14:45:00,948.15,948.9,946.3,947.65,885209,-0.2734,-0.2697,1.37,953.4000,-0.60
2025-09-30 14:50:00,947.65,949.25,946.8,948.65,563571,-0.1921,-0.2697,-28.77,953.4000,-0.50
2025-09-30 14:55:00,948.45,949.7,947.25,949.35,798451,-0.0781,-0.2697,-71.04,953.4000,-0.42
2025-09-30 15:00:00,949.3,950.7,948.3,950.5,1494448,0.0793,-0.2697,-129.40,953.4000,-0.30
2025-09-30 15:05:00,950.5,951.2,949.9,951.15,1581701,0.2235,-0.2697,-182.87,953.4000,-0.24
2025-09-30 15:10:00,951,952,950.4,951.6,1585125,0.3387,-0.2697,-225.58,953.4000,-0.19
2025-09-30 15:15:00,951.6,951.9,951,951.6,1337870,0.4001,-0.2697,-248.35,953.4000,-0.19
2025-09-30 15:20:00,951.55,951.65,951.5,951.55,993057,0.4205,-0.2697,-255.91,953.4000,-0.19
2025-09-30 15:25:00,951.6,953.1,950.05,952.5,1009278,0.4770,-0.2697,-276.86,953.4000,-0.09
2025-10-01 09:15:00,952.7,952.7,946,946.7,642350,0.1213,0.4770,-74.57,952.5000,-0.61
2025-10-01 09:20:00,946.75,948.7,946.3,947.35,465000,-0.0627,0.4770,-113.14,952.5000,-0.54
2025-10-01 09:25:00,947.35,949.85,947.1,949.25,147418,-0.0496,0.4770,-110.40,952.5000,-0.34
2025-10-01 09:30:00,949.2,950,948.9,950,105035,0.0130,0.4770,-97.27,952.5000,-0.26
2025-10-01 09:35:00,950,951.6,949.6,951.3,154024,0.1386,0.4770,-70.94,952.5000,-0.13
2025-10-01 09:40:00,951.3,951.75,950.5,951.3,111364,0.2137,0.4770,-55.20,952.5000,-0.13
2025-10-01 09:45:00,951.25,953.65,951,952.05,136779,0.3006,0.4770,-36.98,952.5000,-0.05
2025-10-01 09:50:00,952.05,953,951.2,952.85,114113,0.3929,0.4770,-17.63,952.5000,0.04
2025-10-01 09:55:00,952.85,953.55,952.35,952.8,193236,0.4285,0.4770,-10.17,952.5000,0.03
2025-10-01 10:00:00,953.1,953.3,949.95,950.8,304026,0.3014,0.4770,-36.81,952.5000,-0.18
2025-10-01 10:05:00,950.65,952.05,948.75,951.05,293775,0.2218,0.4770,-53.50,952.5000,-0.15
2025-10-01 10:10:00,951.05,952.4,950.75,951,955467,0.1565,0.4770,-67.19,952.5000,-0.16
2025-10-01 10:15:00,951.15,953.8,950.85,953.5,217435,0.2660,0.4770,-44.23,952.5000,0.10
2025-10-01 10:20:00,953.5,955.5,952.65,955.1,372713,0.4213,0.4770,-11.68,952.5000,0.27
2025-10-01 10:25:00,955.3,957.4,954.8,956.5,277907,0.5834,0.4770,22.31,952.5000,0.42
2025-10-01 10:30:00,956.55,958.65,956,958.65,327301,0.7878,0.4770,65.16,952.5000,0.65
2025-10-01 10:35:00,958.55,961.4,958,958.4,582918,0.8530,0.4770,78.83,952.5000,0.62
2025-10-01 10:40:00,958.4,960.55,958.05,959,256997,0.8799,0.4770,84.47,952.5000,0.68
2025-10-01 10:45:00,959,959,957.8,958,159011,0.7773,0.4770,62.96,952.5000,0.58
2025-10-01 10:50:00,958.35,959.15,956.8,958.9,266468,0.7183,0.4770,50.59,952.5000,0.67
2025-10-01 10:55:00,958.95,960.1,958.85,960,96272,0.7009,0.4770,46.94,952.5000,0.79
2025-10-01 11:00:00,960.1,961.5,960,960.1,142986,0.6451,0.4770,35.24,952.5000,0.80
2025-10-01 11:05:00,960.15,960.35,959.45,960.2,68293,0.5666,0.4770,18.78,952.5000,0.81
2025-10-01 11:10:00,960.35,961,959.55,960.25,79968,0.4736,0.4770,-0.71,952.5000,0.81
2025-10-01 11:15:00,960.55,961.75,960.2,961.35,72292,0.4422,0.4770,-7.30,952.5000,0.93
2025-10-01 11:20:00,961.5,961.7,960,960.3,52675,0.3130,0.4770,-34.38,952.5000,0.82
2025-10-01 11:25:00,960.3,961.75,960.2,961.55,446714,0.2752,0.4770,-42.31,952.5000,0.95
2025-10-01 11:30:00,961.7,964.7,961.55,964.55,479796,0.4078,0.4770,-14.51,952.5000,1.27
2025-10-01 11:35:00,964.6,964.9,963.6,964.85,238534,0.4669,0.4770,-2.12,952.5000,1.30
2025-10-01 11:40:00,964.9,967.05,964.15,966.65,355777,0.5717,0.4770,19.85,952.5000,1.49
2025-10-01 11:45:00,966.65,968.15,966,968.05,808142,0.6726,0.4770,41.01,952.5000,1.63
2025-10-01 11:50:00,968.05,969,967.2,968.1,312168,0.6783,0.4770,42.20,952.5000,1.64
2025-10-01 11:55:00,968.1,969.6,967.85,968.85,286596,0.6670,0.4770,39.83,952.5000,1.72
2025-10-01 12:00:00,968.85,969.4,968.35,969.4,148006,0.6313,0.4770,32.35,952.5000,1.77
2025-10-01 12:05:00,969.35,969.5,967.9,968,190459,0.4565,0.4770,-4.30,952.5000,1.63
2025-10-01 12:10:00,967.95,969.4,967.7,969.2,189149,0.3684,0.4770,-22.77,952.5000,1.75
2025-10-01 12:15:00,969,969.45,968.05,968.25,135447,0.2013,0.4770,-57.80,952.5000,1.65
2025-10-01 12:20:00,968.25,968.55,965.2,965.85,200449,-0.0996,0.4770,-120.88,952.5000,1.40
2025-10-01 12:25:00,965.85,966.6,964.55,965.3,289181,-0.3503,0.4770,-173.44,952.5000,1.34
2025-10-01 12:30:00,965.3,965.5,963.7,963.95,155280,-0.6066,0.4770,-227.17,952.5000,1.20
2025-10-01 12:35:00,964.05,964.55,963.95,964.3,103769,-0.7432,0.4770,-255.81,952.5000,1.24
2025-10-01 12:40:00,964.3,964.75,963.7,964.1,149122,-0.8309,0.4770,-274.19,952.5000,1.22
2025-10-01 12:45:00,964,964.4,962.45,964.35,326789,-0.8528,0.4770,-278.78,952.5000,1.24
2025-10-01 12:50:00,964.3,965,963.6,964.7,301507,-0.8240,0.4770,-272.75,952.5000,1.28
2025-10-01 12:55:00,964.7,965.2,963.55,964.55,232067,-0.7949,0.4770,-266.65,952.5000,1.27
2025-10-01 13:00:00,964.55,965.65,964.05,964.5,398537,-0.7590,0.4770,-259.12,952.5000,1.26
2025-10-01 13:05:00,964.5,964.55,963,963.65,109182,-0.7701,0.4770,-261.45,952.5000,1.17
2025-10-01 13:10:00,963.65,964.6,963,964.05,149995,-0.7284,0.4770,-252.70,952.5000,1.21
2025-10-01 13:15:00,964.05,965,963.3,964.5,359484,-0.6511,0.4770,-236.50,952.5000,1.26
2025-10-01 13:20:00,964.65,965,963.9,965,190744,-0.5507,0.4770,-215.45,952.5000,1.31
2025-10-01 13:25:00,965,965.85,964.7,965.8,114797,-0.4208,0.4770,-188.22,952.5000,1.40
2025-10-01 13:30:00,965.75,965.95,964.05,964.15,295464,-0.4346,0.4770,-191.11,952.5000,1.22
2025-10-01 13:35:00,964.55,966.15,963.8,964.95,551345,-0.3804,0.4770,-179.75,952.5000,1.31
2025-10-01 13:40:00,964.95,965.3,964.35,964.6,140852,-0.3589,0.4770,-175.24,952.5000,1.27
2025-10-01 13:45:00,964.6,964.6,962.5,962.75,218751,-0.4540,0.4770,-195.18,952.5000,1.08
2025-10-01 13:50:00,962.95,963.4,961.75,963.15,363629,-0.4725,0.4770,-199.06,952.5000,1.12
2025-10-01 13:55:00,963.15,963.35,961.5,962.1,167671,-0.5335,0.4770,-211.84,952.5000,1.01
2025-10-01 14:00:00,962.1,962.3,961.05,962.25,128309,-0.5402,0.4770,-213.25,952.5000,1.02
2025-10-01 14:05:00,962.3,963.8,961.7,963.05,208145,-0.4697,0.4770,-198.47,952.5000,1.11
2025-10-01 14:10:00,963.05,963.25,961.75,962.45,314756,-0.4429,0.4770,-192.85,952.5000,1.04
2025-10-01 14:15:00,962.8,963.9,961.4,963.85,630780,-0.3161,0.4770,-166.27,952.5000,1.19
2025-10-01 14:20:00,963.9,965.85,963.9,965.35,344095,-0.1263,0.4770,-126.48,952.5000,1.35
2025-10-01 14:25:00,965.35,965.6,964.5,964.85,425553,-0.0343,0.4770,-107.19,952.5000,1.30
2025-10-01 14:30:00,964.85,965.05,964.05,964.35,336630,-0.0083,0.4770,-101.74,952.5000,1.24
2025-10-01 14:35:00,964.45,965.35,964.2,964.95,432507,0.0452,0.4770,-90.52,952.5000,1.31
2025-10-01 14:40:00,964.9,965.65,963.65,964.9,616592,0.0715,0.4770,-85.01,952.5000,1.30
2025-10-01 14:45:00,964.9,965.9,963.8,965.7,657033,0.1335,0.4770,-72.01,952.5000,1.39
2025-10-01 14:50:00,965.65,965.8,965,965,320698,0.1186,0.4770,-75.14,952.5000,1.31
2025-10-01 14:55:00,965.05,966.3,964.45,965.05,912009,0.1038,0.4770,-78.24,952.5000,1.32
2025-10-01 15:00:00,965.05,966.65,964.45,965.65,1050499,0.1248,0.4770,-73.84,952.5000,1.38
2025-10-01 15:05:00,965.75,966.1,965.1,965.65,810029,0.1285,0.4770,-73.06,952.5000,1.38
2025-10-01 15:10:00,965.6,965.95,964.6,964.95,574291,0.0762,0.4770,-84.03,952.5000,1.31
2025-10-01 15:15:00,964.95,965.55,964.8,965.05,906425,0.0425,0.4770,-91.09,952.5000,1.32
2025-10-01 15:20:00,965,965.45,964.75,965.05,602623,0.0156,0.4770,-96.73,952.5000,1.32
2025-10-01 15:25:00,965.05,966,964.3,965.8,494707,0.0423,0.4770,-91.13,952.5000,1.40
2025-10-03 09:15:00,952,957.8,952,955.6,2065096,-0.5977,0.0423,-1513.00,965.8000,-1.06
2025-10-03 09:20:00,955.55,959.8,955.35,955.55,659681,-0.9729,0.0423,-2400.00,965.8000,-1.06
2025-10-03 09:25:00,955.65,958.25,955.5,957.6,332900,-1.0263,0.0423,-2526.24,965.8000,-0.85
2025-10-03 09:30:00,957.6,958.55,956.45,958.2,326981,-0.9654,0.0423,-2382.27,965.8000,-0.79
2025-10-03 09:35:00,958.25,958.55,955.9,958,297839,-0.8848,0.0423,-2191.73,965.8000,-0.81
2025-10-03 09:40:00,958.05,958.4,957,957.9,295290,-0.7878,0.0423,-1962.41,965.8000,-0.82
2025-10-03 09:45:00,957.85,958.4,956.8,957.75,298720,-0.6869,0.0423,-1723.88,965.8000,-0.83
2025-10-03 09:50:00,957.75,959.3,957.5,959.15,216103,-0.4884,0.0423,-1254.61,965.8000,-0.69
2025-10-03 09:55:00,959.15,959.65,957.25,959.6,202820,-0.2987,0.0423,-806.15,965.8000,-0.64
2025-10-03 10:00:00,959.65,959.9,958.45,958.85,252311,-0.2003,0.0423,-573.52,965.8000,-0.72
2025-10-03 10:05:00,958.9,959,957.25,957.45,131812,-0.2053,0.0423,-585.34,965.8000,-0.86
2025-10-03 10:10:00,957.5,957.85,956.4,957.75,198032,-0.1659,0.0423,-492.20,965.8000,-0.83
2025-10-03 10:15:00,957.75,958,956.55,957.8,175135,-0.1164,0.0423,-375.18,965.8000,-0.83
2025-10-03 10:20:00,957.8,958.95,957.65,958.15,314149,-0.0436,0.0423,-203.07,965.8000,-0.79
2025-10-03 10:25:00,958,959.6,958,959.45,186488,0.1006,0.0423,137.83,965.8000,-0.66
2025-10-03 10:30:00,959.45,959.9,958.75,959.85,241153,0.2244,0.0423,430.50,965.8000,-0.62
2025-10-03 10:35:00,959.75,960.25,959.25,959.85,291072,0.3028,0.0423,615.84,965.8000,-0.62
2025-10-03 10:40:00,959.6,959.85,956.15,956.9,228585,0.1598,0.0423,277.78,965.8000,-0.92
2025-10-03 10:45:00,957,957.5,956.1,957.4,167593,0.1052,0.0423,148.70,965.8000,-0.87
2025-10-03 10:50:00,957.4,957.45,956.65,957.3,188808,0.0704,0.0423,66.43,965.8000,-0.88
2025-10-03 10:55:00,957.3,958.9,957.05,957.4,172224,0.0625,0.0423,47.75,965.8000,-0.87
2025-10-03 11:00:00,957.45,958.7,956.95,958.4,276417,0.1291,0.0423,205.20,965.8000,-0.77
2025-10-03 11:05:00,958.4,960,958.25,959.95,176700,0.2737,0.0423,547.04,965.8000,-0.61
2025-10-03 11:10:00,959.9,962.9,959.9,962.9,334302,0.5483,0.0423,1196.22,965.8000,-0.30
2025-10-03 11:15:00,962.9,964,962.85,963.1,183078,0.7134,0.0423,1586.52,965.8000,-0.28
2025-10-03 11:20:00,963.1,964.6,962.8,963.55,211567,0.8153,0.0423,1827.42,965.8000,-0.23
2025-10-03 11:25:00,963.55,963.8,962.2,962.65,150782,0.7845,0.0423,1754.61,965.8000,-0.33
2025-10-03 11:30:00,962.65,963.3,962.55,962.7,190487,0.7307,0.0423,1627.42,965.8000,-0.32
2025-10-03 11:35:00,962.7,963,961.3,961.65,153108,0.5937,0.0423,1303.55,965.8000,-0.43
2025-10-03 11:40:00,961.65,963.25,961.5,962.55,153437,0.5346,0.0423,1163.83,965.8000,-0.34
2025-10-03 11:45:00,962.5,963.75,962.3,963.15,131969,0.5073,0.0423,1099.29,965.8000,-0.27
2025-10-03 11:50:00,963.25,963.4,962.75,963.15,102670,0.4617,0.0423,991.49,965.8000,-0.27
2025-10-03 11:55:00,963.15,963.25,962.85,963.1,94503,0.4029,0.0423,852.48,965.8000,-0.28
2025-10-03 12:00:00,963.05,963.4,961.9,962.2,142208,0.2837,0.0423,570.69,965.8000,-0.37
2025-10-03 12:05:00,962.2,962.8,961.5,961.65,167529,0.1545,0.0423,265.25,965.8000,-0.43
2025-10-03 12:10:00,961.5,962.8,961.1,962.2,276476,0.0958,0.0423,126.48,965.8000,-0.37
2025-10-03 12:15:00,962.2,962.2,961,961.4,224064,-0.0021,0.0423,-104.96,965.8000,-0.46
2025-10-03 12:20:00,961.4,963,961.35,962.5,304775,0.0019,0.0423,-95.51,965.8000,-0.34
2025-10-03 12:25:00,962.5,963.35,961.7,962.4,281249,-0.0071,0.0423,-116.78,965.8000,-0.35
2025-10-03 12:30:00,962.4,962.45,959.2,959.8,278344,-0.1833,0.0423,-533.33,965.8000,-0.62
2025-10-03 12:35:00,959.55,960.85,959.15,960.35,231065,-0.2535,0.0423,-699.29,965.8000,-0.56
2025-10-03 12:40:00,960.35,961.65,960.2,961.55,194586,-0.2117,0.0423,-600.47,965.8000,-0.44
2025-10-03 12:45:00,961.55,961.65,960.45,960.7,268827,-0.2321,0.0423,-648.70,965.8000,-0.53
2025-10-03 12:50:00,960.7,960.75,959.8,960.25,261822,-0.2645,0.0423,-725.30,965.8000,-0.57
2025-10-03 12:55:00,960.05,960.9,959.55,960.55,267155,-0.2541,0.0423,-700.71,965.8000,-0.54
2025-10-03 13:00:00,960.55,961.45,960,961.35,266981,-0.1850,0.0423,-537.35,965.8000,-0.46
2025-10-03 13:05:00,961.45,964.1,961.35,963.9,411072,0.0293,0.0423,-30.73,965.8000,-0.20
2025-10-03 13:10:00,963.9,964.2,963.05,963.95,235229,0.1639,0.0423,287.47,965.8000,-0.19
2025-10-03 13:15:00,964,964.15,963.15,963.7,164733,0.2219,0.0423,424.59,965.8000,-0.22
2025-10-03 13:20:00,963.7,963.75,963.3,963.35,112700,0.2219,0.0423,424.59,965.8000,-0.25
2025-10-03 13:25:00,963.4,964.1,963,963.85,203470,0.2394,0.0423,465.96,965.8000,-0.20
2025-10-03 13:30:00,963.85,964.15,963,963.15,177604,0.1898,0.0423,348.70,965.8000,-0.27
2025-10-03 13:35:00,963.15,963.85,962.4,962.5,264283,0.1035,0.0423,144.68,965.8000,-0.34
2025-10-03 13:40:00,962.7,963.85,962.5,963.45,246718,0.1005,0.0423,137.59,965.8000,-0.24
2025-10-03 13:45:00,963.5,963.75,962.9,963.35,222651,0.0827,0.0423,95.51,965.8000,-0.25
2025-10-03 13:50:00,963.35,964.85,963.2,964.75,245173,0.1521,0.0423,259.57,965.8000,-0.11
2025-10-03 13:55:00,964.75,965,963.45,964.1,343581,0.1414,0.0423,234.28,965.8000,-0.18
2025-10-03 14:00:00,964.1,965,963.85,964.9,264223,0.1732,0.0423,309.46,965.8000,-0.09
2025-10-03 14:05:00,964.9,965.45,963.9,964.1,409567,0.1274,0.0423,201.18,965.8000,-0.18
2025-10-03 14:10:00,964.05,965,963.55,963.7,379042,0.0607,0.0423,43.50,965.8000,-0.22
2025-10-03 14:15:00,963.65,965,963.65,964.45,418062,0.0577,0.0423,36.41,965.8000,-0.14
2025-10-03 14:20:00,964.45,965.2,964.1,965.2,331594,0.0945,0.0423,123.40,965.8000,-0.06
2025-10-03 14:25:00,965.1,965.6,964.95,965.6,230172,0.1319,0.0423,211.82,965.8000,-0.02
2025-10-03 14:30:00,965.6,965.8,964.8,965.2,352398,0.1163,0.0423,174.94,965.8000,-0.06
2025-10-03 14:35:00,965.15,965.65,965,965.55,443218,0.1159,0.0423,174.00,965.8000,-0.03
2025-10-03 14:40:00,965.5,966.45,965.5,966.4,326349,0.1566,0.0423,270.21,965.8000,0.06
2025-10-03 14:45:00,966.4,966.45,965.05,965.45,465842,0.1059,0.0423,150.35,965.8000,-0.04
2025-10-03 14:50:00,965.4,966.75,965.15,966,408210,0.0959,0.0423,126.71,965.8000,0.02
2025-10-03 14:55:00,966,966.25,965.5,965.75,246771,0.0607,0.0423,43.50,965.8000,-0.01
2025-10-03 15:00:00,965.8,966.3,965.6,965.75,861743,0.0274,0.0423,-35.22,965.8000,-0.01
2025-10-03 15:05:00,965.7,966.05,965.55,965.8,755065,0.0001,0.0423,-99.76,965.8000,0.00
2025-10-03 15:10:00,965.75,965.95,965.2,965.25,628477,-0.0602,0.0423,-242.32,965.8000,-0.06
2025-10-03 15:15:00,965.25,965.25,964,964.05,899978,-0.1795,0.0423,-524.35,965.8000,-0.18
2025-10-03 15:20:00,964.05,965,963.45,964.55,820719,-0.2205,0.0423,-621.28,965.8000,-0.13
2025-10-03 15:25:00,964.55,964.8,963,963.7,535617,-0.2960,0.0423,-799.76,965.8000,-0.22
2025-10-06 09:15:00,971.9,975.75,968.55,970.1,1728677,0.0742,-0.2960,-125.07,963.7000,0.66
2025-10-06 09:20:00,970.05,970.05,965.9,967.35,660029,0.1203,-0.2960,-140.64,963.7000,0.38
2025-10-06 09:25:00,967,967.45,962.5,963.05,363053,-0.1384,-0.2960,-53.24,963.7000,-0.07
2025-10-06 09:30:00,962.8,965,962,964.7,191936,-0.1946,-0.2960,-34.26,963.7000,0.10
2025-10-06 09:35:00,964.6,969,964.6,968.9,295566,0.0424,-0.2960,-114.32,963.7000,0.54
2025-10-06 09:40:00,968.85,970.5,968,970.3,396618,0.2718,-0.2960,-191.82,963.7000,0.68
2025-10-06 09:45:00,970.4,972.8,970.3,970.9,323611,0.4328,-0.2960,-246.22,963.7000,0.75
2025-10-06 09:50:00,971,971.9,968.45,969.75,179310,0.4299,-0.2960,-245.24,963.7000,0.63
2025-10-06 09:55:00,969.75,971,969.5,970.95,156913,0.4733,-0.2960,-259.90,963.7000,0.75
2025-10-06 10:00:00,970.75,972.5,970,972.35,131748,0.5551,-0.2960,-287.53,963.7000,0.90
2025-10-06 10:05:00,972.3,972.35,970.75,971.15,85649,0.4896,-0.2960,-265.41,963.7000,0.77
2025-10-06 10:10:00,971.05,972,970.95,971.45,223735,0.4298,-0.2960,-245.20,963.7000,0.80
2025-10-06 10:15:00,971.45,972.45,970.75,972.4,200586,0.4172,-0.2960,-240.95,963.7000,0.90
2025-10-06 10:20:00,972.4,973.3,971.2,972.2,458501,0.3605,-0.2960,-221.79,963.7000,0.88
2025-10-06 10:25:00,972.2,972.9,971,971,172105,0.2144,-0.2960,-172.43,963.7000,0.76
2025-10-06 10:30:00,971,972.25,970.4,972.1,116549,0.1664,-0.2960,-156.22,963.7000,0.87
2025-10-06 10:35:00,971.8,972.45,971.5,972.4,79502,0.1308,-0.2960,-144.19,963.7000,0.90
2025-10-06 10:40:00,972.4,972.45,971.35,972.3,236100,0.0791,-0.2960,-126.72,963.7000,0.89
2025-10-06 10:45:00,972.2,974.45,971.8,974.25,425372,0.1507,-0.2960,-150.91,963.7000,1.09
2025-10-06 10:50:00,974.3,975.45,973.05,975.15,569560,0.2284,-0.2960,-177.16,963.7000,1.19
2025-10-06 10:55:00,975.4,976.75,975,975.65,474943,0.2798,-0.2960,-194.53,963.7000,1.24
2025-10-06 11:00:00,975.9,976.15,974.5,975.1,321583,0.2444,-0.2960,-182.57,963.7000,1.18
2025-10-06 11:05:00,975.1,976,974.75,975.5,268712,0.2165,-0.2960,-173.14,963.7000,1.22
2025-10-06 11:10:00,975.6,976.35,974.5,976,528857,0.2007,-0.2960,-167.80,963.7000,1.28
2025-10-06 11:15:00,976,976.15,974.05,974.9,126612,0.0908,-0.2960,-130.68,963.7000,1.16
2025-10-06 11:20:00,974.8,976.2,974.6,975.4,101001,0.0294,-0.2960,-109.93,963.7000,1.21
2025-10-06 11:25:00,975.25,976.95,974.7,976.95,280596,0.0687,-0.2960,-123.21,963.7000,1.37
2025-10-06 11:30:00,977,977.4,975.25,976.75,425837,0.0572,-0.2960,-119.32,963.7000,1.35
2025-10-06 11:35:00,976.75,976.75,974.7,975.35,103513,-0.0623,-0.2960,-78.95,963.7000,1.21
2025-10-06 11:40:00,975.25,975.4,974.7,975.2,51123,-0.1633,-0.2960,-44.83,963.7000,1.19
2025-10-06 11:45:00,975.15,975.25,974.3,974.45,42941,-0.2853,-0.2960,-3.61,963.7000,1.12
2025-10-06 11:50:00,974.5,975,973.45,973.9,75135,-0.4006,-0.2960,35.34,963.7000,1.06
2025-10-06 11:55:00,973.85,974.05,973.05,973.8,84334,-0.4761,-0.2960,60.84,963.7000,1.05
2025-10-06 12:00:00,973.85,974,973.05,973.35,47998,-0.5440,-0.2960,83.78,963.7000,1.00
2025-10-06 12:05:00,973.45,974,973.35,973.95,46402,-0.5352,-0.2960,80.81,963.7000,1.06
2025-10-06 12:10:00,973.95,975.9,973.75,975.75,249361,-0.4011,-0.2960,35.51,963.7000,1.25
2025-10-06 12:15:00,975.75,976.95,975.3,975.6,155512,-0.3189,-0.2960,7.74,963.7000,1.23
2025-10-06 12:20:00,975.55,975.95,974.9,975.25,86283,-0.2857,-0.2960,-3.48,963.7000,1.20
2025-10-06 12:25:00,975.25,975.4,974.8,975.15,39010,-0.2683,-0.2960,-9.36,963.7000,1.19
2025-10-06 12:30:00,975.25,975.75,974.9,975.4,64432,-0.2388,-0.2960,-19.32,963.7000,1.21
2025-10-06 12:35:00,975.4,975.5,974.65,975,95318,-0.2441,-0.2960,-17.53,963.7000,1.17
2025-10-06 12:40:00,975,976.3,974.8,976.1,163633,-0.1747,-0.2960,-40.98,963.7000,1.29
2025-10-06 12:45:00,976.15,976.5,975.8,976.2,142221,-0.1256,-0.2960,-57.57,963.7000,1.30
2025-10-06 12:50:00,976.15,976.8,975.25,975.9,115303,-0.1170,-0.2960,-60.47,963.7000,1.27
2025-10-06 12:55:00,975.9,976.8,975.8,976.65,137811,-0.0669,-0.2960,-77.40,963.7000,1.34
2025-10-06 13:00:00,976.65,976.85,975.85,976.6,138188,-0.0444,-0.2960,-85.00,963.7000,1.34
2025-10-06 13:05:00,976.9,976.9,976.15,976.2,106777,-0.0626,-0.2960,-78.85,963.7000,1.30
2025-10-06 13:10:00,976.2,976.7,976,976.7,135550,-0.0477,-0.2960,-83.89,963.7000,1.35
2025-10-06 13:15:00,976.7,977,976.5,977,89764,-0.0256,-0.2960,-91.35,963.7000,1.38
2025-10-06 13:20:00,977,977.3,975.5,975.5,116720,-0.1149,-0.2960,-61.18,963.7000,1.22
2025-10-06 13:25:00,975.5,976.15,975.05,975.95,63405,-0.1446,-0.2960,-51.15,963.7000,1.27
2025-10-06 13:30:00,975.95,976.8,975.8,976.65,116543,-0.1192,-0.2960,-59.73,963.7000,1.34
2025-10-06 13:35:00,976.3,976.95,975.6,976.8,155057,-0.0953,-0.2960,-67.80,963.7000,1.36
2025-10-06 13:40:00,976.8,976.95,976,976.75,67888,-0.0863,-0.2960,-70.84,963.7000,1.35
2025-10-06 13:45:00,976.55,976.75,975.25,975.55,149208,-0.1602,-0.2960,-45.88,963.7000,1.23
2025-10-06 13:50:00,975.55,975.8,973.1,975,498450,-0.2403,-0.2960,-18.82,963.7000,1.17
2025-10-06 13:55:00,975,975.5,974.2,975.1,197694,-0.2781,-0.2960,-6.05,963.7000,1.18
2025-10-06 14:00:00,975.2,976.75,974.75,975.4,362236,-0.2741,-0.2960,-7.40,963.7000,1.21
2025-10-06 14:05:00,975.25,976,973.35,974.7,222589,-0.3072,-0.2960,3.78,963.7000,1.14
2025-10-06 14:10:00,974.8,975.1,973.75,974.7,112707,-0.3164,-0.2960,6.89,963.7000,1.14
2025-10-06 14:15:00,974.9,974.95,974.1,974.55,96748,-0.3191,-0.2960,7.80,963.7000,1.13
2025-10-06 14:20:00,974.8,975.1,973.5,974.05,186817,-0.3392,-0.2960,14.59,963.7000,1.07
2025-10-06 14:25:00,974.05,975,972.4,972.7,299565,-0.4225,-0.2960,42.74,963.7000,0.93
2025-10-06 14:30:00,972.7,974.7,972.1,974.25,353010,-0.3551,-0.2960,19.97,963.7000,1.09
2025-10-06 14:35:00,974.25,974.6,973.5,974.4,125664,-0.2853,-0.2960,-3.61,963.7000,1.11
2025-10-06 14:40:00,974.4,974.4,973.3,974.3,99061,-0.2330,-0.2960,-21.28,963.7000,1.10
2025-10-06 14:45:00,974.3,974.5,973,973.95,182541,-0.2098,-0.2960,-29.12,963.7000,1.06
2025-10-06 14:50:00,974,975.95,973.65,975.6,485399,-0.0779,-0.2960,-73.68,963.7000,1.23
2025-10-06 14:55:00,975.6,975.85,974.35,974.55,184216,-0.0569,-0.2960,-80.78,963.7000,1.13
2025-10-06 15:00:00,974.5,974.6,972.9,973.05,350748,-0.1352,-0.2960,-54.32,963.7000,0.97
2025-10-06 15:05:00,973.1,973.6,973.05,973.5,327635,-0.1468,-0.2960,-50.41,963.7000,1.02
2025-10-06 15:10:00,973.4,973.5,973,973.2,328443,-0.1636,-0.2960,-44.73,963.7000,0.99
2025-10-06 15:15:00,973.15,973.8,972.9,973.7,379384,-0.1312,-0.2960,-55.68,963.7000,1.04
2025-10-06 15:20:00,973.65,974,973,974,399233,-0.0823,-0.2960,-72.20,963.7000,1.07
2025-10-06 15:25:00,973.95,974.35,972.4,973.9,417185,-0.0509,-0.2960,-82.80,963.7000,1.06
2025-10-07 09:15:00,974,976.55,971,971.05,499359,-0.2074,-0.0509,307.47,973.9000,-0.29
2025-10-07 09:20:00,971.15,973.3,971,972.15,221334,-0.2210,-0.0509,334.18,973.9000,-0.18
2025-10-07 09:25:00,972.15,973.95,971.7,973.75,902305,-0.1120,-0.0509,120.04,973.9000,-0.02
2025-10-07 09:30:00,973.75,974.35,973,973.9,76353,-0.0240,-0.0509,-52.85,973.9000,0.00
2025-10-07 09:35:00,973.95,975.55,973.45,975,274706,0.1069,-0.0509,-310.02,973.9000,0.11
2025-10-07 09:40:00,975.15,980.05,975,980.05,774581,0.5096,-0.0509,-1101.18,973.9000,0.63
2025-10-07 09:45:00,979.75,980.95,979.45,980,519768,0.7349,-0.0509,-1543.81,973.9000,0.63
2025-10-07 09:50:00,980.3,981.35,979.3,980.8,468349,0.8898,-0.0509,-1848.13,973.9000,0.71
2025-10-07 09:55:00,980.55,983.3,980.4,982.2,769021,1.0288,-0.0509,-2121.22,973.9000,0.85
2025-10-07 10:00:00,982.4,984,982.05,983.45,363975,1.1385,-0.0509,-2336.74,973.9000,0.98
2025-10-07 10:05:00,983.45,984.15,983,983.6,221151,1.1513,-0.0509,-2361.89,973.9000,1.00
2025-10-07 10:10:00,983.6,983.95,980.9,981.05,142911,0.9278,-0.0509,-1922.79,973.9000,0.73
2025-10-07 10:15:00,981.05,982,980.4,980.45,125573,0.6903,-0.0509,-1456.19,973.9000,0.67
2025-10-07 10:20:00,980.45,981.35,980,980.55,152843,0.4995,-0.0509,-1081.34,973.9000,0.68
2025-10-07 10:25:00,980.85,982.5,980.4,981.8,87245,0.4202,-0.0509,-925.54,973.9000,0.81
2025-10-07 10:30:00,981.9,982.1,981.5,981.65,139319,0.3247,-0.0509,-737.92,973.9000,0.80
2025-10-07 10:35:00,981.65,982.8,980.9,982.5,314524,0.2871,-0.0509,-664.05,973.9000,0.88
2025-10-07 10:40:00,982.3,982.6,981.15,981.9,161908,0.1946,-0.0509,-482.32,973.9000,0.82
2025-10-07 10:45:00,981.95,981.95,981.05,981.65,92188,0.0944,-0.0509,-285.46,973.9000,0.80
2025-10-07 10:50:00,981.65,982,981.25,981.95,75666,0.0295,-0.0509,-157.96,973.9000,0.83
2025-10-07 10:55:00,982,982.3,981,981.25,164122,-0.0737,-0.0509,44.79,973.9000,0.75
2025-10-07 11:00:00,981.6,983.35,981.15,983.1,185491,-0.0326,-0.0509,-35.95,973.9000,0.94
2025-10-07 11:05:00,983.1,983.6,982.6,983.4,167578,-0.0021,-0.0509,-95.87,973.9000,0.98
2025-10-07 11:10:00,983.55,983.7,983,983.3,103984,-0.0054,-0.0509,-89.39,973.9000,0.97
2025-10-07 11:15:00,983.25,984.9,983.15,984.1,245843,0.0278,-0.0509,-154.62,973.9000,1.05
2025-10-07 11:20:00,984.2,984.5,980.75,981.2,305644,-0.1540,-0.0509,202.55,973.9000,0.75
2025-10-07 11:25:00,981.2,982.85,981.05,982.15,309402,-0.2151,-0.0509,322.59,973.9000,0.85
2025-10-07 11:30:00,982.15,982.5,981.05,981.7,237035,-0.2861,-0.0509,462.08,973.9000,0.80
2025-10-07 11:35:00,981.65,982.15,980.15,981.9,194335,-0.3175,-0.0509,523.77,973.9000,0.82
2025-10-07 11:40:00,981.9,982.65,981.5,981.75,322151,-0.3440,-0.0509,575.83,973.9000,0.81
2025-10-07 11:45:00,981.75,981.95,980.45,980.85,107878,-0.4132,-0.0509,711.79,973.9000,0.71
2025-10-07 11:50:00,980.9,981.15,980.35,980.7,70637,-0.4567,-0.0509,797.25,973.9000,0.70
2025-10-07 11:55:00,980.7,981.8,980.5,981.1,129948,-0.4456,-0.0509,775.44,973.9000,0.74
2025-10-07 12:00:00,981.4,983,981.1,982.95,107156,-0.3074,-0.0509,503.93,973.9000,0.93
2025-10-07 12:05:00,982.9,985,982.35,984.95,305269,-0.0865,-0.0509,69.94,973.9000,1.13
2025-10-07 12:10:00,985,987.25,984.35,984.9,458315,0.0441,-0.0509,-186.64,973.9000,1.13
2025-10-07 12:15:00,984.95,985,984.5,984.9,62721,0.1143,-0.0509,-324.56,973.9000,1.13
2025-10-07 12:20:00,984.9,986.5,984.5,986.2,210817,0.2257,-0.0509,-543.42,973.9000,1.26
2025-10-07 12:25:00,986.2,986.75,985.45,985.85,288337,0.2512,-0.0509,-593.52,973.9000,1.23
2025-10-07 12:30:00,986.35,987.25,985.2,986.05,456200,0.2561,-0.0509,-603.14,973.9000,1.25
2025-10-07 12:35:00,986.1,986.5,985.25,986.4,178141,0.2568,-0.0509,-604.52,973.9000,1.28
2025-10-07 12:40:00,986.5,986.55,985.65,986.25,111026,0.2223,-0.0509,-536.74,973.9000,1.27
2025-10-07 12:45:00,986.25,986.45,985.3,985.6,132563,0.1352,-0.0509,-365.62,973.9000,1.20
2025-10-07 12:50:00,985.65,986.9,984.65,986.6,455965,0.1247,-0.0509,-344.99,973.9000,1.30
2025-10-07 12:55:00,986.2,986.95,984.7,985.7,454635,0.0411,-0.0509,-180.75,973.9000,1.21
2025-10-07 13:00:00,985.65,986.8,985.2,986.75,213809,0.0406,-0.0509,-179.76,973.9000,1.32
2025-10-07 13:05:00,986.75,987,986.1,986.9,151720,0.0345,-0.0509,-167.78,973.9000,1.33
2025-10-07 13:10:00,987,987.25,985.65,986.75,392014,0.0061,-0.0509,-111.98,973.9000,1.32
2025-10-07 13:15:00,986.75,988,986.6,987.6,566726,0.0290,-0.0509,-156.97,973.9000,1.41
2025-10-07 13:20:00,987.6,988.75,987,988.55,260068,0.0892,-0.0509,-275.25,973.9000,1.50
2025-10-07 13:25:00,988.4,989.35,988,989,244303,0.1374,-0.0509,-369.94,973.9000,1.55
2025-10-07 13:30:00,988.65,989.25,986.95,987,284388,0.0190,-0.0509,-137.33,973.9000,1.35
2025-10-07 13:35:00,987,988.7,986.05,988.7,777763,0.0384,-0.0509,-175.44,973.9000,1.52
2025-10-07 13:40:00,988.65,989.5,988.55,989.4,484535,0.0792,-0.0509,-255.60,973.9000,1.59
2025-10-07 13:45:00,989.45,989.85,988.5,988.75,213578,0.0451,-0.0509,-188.61,973.9000,1.52
2025-10-07 13:50:00,988.7,989,987.45,988.45,359149,-0.0121,-0.0509,-76.23,973.9000,1.49
2025-10-07 13:55:00,988.45,989.1,987.5,988.65,403282,-0.0487,-0.0509,-4.32,973.9000,1.51
2025-10-07 14:00:00,988.55,989.5,988.15,989.45,253351,-0.0322,-0.0509,-36.74,973.9000,1.60
2025-10-07 14:05:00,989.45,989.5,988.5,989.05,178983,-0.0596,-0.0509,17.09,973.9000,1.56
2025-10-07 14:10:00,989.1,989.1,987.85,989,292842,-0.0908,-0.0509,78.39,973.9000,1.55
2025-10-07 14:15:00,989,989.5,988.05,988.35,304043,-0.1608,-0.0509,215.91,973.9000,1.48
2025-10-07 14:20:00,988.35,989.2,987.7,988.65,619874,-0.1904,-0.0509,274.07,973.9000,1.51
2025-10-07 14:25:00,988.65,988.9,987.1,987.25,381870,-0.3011,-0.0509,491.55,973.9000,1.37
2025-10-07 14:30:00,987.25,987.65,986,986,312160,-0.4468,-0.0509,777.80,973.9000,1.24
2025-10-07 14:35:00,986.3,986.35,984.15,985.05,548674,-0.5864,-0.0509,1052.06,973.9000,1.14
2025-10-07 14:40:00,985.15,986.5,984,985.05,581172,-0.6530,-0.0509,1182.91,973.9000,1.14
2025-10-07 14:45:00,985.05,986.45,985.05,986.35,470105,-0.5860,-0.0509,1051.28,973.9000,1.28
2025-10-07 14:50:00,986.35,986.8,984,984.45,433896,-0.6415,-0.0509,1160.31,973.9000,1.08
2025-10-07 14:55:00,984.45,984.95,983.5,984.3,411154,-0.6578,-0.0509,1192.34,973.9000,1.07
2025-10-07 15:00:00,984.25,984.35,982.85,984.25,701804,-0.6407,-0.0509,1158.74,973.9000,1.06
2025-10-07 15:05:00,984.25,984.8,981.55,983.3,968994,-0.6597,-0.0509,1196.07,973.9000,0.97
2025-10-07 15:10:00,983.3,983.4,981.25,981.5,611133,-0.7530,-0.0509,1379.37,973.9000,0.78
2025-10-07 15:15:00,981.55,982.45,980.6,982.15,715757,-0.7298,-0.0509,1333.79,973.9000,0.85
2025-10-07 15:20:00,982.2,982.45,980.5,981,600380,-0.7482,-0.0509,1369.94,973.9000,0.73
2025-10-07 15:25:00,981.3,982.8,980.95,981.8,326602,-0.6654,-0.0509,1207.27,973.9000,0.81
2025-10-08 09:15:00,976,983.4,976,982,599922,-0.5604,-0.6654,-15.78,981.8000,0.02
2025-10-08 09:20:00,982,985,981.95,982.2,261707,-0.4456,-0.6654,-33.03,981.8000,0.04
2025-10-08 09:25:00,982.15,984.7,981.45,984.65,290897,-0.1862,-0.6654,-72.02,981.8000,0.29
2025-10-08 09:30:00,984.45,985.9,983.2,983.55,178850,-0.0758,-0.6654,-88.61,981.8000,0.18
2025-10-08 09:35:00,983.55,984.5,983.35,983.9,88666,0.0281,-0.6654,-104.22,981.8000,0.21
2025-10-08 09:40:00,983.9,984,982.4,982.4,232072,0.0044,-0.6654,-100.66,981.8000,0.06
2025-10-08 09:45:00,982.4,982.5,981.05,981.15,137420,-0.0821,-0.6654,-87.66,981.8000,-0.07
2025-10-08 09:50:00,981.05,981.95,980,981.45,214705,-0.1044,-0.6654,-84.31,981.8000,-0.04
2025-10-08 09:55:00,981.25,982,980.6,981.35,81758,-0.1106,-0.6654,-83.38,981.8000,-0.05
2025-10-08 10:00:00,981.15,981.35,980.1,980.3,97804,-0.1666,-0.6654,-74.96,981.8000,-0.15
2025-10-08 10:05:00,980.3,981.2,980.3,980.6,82296,-0.1645,-0.6654,-75.28,981.8000,-0.12
2025-10-08 10:10:00,980.55,981,978.7,980,142490,-0.1830,-0.6654,-72.50,981.8000,-0.18
2025-10-08 10:15:00,979.9,980,979.25,979.35,55732,-0.2164,-0.6654,-67.48,981.8000,-0.25
2025-10-08 10:20:00,979.25,979.6,978.5,978.95,89497,-0.2408,-0.6654,-63.81,981.8000,-0.29
2025-10-08 10:25:00,978.7,979.2,978,978.1,130825,-0.2865,-0.6654,-56.94,981.8000,-0.38
2025-10-08 10:30:00,978,978.6,977.2,978.1,164081,-0.2883,-0.6654,-56.67,981.8000,-0.38
2025-10-08 10:35:00,978.1,979.65,978.1,979.4,99248,-0.1788,-0.6654,-73.13,981.8000,-0.24
2025-10-08 10:40:00,979.35,979.75,977.95,978.85,277859,-0.1229,-0.6654,-81.53,981.8000,-0.30
2025-10-08 10:45:00,978.85,978.95,977.65,978.45,58817,-0.0938,-0.6654,-85.90,981.8000,-0.34
2025-10-08 10:50:00,978.45,978.5,977.9,977.95,51382,-0.0891,-0.6654,-86.61,981.8000,-0.39
2025-10-08 10:55:00,977.9,977.95,977.05,977.7,136064,-0.0838,-0.6654,-87.41,981.8000,-0.42
2025-10-08 11:00:00,977.65,977.75,977,977.35,134106,-0.0846,-0.6654,-87.29,981.8000,-0.45
2025-10-08 11:05:00,977.35,977.35,974.55,975.5,369872,-0.1847,-0.6654,-72.24,981.8000,-0.64
2025-10-08 11:10:00,975.45,975.85,974.6,975.05,87286,-0.2521,-0.6654,-62.11,981.8000,-0.69
2025-10-08 11:15:00,975.05,976.5,974.85,976.45,102865,-0.1767,-0.6654,-73.44,981.8000,-0.54
2025-10-08 11:20:00,976.25,976.55,974.8,975.9,115913,-0.1399,-0.6654,-78.98,981.8000,-0.60
2025-10-08 11:25:00,975.9,977.3,975.3,976.05,318235,-0.0842,-0.6654,-87.35,981.8000,-0.59
2025-10-08 11:30:00,976.1,976.9,975.85,976.55,122240,0.0030,-0.6654,-100.45,981.8000,-0.53
2025-10-08 11:35:00,976.5,976.95,976,976.85,91810,0.0925,-0.6654,-113.90,981.8000,-0.50
2025-10-08 11:40:00,976.8,978.05,976.75,977.4,103506,0.1946,-0.6654,-129.25,981.8000,-0.45
2025-10-08 11:45:00,977.15,978.4,976.55,978.25,362141,0.3179,-0.6654,-147.78,981.8000,-0.36
2025-10-08 11:50:00,978.25,980.55,978,979.2,278090,0.4537,-0.6654,-168.18,981.8000,-0.26
2025-10-08 11:55:00,979.2,979.9,978.7,979.7,177679,0.5604,-0.6654,-184.22,981.8000,-0.21
2025-10-08 12:00:00,979.7,979.7,978.4,978.8,297550,0.5527,-0.6654,-183.06,981.8000,-0.31
2025-10-08 12:05:00,978.55,979.75,978.55,979.6,96022,0.5810,-0.6654,-187.32,981.8000,-0.22
2025-10-08 12:10:00,979.55,980.7,979.4,980.45,105132,0.6321,-0.6654,-195.00,981.8000,-0.14
2025-10-08 12:15:00,980.35,980.45,978.5,979.2,171019,0.5594,-0.6654,-184.07,981.8000,-0.26
2025-10-08 12:20:00,979.2,979.95,977.4,978.3,261806,0.4341,-0.6654,-165.24,981.8000,-0.36
2025-10-08 12:25:00,978.15,979.3,977.25,978.2,309269,0.3323,-0.6654,-149.94,981.8000,-0.37
2025-10-08 12:30:00,978.15,978.2,977.65,977.85,69354,0.2339,-0.6654,-135.15,981.8000,-0.40
2025-10-08 12:35:00,977.75,978.6,976.8,977.1,271827,0.1168,-0.6654,-117.55,981.8000,-0.48
2025-10-08 12:40:00,977.35,978.75,977.05,978.75,77642,0.1469,-0.6654,-122.08,981.8000,-0.31
2025-10-08 12:45:00,978.6,980,978.45,978.65,163961,0.1558,-0.6654,-123.41,981.8000,-0.32
2025-10-08 12:50:00,978.85,979.6,978.6,979.4,110064,0.2047,-0.6654,-130.76,981.8000,-0.24
2025-10-08 12:55:00,979.4,980.45,979.1,979.95,85360,0.2630,-0.6654,-139.53,981.8000,-0.19
2025-10-08 13:00:00,979.95,980.4,979.55,979.65,169363,0.2692,-0.6654,-140.46,981.8000,-0.22
2025-10-08 13:05:00,979.65,980.2,978.6,980.1,77257,0.2897,-0.6654,-143.54,981.8000,-0.17
2025-10-08 13:10:00,980,980.5,979.95,980.45,133194,0.3111,-0.6654,-146.75,981.8000,-0.14
2025-10-08 13:15:00,980.4,981.1,978.75,980.5,488830,0.3120,-0.6654,-146.89,981.8000,-0.13
2025-10-08 13:20:00,980.4,980.9,980,980,130516,0.2642,-0.6654,-139.71,981.8000,-0.18
2025-10-08 13:25:00,980,981.5,980,980.35,148848,0.2421,-0.6654,-136.38,981.8000,-0.15
2025-10-08 13:30:00,980.35,983,980.25,982.4,198441,0.3452,-0.6654,-151.88,981.8000,0.06
2025-10-08 13:35:00,982.4,982.7,981.7,982,158698,0.3641,-0.6654,-154.72,981.8000,0.02
2025-10-08 13:40:00,982,982.5,980.8,982.3,317551,0.3732,-0.6654,-156.09,981.8000,0.05
2025-10-08 13:45:00,982.15,983.35,982.15,982.85,333041,0.3908,-0.6654,-158.73,981.8000,0.11
2025-10-08 13:50:00,982.8,983.25,982.25,982.55,153939,0.3576,-0.6654,-153.74,981.8000,0.08
2025-10-08 13:55:00,982.45,982.95,981.85,982.75,107386,0.3254,-0.6654,-148.90,981.8000,0.10
2025-10-08 14:00:00,982.75,983.05,981.35,982.95,251577,0.2948,-0.6654,-144.30,981.8000,0.12
2025-10-08 14:05:00,982.95,983.05,980.15,980.3,393474,0.0842,-0.6654,-112.65,981.8000,-0.15
2025-10-08 14:10:00,980.3,981.25,978.8,980.05,340167,-0.0751,-0.6654,-88.71,981.8000,-0.18
2025-10-08 14:15:00,980.1,980.75,979.6,980.45,96192,-0.1524,-0.6654,-77.10,981.8000,-0.14
2025-10-08 14:20:00,980.45,980.8,979.5,980.3,302722,-0.2088,-0.6654,-68.62,981.8000,-0.15
2025-10-08 14:25:00,980.2,980.55,978.9,979.35,192776,-0.2999,-0.6654,-54.93,981.8000,-0.25
2025-10-08 14:30:00,979.35,980.15,978.35,979,117811,-0.3689,-0.6654,-44.56,981.8000,-0.29
2025-10-08 14:35:00,978.8,980,978.35,979.85,119672,-0.3431,-0.6654,-48.44,981.8000,-0.20
2025-10-08 14:40:00,979.85,980.9,978.55,979.35,608349,-0.3445,-0.6654,-48.23,981.8000,-0.25
2025-10-08 14:45:00,979.5,980.05,979,979.7,159242,-0.3079,-0.6654,-53.73,981.8000,-0.21
2025-10-08 14:50:00,979.65,980.4,978.45,980.15,400672,-0.2424,-0.6654,-63.57,981.8000,-0.17
2025-10-08 14:55:00,980.15,980.35,979.2,979.85,122005,-0.2094,-0.6654,-68.53,981.8000,-0.20
2025-10-08 15:00:00,979.8,980,978.9,980,332556,-0.1693,-0.6654,-74.56,981.8000,-0.18
2025-10-08 15:05:00,980,980,979,979.15,339237,-0.1904,-0.6654,-71.39,981.8000,-0.27
2025-10-08 15:10:00,979.25,979.75,978.1,978.15,348586,-0.2578,-0.6654,-61.26,981.8000,-0.37
2025-10-08 15:15:00,978.2,978.35,977.4,978,417992,-0.2958,-0.6654,-55.55,981.8000,-0.39
2025-10-08 15:20:00,977.9,979,977.85,978.4,403664,-0.2778,-0.6654,-58.25,981.8000,-0.35
2025-10-08 15:25:00,978.4,979,977.2,977.2,295821,-0.3269,-0.6654,-50.87,981.8000,-0.47
2025-10-09 09:15:00,974.5,976.5,971.5,973,519863,-0.6064,-0.3269,85.50,977.2000,-0.43
2025-10-09 09:20:00,972.9,976.7,972.9,976.7,193518,-0.5099,-0.3269,55.98,977.2000,-0.05
2025-10-09 09:25:00,976.7,977,975.6,976.95,151788,-0.4020,-0.3269,22.97,977.2000,-0.03
2025-10-09 09:30:00,976.85,977.6,975,975.75,121805,-0.3841,-0.3269,17.50,977.2000,-0.15
2025-10-09 09:35:00,975.45,975.95,974.95,975.65,70755,-0.3525,-0.3269,7.83,977.2000,-0.16
2025-10-09 09:40:00,975.6,975.65,973.5,974,61447,-0.4121,-0.3269,26.06,977.2000,-0.33
2025-10-09 09:45:00,973.95,974.95,973.2,973.55,73805,-0.4483,-0.3269,37.14,977.2000,-0.37
2025-10-09 09:50:00,973.3,973.75,972.5,973.4,73293,-0.4476,-0.3269,36.92,977.2000,-0.39
2025-10-09 09:55:00,973.3,973.5,972,972.05,52490,-0.4995,-0.3269,52.80,977.2000,-0.53
2025-10-09 10:00:00,972.35,972.7,971.1,972.1,121743,-0.4911,-0.3269,50.23,977.2000,-0.52
2025-10-09 10:05:00,972.1,972.35,971.2,971.8,66201,-0.4665,-0.3269,42.70,977.2000,-0.55
2025-10-09 10:10:00,971.8,971.8,970.15,971.25,78864,-0.4481,-0.3269,37.08,977.2000,-0.61
2025-10-09 10:15:00,971.25,972.8,971.05,972.1,71282,-0.3441,-0.3269,5.26,977.2000,-0.52
2025-10-09 10:20:00,972.1,974.15,971.7,974,110992,-0.1240,-0.3269,-62.07,977.2000,-0.33
2025-10-09 10:25:00,974,974.4,972.9,973.65,97516,0.0138,-0.3269,-104.22,977.2000,-0.36
2025-10-09 10:30:00,973.55,975.6,972.95,975.25,94714,0.2174,-0.3269,-166.50,977.2000,-0.20
2025-10-09 10:35:00,975.25,976,974.75,975.25,120790,0.3489,-0.3269,-206.73,977.2000,-0.20
2025-10-09 10:40:00,975.25,975.7,974,975,103084,0.4115,-0.3269,-225.88,977.2000,-0.23
2025-10-09 10:45:00,975,975.6,974.4,974.8,70805,0.4300,-0.3269,-231.54,977.2000,-0.25
2025-10-09 10:50:00,974.65,975,973.2,974.25,196587,0.3965,-0.3269,-221.29,977.2000,-0.30
2025-10-09 10:55:00,974.35,974.95,973.4,974.25,204627,0.3664,-0.3269,-212.08,977.2000,-0.30
2025-10-09 11:00:00,974.3,976,974.05,975.8,116554,0.4381,-0.3269,-234.02,977.2000,-0.14
2025-10-09 11:05:00,975.8,978,975.5,977.8,172185,0.5975,-0.3269,-282.78,977.2000,0.06
2025-10-09 11:10:00,977.8,978.45,976.5,977,176930,0.6235,-0.3269,-290.73,977.2000,-0.02
2025-10-09 11:15:00,977.1,977.55,976.05,976.9,124205,0.6078,-0.3269,-285.93,977.2000,-0.03
2025-10-09 11:20:00,976.7,977.4,976,976.45,187518,0.5430,-0.3269,-266.11,977.2000,-0.08
2025-10-09 11:25:00,976.5,977.5,976.45,977.15,61933,0.5231,-0.3269,-260.02,977.2000,-0.01
2025-10-09 11:30:00,977.15,977.8,976.45,977.75,63347,0.5246,-0.3269,-260.48,977.2000,0.06
2025-10-09 11:35:00,977.8,979,977.7,978.2,110361,0.5289,-0.3269,-261.79,977.2000,0.10
2025-10-09 11:40:00,978.2,978.45,975.25,976.2,384220,0.3770,-0.3269,-215.33,977.2000,-0.10
2025-10-09 11:45:00,976.15,978.05,975.95,977.35,278728,0.3354,-0.3269,-202.60,977.2000,0.02
2025-10-09 11:50:00,977.4,977.8,975.8,976.25,70505,0.2208,-0.3269,-167.54,977.2000,-0.10
2025-10-09 11:55:00,976.2,976.55,975.45,975.8,117438,0.1073,-0.3269,-132.82,977.2000,-0.14
2025-10-09 12:00:00,975.85,977,975.65,976.75,159765,0.0897,-0.3269,-127.44,977.2000,-0.05
2025-10-09 12:05:00,976.75,976.9,976,976.15,53240,0.0339,-0.3269,-110.37,977.2000,-0.11
2025-10-09 12:10:00,976.15,976.4,976,976.3,25210,0.0049,-0.3269,-101.50,977.2000,-0.09
2025-10-09 12:15:00,976.25,976.8,976,976.5,56382,-0.0026,-0.3269,-99.20,977.2000,-0.07
2025-10-09 12:20:00,976.5,976.9,976.1,976.2,38087,-0.0281,-0.3269,-91.40,977.2000,-0.10
2025-10-09 12:25:00,976.2,976.6,975.25,975.85,47301,-0.0668,-0.3269,-79.57,977.2000,-0.14
2025-10-09 12:30:00,975.7,976.3,974.8,975.85,161282,-0.0891,-0.3269,-72.74,977.2000,-0.14
2025-10-09 12:35:00,975.8,976.1,974.9,975.4,58509,-0.1286,-0.3269,-60.66,977.2000,-0.18
2025-10-09 12:40:00,975.4,976,974.25,975.05,298301,-0.1700,-0.3269,-48.00,977.2000,-0.22
2025-10-09 12:45:00,975,975.15,974.4,975.05,70251,-0.1878,-0.3269,-42.55,977.2000,-0.22
2025-10-09 12:50:00,975,975.45,973.55,974.4,150022,-0.2309,-0.3269,-29.37,977.2000,-0.29
2025-10-09 12:55:00,974.35,975.45,974.15,974.4,63298,-0.2455,-0.3269,-24.90,977.2000,-0.29
2025-10-09 13:00:00,974.4,975,974.15,974.85,69603,-0.2124,-0.3269,-35.03,977.2000,-0.24
2025-10-09 13:05:00,974.8,975.55,974,974.55,216052,-0.1983,-0.3269,-39.34,977.2000,-0.27
2025-10-09 13:10:00,974.5,975.3,973.65,975.25,159129,-0.1327,-0.3269,-59.41,977.2000,-0.20
2025-10-09 13:15:00,975.25,976,974.9,975.9,69835,-0.0411,-0.3269,-87.43,977.2000,-0.13
2025-10-09 13:20:00,975.9,976,975,975.9,131631,0.0205,-0.3269,-106.27,977.2000,-0.13
2025-10-09 13:25:00,975.85,976.75,975.5,976.65,72143,0.1080,-0.3269,-133.04,977.2000,-0.06
2025-10-09 13:30:00,976.7,976.85,976.15,976.4,56693,0.1431,-0.3269,-143.77,977.2000,-0.08
2025-10-09 13:35:00,976.45,976.65,975.25,975.95,125884,0.1304,-0.3269,-139.89,977.2000,-0.13
2025-10-09 13:40:00,975.95,976.95,975.8,976.45,170638,0.1486,-0.3269,-145.46,977.2000,-0.08
2025-10-09 13:45:00,976.45,976.8,975.8,975.9,150806,0.1181,-0.3269,-136.13,977.2000,-0.13
2025-10-09 13:50:00,975.9,976.6,975.3,976.3,235490,0.1189,-0.3269,-136.37,977.2000,-0.09
2025-10-09 13:55:00,976.3,977.5,976.1,977.5,99652,0.1900,-0.3269,-158.12,977.2000,0.03
2025-10-09 14:00:00,977.55,977.9,977,977.7,88661,0.2373,-0.3269,-172.59,977.2000,0.05
2025-10-09 14:05:00,977.75,978.6,977.6,978.05,176039,0.2762,-0.3269,-184.49,977.2000,0.09
2025-10-09 14:10:00,978.05,978.45,976.6,976.85,239102,0.2082,-0.3269,-163.69,977.2000,-0.04
2025-10-09 14:15:00,976.8,977.8,976.45,976.7,188303,0.1434,-0.3269,-143.87,977.2000,-0.05
2025-10-09 14:20:00,976.75,976.95,975.35,975.65,157381,0.0261,-0.3269,-107.98,977.2000,-0.16
2025-10-09 14:25:00,975.75,976.15,974.5,976,462006,-0.0285,-0.3269,-91.28,977.2000,-0.12
2025-10-09 14:30:00,976.05,976.5,975.1,975.7,274802,-0.0825,-0.3269,-74.76,977.2000,-0.15
2025-10-09 14:35:00,975.8,977.6,975.65,977.45,504421,-0.0022,-0.3269,-99.33,977.2000,0.03
2025-10-09 14:40:00,977.55,977.9,976.5,977.65,254840,0.0591,-0.3269,-118.08,977.2000,0.05
2025-10-09 14:45:00,977.5,977.75,975,976.05,596932,-0.0097,-0.3269,-97.03,977.2000,-0.12
2025-10-09 14:50:00,976,977.8,975.4,977.15,449182,0.0159,-0.3269,-104.86,977.2000,-0.01
2025-10-09 14:55:00,977.15,977.5,976.5,977.1,242218,0.0259,-0.3269,-107.92,977.2000,-0.01
2025-10-09 15:00:00,977.15,977.65,977,977.2,471117,0.0351,-0.3269,-110.74,977.2000,0.00
2025-10-09 15:05:00,977.25,977.95,976.15,977.65,843430,0.0655,-0.3269,-120.04,977.2000,0.05
2025-10-09 15:10:00,977.65,978,977,977,824283,0.0374,-0.3269,-111.44,977.2000,-0.02
2025-10-09 15:15:00,977,977.85,976.75,977.4,606463,0.0409,-0.3269,-112.51,977.2000,0.02
2025-10-09 15:20:00,977.45,977.45,976.6,977,518308,0.0130,-0.3269,-103.98,977.2000,-0.02
2025-10-09 15:25:00,977.05,977.05,975,975,417204,-0.1354,-0.3269,-58.58,977.2000,-0.23
2025-10-10 09:15:00,979,984.55,978.1,983.15,471082,0.2966,-0.1354,-319.05,975.0000,0.84
2025-10-10 09:20:00,983.15,984.5,982.4,983.75,355964,0.5872,-0.1354,-533.68,975.0000,0.90
2025-10-10 09:25:00,983.75,983.9,982.05,982.95,186366,0.6833,-0.1354,-604.65,975.0000,0.82
2025-10-10 09:30:00,982.95,984,982,982.45,144358,0.6700,-0.1354,-594.83,975.0000,0.76
2025-10-10 09:35:00,982.8,983,982.25,983,43286,0.6543,-0.1354,-583.23,975.0000,0.82
2025-10-10 09:40:00,982.95,983.3,982,982.95,139496,0.5982,-0.1354,-541.80,975.0000,0.82
2025-10-10 09:45:00,982.95,984.9,982.95,983.75,383290,0.5725,-0.1354,-522.82,975.0000,0.90
2025-10-10 09:50:00,983.75,984.5,982.2,983.4,132942,0.4926,-0.1354,-463.81,975.0000,0.86
2025-10-10 09:55:00,983.4,983.45,982.1,982.6,69437,0.3531,-0.1354,-360.78,975.0000,0.78
2025-10-10 10:00:00,982.5,983,981.5,982.1,118272,0.2018,-0.1354,-249.04,975.0000,0.73
2025-10-10 10:05:00,982.1,982.4,980.75,981.15,73893,0.0219,-0.1354,-116.17,975.0000,0.63
2025-10-10 10:10:00,981.15,981.2,980,980.05,84655,-0.1762,-0.1354,30.13,975.0000,0.52
2025-10-10 10:15:00,980,981.75,979.9,981.6,139553,-0.2056,-0.1354,51.85,975.0000,0.68
2025-10-10 10:20:00,981.55,982.2,980.65,980.85,87446,-0.2742,-0.1354,102.51,975.0000,0.60
2025-10-10 10:25:00,980.85,981,980.2,980.9,71632,-0.3121,-0.1354,130.50,975.0000,0.61
2025-10-10 10:30:00,980.9,982,980.85,981.85,154818,-0.2705,-0.1354,99.78,975.0000,0.70
2025-10-10 10:35:00,981.85,982.1,980.9,981.6,86166,-0.2574,-0.1354,90.10,975.0000,0.68
2025-10-10 10:40:00,981.6,981.9,980.55,980.8,214166,-0.2972,-0.1354,119.50,975.0000,0.59
2025-10-10 10:45:00,980.8,981.35,980.1,980.95,122894,-0.3068,-0.1354,126.59,975.0000,0.61
2025-10-10 10:50:00,980.9,981.5,980.6,981.5,114787,-0.2708,-0.1354,100.00,975.0000,0.67
2025-10-10 10:55:00,981.3,981.9,980.95,981.7,263173,-0.2298,-0.1354,69.72,975.0000,0.69
2025-10-10 11:00:00,981.6,982,981.35,981.7,143387,-0.2000,-0.1354,47.71,975.0000,0.69
2025-10-10 11:05:00,981.65,982.2,981.65,982,90981,-0.1592,-0.1354,17.58,975.0000,0.72
2025-10-10 11:10:00,981.95,983.2,981.9,983.15,513683,-0.0591,-0.1354,-56.35,975.0000,0.84
2025-10-10 11:15:00,983,983.55,981.75,981.8,125511,-0.0865,-0.1354,-36.12,975.0000,0.70
2025-10-10 11:20:00,981.8,982.25,981.45,982.25,134574,-0.0772,-0.1354,-42.98,975.0000,0.74
2025-10-10 11:25:00,982.25,982.7,981.3,981.95,187308,-0.0931,-0.1354,-31.24,975.0000,0.71
2025-10-10 11:30:00,981.65,982.8,981.3,982.4,205568,-0.0760,-0.1354,-43.87,975.0000,0.76
2025-10-10 11:35:00,982.4,983.55,982,982.5,484187,-0.0611,-0.1354,-54.87,975.0000,0.77
2025-10-10 11:40:00,982.3,982.7,981.6,981.7,86385,-0.1058,-0.1354,-21.86,975.0000,0.69
2025-10-10 11:45:00,981.7,982.5,981.4,982.35,44857,-0.0927,-0.1354,-31.54,975.0000,0.75
2025-10-10 11:50:00,982.3,982.3,981.15,981.75,48048,-0.1236,-0.1354,-8.71,975.0000,0.69
2025-10-10 11:55:00,981.75,982,980.6,981.05,53841,-0.1865,-0.1354,37.74,975.0000,0.62
2025-10-10 12:00:00,981,981.7,980.75,981.4,50649,-0.1989,-0.1354,46.90,975.0000,0.66
2025-10-10 12:05:00,981.4,981.5,980.4,980.8,53289,-0.2390,-0.1354,76.51,975.0000,0.59
2025-10-10 12:10:00,980.6,981.15,980.45,980.95,57080,-0.2460,-0.1354,81.68,975.0000,0.61
2025-10-10 12:15:00,980.9,981.5,979.95,980,174796,-0.3016,-0.1354,122.75,975.0000,0.51
2025-10-10 12:20:00,980,981.35,979.55,980.9,205970,-0.2659,-0.1354,96.38,975.0000,0.61
2025-10-10 12:25:00,980.85,981.5,980.6,981.05,104834,-0.2221,-0.1354,64.03,975.0000,0.62
2025-10-10 12:30:00,981.05,981.45,980.9,981,82002,-0.1878,-0.1354,38.70,975.0000,0.62
2025-10-10 12:35:00,981,981.5,980.5,980.8,95336,-0.1705,-0.1354,25.92,975.0000,0.59
2025-10-10 12:40:00,980.8,983,980.75,982.7,175797,-0.0302,-0.1354,-77.70,975.0000,0.79
2025-10-10 12:45:00,982.95,983.5,982.6,982.9,230604,0.0713,-0.1354,-152.66,975.0000,0.81
2025-10-10 12:50:00,982.9,983.5,982.8,983.3,101760,0.1559,-0.1354,-215.14,975.0000,0.85
2025-10-10 12:55:00,983.4,983.9,983,983.5,133367,0.2122,-0.1354,-256.72,975.0000,0.87
2025-10-10 13:00:00,983.4,984,983.25,983.55,147799,0.2378,-0.1354,-275.63,975.0000,0.88
2025-10-10 13:05:00,983.55,984,982.5,982.5,109687,0.1721,-0.1354,-227.10,975.0000,0.77
2025-10-10 13:10:00,982.5,982.85,981.7,982.2,194276,0.1001,-0.1354,-173.93,975.0000,0.74
2025-10-10 13:15:00,982.5,983.9,982.05,983.55,181240,0.1330,-0.1354,-198.23,975.0000,0.88
2025-10-10 13:20:00,983.55,984.5,982.65,984,239699,0.1721,-0.1354,-227.10,975.0000,0.92
2025-10-10 13:25:00,984,984.1,981.8,983.05,405910,0.1234,-0.1354,-191.14,975.0000,0.83
2025-10-10 13:30:00,983.05,983.85,982.5,983.8,121471,0.1304,-0.1354,-196.31,975.0000,0.90
2025-10-10 13:35:00,983.85,984,983.25,983.75,181242,0.1206,-0.1354,-189.07,975.0000,0.90
2025-10-10 13:40:00,983.75,984.2,983.65,984,118882,0.1196,-0.1354,-188.33,975.0000,0.92
2025-10-10 13:45:00,984,984.35,983.3,983.9,143365,0.1017,-0.1354,-175.11,975.0000,0.91
2025-10-10 13:50:00,983.9,984.45,983.7,983.85,108869,0.0769,-0.1354,-156.79,975.0000,0.91
2025-10-10 13:55:00,983.9,984.4,982.9,982.9,186574,-0.0084,-0.1354,-93.80,975.0000,0.81
2025-10-10 14:00:00,982.95,983.95,982.7,983.7,251627,-0.0154,-0.1354,-88.63,975.0000,0.89
2025-10-10 14:05:00,983.5,984.55,983.5,983.95,193306,-0.0082,-0.1354,-93.94,975.0000,0.92
2025-10-10 14:10:00,984,984.9,983.85,984.85,210567,0.0492,-0.1354,-136.34,975.0000,1.01
2025-10-10 14:15:00,984.75,984.9,983.9,984.75,342544,0.0710,-0.1354,-152.44,975.0000,1.00
2025-10-10 14:20:00,984.5,985,984.5,984.8,150806,0.0788,-0.1354,-158.20,975.0000,1.01
2025-10-10 14:25:00,984.7,985.45,984.6,985.45,223494,0.1156,-0.1354,-185.38,975.0000,1.07
2025-10-10 14:30:00,985.05,985.65,984.45,985.6,115744,0.1363,-0.1354,-200.66,975.0000,1.09
2025-10-10 14:35:00,985.4,985.65,984.8,985,61772,0.0978,-0.1354,-172.23,975.0000,1.03
2025-10-10 14:40:00,985,986.2,985,986.05,170008,0.1293,-0.1354,-195.49,975.0000,1.13
2025-10-10 14:45:00,986,986.1,982.5,983.75,520350,-0.0112,-0.1354,-91.73,975.0000,0.90
2025-10-10 14:50:00,983.65,985,983.65,984.4,212428,-0.0637,-0.1354,-52.95,975.0000,0.96
2025-10-10 14:55:00,984.15,984.45,982.6,983.9,178223,-0.1316,-0.1354,-2.81,975.0000,0.91
2025-10-10 15:00:00,983.85,983.95,980.1,980.9,269126,-0.3649,-0.1354,169.50,975.0000,0.61
2025-10-10 15:05:00,980.8,981,980,980.65,298440,-0.5132,-0.1354,279.03,975.0000,0.58
2025-10-10 15:10:00,980.6,981.2,980,980.45,281743,-0.5962,-0.1354,340.32,975.0000,0.56
2025-10-10 15:15:00,980.45,981.4,980.25,980.5,299634,-0.6165,-0.1354,355.32,975.0000,0.56
2025-10-10 15:20:00,980.5,981.4,980.3,981.4,281560,-0.5408,-0.1354,299.41,975.0000,0.66
2025-10-10 15:25:00,981.25,982,980.5,981.45,297483,-0.4620,-0.1354,241.21,975.0000,0.66
2025-10-13 09:15:00,974.3,980.45,974,976.15,445581,-0.7257,-0.4620,57.08,981.4500,-0.54
2025-10-13 09:20:00,976.05,976.45,974.25,974.7,202437,-0.9429,-0.4620,104.09,981.4500,-0.69
2025-10-13 09:25:00,974.5,975.15,972.9,973.9,182297,-1.0759,-0.4620,132.88,981.4500,-0.77
2025-10-13 09:30:00,973.95,975.15,972,973.05,172725,-1.1500,-0.4620,148.92,981.4500,-0.86
2025-10-13 09:35:00,973.05,975.15,972.65,974.85,100547,-1.0114,-0.4620,118.92,981.4500,-0.67
2025-10-13 09:40:00,974.9,976.5,974.5,976.5,138101,-0.7542,-0.4620,63.25,981.4500,-0.50
2025-10-13 09:45:00,976.5,977.75,976.2,976.9,100387,-0.5140,-0.4620,11.26,981.4500,-0.46
2025-10-13 09:50:00,976.85,976.9,975.3,975.75,128845,-0.3950,-0.4620,-14.50,981.4500,-0.58
2025-10-13 09:55:00,975.75,976,975.05,975.8,78918,-0.2806,-0.4620,-39.26,981.4500,-0.58
2025-10-13 10:00:00,975.8,975.8,974.65,974.65,65212,-0.2510,-0.4620,-45.67,981.4500,-0.69
2025-10-13 10:05:00,974.7,975.7,973.7,975.45,118824,-0.1511,-0.4620,-67.29,981.4500,-0.61
2025-10-13 10:10:00,975.4,975.5,974.45,974.95,65275,-0.0951,-0.4620,-79.42,981.4500,-0.66
2025-10-13 10:15:00,974.75,975.55,974.3,974.55,60403,-0.0628,-0.4620,-86.41,981.4500,-0.70
2025-10-13 10:20:00,974.5,975.6,973.9,975.1,114828,0.0136,-0.4620,-102.94,981.4500,-0.65
2025-10-13 10:25:00,975,976.5,974.7,976.25,171555,0.1519,-0.4620,-132.88,981.4500,-0.53
2025-10-13 10:30:00,976.25,977.4,975.9,977.15,226879,0.3056,-0.4620,-166.15,981.4500,-0.44
2025-10-13 10:35:00,977.15,978.05,976.7,977.25,134799,0.4089,-0.4620,-188.51,981.4500,-0.43
2025-10-13 10:40:00,977.35,978.2,977,977.4,113496,0.4777,-0.4620,-203.40,981.4500,-0.41
2025-10-13 10:45:00,977.35,978,976.85,977.35,82739,0.5073,-0.4620,-209.81,981.4500,-0.42
2025-10-13 10:50:00,977.35,977.95,976.7,977,77024,0.4904,-0.4620,-206.15,981.4500,-0.45
2025-10-13 10:55:00,977,977.35,976,976.9,107656,0.4602,-0.4620,-199.61,981.4500,-0.46
2025-10-13 11:00:00,976.9,978.2,976.55,978.15,128106,0.5083,-0.4620,-210.02,981.4500,-0.34
2025-10-13 11:05:00,978,979,977.9,978.8,107907,0.5636,-0.4620,-221.99,981.4500,-0.27
2025-10-13 11:10:00,978.65,978.8,976.7,978.2,362978,0.5393,-0.4620,-216.73,981.4500,-0.33
2025-10-13 11:15:00,978,978.45,976.05,977.55,587988,0.4620,-0.4620,-200.00,981.4500,-0.40
2025-10-13 11:20:00,977.45,979,977.2,977.65,203425,0.4025,-0.4620,-187.12,981.4500,-0.39
2025-10-13 11:25:00,977.4,978.5,977,978.35,198315,0.3944,-0.4620,-185.37,981.4500,-0.32
2025-10-13 11:30:00,978.05,979,978,978.85,139836,0.4055,-0.4620,-187.77,981.4500,-0.26
2025-10-13 11:35:00,978.85,979,977.5,977.9,115980,0.3345,-0.4620,-172.40,981.4500,-0.36
2025-10-13 11:40:00,977.9,978.85,977.75,978.7,142844,0.3266,-0.4620,-170.69,981.4500,-0.28
2025-10-13 11:45:00,978.5,979.6,978.1,979.5,114270,0.3581,-0.4620,-177.51,981.4500,-0.20
2025-10-13 11:50:00,979.6,979.65,979,979.4,82666,0.3542,-0.4620,-176.67,981.4500,-0.21
2025-10-13 11:55:00,979.4,980,979.05,979.7,321911,0.3532,-0.4620,-176.45,981.4500,-0.18
2025-10-13 12:00:00,979.65,980,976.5,977,591720,0.1617,-0.4620,-135.00,981.4500,-0.45
2025-10-13 12:05:00,976.8,977.25,975.65,975.8,350153,-0.0437,-0.4620,-90.54,981.4500,-0.58
2025-10-13 12:10:00,975.75,977.65,975.6,976.35,233618,-0.1354,-0.4620,-70.69,981.4500,-0.52
2025-10-13 12:15:00,976.05,976.8,975.85,976.35,245965,-0.1857,-0.4620,-59.81,981.4500,-0.52
2025-10-13 12:20:00,976.35,976.6,975.35,975.5,57480,-0.2613,-0.4620,-43.44,981.4500,-0.61
2025-10-13 12:25:00,975.35,976,975.1,975.85,62471,-0.2716,-0.4620,-41.21,981.4500,-0.57
2025-10-13 12:30:00,975.8,976.25,975.3,975.6,80918,-0.2781,-0.4620,-39.81,981.4500,-0.60
2025-10-13 12:35:00,975.65,976.2,975.4,975.9,334984,-0.2461,-0.4620,-46.73,981.4500,-0.57
2025-10-13 12:40:00,975.65,977,975.45,976.9,365834,-0.1465,-0.4620,-68.29,981.4500,-0.46
2025-10-13 12:45:00,976.55,977.05,975.5,975.6,375143,-0.1562,-0.4620,-66.19,981.4500,-0.60
2025-10-13 12:50:00,975.55,976.8,975.1,976.35,411008,-0.1026,-0.4620,-77.79,981.4500,-0.52
2025-10-13 12:55:00,976.3,978.3,976.25,978.15,163578,0.0550,-0.4620,-111.90,981.4500,-0.34
2025-10-13 13:00:00,978,978.4,976.05,976.2,543792,0.0301,-0.4620,-106.52,981.4500,-0.53
2025-10-13 13:05:00,976.1,977.3,976.1,976.95,110052,0.0644,-0.4620,-113.94,981.4500,-0.46
2025-10-13 13:10:00,976.65,978.15,976.4,977.95,321579,0.1498,-0.4620,-132.42,981.4500,-0.36
2025-10-13 13:15:00,977.85,978.5,976.3,976.35,259877,0.0964,-0.4620,-120.87,981.4500,-0.52
2025-10-13 13:20:00,976.35,976.7,975.15,975.15,488712,-0.0157,-0.4620,-96.60,981.4500,-0.64
2025-10-13 13:25:00,975.2,976.85,974.9,976.2,286823,-0.0153,-0.4620,-96.69,981.4500,-0.53
2025-10-13 13:30:00,976.2,977.7,975.55,975.8,343315,-0.0368,-0.4620,-92.03,981.4500,-0.58
2025-10-13 13:35:00,975.8,976.3,975.25,976.3,219328,-0.0134,-0.4620,-97.10,981.4500,-0.52
2025-10-13 13:40:00,976.3,976.4,975.55,975.65,140902,-0.0364,-0.4620,-92.12,981.4500,-0.59
2025-10-13 13:45:00,975.65,976.8,975.55,976.55,244453,0.0116,-0.4620,-102.51,981.4500,-0.50
2025-10-13 13:50:00,976.4,976.95,975.7,976.3,404199,0.0283,-0.4620,-106.13,981.4500,-0.52
2025-10-13 13:55:00,976.25,976.95,975.35,975.9,383412,0.0148,-0.4620,-103.20,981.4500,-0.57
2025-10-13 14:00:00,975.85,979,975.8,979,307665,0.2065,-0.4620,-144.70,981.4500,-0.25
2025-10-13 14:05:00,978.8,979,978,978.5,135585,0.2864,-0.4620,-161.99,981.4500,-0.30
2025-10-13 14:10:00,978.4,979.3,978.25,978.3,125708,0.3106,-0.4620,-167.23,981.4500,-0.32
2025-10-13 14:15:00,978.3,979.25,977.65,977.9,241050,0.2852,-0.4620,-161.73,981.4500,-0.36
2025-10-13 14:20:00,977.9,979.75,977.35,979.1,362057,0.3315,-0.4620,-171.75,981.4500,-0.24
2025-10-13 14:25:00,979,980.5,979,979.95,482423,0.3971,-0.4620,-185.95,981.4500,-0.15
2025-10-13 14:30:00,979.95,980.4,979.45,979.65,111043,0.3972,-0.4620,-185.97,981.4500,-0.18
2025-10-13 14:35:00,979.65,981,979.55,979.9,438227,0.3903,-0.4620,-184.48,981.4500,-0.16
2025-10-13 14:40:00,979.85,980.65,978.75,979.95,258148,0.3659,-0.4620,-179.20,981.4500,-0.15
2025-10-13 14:45:00,980.05,980.9,979.1,979.4,132301,0.2925,-0.4620,-163.31,981.4500,-0.21
2025-10-13 14:50:00,979.4,980.6,978.85,980.1,385468,0.2715,-0.4620,-158.77,981.4500,-0.14
2025-10-13 14:55:00,980.1,980.7,979.25,980.65,310942,0.2741,-0.4620,-159.33,981.4500,-0.08
2025-10-13 15:00:00,980.6,980.65,976.4,976.45,480313,-0.0123,-0.4620,-97.34,981.4500,-0.51
2025-10-13 15:05:00,976.45,976.95,976.25,976.4,467991,-0.2000,-0.4620,-56.71,981.4500,-0.51
2025-10-13 15:10:00,976.35,976.7,975.85,976.45,555378,-0.3091,-0.4620,-33.10,981.4500,-0.51
2025-10-13 15:15:00,976.4,977.2,976.4,977.05,412388,-0.3274,-0.4620,-29.13,981.4500,-0.45
2025-10-13 15:20:00,976.95,978,976.55,977,372854,-0.3287,-0.4620,-28.85,981.4500,-0.45
2025-10-13 15:25:00,976.95,978.25,976.8,977.1,319692,-0.3088,-0.4620,-33.16,981.4500,-0.44
2025-10-14 09:15:00,970,978.6,967,977.35,2831282,-0.2665,-0.3088,-13.70,977.1000,0.03
2025-10-14 09:20:00,977.65,979.65,976.8,978.3,268773,-0.1670,-0.3088,-45.92,977.1000,0.12
2025-10-14 09:25:00,978.4,979.3,977.4,979,271031,-0.0525,-0.3088,-83.00,977.1000,0.19
2025-10-14 09:30:00,979.05,979.25,975.65,976.45,319380,-0.1419,-0.3088,-54.05,977.1000,-0.07
2025-10-14 09:35:00,976.4,976.7,974.75,974.75,192878,-0.2998,-0.3088,-2.91,977.1000,-0.24
2025-10-14 09:40:00,974.75,976.5,974.5,975.5,205034,-0.3353,-0.3088,8.58,977.1000,-0.16
2025-10-14 09:45:00,975.5,976.5,974.9,976.25,320239,-0.2916,-0.3088,-5.57,977.1000,-0.09
2025-10-14 09:50:00,976.4,977,975.5,976.4,572905,-0.2380,-0.3088,-22.93,977.1000,-0.07
2025-10-14 09:55:00,976.45,977.05,976,976.7,135209,-0.1710,-0.3088,-44.62,977.1000,-0.04
2025-10-14 10:00:00,976.8,977.7,975.5,976.25,254435,-0.1465,-0.3088,-52.56,977.1000,-0.09
2025-10-14 10:05:00,976.3,977.15,975.75,977.05,109788,-0.0699,-0.3088,-77.36,977.1000,-0.01
2025-10-14 10:10:00,977.1,978.2,976.9,978,117038,0.0451,-0.3088,-114.60,977.1000,0.09
2025-10-14 10:15:00,977.9,978.95,977.15,977.85,96948,0.1079,-0.3088,-134.94,977.1000,0.08
2025-10-14 10:20:00,977.95,978.55,977.2,978,100007,0.1535,-0.3088,-149.71,977.1000,0.09
2025-10-14 10:25:00,978.15,979,977.75,978.75,161459,0.2239,-0.3088,-172.51,977.1000,0.17
2025-10-14 10:30:00,978.95,980.45,978.7,979.4,247774,0.2993,-0.3088,-196.92,977.1000,0.24
2025-10-14 10:35:00,979.35,979.35,978,979.05,250596,0.3093,-0.3088,-200.16,977.1000,0.20
2025-10-14 10:40:00,979.1,979.55,977.45,979.15,887845,0.3059,-0.3088,-199.06,977.1000,0.21
2025-10-14 10:45:00,979.15,979.7,978.05,978.65,156038,0.2552,-0.3088,-182.64,977.1000,0.16
2025-10-14 10:50:00,979,979.5,976.95,977.55,448225,0.1387,-0.3088,-144.92,977.1000,0.05
2025-10-14 10:55:00,977.55,978.35,976.75,978.1,173866,0.0920,-0.3088,-129.79,977.1000,0.10
2025-10-14 11:00:00,978.1,978.45,977.15,977.7,72049,0.0307,-0.3088,-109.94,977.1000,0.06
2025-10-14 11:05:00,977.7,978.2,976.4,977.2,181121,-0.0430,-0.3088,-86.08,977.1000,0.01
2025-10-14 11:10:00,977.15,977.5,975.85,976.45,92726,-0.1365,-0.3088,-55.80,977.1000,-0.07
2025-10-14 11:15:00,976.55,976.55,975.1,975.75,76751,-0.2340,-0.3088,-24.22,977.1000,-0.14
2025-10-14 11:20:00,975.7,976,975.05,975.75,110722,-0.2836,-0.3088,-8.16,977.1000,-0.14
2025-10-14 11:25:00,976,976.45,975,976.45,93218,-0.2554,-0.3088,-17.29,977.1000,-0.07
2025-10-14 11:30:00,976.45,976.45,975.35,975.85,76707,-0.2622,-0.3088,-15.09,977.1000,-0.13
2025-10-14 11:35:00,976.05,976.35,975.6,976.35,37305,-0.2198,-0.3088,-28.82,977.1000,-0.08
2025-10-14 11:40:00,976.15,977,975.35,975.8,148199,-0.2153,-0.3088,-30.28,977.1000,-0.13
2025-10-14 11:45:00,975.8,976.35,975.5,976,52869,-0.1864,-0.3088,-39.64,977.1000,-0.11
2025-10-14 11:50:00,975.85,976.4,975.75,976.4,30133,-0.1306,-0.3088,-57.71,977.1000,-0.07
2025-10-14 11:55:00,976.4,976.65,975.7,976,46264,-0.1116,-0.3088,-63.86,977.1000,-0.11
2025-10-14 12:00:00,975.75,976.95,975.3,976.6,354558,-0.0525,-0.3088,-83.00,977.1000,-0.05
2025-10-14 12:05:00,976.6,976.6,974.15,974.8,448292,-0.1246,-0.3088,-59.65,977.1000,-0.24
2025-10-14 12:10:00,974.8,975,973.55,974.25,66486,-0.1949,-0.3088,-36.88,977.1000,-0.29
2025-10-14 12:15:00,974.45,974.45,973.35,973.65,49720,-0.2633,-0.3088,-14.73,977.1000,-0.35
2025-10-14 12:20:00,973.9,974.4,973.15,973.95,108754,-0.2687,-0.3088,-12.99,977.1000,-0.32
2025-10-14 12:25:00,973.75,974.3,973,973.25,88341,-0.2977,-0.3088,-3.59,977.1000,-0.39
2025-10-14 12:30:00,973.45,974.65,972.85,974.5,106643,-0.2148,-0.3088,-30.44,977.1000,-0.27
2025-10-14 12:35:00,974.45,975.35,974,974,322189,-0.1773,-0.3088,-42.58,977.1000,-0.32
2025-10-14 12:40:00,974.1,974.55,972.25,972.4,498995,-0.2400,-0.3088,-22.28,977.1000,-0.48
2025-10-14 12:45:00,972.35,973.55,972.15,973.2,71443,-0.2085,-0.3088,-32.48,977.1000,-0.40
2025-10-14 12:50:00,973.2,973.2,972.6,972.95,28552,-0.1861,-0.3088,-39.73,977.1000,-0.42
2025-10-14 12:55:00,972.9,973.45,972.6,973.45,55593,-0.1224,-0.3088,-60.36,977.1000,-0.37
2025-10-14 13:00:00,973.45,974.35,972.2,973.5,290087,-0.0645,-0.3088,-79.11,977.1000,-0.37
2025-10-14 13:05:00,973.45,973.8,971.45,972.05,210171,-0.1089,-0.3088,-64.73,977.1000,-0.52
2025-10-14 13:10:00,972,973.55,971.4,972.6,374039,-0.0872,-0.3088,-71.76,977.1000,-0.46
2025-10-14 13:15:00,972.6,973,972.4,972.95,77013,-0.0378,-0.3088,-87.76,977.1000,-0.42
2025-10-14 13:20:00,972.95,973,972.5,972.8,76596,-0.0054,-0.3088,-98.25,977.1000,-0.44
2025-10-14 13:25:00,973,973.65,972.65,973.1,113548,0.0434,-0.3088,-114.05,977.1000,-0.41
2025-10-14 13:30:00,973.1,975.45,973.1,975.15,1205539,0.2114,-0.3088,-168.46,977.1000,-0.20
2025-10-14 13:35:00,975.25,975.85,973.9,974.9,386958,0.2981,-0.3088,-196.53,977.1000,-0.23
2025-10-14 13:40:00,974.9,975,974.05,974.4,145576,0.3127,-0.3088,-201.26,977.1000,-0.28
2025-10-14 13:45:00,974.55,975.45,972.8,975,567359,0.3508,-0.3088,-213.60,977.1000,-0.21
2025-10-14 13:50:00,975,975.25,973.75,973.75,215848,0.2828,-0.3088,-191.58,977.1000,-0.34
2025-10-14 13:55:00,973.8,975,973.5,974.7,94732,0.2915,-0.3088,-194.40,977.1000,-0.25
2025-10-14 14:00:00,974.8,974.85,974,974.85,147068,0.2962,-0.3088,-195.92,977.1000,-0.23
2025-10-14 14:05:00,974.85,975,973.75,974.3,232114,0.2528,-0.3088,-181.87,977.1000,-0.29
2025-10-14 14:10:00,974.3,974.6,973,974.55,676066,0.2320,-0.3088,-175.13,977.1000,-0.26
2025-10-14 14:15:00,974.6,976,973.85,974.55,584115,0.2100,-0.3088,-168.01,977.1000,-0.26
2025-10-14 14:20:00,974.7,975.9,974.35,975.7,235605,0.2612,-0.3088,-184.59,977.1000,-0.14
2025-10-14 14:25:00,975.7,976.65,975.4,976.15,239330,0.3104,-0.3088,-200.52,977.1000,-0.10
2025-10-14 14:30:00,976.25,976.9,975.95,976.45,139023,0.3456,-0.3088,-211.92,977.1000,-0.07
2025-10-14 14:35:00,976.45,977.25,976,976.3,560757,0.3405,-0.3088,-210.27,977.1000,-0.08
2025-10-14 14:40:00,976.4,978.15,975.4,977.4,630190,0.3894,-0.3088,-226.10,977.1000,0.03
2025-10-14 14:45:00,977.6,978.5,976.2,977.2,538757,0.3859,-0.3088,-224.97,977.1000,0.01
2025-10-14 14:50:00,977.2,978,977,978,87433,0.4125,-0.3088,-233.58,977.1000,0.09
2025-10-14 14:55:00,977.9,978.4,976.55,977.4,368962,0.3664,-0.3088,-218.65,977.1000,0.03
2025-10-14 15:00:00,977.7,978.95,977.25,977.35,492374,0.3114,-0.3088,-200.84,977.1000,0.03
2025-10-14 15:05:00,977.4,978.2,976.45,976.9,512500,0.2274,-0.3088,-173.64,977.1000,-0.02
2025-10-14 15:10:00,976.9,978,976.55,977.65,380366,0.2058,-0.3088,-166.65,977.1000,0.06
2025-10-14 15:15:00,977.6,977.65,976.35,976.5,433893,0.1026,-0.3088,-133.23,977.1000,-0.06
2025-10-14 15:20:00,976.6,977,975.1,976.55,397334,0.0301,-0.3088,-109.75,977.1000,-0.06
2025-10-14 15:25:00,976.65,977,975.15,976.25,183270,-0.0418,-0.3088,-86.46,977.1000,-0.09
2025-10-15 09:15:00,975,979.8,973.35,977.75,1491828,0.0054,-0.0418,-112.92,976.2500,0.15
2025-10-15 09:20:00,977.75,979.8,977.25,977.85,569793,0.0355,-0.0418,-184.93,976.2500,0.16
2025-10-15 09:25:00,977.85,979,976.75,977.6,237507,0.0308,-0.0418,-173.68,976.2500,0.14
2025-10-15 09:30:00,977.7,978.8,977.15,978.55,265787,0.0810,-0.0418,-293.78,976.2500,0.24
2025-10-15 09:35:00,978.5,978.9,975.8,976.3,750979,-0.0413,-0.0418,-1.20,976.2500,0.01
2025-10-15 09:40:00,976.4,976.7,975.3,975.85,420395,-0.1504,-0.0418,259.81,976.2500,-0.04
2025-10-15 09:45:00,976,976.65,974.4,974.8,315410,-0.2834,-0.0418,577.99,976.2500,-0.15
2025-10-15 09:50:00,974.7,974.95,973.4,974.45,296595,-0.3792,-0.0418,807.18,976.2500,-0.18
2025-10-15 09:55:00,974.45,975.5,974.2,974.85,249434,-0.3978,-0.0418,851.67,976.2500,-0.14
2025-10-15 10:00:00,974.8,975.7,974.4,975.2,137486,-0.3695,-0.0418,783.97,976.2500,-0.11
2025-10-15 10:05:00,975.2,977,975.1,976.85,192067,-0.2293,-0.0418,448.56,976.2500,0.06
2025-10-15 10:10:00,976.85,978.8,976.85,978.5,189370,-0.0259,-0.0418,-38.04,976.2500,0.23
2025-10-15 10:15:00,978.5,979.8,978.35,979.4,157761,0.1587,-0.0418,-479.67,976.2500,0.32
2025-10-15 10:20:00,979.4,980.8,978.85,980.45,194677,0.3310,-0.0418,-891.87,976.2500,0.43
2025-10-15 10:25:00,980.45,981.5,980.45,981.35,104064,0.4763,-0.0418,-1239.47,976.2500,0.52
2025-10-15 10:30:00,981.4,983.8,981.35,983.3,647206,0.6629,-0.0418,-1685.89,976.2500,0.72
2025-10-15 10:35:00,983.35,984,982.5,983.05,388517,0.7238,-0.0418,-1831.58,976.2500,0.70
2025-10-15 10:40:00,983,983.5,982.2,982.65,135271,0.6914,-0.0418,-1754.07,976.2500,0.66
2025-10-15 10:45:00,982.65,983.4,982.4,982.9,78998,0.6421,-0.0418,-1636.12,976.2500,0.68
2025-10-15 10:50:00,982.95,983.7,982.2,983.65,151454,0.6154,-0.0418,-1572.25,976.2500,0.76
2025-10-15 10:55:00,983.65,984.4,983.2,984.1,189952,0.5836,-0.0418,-1496.17,976.2500,0.80
2025-10-15 11:00:00,984.15,984.9,982.95,983.45,347480,0.4787,-0.0418,-1245.22,976.2500,0.74
2025-10-15 11:05:00,983.4,983.65,982.95,983,61888,0.3452,-0.0418,-925.84,976.2500,0.69
2025-10-15 11:10:00,983,983.15,982.4,982.85,78717,0.2192,-0.0418,-624.40,976.2500,0.68
2025-10-15 11:15:00,982.7,983,982.5,982.85,55859,0.1135,-0.0418,-371.53,976.2500,0.68
2025-10-15 11:20:00,982.85,983.3,982.75,983.2,57685,0.0482,-0.0418,-215.31,976.2500,0.71
2025-10-15 11:25:00,983.2,983.7,982.6,983.55,151579,0.0114,-0.0418,-127.27,976.2500,0.75
2025-10-15 11:30:00,983.55,983.6,982.5,982.85,54676,-0.0725,-0.0418,73.44,976.2500,0.68
2025-10-15 11:35:00,982.85,983.15,982.5,983.05,80327,-0.1239,-0.0418,196.41,976.2500,0.70
2025-10-15 11:40:00,983,983.85,983,983.65,143422,-0.1266,-0.0418,202.87,976.2500,0.76
2025-10-15 11:45:00,983.3,983.65,981.5,981.6,186243,-0.2673,-0.0418,539.47,976.2500,0.55
2025-10-15 11:50:00,981.6,981.95,981.05,981.25,185977,-0.3781,-0.0418,804.55,976.2500,0.51
2025-10-15 11:55:00,981.25,982,980.8,980.95,111617,-0.4602,-0.0418,1000.96,976.2500,0.48
2025-10-15 12:00:00,980.95,981.5,980.2,980.2,200632,-0.5478,-0.0418,1210.53,976.2500,0.40
2025-10-15 12:05:00,980.35,981.5,979.75,980.65,283258,-0.5564,-0.0418,1231.10,976.2500,0.45
2025-10-15 12:10:00,980.5,980.85,979.5,979.55,212768,-0.6126,-0.0418,1365.55,976.2500,0.34
2025-10-15 12:15:00,979.6,980.4,978.8,979.65,230487,-0.6178,-0.0418,1377.99,976.2500,0.35
2025-10-15 12:20:00,979.65,979.7,978.6,979.1,302998,-0.6308,-0.0418,1409.09,976.2500,0.29
2025-10-15 12:25:00,979.4,980.45,979,980.1,332964,-0.5477,-0.0418,1210.29,976.2500,0.39
2025-10-15 12:30:00,980.1,980.35,979.3,979.3,95224,-0.5223,-0.0418,1149.52,976.2500,0.31
2025-10-15 12:35:00,979.35,979.55,978.2,978.9,180391,-0.5076,-0.0418,1114.35,976.2500,0.27
2025-10-15 12:40:00,978.55,979.95,978.5,979.8,101409,-0.4164,-0.0418,896.17,976.2500,0.36
2025-10-15 12:45:00,979.7,980.85,979.1,979.95,252219,-0.3289,-0.0418,686.84,976.2500,0.38
2025-10-15 12:50:00,979.95,981.25,979.55,981.25,182523,-0.1741,-0.0418,316.51,976.2500,0.51
2025-10-15 12:55:00,981.15,981.5,980.6,981.3,235343,-0.0647,-0.0418,54.78,976.2500,0.52
2025-10-15 13:00:00,981.35,982.3,981.15,982.1,346846,0.0586,-0.0418,-240.19,976.2500,0.60
2025-10-15 13:05:00,982.2,982.4,981.8,982.1,123631,0.1329,-0.0418,-417.94,976.2500,0.60
2025-10-15 13:10:00,982.3,982.45,981.35,981.35,89963,0.1244,-0.0418,-397.61,976.2500,0.52
2025-10-15 13:15:00,981.45,982.6,981.25,982.6,136221,0.1919,-0.0418,-559.09,976.2500,0.65
2025-10-15 13:20:00,982.6,983,981.9,982.3,170590,0.2041,-0.0418,-588.28,976.2500,0.62
2025-10-15 13:25:00,982.3,983.35,982,982.45,495727,0.2092,-0.0418,-600.48,976.2500,0.64
2025-10-15 13:30:00,982.6,982.9,982.05,982.8,72730,0.2219,-0.0418,-630.86,976.2500,0.67
2025-10-15 13:35:00,982.8,983.35,982.3,982.6,127658,0.2032,-0.0418,-586.12,976.2500,0.65
2025-10-15 13:40:00,982.6,983,982.3,982.4,95585,0.1652,-0.0418,-495.22,976.2500,0.63
2025-10-15 13:45:00,982.4,983.1,982.1,982.4,118379,0.1295,-0.0418,-409.81,976.2500,0.63
2025-10-15 13:50:00,982.45,982.95,982.3,982.65,138127,0.1128,-0.0418,-369.86,976.2500,0.66
2025-10-15 13:55:00,982.65,983.2,982.55,983,115285,0.1150,-0.0418,-375.12,976.2500,0.69
2025-10-15 14:00:00,983,983.1,980.6,980.95,153997,-0.0245,-0.0418,-41.39,976.2500,0.48
2025-10-15 14:05:00,980.95,981.95,979.85,981.85,350057,-0.0572,-0.0418,36.84,976.2500,0.57
2025-10-15 14:10:00,981.85,981.95,980,980.85,289697,-0.1423,-0.0418,240.43,976.2500,0.47
2025-10-15 14:15:00,980.85,981.15,979.85,980.5,346849,-0.2140,-0.0418,411.96,976.2500,0.44
2025-10-15 14:20:00,980.5,981.15,979.85,980.8,196421,-0.2316,-0.0418,454.07,976.2500,0.47
2025-10-15 14:25:00,980.8,981,980.4,980.8,86610,-0.2330,-0.0418,457.42,976.2500,0.47
2025-10-15 14:30:00,980.75,980.9,979.1,979.85,390518,-0.2843,-0.0418,580.14,976.2500,0.37
2025-10-15 14:35:00,979.85,980.4,979.4,979.65,245792,-0.3155,-0.0418,654.78,976.2500,0.35
2025-10-15 14:40:00,979.65,980,979.2,979.4,248815,-0.3352,-0.0418,701.91,976.2500,0.32
2025-10-15 14:45:00,979.35,979.7,977.65,977.7,462179,-0.4382,-0.0418,948.33,976.2500,0.15
2025-10-15 14:50:00,977.65,978.1,976.75,977.7,654915,-0.4786,-0.0418,1044.98,976.2500,0.15
2025-10-15 14:55:00,977.85,978,977.1,977.4,238476,-0.4958,-0.0418,1086.12,976.2500,0.12
2025-10-15 15:00:00,977.15,977.55,976.15,977.55,943873,-0.4676,-0.0418,1018.66,976.2500,0.13
2025-10-15 15:05:00,977.5,979.25,977.45,977.95,995857,-0.3954,-0.0418,845.93,976.2500,0.17
2025-10-15 15:10:00,978,979.3,977.8,979,838300,-0.2570,-0.0418,514.83,976.2500,0.28
2025-10-15 15:15:00,979,979.3,978.25,978.75,1047895,-0.1669,-0.0418,299.28,976.2500,0.26
2025-10-15 15:20:00,978.75,979.5,978.15,979.1,953932,-0.0729,-0.0418,74.40,976.2500,0.29
2025-10-15 15:25:00,979.1,980,978.15,978.5,663536,-0.0420,-0.0418,0.48,976.2500,0.23
2025-10-16 09:15:00,982.65,986.8,981.55,982.85,1329056,0.2637,-0.0420,-727.86,978.5000,0.44
2025-10-16 09:20:00,982.75,984,981.65,983.3,280320,0.4763,-0.0420,-1234.05,978.5000,0.49
2025-10-16 09:25:00,983.3,984.25,982.55,983.6,207509,0.6085,-0.0420,-1548.81,978.5000,0.52
2025-10-16 09:30:00,983.6,984.3,982.3,982.45,179255,0.5897,-0.0420,-1504.05,978.5000,0.40
2025-10-16 09:35:00,982.45,983.15,981.95,981.95,151294,0.5172,-0.0420,-1331.43,978.5000,0.35
2025-10-16 09:40:00,982,984,981.8,984,199303,0.5765,-0.0420,-1472.62,978.5000,0.56
2025-10-16 09:45:00,983.95,984.4,983.2,983.55,97258,0.5544,-0.0420,-1420.00,978.5000,0.52
2025-10-16 09:50:00,983.55,984.15,983,983.75,163066,0.5227,-0.0420,-1344.52,978.5000,0.54
2025-10-16 09:55:00,983.5,983.8,982.5,982.5,96966,0.3928,-0.0420,-1035.24,978.5000,0.41
2025-10-16 10:00:00,982.5,982.9,981.9,982.25,75597,0.2712,-0.0420,-745.71,978.5000,0.38
2025-10-16 10:05:00,982.25,982.5,982,982.2,48430,0.1733,-0.0420,-512.62,978.5000,0.38
2025-10-16 10:10:00,982.2,982.75,982,982.05,80902,0.0886,-0.0420,-310.95,978.5000,0.36
2025-10-16 10:15:00,982.05,984.25,982,984.05,397008,0.1536,-0.0420,-465.71,978.5000,0.57
2025-10-16 10:20:00,984,985.5,983.75,984.65,309621,0.2193,-0.0420,-622.14,978.5000,0.63
2025-10-16 10:25:00,984.65,985.05,983.45,984.05,247111,0.2050,-0.0420,-588.10,978.5000,0.57
2025-10-16 10:30:00,984.05,984.6,983.5,983.85,64887,0.1663,-0.0420,-495.95,978.5000,0.55
2025-10-16 10:35:00,983.85,984.1,983.2,983.9,203207,0.1300,-0.0420,-409.52,978.5000,0.55
2025-10-16 10:40:00,983.9,984.7,983.15,983.35,183065,0.0584,-0.0420,-239.05,978.5000,0.50
2025-10-16 10:45:00,983.4,984.2,983.35,984.2,67826,0.0577,-0.0420,-237.38,978.5000,0.58
2025-10-16 10:50:00,984.2,984.2,983.95,984,69669,0.0343,-0.0420,-181.67,978.5000,0.56
2025-10-16 10:55:00,984,985.4,983.95,985.05,327373,0.0777,-0.0420,-285.00,978.5000,0.67
2025-10-16 11:00:00,985.05,985.55,984.85,985.25,265714,0.1061,-0.0420,-352.62,978.5000,0.69
2025-10-16 11:05:00,985.35,985.55,984.6,984.75,111004,0.0788,-0.0420,-287.62,978.5000,0.64
2025-10-16 11:10:00,984.7,985.25,984.05,985,93948,0.0658,-0.0420,-256.67,978.5000,0.66
2025-10-16 11:15:00,985,985.05,984.35,984.4,64219,0.0078,-0.0420,-118.57,978.5000,0.60
2025-10-16 11:20:00,984.35,984.5,984.15,984.25,56335,-0.0464,-0.0420,10.48,978.5000,0.59
2025-10-16 11:25:00,984.25,984.25,983.55,984.05,88999,-0.0987,-0.0420,135.00,978.5000,0.57
2025-10-16 11:30:00,984.05,984.45,983.5,983.7,108664,-0.1562,-0.0420,271.90,978.5000,0.53
2025-10-16 11:35:00,983.7,983.75,983.25,983.5,94233,-0.2042,-0.0420,386.19,978.5000,0.51
2025-10-16 11:40:00,983.5,983.8,982.85,983.05,200510,-0.2591,-0.0420,516.90,978.5000,0.46
2025-10-16 11:45:00,983,983.05,982.4,982.65,164781,-0.3117,-0.0420,642.14,978.5000,0.42
2025-10-16 11:50:00,982.65,983.05,982.5,983,85330,-0.3115,-0.0420,641.67,978.5000,0.46
2025-10-16 11:55:00,983,983.3,982.5,983.15,208574,-0.2903,-0.0420,591.19,978.5000,0.48
2025-10-16 12:00:00,983.15,985.05,983,984.4,303255,-0.1862,-0.0420,343.33,978.5000,0.60
2025-10-16 12:05:00,984.45,984.85,984,984.05,92449,-0.1373,-0.0420,226.90,978.5000,0.57
2025-10-16 12:10:00,984.05,984.8,983.95,984.5,70553,-0.0741,-0.0420,76.43,978.5000,0.61
2025-10-16 12:15:00,984.5,985.2,984.25,984.5,231969,-0.0339,-0.0420,-19.29,978.5000,0.61
2025-10-16 12:20:00,984.5,985.35,984.2,985,173749,0.0218,-0.0420,-151.90,978.5000,0.66
2025-10-16 12:25:00,985,985.5,984.95,985.45,80200,0.0811,-0.0420,-293.10,978.5000,0.71
2025-10-16 12:30:00,985.45,987.9,985.45,987.8,337675,0.2605,-0.0420,-720.24,978.5000,0.95
2025-10-16 12:35:00,987.85,988.55,987,988.5,188731,0.4000,-0.0420,-1052.38,978.5000,1.02
2025-10-16 12:40:00,988.45,989,987.85,988.7,194586,0.4743,-0.0420,-1229.29,978.5000,1.04
2025-10-16 12:45:00,988.7,988.75,986.35,986.95,235403,0.3783,-0.0420,-1000.71,978.5000,0.86
2025-10-16 12:50:00,987.1,988.15,986.6,987.8,343784,0.3457,-0.0420,-923.10,978.5000,0.95
2025-10-16 12:55:00,987.85,988.15,986.65,986.9,284834,0.2421,-0.0420,-676.43,978.5000,0.86
2025-10-16 13:00:00,986.8,987.7,986.35,987.1,226161,0.1690,-0.0420,-502.38,978.5000,0.88
2025-10-16 13:05:00,987.15,987.4,986.05,986.1,243757,0.0419,-0.0420,-199.76,978.5000,0.78
2025-10-16 13:10:00,986.15,986.9,985.85,986.8,152079,-0.0040,-0.0420,-90.48,978.5000,0.85
2025-10-16 13:15:00,986.75,987,985.65,985.8,347139,-0.1050,-0.0420,150.00,978.5000,0.75
2025-10-16 13:20:00,986.05,988,985.75,987.3,398821,-0.0755,-0.0420,79.76,978.5000,0.90
2025-10-16 13:25:00,987.35,988.3,987.05,987.8,167789,-0.0294,-0.0420,-30.00,978.5000,0.95
2025-10-16 13:30:00,987.9,988.8,987.5,987.95,313355,0.0024,-0.0420,-105.71,978.5000,0.97
2025-10-16 13:35:00,988,989,987.65,988.85,291142,0.0714,-0.0420,-270.00,978.5000,1.06
2025-10-16 13:40:00,988.85,990.75,988.15,990.65,656104,0.2174,-0.0420,-617.62,978.5000,1.24
2025-10-16 13:45:00,990.6,992,990.45,991.35,316605,0.3334,-0.0420,-893.81,978.5000,1.31
2025-10-16 13:50:00,991.35,991.45,990.05,990.05,255089,0.2960,-0.0420,-804.76,978.5000,1.18
2025-10-16 13:55:00,990.3,990.85,989.3,990.8,196502,0.2946,-0.0420,-801.43,978.5000,1.26
2025-10-16 14:00:00,990.8,992.6,990.8,992.5,364280,0.3758,-0.0420,-994.76,978.5000,1.43
2025-10-16 14:05:00,992.5,992.9,991.3,991.75,473119,0.3474,-0.0420,-927.14,978.5000,1.35
2025-10-16 14:10:00,992.2,992.45,990.6,990.7,531600,0.2317,-0.0420,-651.67,978.5000,1.25
2025-10-16 14:15:00,990.65,991.65,990.55,991.25,203817,0.1690,-0.0420,-502.38,978.5000,1.30
2025-10-16 14:20:00,991.25,992.9,991.1,992.85,348065,0.2094,-0.0420,-598.57,978.5000,1.47
2025-10-16 14:25:00,992.9,995,992.1,994.35,926534,0.3055,-0.0420,-827.38,978.5000,1.62
2025-10-16 14:30:00,994.45,995.6,993.5,995.3,533450,0.3956,-0.0420,-1041.90,978.5000,1.72
2025-10-16 14:35:00,995.3,996.6,995,995.5,544521,0.4285,-0.0420,-1120.24,978.5000,1.74
2025-10-16 14:40:00,995.45,996.2,994.8,995.75,421603,0.4261,-0.0420,-1114.52,978.5000,1.76
2025-10-16 14:45:00,995.8,996.6,993.65,995,602674,0.3368,-0.0420,-901.90,978.5000,1.69
2025-10-16 14:50:00,995,996.1,994.25,995.05,370619,0.2480,-0.0420,-690.48,978.5000,1.69
2025-10-16 14:55:00,995.05,995.85,994.5,995.25,461595,0.1733,-0.0420,-512.62,978.5000,1.71
2025-10-16 15:00:00,995.25,995.45,993.3,994.85,881633,0.0726,-0.0420,-272.86,978.5000,1.67
2025-10-16 15:05:00,994.7,994.7,993.1,993.6,881530,-0.0936,-0.0420,122.86,978.5000,1.54
2025-10-16 15:10:00,993.55,994.25,992.8,993.7,702182,-0.2057,-0.0420,389.76,978.5000,1.55
2025-10-16 15:15:00,993.7,995.3,993.7,994.45,743086,-0.2361,-0.0420,462.14,978.5000,1.63
2025-10-16 15:20:00,994.5,995.3,994.1,994.85,630140,-0.2354,-0.0420,460.48,978.5000,1.67
2025-10-16 15:25:00,994.85,995,993.6,993.6,396546,-0.3201,-0.0420,662.14,978.5000,1.54
2025-10-17 09:15:00,993.95,993.95,986,992.75,912131,-0.4277,-0.3201,33.61,993.6000,-0.09
2025-10-17 09:20:00,992.7,993.75,990.1,992.35,541034,-0.5141,-0.3201,60.61,993.6000,-0.13
2025-10-17 09:25:00,992.35,994.9,992.2,994.8,336160,-0.3998,-0.3201,24.90,993.6000,0.12
2025-10-17 09:30:00,994.85,995.45,994.15,994.55,342623,-0.3371,-0.3201,5.31,993.6000,0.10
2025-10-17 09:35:00,994.6,996,994.5,995.35,221766,-0.2422,-0.3201,-24.34,993.6000,0.18
2025-10-17 09:40:00,995.4,995.5,993.05,993.5,236623,-0.3006,-0.3201,-6.09,993.6000,-0.01
2025-10-17 09:45:00,993.5,993.75,992.25,992.5,128767,-0.3972,-0.3201,24.09,993.6000,-0.11
2025-10-17 09:50:00,992.5,993.25,992.35,993.15,104620,-0.4064,-0.3201,26.96,993.6000,-0.05
2025-10-17 09:55:00,993.15,993.95,992.5,992.5,141195,-0.4425,-0.3201,38.24,993.6000,-0.11
2025-10-17 10:00:00,992.6,993.85,992.45,993.15,176470,-0.4094,-0.3201,27.90,993.6000,-0.05
2025-10-17 10:05:00,993.3,996.7,993.15,996.25,221509,-0.1775,-0.3201,-44.55,993.6000,0.27
2025-10-17 10:10:00,996.25,997.9,996,997.25,306943,0.0332,-0.3201,-110.37,993.6000,0.37
2025-10-17 10:15:00,997.2,997.6,996.5,997.35,164549,0.1622,-0.3201,-150.67,993.6000,0.38
2025-10-17 10:20:00,997.4,998.8,997.3,998.3,318286,0.2870,-0.3201,-189.66,993.6000,0.47
2025-10-17 10:25:00,998.35,998.7,997.55,997.7,163453,0.3030,-0.3201,-194.66,993.6000,0.41
2025-10-17 10:30:00,997.65,999.9,997.5,999.75,466090,0.4185,-0.3201,-230.74,993.6000,0.62
2025-10-17 10:35:00,999.9,1000.9,998.2,999.7,656018,0.4553,-0.3201,-242.24,993.6000,0.61
2025-10-17 10:40:00,999.75,1000.5,999.2,1000.3,269265,0.4813,-0.3201,-250.36,993.6000,0.67
2025-10-17 10:45:00,1000.4,1000.9,999.9,999.9,287691,0.4343,-0.3201,-235.68,993.6000,0.63
2025-10-17 10:50:00,999.9,1002.65,999.6,1002.3,501407,0.5216,-0.3201,-262.95,993.6000,0.88
2025-10-17 10:55:00,1002.35,1004.9,1002.25,1004.9,356694,0.7001,-0.3201,-318.71,993.6000,1.14
2025-10-17 11:00:00,1004.9,1008.8,1004.8,1006.95,768254,0.8898,-0.3201,-377.98,993.6000,1.34
2025-10-17 11:05:00,1007,1007.1,1004.25,1005.8,228006,0.8702,-0.3201,-371.85,993.6000,1.23
2025-10-17 11:10:00,1005.9,1006,1005.1,1005.8,95953,0.7920,-0.3201,-347.42,993.6000,1.23
2025-10-17 11:15:00,1005.8,1006.3,1003.8,1003.9,199469,0.5580,-0.3201,-274.32,993.6000,1.04
2025-10-17 11:20:00,1004.05,1005.7,1003.85,1004,398718,0.3650,-0.3201,-214.03,993.6000,1.05
2025-10-17 11:25:00,1004,1006.55,1003.5,1006.05,292010,0.3314,-0.3201,-203.53,993.6000,1.25
2025-10-17 11:30:00,1006.05,1006.15,1004.5,1004.9,247454,0.1946,-0.3201,-160.79,993.6000,1.14
2025-10-17 11:35:00,1004.9,1005.55,1004.35,1005.35,154163,0.1018,-0.3201,-131.80,993.6000,1.18
2025-10-17 11:40:00,1005.3,1005.9,1003.3,1004.65,127726,-0.0320,-0.3201,-90.00,993.6000,1.11
2025-10-17 11:45:00,1004.7,1005.75,1003.4,1005.65,214617,-0.0761,-0.3201,-76.23,993.6000,1.21
2025-10-17 11:50:00,1005.65,1005.65,1001.65,1004.3,519352,-0.2113,-0.3201,-33.99,993.6000,1.08
2025-10-17 11:55:00,1004.3,1005,1003.5,1004.8,434223,-0.2781,-0.3201,-13.12,993.6000,1.13
2025-10-17 12:00:00,1004.9,1005.65,1003.4,1005.65,238741,-0.2755,-0.3201,-13.93,993.6000,1.21
2025-10-17 12:05:00,1005.6,1005.7,1004,1005.6,282362,-0.2863,-0.3201,-10.56,993.6000,1.21
2025-10-17 12:10:00,1005.5,1006,1004.6,1005.3,139944,-0.3203,-0.3201,0.06,993.6000,1.18
2025-10-17 12:15:00,1005.3,1006,1003.45,1006,479073,-0.3025,-0.3201,-5.50,993.6000,1.25
2025-10-17 12:20:00,1006,1007.9,1005,1007.7,406741,-0.1887,-0.3201,-41.05,993.6000,1.42
2025-10-17 12:25:00,1007.7,1008,1007.15,1007.9,176271,-0.1159,-0.3201,-63.79,993.6000,1.44
2025-10-17 12:30:00,1007.9,1008,1006.7,1008,289991,-0.0788,-0.3201,-75.38,993.6000,1.45
2025-10-17 12:35:00,1008,1008.5,1007.3,1007.8,159996,-0.0849,-0.3201,-73.48,993.6000,1.43
2025-10-17 12:40:00,1007.75,1007.85,1006.05,1007.25,225067,-0.1400,-0.3201,-56.26,993.6000,1.37
2025-10-17 12:45:00,1007.2,1009,1005.85,1008,551170,-0.1396,-0.3201,-56.39,993.6000,1.45
2025-10-17 12:50:00,1007.65,1007.9,1004.6,1006,277087,-0.2797,-0.3201,-12.62,993.6000,1.25
2025-10-17 12:55:00,1006,1006.75,1004.9,1005.4,174636,-0.4104,-0.3201,28.21,993.6000,1.19
2025-10-17 13:00:00,1005.4,1006.3,1004,1004.35,126920,-0.5562,-0.3201,73.76,993.6000,1.08
2025-10-17 13:05:00,1004.35,1005.05,1002.35,1003.55,145267,-0.6866,-0.3201,114.50,993.6000,1.00
2025-10-17 13:10:00,1003.4,1004.9,1001.9,1003.7,522265,-0.7383,-0.3201,130.65,993.6000,1.02
2025-10-17 13:15:00,1003.6,1004.65,1002.8,1004,156750,-0.7267,-0.3201,127.02,993.6000,1.05
2025-10-17 13:20:00,1003.9,1006,1003.85,1005.35,130367,-0.6074,-0.3201,89.75,993.6000,1.18
2025-10-17 13:25:00,1005.25,1006.6,1003.2,1003.85,487972,-0.6074,-0.3201,89.75,993.6000,1.03
2025-10-17 13:30:00,1003.35,1004,1001.45,1002,225093,-0.7030,-0.3201,119.62,993.6000,0.85
2025-10-17 13:35:00,1002,1002.55,1001,1002.05,367245,-0.7307,-0.3201,128.27,993.6000,0.85
2025-10-17 13:40:00,1002.05,1002.6,1001.15,1002.15,494316,-0.7096,-0.3201,121.68,993.6000,0.86
2025-10-17 13:45:00,1002.15,1002.15,1000,1000.95,196780,-0.7403,-0.3201,131.27,993.6000,0.74
2025-10-17 13:50:00,1000.9,1001.6,1000,1000.5,243215,-0.7523,-0.3201,135.02,993.6000,0.69
2025-10-17 13:55:00,1000.25,1002.5,1000.1,1002.4,253712,-0.6003,-0.3201,87.54,993.6000,0.89
2025-10-17 14:00:00,1002.35,1002.75,1001.35,1002.3,129643,-0.4797,-0.3201,49.86,993.6000,0.88
2025-10-17 14:05:00,1002.2,1003.7,1001.3,1003.7,238980,-0.2883,-0.3201,-9.93,993.6000,1.02
2025-10-17 14:10:00,1003.7,1005.85,1003.25,1003.9,358913,-0.1385,-0.3201,-56.73,993.6000,1.04
2025-10-17 14:15:00,1003.85,1004.5,1002.05,1004.35,230525,-0.0064,-0.3201,-98.00,993.6000,1.08
2025-10-17 14:20:00,1003.9,1006.45,1003.9,1005.75,404590,0.1684,-0.3201,-152.61,993.6000,1.22
2025-10-17 14:25:00,1005.55,1006.4,1001.85,1002.25,558254,0.0477,-0.3201,-114.90,993.6000,0.87
2025-10-17 14:30:00,1002.05,1004.7,1001.65,1004.65,185316,0.1245,-0.3201,-138.89,993.6000,1.11
2025-10-17 14:35:00,1004.55,1006.45,1003.6,1005.7,375425,0.2346,-0.3201,-173.29,993.6000,1.22
2025-10-17 14:40:00,1005.6,1005.9,1003.1,1004.35,310245,0.2062,-0.3201,-164.42,993.6000,1.08
2025-10-17 14:45:00,1004.25,1006.4,1004.15,1005.35,427247,0.2419,-0.3201,-175.57,993.6000,1.18
2025-10-17 14:50:00,1005.05,1005.15,1003.35,1004.7,417127,0.2101,-0.3201,-165.64,993.6000,1.12
2025-10-17 14:55:00,1004.7,1005,1003.7,1004.4,147176,0.1595,-0.3201,-149.83,993.6000,1.09
2025-10-17 15:00:00,1004.05,1004.25,1002.25,1003.3,465344,0.0483,-0.3201,-115.09,993.6000,0.98
2025-10-17 15:05:00,1003.25,1003.7,1002.25,1002.7,465480,-0.0632,-0.3201,-80.26,993.6000,0.92
2025-10-17 15:10:00,1002.65,1002.8,1001.45,1002.55,507640,-0.1402,-0.3201,-56.20,993.6000,0.90
2025-10-17 15:15:00,1002.5,1003.4,1002.1,1003.2,583271,-0.1401,-0.3201,-56.23,993.6000,0.97
2025-10-17 15:20:00,1003.2,1003.9,1000.2,1001.45,785843,-0.2446,-0.3201,-23.59,993.6000,0.79
2025-10-17 15:25:00,1001.5,1003.45,1000.55,1000.6,471010,-0.3512,-0.3201,9.72,993.6000,0.70
2025-10-20 09:15:00,997,1016.5,997,1014.75,1842106,0.5046,-0.3512,-243.68,1000.6000,1.41
2025-10-20 09:20:00,1014.65,1020,1014.45,1017.7,726611,1.2028,-0.3512,-442.48,1000.6000,1.71
2025-10-20 09:25:00,1017.45,1018.6,1015.8,1017.65,338633,1.5714,-0.3512,-547.44,1000.6000,1.70
2025-10-20 09:30:00,1017.6,1017.85,1015,1015.05,239969,1.5479,-0.3512,-540.75,1000.6000,1.44
2025-10-20 09:35:00,1015.15,1017,1012,1012.1,341896,1.2538,-0.3512,-457.00,1000.6000,1.15
2025-10-20 09:40:00,1012.15,1012.35,1008.3,1008.75,236503,0.7773,-0.3512,-321.33,1000.6000,0.81
2025-10-20 09:45:00,1008.6,1009.55,1005.3,1007.8,214315,0.3628,-0.3512,-203.30,1000.6000,0.72
2025-10-20 09:50:00,1007.8,1008,1006,1006.75,168336,0.0016,-0.3512,-100.46,1000.6000,0.61
2025-10-20 09:55:00,1006.75,1008.65,1005,1007.75,393302,-0.1763,-0.3512,-49.80,1000.6000,0.71
2025-10-20 10:00:00,1007.7,1008.8,1006,1008.3,181369,-0.2584,-0.3512,-26.42,1000.6000,0.77
2025-10-20 10:05:00,1008.25,1008.75,1005.7,1007.45,229541,-0.3649,-0.3512,3.90,1000.6000,0.68
2025-10-20 10:10:00,1007.4,1008.7,1006.75,1008.3,183465,-0.3717,-0.3512,5.84,1000.6000,0.77
2025-10-20 10:15:00,1008.4,1008.7,1007.05,1008.2,201851,-0.3755,-0.3512,6.92,1000.6000,0.76
2025-10-20 10:20:00,1008.2,1008.55,1006.75,1007.35,191616,-0.4243,-0.3512,20.81,1000.6000,0.67
2025-10-20 10:25:00,1007.35,1008.2,1006,1006.6,175358,-0.4913,-0.3512,39.89,1000.6000,0.60
2025-10-20 10:30:00,1006.6,1006.75,1005,1005.7,231351,-0.5746,-0.3512,63.61,1000.6000,0.51
2025-10-20 10:35:00,1005.55,1006.15,1004.65,1005.95,152346,-0.5892,-0.3512,67.77,1000.6000,0.53
2025-10-20 10:40:00,1005.95,1006.15,1004.75,1005.45,157549,-0.6064,-0.3512,72.67,1000.6000,0.48
2025-10-20 10:45:00,1005.4,1005.65,1003.8,1005.25,247157,-0.6038,-0.3512,71.92,1000.6000,0.46
2025-10-20 10:50:00,1005.35,1006.9,1005.1,1005.75,193144,-0.5429,-0.3512,54.58,1000.6000,0.51
2025-10-20 10:55:00,1005.65,1005.75,1004.5,1004.8,156263,-0.5400,-0.3512,53.76,1000.6000,0.42
2025-10-20 11:00:00,1004.85,1005.1,1003.85,1004.75,306432,-0.5148,-0.3512,46.58,1000.6000,0.41
2025-10-20 11:05:00,1004.75,1005.2,1004.1,1005,412002,-0.4567,-0.3512,30.04,1000.6000,0.44
2025-10-20 11:10:00,1004.95,1005,1003.6,1004.9,156195,-0.4024,-0.3512,14.58,1000.6000,0.43
2025-10-20 11:15:00,1004.9,1004.9,1003.2,1003.8,152494,-0.4161,-0.3512,18.48,1000.6000,0.32
2025-10-20 11:20:00,1003.85,1005.1,1003.35,1004.55,217336,-0.3528,-0.3512,0.46,1000.6000,0.39
2025-10-20 11:25:00,1004.55,1005.25,1003.5,1004.25,481387,-0.3107,-0.3512,-11.53,1000.6000,0.36
2025-10-20 11:30:00,1004.25,1004.7,1002.15,1003.85,187125,-0.2898,-0.3512,-17.48,1000.6000,0.32
2025-10-20 11:35:00,1003.9,1005,1003.55,1004.8,149268,-0.1964,-0.3512,-44.08,1000.6000,0.42
2025-10-20 11:40:00,1004.8,1005,1003.15,1004.5,242538,-0.1418,-0.3512,-59.62,1000.6000,0.39
2025-10-20 11:45:00,1004.45,1006.2,1004.15,1005.7,215057,-0.0184,-0.3512,-94.76,1000.6000,0.51
2025-10-20 11:50:00,1005.7,1006.05,1004,1004.6,149372,-0.0050,-0.3512,-98.58,1000.6000,0.40
2025-10-20 11:55:00,1004.6,1005.2,1004,1004,193711,-0.0294,-0.3512,-91.63,1000.6000,0.34
2025-10-20 12:00:00,1004,1004.2,1002.55,1003.95,140811,-0.0410,-0.3512,-88.33,1000.6000,0.33
2025-10-20 12:05:00,1003.95,1004.2,1002.95,1004.15,109189,-0.0280,-0.3512,-92.03,1000.6000,0.35
2025-10-20 12:10:00,1004.05,1004.35,1003.45,1004,120258,-0.0224,-0.3512,-93.62,1000.6000,0.34
2025-10-20 12:15:00,1003.85,1004.25,1002.7,1002.75,112438,-0.0920,-0.3512,-73.80,1000.6000,0.21
2025-10-20 12:20:00,1002.75,1003.2,1001.05,1001.5,131654,-0.2048,-0.3512,-41.69,1000.6000,0.09
2025-10-20 12:25:00,1001.45,1002.5,1000.15,1001.25,249111,-0.2745,-0.3512,-21.84,1000.6000,0.06
2025-10-20 12:30:00,1001.25,1001.75,1000.45,1001.4,155336,-0.2874,-0.3512,-18.17,1000.6000,0.08
2025-10-20 12:35:00,1001.4,1001.6,1000.05,1000.65,259518,-0.3208,-0.3512,-8.66,1000.6000,0.00
2025-10-20 12:40:00,1000.8,1001.75,1000.3,1000.9,134701,-0.3007,-0.3512,-14.38,1000.6000,0.03
2025-10-20 12:45:00,1000.8,1001.2,1000,1000.45,265670,-0.2922,-0.3512,-16.80,1000.6000,-0.01
2025-10-20 12:50:00,1000.45,1002.8,1000.2,1002.7,213397,-0.1184,-0.3512,-66.29,1000.6000,0.21
2025-10-20 12:55:00,1002.7,1003.75,1002.15,1003.5,138790,0.0577,-0.3512,-116.43,1000.6000,0.29
2025-10-20 13:00:00,1003.5,1004.65,1003.1,1004.6,292692,0.2449,-0.3512,-169.73,1000.6000,0.40
2025-10-20 13:05:00,1004.45,1005.1,1004,1005,245698,0.3841,-0.3512,-209.37,1000.6000,0.44
2025-10-20 13:10:00,1004.85,1006.5,1003.7,1006.05,501597,0.5265,-0.3512,-249.91,1000.6000,0.54
2025-10-20 13:15:00,1005.9,1006.15,1004.05,1005,217566,0.5282,-0.3512,-250.40,1000.6000,0.44
2025-10-20 13:20:00,1004.95,1005.7,1004.35,1005.15,243943,0.5171,-0.3512,-247.24,1000.6000,0.45
2025-10-20 13:25:00,1005.15,1005.25,1003.5,1004.75,295239,0.4621,-0.3512,-231.58,1000.6000,0.41
2025-10-20 13:30:00,1004.95,1005.7,1004.8,1005.55,131475,0.4582,-0.3512,-230.47,1000.6000,0.49
2025-10-20 13:35:00,1005.45,1005.8,1004.6,1005.4,120978,0.4247,-0.3512,-220.93,1000.6000,0.48
2025-10-20 13:40:00,1005.4,1005.5,1004.75,1005.15,98754,0.3671,-0.3512,-204.53,1000.6000,0.45
2025-10-20 13:45:00,1005.05,1005.45,1003,1003.05,178329,0.1786,-0.3512,-150.85,1000.6000,0.24
2025-10-20 13:50:00,1003,1003.45,1002.1,1002.6,356622,0.0227,-0.3512,-106.46,1000.6000,0.20
2025-10-20 13:55:00,1002.65,1003.3,1001.25,1002.4,149671,-0.0886,-0.3512,-74.77,1000.6000,0.18
2025-10-20 14:00:00,1002.35,1002.5,1001,1001.5,146184,-0.2106,-0.3512,-40.03,1000.6000,0.09
2025-10-20 14:05:00,1001.4,1003.3,1001.25,1002,150060,-0.2431,-0.3512,-30.78,1000.6000,0.14
2025-10-20 14:10:00,1001.95,1002.5,1001.1,1002,129208,-0.2492,-0.3512,-29.04,1000.6000,0.14
2025-10-20 14:15:00,1002,1004.35,1001,1001.2,447470,-0.2889,-0.3512,-17.74,1000.6000,0.06
2025-10-20 14:20:00,1001.1,1002.5,1001,1001.25,171019,-0.2926,-0.3512,-16.69,1000.6000,0.06
2025-10-20 14:25:00,1001.15,1001.55,999.4,1000.4,220896,-0.3304,-0.3512,-5.92,1000.6000,-0.02
2025-10-20 14:30:00,1000.4,1002,999.25,1002,378054,-0.2304,-0.3512,-34.40,1000.6000,0.14
2025-10-20 14:35:00,1001.95,1002.25,999.15,999.8,326726,-0.2913,-0.3512,-17.06,1000.6000,-0.08
2025-10-20 14:40:00,999.55,1000.2,999.05,999.9,193760,-0.3024,-0.3512,-13.90,1000.6000,-0.07
2025-10-20 14:45:00,999.9,1000.4,998.7,1000,559099,-0.2811,-0.3512,-19.96,1000.6000,-0.06
2025-10-20 14:50:00,1000,1000.05,998.6,999.15,512634,-0.3005,-0.3512,-14.44,1000.6000,-0.14
2025-10-20 14:55:00,999.2,1002.25,999.15,1000.35,299700,-0.2129,-0.3512,-39.38,1000.6000,-0.02
2025-10-20 15:00:00,1000.35,1002.8,999.75,1001.15,688790,-0.0878,-0.3512,-75.00,1000.6000,0.05
2025-10-20 15:05:00,1001.1,1003.25,1001,1003.25,595990,0.1373,-0.3512,-139.09,1000.6000,0.26
2025-10-20 15:10:00,1003.2,1004.1,1002.4,1003.25,546808,0.2789,-0.3512,-179.41,1000.6000,0.26
2025-10-20 15:15:00,1003.4,1004.7,1002.7,1003.25,566228,0.3603,-0.3512,-202.59,1000.6000,0.26
2025-10-20 15:20:00,1003.55,1004.7,1003.1,1004,530794,0.4466,-0.3512,-227.16,1000.6000,0.34
2025-10-20 15:25:00,1004,1004.5,1003,1003.6,300740,0.4570,-0.3512,-230.13,1000.6000,0.30
2025-10-21 13:45:00,1006,1009.85,1006,1008.65,464025,0.7662,0.4570,67.66,1003.6000,0.50
2025-10-21 13:50:00,1008.6,1009.15,1006.5,1009,299435,0.9447,0.4570,106.72,1003.6000,0.54
2025-10-21 13:55:00,1009,1010,1007.95,1008.5,374377,0.9755,0.4570,113.46,1003.6000,0.49
2025-10-21 14:00:00,1008.55,1008.85,1006.35,1008.45,211850,0.9386,0.4570,105.38,1003.6000,0.48
2025-10-21 14:05:00,1008.5,1009.5,1007.15,1009.2,321628,0.9102,0.4570,99.17,1003.6000,0.56
2025-10-21 14:10:00,1009.2,1009.3,1008,1009.1,176898,0.8322,0.4570,82.10,1003.6000,0.55
2025-10-21 14:15:00,1009.15,1010,1007.9,1009.65,315061,0.7669,0.4570,67.81,1003.6000,0.60
2025-10-21 14:20:00,1009.65,1009.7,1008,1008.9,209744,0.6281,0.4570,37.44,1003.6000,0.53
2025-10-21 14:25:00,1008.95,1008.95,1006.45,1006.9,244535,0.3695,0.4570,-19.15,1003.6000,0.33
2025-10-21 14:30:00,1007,1008.2,1006,1007.75,362374,0.2303,0.4570,-49.61,1003.6000,0.41
2025-10-21 14:35:00,1007.7,1007.8,1005.9,1006,290892,0.0068,0.4570,-98.51,1003.6000,0.24
2025-10-21 14:40:00,1006,1006.55,1004,1004,142652,-0.2738,0.4570,-159.91,1003.6000,0.04
2025-10-23 09:15:00,1016,1018,1009,1013.45,1854205,0.1558,-0.2738,-156.90,1004.0000,0.94
2025-10-23 09:20:00,1013.7,1014.15,1010.3,1011.25,885557,0.2643,-0.2738,-196.53,1004.0000,0.72
2025-10-23 09:25:00,1011.3,1012.95,1010.05,1011.2,707485,0.3024,-0.2738,-210.45,1004.0000,0.72
2025-10-23 09:30:00,1011.05,1013.5,1010.95,1012.2,1328936,0.3607,-0.2738,-231.74,1004.0000,0.82
2025-10-23 09:35:00,1012.2,1015,1012.15,1014.3,1531268,0.4980,-0.2738,-281.88,1004.0000,1.03
2025-10-23 09:40:00,1014.4,1014.4,1012.25,1012.7,371162,0.4403,-0.2738,-260.81,1004.0000,0.87
2025-10-23 09:45:00,1012.7,1014.7,1012.7,1013.65,277676,0.4252,-0.2738,-255.30,1004.0000,0.96
2025-10-23 09:50:00,1013.65,1014.4,1011.5,1012.35,219377,0.2931,-0.2738,-207.05,1004.0000,0.83
2025-10-23 09:55:00,1012.35,1012.45,1010,1010.65,470235,0.0682,-0.2738,-124.91,1004.0000,0.66
2025-10-23 10:00:00,1010.4,1011.95,1010.4,1011.5,313095,-0.0403,-0.2738,-85.28,1004.0000,0.75
2025-10-23 10:05:00,1011.6,1013,1011.1,1012.5,202613,-0.0607,-0.2738,-77.83,1004.0000,0.85
2025-10-23 10:10:00,1012.55,1013,1011.85,1012.65,201466,-0.0787,-0.2738,-71.26,1004.0000,0.86
2025-10-23 10:15:00,1012.7,1013,1012,1012,254018,-0.1452,-0.2738,-46.97,1004.0000,0.80
2025-10-23 10:20:00,1012.05,1012.7,1010.8,1012,497198,-0.1969,-0.2738,-28.09,1004.0000,0.80
2025-10-23 10:25:00,1012,1012.85,1011.75,1012.15,155659,-0.2265,-0.2738,-17.28,1004.0000,0.81
2025-10-23 10:30:00,1012.2,1012.8,1011,1011.1,882794,-0.3167,-0.2738,15.67,1004.0000,0.71
2025-10-23 10:35:00,1011.1,1012.5,1010,1012.15,448778,-0.3056,-0.2738,11.61,1004.0000,0.81
2025-10-23 10:40:00,1012,1012.5,1008.7,1009.95,1091523,-0.4381,-0.2738,60.01,1004.0000,0.59
2025-10-23 10:45:00,1009.95,1011.4,1009.7,1010.85,219809,-0.4550,-0.2738,66.18,1004.0000,0.68
2025-10-23 10:50:00,1011,1011.3,1010.25,1010.45,190062,-0.4803,-0.2738,75.42,1004.0000,0.64
2025-10-23 10:55:00,1010.35,1011,1010,1010.8,304905,-0.4608,-0.2738,68.30,1004.0000,0.68
2025-10-23 11:00:00,1010.8,1011.9,1010.7,1011.65,261378,-0.3811,-0.2738,39.19,1004.0000,0.76
2025-10-23 11:05:00,1011.75,1011.75,1010.5,1011,182396,-0.3628,-0.2738,32.51,1004.0000,0.70
2025-10-23 11:10:00,1011,1011.3,1009.65,1010.45,249964,-0.3767,-0.2738,37.58,1004.0000,0.64
2025-10-23 11:15:00,1010.5,1011.4,1010.35,1010.95,299986,-0.3422,-0.2738,24.98,1004.0000,0.69
2025-10-23 11:20:00,1010.9,1012.5,1010.7,1011.55,490598,-0.2720,-0.2738,-0.66,1004.0000,0.75
2025-10-23 11:25:00,1011.55,1012.1,1010.85,1010.9,239067,-0.2622,-0.2738,-4.24,1004.0000,0.69
2025-10-23 11:30:00,1010.85,1011.25,1010.25,1010.45,328127,-0.2775,-0.2738,1.35,1004.0000,0.64
2025-10-23 11:35:00,1010.35,1011,1010,1010.7,417141,-0.2624,-0.2738,-4.16,1004.0000,0.67
2025-10-23 11:40:00,1010.7,1012.05,1010.7,1011.65,635977,-0.1838,-0.2738,-32.87,1004.0000,0.76
2025-10-23 11:45:00,1011.65,1013.25,1011.45,1012.7,312022,-0.0626,-0.2738,-77.14,1004.0000,0.87
2025-10-23 11:50:00,1012.7,1013.8,1012.1,1013.6,466359,0.0694,-0.2738,-125.35,1004.0000,0.96
2025-10-23 11:55:00,1013.6,1015,1013,1014.85,464817,0.2234,-0.2738,-181.59,1004.0000,1.08
2025-10-23 12:00:00,1014.65,1015,1013.5,1014.85,518175,0.3030,-0.2738,-210.66,1004.0000,1.08
2025-10-23 12:05:00,1014.45,1015,1013.65,1014.95,377511,0.3373,-0.2738,-223.19,1004.0000,1.09
2025-10-23 12:10:00,1014.95,1016,1014.85,1015.4,346361,0.3631,-0.2738,-232.62,1004.0000,1.14
2025-10-23 12:15:00,1015.75,1017.9,1015.4,1017.6,521638,0.4931,-0.2738,-280.09,1004.0000,1.35
2025-10-23 12:20:00,1017.6,1018.85,1016.65,1017.15,677267,0.5112,-0.2738,-286.71,1004.0000,1.31
2025-10-23 12:25:00,1016.9,1017.7,1016.45,1017.6,588984,0.5146,-0.2738,-287.95,1004.0000,1.35
2025-10-23 12:30:00,1017.55,1018.45,1017.25,1018.1,427866,0.5106,-0.2738,-286.49,1004.0000,1.40
2025-10-23 12:35:00,1018.1,1018.85,1018,1018.5,385911,0.4946,-0.2738,-280.64,1004.0000,1.44
2025-10-23 12:40:00,1018.5,1018.8,1016.75,1017,689027,0.3496,-0.2738,-227.68,1004.0000,1.29
2025-10-23 12:45:00,1017,1018.5,1016.15,1017.05,839797,0.2294,-0.2738,-183.78,1004.0000,1.30
2025-10-23 12:50:00,1017.2,1018.55,1016.65,1017.8,363410,0.1753,-0.2738,-164.02,1004.0000,1.37
2025-10-23 12:55:00,1017.8,1018,1016.1,1016.7,317873,0.0469,-0.2738,-117.13,1004.0000,1.26
2025-10-23 13:00:00,1016.7,1017.3,1015.75,1017,306237,-0.0321,-0.2738,-88.28,1004.0000,1.29
2025-10-23 13:05:00,1017.05,1018.45,1016.15,1017.3,422849,-0.0759,-0.2738,-72.28,1004.0000,1.32
2025-10-23 13:10:00,1017.3,1019,1016.55,1018.9,851589,-0.0122,-0.2738,-95.54,1004.0000,1.48
2025-10-23 13:15:00,1018.6,1020,1018.5,1019.7,408912,0.0645,-0.2738,-123.56,1004.0000,1.56
2025-10-23 13:20:00,1019.65,1020.5,1017.95,1018.2,955403,-0.0015,-0.2738,-99.45,1004.0000,1.41
2025-10-23 13:25:00,1018.3,1018.55,1016.9,1017.2,288789,-0.1217,-0.2738,-55.55,1004.0000,1.31
2025-10-23 13:30:00,1017.35,1017.7,1016.25,1016.85,294395,-0.2278,-0.2738,-16.80,1004.0000,1.28
2025-10-23 13:35:00,1016.8,1017.2,1015.05,1016.35,518432,-0.3285,-0.2738,19.98,1004.0000,1.23
2025-10-23 13:40:00,1016.45,1018.3,1015.8,1016.85,433162,-0.3560,-0.2738,30.02,1004.0000,1.28
2025-10-23 13:45:00,1016.95,1017.25,1016.05,1016.9,246729,-0.3641,-0.2738,32.98,1004.0000,1.28
2025-10-23 13:50:00,1017,1019.05,1016.8,1017.35,443286,-0.3332,-0.2738,21.69,1004.0000,1.33
2025-10-23 13:55:00,1017.5,1017.7,1015.15,1015.55,483768,-0.4223,-0.2738,54.24,1004.0000,1.15
2025-10-23 14:00:00,1015.5,1015.7,1013.3,1014.55,353019,-0.5300,-0.2738,93.57,1004.0000,1.05
2025-10-23 14:05:00,1014.5,1015.15,1014,1014.95,393662,-0.5532,-0.2738,102.05,1004.0000,1.09
2025-10-23 14:10:00,1014.95,1015.3,1012,1012.7,866372,-0.6899,-0.2738,151.97,1004.0000,0.87
2025-10-23 14:15:00,1012.55,1013.05,1010.5,1011.5,963175,-0.8221,-0.2738,200.26,1004.0000,0.75
2025-10-23 14:20:00,1011.45,1011.45,1009.4,1009.95,413275,-0.9651,-0.2738,252.48,1004.0000,0.59
2025-10-23 14:25:00,1010,1010.3,1008.55,1009.9,711058,-1.0093,-0.2738,268.63,1004.0000,0.59
2025-10-23 14:30:00,1010,1010.6,1009,1010.05,684239,-0.9742,-0.2738,255.81,1004.0000,0.60
2025-10-23 14:35:00,1010.1,1011.85,1009.9,1010.55,611088,-0.8668,-0.2738,216.58,1004.0000,0.65
2025-10-23 14:40:00,1010.55,1013.05,1009.5,1011.75,775392,-0.6730,-0.2738,145.80,1004.0000,0.77
2025-10-23 14:45:00,1011.8,1012.35,1010.8,1011.25,473354,-0.5421,-0.2738,97.99,1004.0000,0.72
2025-10-23 14:50:00,1011.2,1012.05,1010.1,1011.45,611916,-0.4117,-0.2738,50.37,1004.0000,0.74
2025-10-23 14:55:00,1011.3,1011.85,1009.9,1010.35,676468,-0.3703,-0.2738,35.24,1004.0000,0.63
2025-10-23 15:00:00,1010.4,1011.25,1008.95,1009,1105943,-0.4022,-0.2738,46.90,1004.0000,0.50
2025-10-23 15:05:00,1009,1010.5,1008.3,1009.05,905502,-0.3879,-0.2738,41.67,1004.0000,0.50
2025-10-23 15:10:00,1009.05,1009.5,1007.45,1007.75,883945,-0.4308,-0.2738,57.34,1004.0000,0.37
2025-10-23 15:15:00,1007.75,1009.7,1007.5,1009.65,858926,-0.3020,-0.2738,10.30,1004.0000,0.56
2025-10-23 15:20:00,1009.65,1009.65,1006,1006.35,882335,-0.4035,-0.2738,47.37,1004.0000,0.23
2025-10-23 15:25:00,1006.3,1008.55,1006,1006.6,400952,-0.4167,-0.2738,52.19,1004.0000,0.26
2025-10-24 09:15:00,1011,1011.5,1008.25,1009.95,449014,-0.1749,-0.4167,-58.03,1006.6000,0.33
2025-10-24 09:20:00,1010,1011.95,1009.65,1010.9,280729,0.0612,-0.4167,-114.69,1006.6000,0.43
2025-10-24 09:25:00,1010.9,1011.35,1008.65,1008.8,287741,0.0865,-0.4167,-120.76,1006.6000,0.22
2025-10-24 09:30:00,1008.75,1008.8,1006.7,1007.2,185540,0.0102,-0.4167,-102.45,1006.6000,0.06
2025-10-24 09:35:00,1007.2,1008.9,1006.8,1008.8,228982,0.0784,-0.4167,-118.81,1006.6000,0.22
2025-10-24 09:40:00,1008.75,1009.4,1007.65,1008.4,199096,0.1057,-0.4167,-125.37,1006.6000,0.18
2025-10-24 09:45:00,1008.4,1008.4,1006.35,1006.45,97584,0.0068,-0.4167,-101.63,1006.6000,-0.01
2025-10-24 09:50:00,1006.35,1006.45,1004,1004.3,145277,-0.1788,-0.4167,-57.09,1006.6000,-0.23
2025-10-24 09:55:00,1004.3,1005.8,1004.05,1005.45,231965,-0.1980,-0.4167,-52.48,1006.6000,-0.11
2025-10-24 10:00:00,1005.45,1006.5,1005,1005.9,97576,-0.1561,-0.4167,-62.54,1006.6000,-0.07
2025-10-24 10:05:00,1006.2,1006.75,1005.65,1006.35,100302,-0.0778,-0.4167,-81.33,1006.6000,-0.02
2025-10-24 10:10:00,1006.4,1006.55,1004.75,1004.95,109626,-0.0986,-0.4167,-76.34,1006.6000,-0.16
2025-10-24 10:15:00,1004.95,1005.15,1002.65,1002.75,243452,-0.2312,-0.4167,-44.52,1006.6000,-0.38
2025-10-24 10:20:00,1002.85,1003.9,1002.55,1003.2,203288,-0.2575,-0.4167,-38.20,1006.6000,-0.34
2025-10-24 10:25:00,1003.25,1003.9,1003,1003.65,155341,-0.2150,-0.4167,-48.40,1006.6000,-0.29
2025-10-24 10:30:00,1003.65,1003.8,1002,1002.8,236162,-0.2142,-0.4167,-48.60,1006.6000,-0.38
2025-10-24 10:35:00,1002.95,1003.7,1002.5,1002.5,100134,-0.2039,-0.4167,-51.07,1006.6000,-0.41
2025-10-24 10:40:00,1002.5,1002.9,1001.65,1001.95,105966,-0.2037,-0.4167,-51.12,1006.6000,-0.46
2025-10-24 10:45:00,1002,1002.2,1001,1001.45,210545,-0.2062,-0.4167,-50.52,1006.6000,-0.51
2025-10-24 10:50:00,1001.45,1001.7,1000.45,1000.75,96319,-0.2226,-0.4167,-46.58,1006.6000,-0.58
2025-10-24 10:55:00,1000.65,1001.1,1000,1000.75,237743,-0.2016,-0.4167,-51.62,1006.6000,-0.58
2025-10-24 11:00:00,1000.8,1001.75,1000.75,1001.3,78532,-0.1227,-0.4167,-70.55,1006.6000,-0.53
2025-10-24 11:05:00,1001.4,1002.9,1000.35,1001.2,306600,-0.0529,-0.4167,-87.31,1006.6000,-0.54
2025-10-24 11:10:00,1001.2,1003.95,1000.6,1002,514202,0.0651,-0.4167,-115.62,1006.6000,-0.46
2025-10-24 11:15:00,1002.15,1002.65,1001.15,1001.35,87840,0.1145,-0.4167,-127.48,1006.6000,-0.52
2025-10-24 11:20:00,1001.3,1002.4,1001,1002,331700,0.2009,-0.4167,-148.21,1006.6000,-0.46
2025-10-24 11:25:00,1001.8,1002.3,1001.05,1001.5,510578,0.2322,-0.4167,-155.72,1006.6000,-0.51
2025-10-24 11:30:00,1001.5,1001.85,999.3,1000.45,535769,0.1917,-0.4167,-146.00,1006.6000,-0.61
2025-10-24 11:35:00,1000.45,1001.25,999.9,1000,183773,0.1462,-0.4167,-135.09,1006.6000,-0.66
2025-10-24 11:40:00,1000.05,1001.55,1000,1001,93695,0.1921,-0.4167,-146.10,1006.6000,-0.56
2025-10-24 11:45:00,1001,1002,1000.55,1000.8,103599,0.2158,-0.4167,-151.79,1006.6000,-0.58
2025-10-24 11:50:00,1001,1001.3,999.95,1000,123287,0.1857,-0.4167,-144.56,1006.6000,-0.66
2025-10-24 11:55:00,1000,1000.8,999.65,999.9,225694,0.1676,-0.4167,-140.22,1006.6000,-0.67
2025-10-24 12:00:00,999.9,1000.7,999.55,1000.6,175076,0.2087,-0.4167,-150.08,1006.6000,-0.60
2025-10-24 12:05:00,1000.6,1002.05,1000.3,1001.8,256773,0.3162,-0.4167,-175.88,1006.6000,-0.48
2025-10-24 12:10:00,1002,1002.15,1000.5,1002.05,412823,0.3982,-0.4167,-195.56,1006.6000,-0.45
2025-10-24 12:15:00,1002.05,1002.35,1001.25,1001.3,131256,0.3954,-0.4167,-194.89,1006.6000,-0.53
2025-10-24 12:20:00,1001.3,1003.45,1001.25,1003.45,136938,0.5236,-0.4167,-225.65,1006.6000,-0.31
2025-10-24 12:25:00,1003.35,1003.95,999.85,1000,1035558,0.3687,-0.4167,-188.48,1006.6000,-0.66
2025-10-24 12:30:00,1000,1000.55,998.1,998.7,193348,0.1808,-0.4167,-143.39,1006.6000,-0.78
2025-10-24 12:35:00,998.7,999.3,998.1,999.05,118880,0.0870,-0.4167,-120.88,1006.6000,-0.75
2025-10-24 12:40:00,999.05,999.2,997.3,997.45,157632,-0.0676,-0.4167,-83.78,1006.6000,-0.91
2025-10-24 12:45:00,997.8,998,997.2,997.2,92227,-0.1658,-0.4167,-60.21,1006.6000,-0.93
2025-10-24 12:50:00,997.2,997.5,996,996.15,133914,-0.2743,-0.4167,-34.17,1006.6000,-1.04
2025-10-24 12:55:00,996.15,996.3,995.15,995.8,114742,-0.3382,-0.4167,-18.84,1006.6000,-1.07
2025-10-24 13:00:00,995.8,996.7,995.65,996.2,148647,-0.3222,-0.4167,-22.68,1006.6000,-1.03
2025-10-24 13:05:00,996.2,997.35,995.2,997,256293,-0.2307,-0.4167,-44.64,1006.6000,-0.95
2025-10-24 13:10:00,997.05,997.8,997,997.75,116749,-0.0992,-0.4167,-76.19,1006.6000,-0.88
2025-10-24 13:15:00,997.75,998.4,996.75,997.6,393846,-0.0070,-0.4167,-98.32,1006.6000,-0.89
2025-10-24 13:20:00,997.25,997.8,995.8,996.15,103814,-0.0270,-0.4167,-93.52,1006.6000,-1.04
2025-10-24 13:25:00,996,996.6,995,995.35,116332,-0.0747,-0.4167,-82.07,1006.6000,-1.12
2025-10-24 13:30:00,995.35,995.95,994.05,994.05,165634,-0.1692,-0.4167,-59.40,1006.6000,-1.25
2025-10-24 13:35:00,994.05,994.95,992,992.2,219898,-0.3227,-0.4167,-22.56,1006.6000,-1.43
2025-10-24 13:40:00,992.2,992.9,991.7,991.95,129972,-0.4022,-0.4167,-3.48,1006.6000,-1.46
2025-10-24 13:45:00,991.95,993.15,991.8,992.65,90888,-0.3697,-0.4167,-11.28,1006.6000,-1.39
2025-10-24 13:50:00,992.7,992.75,991.8,992.4,124326,-0.3285,-0.4167,-21.17,1006.6000,-1.41
2025-10-24 13:55:00,992.3,992.9,991.3,992.3,169761,-0.2736,-0.4167,-34.34,1006.6000,-1.42
2025-10-24 14:00:00,992.3,994.3,992.3,994.2,106954,-0.0849,-0.4167,-79.63,1006.6000,-1.23
2025-10-24 14:05:00,994.3,994.3,993,993.7,142550,0.0250,-0.4167,-106.00,1006.6000,-1.28
2025-10-24 14:10:00,993.7,995.45,993.7,994.25,269440,0.1466,-0.4167,-135.18,1006.6000,-1.23
2025-10-24 14:15:00,994.3,994.75,993.6,994.3,150668,0.2369,-0.4167,-156.85,1006.6000,-1.22
2025-10-24 14:20:00,994.35,995.5,993.7,994.5,218696,0.3119,-0.4167,-174.85,1006.6000,-1.20
2025-10-24 14:25:00,994.5,996.15,994.05,994.7,264621,0.3727,-0.4167,-189.44,1006.6000,-1.18
2025-10-24 14:30:00,994.85,995.6,993.2,993.2,241996,0.3121,-0.4167,-174.90,1006.6000,-1.33
2025-10-24 14:35:00,993.2,994.95,992.9,992.9,195766,0.2544,-0.4167,-161.05,1006.6000,-1.36
2025-10-24 14:40:00,993.1,994,992.75,993,151768,0.2264,-0.4167,-154.33,1006.6000,-1.35
2025-10-24 14:45:00,993,993.95,992,992.2,191701,0.1607,-0.4167,-138.56,1006.6000,-1.43
2025-10-24 14:50:00,992.2,992.7,992,992.55,211372,0.1478,-0.4167,-135.47,1006.6000,-1.40
2025-10-24 14:55:00,992.55,993,992,992,137998,0.1108,-0.4167,-126.59,1006.6000,-1.45
2025-10-24 15:00:00,992.2,995.6,992.2,994.8,703332,0.2742,-0.4167,-165.80,1006.6000,-1.17
2025-10-24 15:05:00,994.75,995.2,994.3,995.1,507142,0.3946,-0.4167,-194.70,1006.6000,-1.14
2025-10-24 15:10:00,995,995.3,994.85,995.15,540671,0.4647,-0.4167,-211.52,1006.6000,-1.14
2025-10-24 15:15:00,995.2,995.55,994.9,995.45,437315,0.5147,-0.4167,-223.52,1006.6000,-1.11
2025-10-24 15:20:00,995.3,995.95,994.45,995.2,601998,0.5130,-0.4167,-223.11,1006.6000,-1.13
2025-10-24 15:25:00,995.1,995.9,994,995.9,381833,0.5385,-0.4167,-229.23,1006.6000,-1.06
2025-10-27 09:15:00,996.5,1001.4,996.2,1000.05,615805,0.7988,0.5385,48.34,995.9000,0.42
2025-10-27 09:20:00,1000.15,1002,1000,1001.1,276741,0.9928,0.5385,84.36,995.9000,0.52
2025-10-27 09:25:00,1001.35,1002.25,1001.1,1001.7,252787,1.1041,0.5385,105.03,995.9000,0.58
2025-10-27 09:30:00,1001.8,1004.6,1001.3,1004.25,249458,1.2798,0.5385,137.66,995.9000,0.84
2025-10-27 09:35:00,1004.3,1005.65,1003.5,1005.05,218884,1.3719,0.5385,154.76,995.9000,0.92
2025-10-27 09:40:00,1005.1,1005.95,1004.6,1005.4,269163,1.3750,0.5385,155.34,995.9000,0.95
2025-10-27 09:45:00,1005.4,1006.65,1005,1006.5,196859,1.3669,0.5385,153.83,995.9000,1.06
2025-10-27 09:50:00,1006.5,1006.8,1005.4,1006.8,153308,1.2980,0.5385,141.04,995.9000,1.09
2025-10-27 09:55:00,1006.6,1006.8,1004.85,1004.95,172718,1.0544,0.5385,95.80,995.9000,0.91
2025-10-27 10:00:00,1005,1005.4,1003.85,1004.95,127217,0.8298,0.5385,54.09,995.9000,0.91
2025-10-27 10:05:00,1004.95,1007.65,1004.35,1006.8,239126,0.7451,0.5385,38.37,995.9000,1.09
2025-10-27 10:10:00,1006.8,1007.4,1006.35,1007,106408,0.6454,0.5385,19.85,995.9000,1.11
2025-10-27 10:15:00,1007,1008.8,1006.9,1008.4,168738,0.6167,0.5385,14.52,995.9000,1.26
2025-10-27 10:20:00,1008.4,1009,1007.75,1008.65,186351,0.5592,0.5385,3.84,995.9000,1.28
2025-10-27 10:25:00,1008.7,1009,1008,1008.75,101324,0.4759,0.5385,-11.62,995.9000,1.29
2025-10-27 10:30:00,1008.75,1009.05,1007.35,1007.85,175765,0.3157,0.5385,-41.37,995.9000,1.20
2025-10-27 10:35:00,1007.65,1008,1006.6,1006.9,174684,0.1120,0.5385,-79.20,995.9000,1.10
2025-10-27 10:40:00,1007,1008.05,1006.7,1006.75,157546,-0.0576,0.5385,-110.70,995.9000,1.09
2025-10-27 10:45:00,1006.9,1007,1004.65,1005.1,133179,-0.2926,0.5385,-154.34,995.9000,0.92
2025-10-27 10:50:00,1005.1,1005.95,1004.65,1005.5,123047,-0.4246,0.5385,-178.85,995.9000,0.96
2025-10-27 10:55:00,1005.5,1006,1004.75,1005.5,268047,-0.5098,0.5385,-194.67,995.9000,0.96
2025-10-27 11:00:00,1005.45,1006.95,1004.9,1005.4,289635,-0.5664,0.5385,-205.18,995.9000,0.95
2025-10-27 11:05:00,1005.35,1005.5,1004.4,1004.4,217298,-0.6582,0.5385,-222.23,995.9000,0.85
2025-10-27 11:10:00,1004.85,1006.05,1004.4,1005.15,219388,-0.6542,0.5385,-221.49,995.9000,0.93
2025-10-27 11:15:00,1005.25,1005.5,1004.1,1004.5,111344,-0.6781,0.5385,-225.92,995.9000,0.86
2025-10-27 11:20:00,1004.8,1006.75,1004.5,1006.25,228767,-0.5636,0.5385,-204.66,995.9000,1.04
2025-10-27 11:25:00,1006.4,1006.75,1005.5,1006,94328,-0.4946,0.5385,-191.85,995.9000,1.01
2025-10-27 11:30:00,1005.9,1006.05,1005.3,1005.95,83863,-0.4439,0.5385,-182.43,995.9000,1.01
2025-10-27 11:35:00,1005.95,1006.2,1005,1005.4,88689,-0.4383,0.5385,-181.39,995.9000,0.95
2025-10-27 11:40:00,1005.4,1005.55,1003.4,1003.8,145208,-0.5272,0.5385,-197.90,995.9000,0.79
2025-10-27 11:45:00,1003.85,1004.2,1003,1003.8,126846,-0.5673,0.5385,-205.35,995.9000,0.79
2025-10-27 11:50:00,1003.85,1005,1003.7,1004.75,121855,-0.5129,0.5385,-195.25,995.9000,0.89
2025-10-27 11:55:00,1004.75,1007.5,1004.55,1007.5,215775,-0.2861,0.5385,-153.13,995.9000,1.16
2025-10-27 12:00:00,1007.5,1008,1007.05,1007.65,153391,-0.1283,0.5385,-123.83,995.9000,1.18
2025-10-27 12:05:00,1007.7,1008.3,1006.65,1007.5,195309,-0.0409,0.5385,-107.60,995.9000,1.16
2025-10-27 12:10:00,1007.5,1007.95,1006.5,1007.2,122739,-0.0117,0.5385,-102.17,995.9000,1.13
2025-10-27 12:15:00,1007.25,1008,1006.1,1006.85,130716,-0.0237,0.5385,-104.40,995.9000,1.10
2025-10-27 12:20:00,1007,1007.15,1006.1,1006.2,117490,-0.0800,0.5385,-114.86,995.9000,1.03
2025-10-27 12:25:00,1006.35,1006.9,1004.7,1005,141811,-0.1959,0.5385,-136.38,995.9000,0.91
2025-10-27 12:30:00,1005,1006.15,1004.5,1005.95,161178,-0.2056,0.5385,-138.18,995.9000,1.01
2025-10-27 12:35:00,1006,1006.3,1005,1006.1,285727,-0.1987,0.5385,-136.90,995.9000,1.02
2025-10-27 12:40:00,1006.1,1006.3,1004.95,1005.6,306276,-0.2229,0.5385,-141.39,995.9000,0.97
2025-10-27 12:45:00,1005.75,1006.45,1005,1005.35,431054,-0.2487,0.5385,-146.18,995.9000,0.95
2025-10-27 12:50:00,1005.4,1006,1004.5,1006,192412,-0.2163,0.5385,-140.17,995.9000,1.01
2025-10-27 12:55:00,1006,1006.1,1004.8,1005.2,112053,-0.2410,0.5385,-144.75,995.9000,0.93
2025-10-27 13:00:00,1005.2,1005.4,1004.5,1005.05,92340,-0.2583,0.5385,-147.97,995.9000,0.92
2025-10-27 13:05:00,1005,1005.1,1004,1004.1,88898,-0.3205,0.5385,-159.52,995.9000,0.82
2025-10-27 13:10:00,1004.3,1005,1003.7,1004.5,120205,-0.3207,0.5385,-159.55,995.9000,0.86
2025-10-27 13:15:00,1004.6,1004.6,1002.5,1003.3,149828,-0.3833,0.5385,-171.18,995.9000,0.74
2025-10-27 13:20:00,1003.35,1003.35,1001.2,1002.85,165454,-0.4331,0.5385,-180.43,995.9000,0.70
2025-10-27 13:25:00,1003,1003.7,1002.05,1002.6,134406,-0.4585,0.5385,-185.14,995.9000,0.67
2025-10-27 13:30:00,1002.65,1002.7,1001.2,1001.55,161389,-0.5173,0.5385,-196.06,995.9000,0.57
2025-10-27 13:35:00,1001.55,1002,1000.65,1001.6,142939,-0.5225,0.5385,-197.03,995.9000,0.57
2025-10-27 13:40:00,1001.65,1001.65,1000.6,1001.45,134109,-0.5055,0.5385,-193.87,995.9000,0.56
2025-10-27 13:45:00,1001.5,1002,1000.6,1001.9,134404,-0.4360,0.5385,-180.97,995.9000,0.60
2025-10-27 13:50:00,1002,1003.3,1001.7,1003.05,162872,-0.2915,0.5385,-154.13,995.9000,0.72
2025-10-27 13:55:00,1003.05,1003.05,1001.6,1002.05,139108,-0.2442,0.5385,-145.35,995.9000,0.62
2025-10-27 14:00:00,1002.1,1002.5,1001.3,1001.95,131792,-0.2023,0.5385,-137.57,995.9000,0.61
2025-10-27 14:05:00,1002.3,1003,1001.9,1002.75,159931,-0.1080,0.5385,-120.06,995.9000,0.69
2025-10-27 14:10:00,1002.65,1002.65,1000.7,1001.2,168990,-0.1356,0.5385,-125.18,995.9000,0.53
2025-10-27 14:15:00,1001.4,1004.05,1001.35,1004.05,403192,0.0429,0.5385,-92.03,995.9000,0.82
2025-10-27 14:20:00,1004.05,1004.35,1001.75,1003.85,211479,0.1466,0.5385,-72.78,995.9000,0.80
2025-10-27 14:25:00,1003.95,1004.55,1003.2,1004.5,136765,0.2518,0.5385,-53.24,995.9000,0.86
2025-10-27 14:30:00,1004.5,1004.5,1003.25,1003.75,132373,0.2626,0.5385,-51.23,995.9000,0.79
2025-10-27 14:35:00,1003.85,1004.2,1002.65,1002.85,125832,0.2034,0.5385,-62.23,995.9000,0.70
2025-10-27 14:40:00,1003,1003.1,1002.4,1002.9,137779,0.1636,0.5385,-69.62,995.9000,0.70
2025-10-27 14:45:00,1002.9,1003,1001.1,1001.2,422042,0.0260,0.5385,-95.17,995.9000,0.53
2025-10-27 14:50:00,1001.25,1002.8,1000.85,1002.15,215940,0.0035,0.5385,-99.35,995.9000,0.63
2025-10-27 14:55:00,1002.2,1003,1001.85,1002.75,172107,0.0318,0.5385,-94.09,995.9000,0.69
2025-10-27 15:00:00,1002.85,1003.35,1001.6,1001.75,457006,-0.0117,0.5385,-102.17,995.9000,0.59
2025-10-27 15:05:00,1001.9,1003.85,1001.65,1003.55,494464,0.0809,0.5385,-84.98,995.9000,0.77
2025-10-27 15:10:00,1003.7,1003.8,1003,1003.2,426319,0.1165,0.5385,-78.37,995.9000,0.73
2025-10-27 15:15:00,1003.2,1004,1003.1,1003.8,528963,0.1748,0.5385,-67.54,995.9000,0.79
2025-10-27 15:20:00,1003.8,1003.85,1001.9,1002.5,417157,0.1228,0.5385,-77.20,995.9000,0.66
2025-10-27 15:25:00,1002.5,1004.6,1002.4,1003.5,292170,0.1507,0.5385,-72.01,995.9000,0.76
2025-10-28 09:15:00,997.65,1003.35,995,1001.95,1616774,0.0642,0.1507,-57.40,1003.5000,-0.15
2025-10-28 09:20:00,1001.95,1004.35,1000.7,1002.7,638528,0.0572,0.1507,-62.04,1003.5000,-0.08
2025-10-28 09:25:00,1002.5,1004,1002.05,1003.25,307727,0.0875,0.1507,-41.94,1003.5000,-0.02
2025-10-28 09:30:00,1003.15,1006,1002.3,1005.9,453605,0.2734,0.1507,81.42,1003.5000,0.24
2025-10-28 09:35:00,1005.9,1008,1005.8,1007.7,394020,0.4922,0.1507,226.61,1003.5000,0.42
2025-10-28 09:40:00,1007.65,1007.95,1006.55,1007.25,357764,0.5754,0.1507,281.82,1003.5000,0.37
2025-10-28 09:45:00,1007.3,1007.95,1006,1006.5,303112,0.5489,0.1507,264.23,1003.5000,0.30
2025-10-28 09:50:00,1006.35,1006.5,1002.65,1004.25,273489,0.3580,0.1507,137.56,1003.5000,0.07
2025-10-28 09:55:00,1004.5,1005,1003.5,1004.3,199910,0.2200,0.1507,45.99,1003.5000,0.08
2025-10-28 10:00:00,1004.3,1004.3,1001.2,1001.4,309001,-0.0664,0.1507,-144.06,1003.5000,-0.21
2025-10-28 10:05:00,1001.35,1001.9,1000,1000.2,282486,-0.3221,0.1507,-313.74,1003.5000,-0.33
2025-10-28 10:10:00,1000.2,1001.05,999.3,1000.25,581363,-0.4646,0.1507,-408.29,1003.5000,-0.32
2025-10-28 10:15:00,999.9,1001,999,1000.5,148262,-0.5150,0.1507,-441.74,1003.5000,-0.30
2025-10-28 10:20:00,1000.5,1000.6,999,999.5,179948,-0.5835,0.1507,-487.19,1003.5000,-0.40
2025-10-28 10:25:00,999.4,1000,998.35,998.95,165013,-0.6298,0.1507,-517.92,1003.5000,-0.45
2025-10-28 10:30:00,999.05,999.05,997,997.75,159088,-0.6997,0.1507,-564.30,1003.5000,-0.57
2025-10-28 10:35:00,997.75,998.2,997,997.3,136809,-0.7313,0.1507,-585.27,1003.5000,-0.62
2025-10-28 10:40:00,997.55,999,997.3,998.75,121620,-0.6144,0.1507,-507.70,1003.5000,-0.47
2025-10-28 10:45:00,998.75,999,997.7,998.2,109279,-0.5367,0.1507,-456.14,1003.5000,-0.53
2025-10-28 10:50:00,998.2,998.25,996.55,996.7,255640,-0.5471,0.1507,-463.04,1003.5000,-0.68
2025-10-28 10:55:00,996.7,997,996.5,996.6,125151,-0.5216,0.1507,-446.12,1003.5000,-0.69
2025-10-28 11:00:00,996.65,997.25,996,996.1,298728,-0.4992,0.1507,-431.25,1003.5000,-0.74
2025-10-28 11:05:00,996.15,998.3,996,997.5,195090,-0.3575,0.1507,-337.23,1003.5000,-0.60
2025-10-28 11:10:00,997.5,998.05,996.85,997.6,182626,-0.2307,0.1507,-253.09,1003.5000,-0.59
2025-10-28 11:15:00,997.6,998.3,996.85,997.8,223968,-0.1130,0.1507,-174.98,1003.5000,-0.57
2025-10-28 11:20:00,997.8,999.3,997.6,998.6,147369,0.0315,0.1507,-79.10,1003.5000,-0.49
2025-10-28 11:25:00,998.6,1000.8,998.6,1000.35,668574,0.2457,0.1507,63.04,1003.5000,-0.31
2025-10-28 11:30:00,1000.35,1001.4,1000.35,1000.4,111893,0.3833,0.1507,154.35,1003.5000,-0.31
2025-10-28 11:35:00,1000.4,1001.15,1000,1000.25,192309,0.4521,0.1507,200.00,1003.5000,-0.32
2025-10-28 11:40:00,1000.25,1001.45,1000,1000.2,159818,0.4795,0.1507,218.18,1003.5000,-0.33
2025-10-28 11:45:00,1000.2,1001,999.5,1000.5,199852,0.5007,0.1507,232.25,1003.5000,-0.30
2025-10-28 11:50:00,1000.5,1001,999,999,171968,0.4009,0.1507,166.03,1003.5000,-0.45
2025-10-28 11:55:00,999.1,999.45,997.6,997.65,124716,0.2392,0.1507,58.73,1003.5000,-0.58
2025-10-28 12:00:00,997.75,998.25,996.5,997.35,289260,0.1137,0.1507,-24.55,1003.5000,-0.61
2025-10-28 12:05:00,997.35,998.15,996.35,996.55,197381,-0.0149,0.1507,-109.89,1003.5000,-0.69
2025-10-28 12:10:00,996.6,997.6,996,997.15,280209,-0.0491,0.1507,-132.58,1003.5000,-0.63
2025-10-28 12:15:00,997.15,998.55,996.3,998.1,531283,-0.0000,0.1507,-100.00,1003.5000,-0.54
2025-10-28 12:20:00,998.05,999.45,997.55,999.15,328191,0.1051,0.1507,-30.26,1003.5000,-0.43
2025-10-28 12:25:00,999.05,999.8,998.3,999.05,236130,0.1662,0.1507,10.29,1003.5000,-0.44
2025-10-28 12:30:00,999.05,1000.1,998.75,999.75,197211,0.2472,0.1507,64.03,1003.5000,-0.37
2025-10-28 12:35:00,999.75,1001.1,999.45,1000.65,263698,0.3486,0.1507,131.32,1003.5000,-0.28
2025-10-28 12:40:00,1000.7,1002.85,1000.65,1002.65,298951,0.5268,0.1507,249.57,1003.5000,-0.08
2025-10-28 12:45:00,1002.45,1003.4,1000.8,1001.15,414404,0.5194,0.1507,244.66,1003.5000,-0.23
2025-10-28 12:50:00,1001.15,1003,1000.65,1002.45,416685,0.5735,0.1507,280.56,1003.5000,-0.10
2025-10-28 12:55:00,1002.45,1003.85,1001.35,1001.9,379467,0.5439,0.1507,260.92,1003.5000,-0.16
2025-10-28 13:00:00,1001.95,1003,1000.45,1000.55,267848,0.4111,0.1507,172.79,1003.5000,-0.29
2025-10-28 13:05:00,1000.65,1003.75,1000.1,1003,316759,0.4622,0.1507,206.70,1003.5000,-0.05
2025-10-28 13:10:00,1003,1003.5,1001.8,1002.05,104969,0.4078,0.1507,170.60,1003.5000,-0.14
2025-10-28 13:15:00,1002.15,1003.2,1000.65,1002.25,316713,0.3626,0.1507,140.61,1003.5000,-0.12
2025-10-28 13:20:00,1002.3,1003,1001.7,1002.95,130668,0.3566,0.1507,136.63,1003.5000,-0.05
2025-10-28 13:25:00,1003,1004.35,1002.6,1003.5,185619,0.3652,0.1507,142.34,1003.5000,0.00
2025-10-28 13:30:00,1003.5,1004.65,1003,1003.2,233288,0.3273,0.1507,117.19,1003.5000,-0.03
2025-10-28 13:35:00,1003.2,1003.55,1002.2,1002.6,184345,0.2424,0.1507,60.85,1003.5000,-0.09
2025-10-28 13:40:00,1002.6,1002.75,999.25,999.4,436253,-0.0340,0.1507,-122.56,1003.5000,-0.41
2025-10-28 13:45:00,999.5,1001,999.2,1000.7,436392,-0.1287,0.1507,-185.40,1003.5000,-0.28
2025-10-28 13:50:00,1000.65,1000.75,999,999.55,247474,-0.2605,0.1507,-272.86,1003.5000,-0.39
2025-10-28 13:55:00,999.75,1001.05,999.05,1000.55,375213,-0.2710,0.1507,-279.83,1003.5000,-0.29
2025-10-28 14:00:00,1000.55,1002.3,999.05,999.25,434291,-0.3510,0.1507,-332.91,1003.5000,-0.42
2025-10-28 14:05:00,999.25,1000.8,998.25,1000,651842,-0.3387,0.1507,-324.75,1003.5000,-0.35
2025-10-28 14:10:00,1000.15,1001.2,998.3,1000.35,635289,-0.2940,0.1507,-295.09,1003.5000,-0.31
2025-10-28 14:15:00,1000.35,1000.9,998.3,999,510228,-0.3392,0.1507,-325.08,1003.5000,-0.45
2025-10-28 14:20:00,999,1000.5,998.95,999.8,350255,-0.3003,0.1507,-299.27,1003.5000,-0.37
2025-10-28 14:25:00,999.8,1000.4,996.85,998.65,746089,-0.3346,0.1507,-322.03,1003.5000,-0.48
2025-10-28 14:30:00,998.5,1000,996.5,997.2,652651,-0.4313,0.1507,-386.20,1003.5000,-0.63
2025-10-28 14:35:00,997.2,999.3,996.55,998.6,579086,-0.3791,0.1507,-351.56,1003.5000,-0.49
2025-10-28 14:40:00,998.6,999.3,998.2,998.35,386480,-0.3409,0.1507,-326.21,1003.5000,-0.51
2025-10-28 14:45:00,998.7,1000.6,998.5,998.9,890271,-0.2615,0.1507,-273.52,1003.5000,-0.46
2025-10-28 14:50:00,998.95,1001,998.5,999.65,526863,-0.1472,0.1507,-197.68,1003.5000,-0.38
2025-10-28 14:55:00,999.65,1001.5,999.65,1000.3,765386,-0.0230,0.1507,-115.26,1003.5000,-0.32
2025-10-28 15:00:00,1000.3,1003.05,1000.2,1002.4,1503364,0.1935,0.1507,28.40,1003.5000,-0.11
2025-10-28 15:05:00,1002.35,1003.5,1001.65,1002.95,1660215,0.3570,0.1507,136.89,1003.5000,-0.05
2025-10-28 15:10:00,1002.85,1004.7,1002.1,1004.25,1928401,0.5260,0.1507,249.04,1003.5000,0.07
2025-10-28 15:15:00,1004.25,1005.8,1003.8,1005.35,1716441,0.6754,0.1507,348.18,1003.5000,0.18
2025-10-28 15:20:00,1005.35,1005.75,1003.25,1004.2,1294166,0.6597,0.1507,337.76,1003.5000,0.07
2025-10-28 15:25:00,1004.15,1005.15,1002.1,1004.9,724519,0.6579,0.1507,336.56,1003.5000,0.14
2025-10-29 09:15:00,1004.9,1006.95,1003,1003.6,460733,0.5357,0.6579,-18.57,1004.9000,-0.13
2025-10-29 09:20:00,1003.6,1004.05,1002.2,1003.5,177564,0.4198,0.6579,-36.19,1004.9000,-0.14
2025-10-29 09:25:00,1003.5,1004.5,1002.8,1003.9,155301,0.3449,0.6579,-47.58,1004.9000,-0.10
2025-10-29 09:30:00,1003.9,1004.15,1002.5,1002.65,140747,0.1935,0.6579,-70.59,1004.9000,-0.22
2025-10-29 09:35:00,1002.65,1002.65,1001.2,1001.85,95314,0.0305,0.6579,-95.36,1004.9000,-0.30
2025-10-29 09:40:00,1001.85,1001.9,1000.2,1000.5,101039,-0.1665,0.6579,-125.31,1004.9000,-0.44
2025-10-29 09:45:00,1000.5,1002.2,1000.15,1000.15,98118,-0.3103,0.6579,-147.17,1004.9000,-0.47
2025-10-29 09:50:00,1000.4,1002.25,1000,1002,87430,-0.2721,0.6579,-141.36,1004.9000,-0.29
2025-10-29 09:55:00,1002,1002.5,1001.2,1001.6,58923,-0.2648,0.6579,-140.25,1004.9000,-0.33
2025-10-29 10:00:00,1001.6,1002.8,1001.3,1001.75,96626,-0.2415,0.6579,-136.71,1004.9000,-0.31
2025-10-29 10:05:00,1001.8,1003,1001.25,1003,50258,-0.1387,0.6579,-121.08,1004.9000,-0.19
2025-10-29 10:10:00,1003,1003.5,1002.3,1002.45,128437,-0.1059,0.6579,-116.10,1004.9000,-0.24
2025-10-29 10:15:00,1002.5,1002.5,1000.55,1000.7,57792,-0.1952,0.6579,-129.67,1004.9000,-0.42
2025-10-29 10:20:00,1000.75,1002.65,1000.5,1002.35,72698,-0.1388,0.6579,-121.10,1004.9000,-0.25
2025-10-29 10:25:00,1002.4,1004.5,1002.35,1003.85,271030,-0.0034,0.6579,-100.52,1004.9000,-0.10
2025-10-29 10:30:00,1003.85,1005.55,1003.8,1005.35,231843,0.1745,0.6579,-73.48,1004.9000,0.04
2025-10-29 10:35:00,1005.35,1005.5,1004.45,1004.55,162091,0.2226,0.6579,-66.17,1004.9000,-0.03
2025-10-29 10:40:00,1004.55,1005,1004.45,1004.75,88458,0.2500,0.6579,-62.00,1004.9000,-0.01
2025-10-29 10:45:00,1004.75,1006,1004.75,1005.5,175627,0.2976,0.6579,-54.77,1004.9000,0.06
2025-10-29 10:50:00,1005.55,1006,1005,1005.3,110088,0.2940,0.6579,-55.31,1004.9000,0.04
2025-10-29 10:55:00,1005.25,1005.9,1004.8,1005.75,93928,0.2993,0.6579,-54.51,1004.9000,0.08
2025-10-29 11:00:00,1005.85,1005.85,1004.9,1005,75275,0.2328,0.6579,-64.61,1004.9000,0.01
2025-10-29 11:05:00,1005,1005,1004.3,1004.4,78950,0.1336,0.6579,-79.69,1004.9000,-0.05
2025-10-29 11:10:00,1004.4,1005.5,1004.1,1005.1,274216,0.1019,0.6579,-84.51,1004.9000,0.02
2025-10-29 11:15:00,1005.05,1005.5,1005,1005.35,199450,0.0852,0.6579,-87.05,1004.9000,0.04
2025-10-29 11:20:00,1005.3,1009.4,1005,1008.85,868400,0.2860,0.6579,-56.53,1004.9000,0.39
2025-10-29 11:25:00,1008.8,1010,1007.65,1008,349592,0.3343,0.6579,-49.19,1004.9000,0.31
2025-10-29 11:30:00,1008,1008.3,1007.2,1007.8,141185,0.3252,0.6579,-50.57,1004.9000,0.29
2025-10-29 11:35:00,1007.8,1007.85,1006.75,1007.55,86183,0.2767,0.6579,-57.94,1004.9000,0.26
2025-10-29 11:40:00,1007.6,1007.9,1007.15,1007.45,91218,0.2150,0.6579,-67.32,1004.9000,0.25
2025-10-29 11:45:00,1007.5,1007.5,1006.5,1006.95,136509,0.1222,0.6579,-81.43,1004.9000,0.20
2025-10-29 11:50:00,1006.95,1007,1006.35,1006.6,329932,0.0241,0.6579,-96.34,1004.9000,0.17
2025-10-29 11:55:00,1006.6,1007,1006.35,1006.8,238126,-0.0371,0.6579,-105.64,1004.9000,0.19
2025-10-29 12:00:00,1006.85,1007.5,1005.3,1007.5,235090,-0.0401,0.6579,-106.10,1004.9000,0.26
2025-10-29 12:05:00,1007.5,1009.75,1007.45,1009.1,217111,0.0512,0.6579,-92.22,1004.9000,0.42
2025-10-29 12:10:00,1009.1,1009.4,1008.1,1008.45,96165,0.0530,0.6579,-91.94,1004.9000,0.35
2025-10-29 12:15:00,1008.45,1009.1,1007.6,1008.35,179525,0.0337,0.6579,-94.88,1004.9000,0.34
2025-10-29 12:20:00,1008.35,1008.75,1007.3,1007.45,60397,-0.0490,0.6579,-107.45,1004.9000,0.25
2025-10-29 12:25:00,1007.45,1008.55,1007.3,1008.55,114646,-0.0394,0.6579,-105.99,1004.9000,0.36
2025-10-29 12:30:00,1008.55,1009.5,1007.8,1007.9,115035,-0.0839,0.6579,-112.75,1004.9000,0.30
2025-10-29 12:35:00,1008,1008.9,1007.85,1008.2,187443,-0.0993,0.6579,-115.09,1004.9000,0.33
2025-10-29 12:40:00,1008.3,1010,1008,1008.65,357304,-0.0858,0.6579,-113.04,1004.9000,0.37
2025-10-29 12:45:00,1008.65,1009.3,1007.95,1008.8,289254,-0.0739,0.6579,-111.23,1004.9000,0.39
2025-10-29 12:50:00,1008.8,1008.85,1007.9,1008.45,94005,-0.0953,0.6579,-114.49,1004.9000,0.35
2025-10-29 12:55:00,1008.45,1008.75,1008.2,1008.7,77211,-0.0979,0.6579,-114.88,1004.9000,0.38
2025-10-29 13:00:00,1008.7,1009,1007.55,1007.75,341632,-0.1651,0.6579,-125.09,1004.9000,0.28
2025-10-29 13:05:00,1007.75,1009,1007.25,1008.95,245850,-0.1315,0.6579,-119.99,1004.9000,0.40
2025-10-29 13:10:00,1009,1009.9,1008.85,1009.5,304631,-0.0778,0.6579,-111.83,1004.9000,0.46
2025-10-29 13:15:00,1009.5,1009.75,1008.8,1009.25,69780,-0.0651,0.6579,-109.90,1004.9000,0.43
2025-10-29 13:20:00,1009.25,1009.5,1008.9,1009.4,95333,-0.0531,0.6579,-108.07,1004.9000,0.45
2025-10-29 13:25:00,1009.4,1009.55,1008.5,1008.5,322011,-0.1091,0.6579,-116.58,1004.9000,0.36
2025-10-29 13:30:00,1008.6,1011.9,1008.1,1011.9,546928,0.0699,0.6579,-89.38,1004.9000,0.70
2025-10-29 13:35:00,1011.85,1012.45,1011,1012.4,305104,0.2015,0.6579,-69.37,1004.9000,0.75
2025-10-29 13:40:00,1012.4,1012.5,1010,1010,132007,0.1111,0.6579,-83.11,1004.9000,0.51
2025-10-29 13:45:00,1010.05,1011.95,1010,1011.15,136498,0.1125,0.6579,-82.90,1004.9000,0.62
2025-10-29 13:50:00,1011.15,1011.65,1010.9,1011.55,127761,0.1233,0.6579,-81.26,1004.9000,0.66
2025-10-29 13:55:00,1011.55,1011.55,1010,1010.8,272092,0.0657,0.6579,-90.01,1004.9000,0.59
2025-10-29 14:00:00,1010.8,1011.4,1010,1010.1,591726,-0.0286,0.6579,-104.35,1004.9000,0.52
2025-10-29 14:05:00,1010.1,1011,1010,1010.1,215756,-0.0964,0.6579,-114.65,1004.9000,0.52
2025-10-29 14:10:00,1010.1,1011.25,1010,1011.25,110841,-0.0703,0.6579,-110.69,1004.9000,0.63
2025-10-29 14:15:00,1011.25,1012.35,1011,1012.3,491567,0.0071,0.6579,-98.92,1004.9000,0.74
2025-10-29 14:20:00,1012.35,1012.35,1010,1010,348574,-0.1013,0.6579,-115.40,1004.9000,0.51
2025-10-29 14:25:00,1010.05,1010.85,1010,1010.7,254160,-0.1288,0.6579,-119.58,1004.9000,0.58
2025-10-29 14:30:00,1010.85,1011.4,1010.2,1010.2,181798,-0.1804,0.6579,-127.42,1004.9000,0.53
2025-10-29 14:35:00,1010.3,1011.05,1010,1010.95,241023,-0.1642,0.6579,-124.96,1004.9000,0.60
2025-10-29 14:40:00,1011,1011.3,1010,1010.7,346254,-0.1698,0.6579,-125.81,1004.9000,0.58
2025-10-29 14:45:00,1010.8,1010.85,1008.2,1008.25,594138,-0.3288,0.6579,-149.98,1004.9000,0.33
2025-10-29 14:50:00,1008.25,1008.8,1007,1008.45,277200,-0.4058,0.6579,-161.68,1004.9000,0.35
2025-10-29 14:55:00,1008.45,1008.9,1008.1,1008.85,95335,-0.4136,0.6579,-162.87,1004.9000,0.39
2025-10-29 15:00:00,1008.85,1008.85,1007.95,1008.2,506180,-0.4437,0.6579,-167.44,1004.9000,0.33
2025-10-29 15:05:00,1008.25,1009.1,1006.7,1006.95,711010,-0.5235,0.6579,-179.57,1004.9000,0.20
2025-10-29 15:10:00,1007,1007.8,1006.85,1007.5,466337,-0.5142,0.6579,-178.16,1004.9000,0.26
2025-10-29 15:15:00,1007.65,1008.5,1007.5,1007.75,420495,-0.4674,0.6579,-171.04,1004.9000,0.28
2025-10-29 15:20:00,1007.8,1008.55,1007.2,1008.25,556559,-0.3827,0.6579,-158.17,1004.9000,0.33
2025-10-29 15:25:00,1008.35,1009,1007.9,1008.5,374636,-0.2937,0.6579,-144.64,1004.9000,0.36
2025-10-30 09:15:00,1000,1006.1,998.3,1004.85,672548,-0.4549,-0.2937,54.89,1008.5000,-0.36
2025-10-30 09:20:00,1004.8,1006,1004.4,1005,185739,-0.5209,-0.2937,77.36,1008.5000,-0.35
2025-10-30 09:25:00,1005.15,1005.15,1004.1,1004.2,185195,-0.5833,-0.2937,98.60,1008.5000,-0.43
2025-10-30 09:30:00,1004.25,1004.5,1003,1003.05,114782,-0.6610,-0.2937,125.06,1008.5000,-0.54
2025-10-30 09:35:00,1003.2,1004.5,1002.95,1003.85,162112,-0.6184,-0.2937,110.55,1008.5000,-0.46
2025-10-30 09:40:00,1003.85,1003.85,1002.65,1003.7,188778,-0.5619,-0.2937,91.32,1008.5000,-0.48
2025-10-30 09:45:00,1003.75,1004.55,1003,1004.55,105301,-0.4344,-0.2937,47.91,1008.5000,-0.39
2025-10-30 09:50:00,1004.55,1005.55,1003.3,1003.85,175388,-0.3671,-0.2937,24.99,1008.5000,-0.46
2025-10-30 09:55:00,1003.9,1004.9,1003,1004.4,185720,-0.2604,-0.2937,-11.34,1008.5000,-0.41
2025-10-30 10:00:00,1004.45,1005.5,1004.4,1005.45,133667,-0.1022,-0.2937,-65.20,1008.5000,-0.30
2025-10-30 10:05:00,1005.45,1008.4,1005.45,1008.4,180776,0.2016,-0.2937,-168.64,1008.5000,-0.01
2025-10-30 10:10:00,1008.4,1009.35,1007.8,1008.5,290202,0.3983,-0.2937,-235.61,1008.5000,0.00
2025-10-30 10:15:00,1008.45,1009.5,1006,1006.1,127498,0.3572,-0.2937,-221.62,1008.5000,-0.24
2025-10-30 10:20:00,1006.2,1007.95,1006.1,1007.2,59223,0.3917,-0.2937,-233.37,1008.5000,-0.13
2025-10-30 10:25:00,1007.2,1007.95,1006.25,1006.25,127498,0.3400,-0.2937,-215.76,1008.5000,-0.22
2025-10-30 10:30:00,1006.5,1006.55,1004.55,1004.85,223673,0.2076,-0.2937,-170.68,1008.5000,-0.36
2025-10-30 10:35:00,1004.85,1005.9,1004.55,1005.1,61325,0.1363,-0.2937,-146.41,1008.5000,-0.34
2025-10-30 10:40:00,1005.1,1005.1,1003.55,1004,293468,0.0206,-0.2937,-107.01,1008.5000,-0.45
2025-10-30 10:45:00,1004,1005.4,1003.9,1004,166461,-0.0467,-0.2937,-84.10,1008.5000,-0.45
2025-10-30 10:50:00,1003.95,1004.6,1003.9,1003.95,121858,-0.0832,-0.2937,-71.67,1008.5000,-0.45
2025-10-30 10:55:00,1003.9,1004.7,1003.45,1004.05,280718,-0.0888,-0.2937,-69.77,1008.5000,-0.44
2025-10-30 11:00:00,1004.15,1004.8,1003.75,1004.45,78049,-0.0553,-0.2937,-81.17,1008.5000,-0.40
2025-10-30 11:05:00,1004.45,1005.6,1004.35,1004.8,294907,-0.0022,-0.2937,-99.25,1008.5000,-0.37
2025-10-30 11:10:00,1004.8,1005,1003.9,1004.75,338363,0.0350,-0.2937,-111.92,1008.5000,-0.37
2025-10-30 11:15:00,1004.7,1005,1003.8,1003.95,111118,0.0122,-0.2937,-104.15,1008.5000,-0.45
2025-10-30 11:20:00,1004,1004.5,1003.35,1004.1,216297,0.0137,-0.2937,-104.66,1008.5000,-0.44
2025-10-30 11:25:00,1004.1,1004.5,1003.8,1003.9,262136,0.0079,-0.2937,-102.69,1008.5000,-0.46
2025-10-30 11:30:00,1003.9,1004,1003.5,1003.8,92200,0.0042,-0.2937,-101.43,1008.5000,-0.47
2025-10-30 11:35:00,1003.8,1003.8,1002.6,1003.4,129293,-0.0171,-0.2937,-94.18,1008.5000,-0.51
2025-10-30 11:40:00,1003.35,1003.4,1002.05,1002.7,363517,-0.0674,-0.2937,-77.05,1008.5000,-0.58
2025-10-30 11:45:00,1002.9,1004.15,1002.7,1004.15,203239,0.0041,-0.2937,-101.40,1008.5000,-0.43
2025-10-30 11:50:00,1004.15,1004.4,1002.25,1002.4,209101,-0.0561,-0.2937,-80.90,1008.5000,-0.60
2025-10-30 11:55:00,1002.4,1003.15,1002.3,1002.5,201295,-0.0774,-0.2937,-73.65,1008.5000,-0.59
2025-10-30 12:00:00,1002.5,1003.2,1002,1002.4,105689,-0.0859,-0.2937,-70.75,1008.5000,-0.60
2025-10-30 12:05:00,1002.15,1002.65,1001.85,1002.3,185182,-0.0856,-0.2937,-70.85,1008.5000,-0.61
2025-10-30 12:10:00,1002.3,1003,1002.2,1002.65,147896,-0.0510,-0.2937,-82.64,1008.5000,-0.58
2025-10-30 12:15:00,1002.6,1002.9,1002,1002.2,109956,-0.0476,-0.2937,-83.79,1008.5000,-0.62
2025-10-30 12:20:00,1002.1,1002.3,1001.45,1002.3,171466,-0.0287,-0.2937,-90.23,1008.5000,-0.61
2025-10-30 12:25:00,1002.25,1002.75,1001.7,1002.2,77206,-0.0139,-0.2937,-95.27,1008.5000,-0.62
2025-10-30 12:30:00,1002.15,1002.4,1000.5,1001.8,181817,-0.0214,-0.2937,-92.71,1008.5000,-0.66
2025-10-30 12:35:00,1001.75,1002,1001,1001.45,82978,-0.0393,-0.2937,-86.62,1008.5000,-0.70
2025-10-30 12:40:00,1001.45,1001.5,1000.35,1001.1,184935,-0.0628,-0.2937,-78.62,1008.5000,-0.73
2025-10-30 12:45:00,1001.15,1002,1000.8,1001.45,180072,-0.0436,-0.2937,-85.15,1008.5000,-0.70
2025-10-30 12:50:00,1001.45,1001.75,1001,1001.65,72667,-0.0082,-0.2937,-97.21,1008.5000,-0.68
2025-10-30 12:55:00,1001.6,1001.95,1000.8,1001.15,157534,-0.0091,-0.2937,-96.90,1008.5000,-0.73
2025-10-30 13:00:00,1001,1002.25,1000.8,1002.25,134752,0.0693,-0.2937,-123.60,1008.5000,-0.62
2025-10-30 13:05:00,1002.25,1002.9,1001.7,1002.3,173388,0.1263,-0.2937,-143.00,1008.5000,-0.61
2025-10-30 13:10:00,1002.1,1003.25,1002,1003.2,277550,0.2207,-0.2937,-175.14,1008.5000,-0.53
2025-10-30 13:15:00,1003.2,1003.9,1002.65,1003.7,137977,0.3077,-0.2937,-204.77,1008.5000,-0.48
2025-10-30 13:20:00,1003.7,1003.95,1002.45,1002.95,105601,0.3049,-0.2937,-203.81,1008.5000,-0.55
2025-10-30 13:25:00,1002.95,1004,1002.75,1003.2,185636,0.3092,-0.2937,-205.28,1008.5000,-0.53
2025-10-30 13:30:00,1003.15,1003.5,1001.4,1002.45,215625,0.2531,-0.2937,-186.18,1008.5000,-0.60
2025-10-30 13:35:00,1002.15,1002.95,1001.3,1002.45,132812,0.2094,-0.2937,-171.30,1008.5000,-0.60
2025-10-30 13:40:00,1002.45,1003.1,1002,1002.7,74657,0.1913,-0.2937,-165.13,1008.5000,-0.58
2025-10-30 13:45:00,1002.7,1003.1,1002.2,1002.65,52687,0.1705,-0.2937,-158.05,1008.5000,-0.58
2025-10-30 13:50:00,1002.6,1003.9,1002.55,1003.15,139683,0.1839,-0.2937,-162.61,1008.5000,-0.53
2025-10-30 13:55:00,1003.15,1003.4,1000.65,1001.75,280864,0.0964,-0.2937,-132.82,1008.5000,-0.67
2025-10-30 14:00:00,1001.75,1002.1,1000.35,1000.85,174287,-0.0182,-0.2937,-93.80,1008.5000,-0.76
2025-10-30 14:05:00,1000.8,1001.5,1000.5,1001.3,48807,-0.0575,-0.2937,-80.42,1008.5000,-0.71
2025-10-30 14:10:00,1001.25,1002.65,1001,1002.6,146169,0.0069,-0.2937,-102.35,1008.5000,-0.59
2025-10-30 14:15:00,1002.5,1002.6,1000.25,1001.3,348412,-0.0332,-0.2937,-88.70,1008.5000,-0.71
2025-10-30 14:20:00,1001.3,1003.25,1001.25,1002.6,329962,0.0295,-0.2937,-110.04,1008.5000,-0.59
2025-10-30 14:25:00,1002.6,1003.3,1002,1002.35,202777,0.0542,-0.2937,-118.45,1008.5000,-0.61
2025-10-30 14:30:00,1002.35,1003,1000.3,1001.1,432565,-0.0101,-0.2937,-96.56,1008.5000,-0.73
2025-10-30 14:35:00,1001.1,1002.55,1000.7,1001,397178,-0.0533,-0.2937,-81.85,1008.5000,-0.74
2025-10-30 14:40:00,1001,1001.9,1000.55,1001.25,303161,-0.0587,-0.2937,-80.01,1008.5000,-0.72
2025-10-30 14:45:00,1001.2,1001.65,998.5,999.15,587877,-0.1899,-0.2937,-35.34,1008.5000,-0.93
2025-10-30 14:50:00,999.15,999.6,998,998,235546,-0.3320,-0.2937,13.04,1008.5000,-1.04
2025-10-30 14:55:00,998,998.9,997.25,998.4,594120,-0.3738,-0.2937,27.27,1008.5000,-1.00
2025-10-30 15:00:00,998.5,999.05,997.1,998.25,972854,-0.3848,-0.2937,31.02,1008.5000,-1.02
2025-10-30 15:05:00,998.25,999.2,997.65,997.95,1082777,-0.3847,-0.2937,30.98,1008.5000,-1.05
2025-10-30 15:10:00,998,998.1,997.25,998,930544,-0.3543,-0.2937,20.63,1008.5000,-1.04
2025-10-30 15:15:00,997.95,998.75,997.7,998.4,751924,-0.2834,-0.2937,-3.51,1008.5000,-1.00
2025-10-30 15:20:00,998.4,998.55,997.5,998.1,796447,-0.2349,-0.2937,-20.02,1008.5000,-1.03
2025-10-30 15:25:00,998.05,999.95,997.8,999.95,623869,-0.0652,-0.2937,-77.80,1008.5000,-0.85
2025-10-31 09:15:00,994,1001.5,994,1000.6,898473,0.0951,-0.0652,-245.86,999.9500,0.07
2025-10-31 09:20:00,1000.6,1001.6,999.35,1001.3,206753,0.2441,-0.0652,-474.39,999.9500,0.14
2025-10-31 09:25:00,1001.5,1002.8,1000.65,1002.5,182100,0.4096,-0.0652,-728.22,999.9500,0.26
2025-10-31 09:30:00,1002.5,1004,1002.15,1004,174149,0.5949,-0.0652,-1012.42,999.9500,0.41
2025-10-31 09:35:00,1004,1004.45,1002.25,1002.4,143657,0.5837,-0.0652,-995.25,999.9500,0.25
2025-10-31 09:40:00,1002.5,1002.75,999.05,999.8,266770,0.3849,-0.0652,-690.34,999.9500,-0.02
2025-10-31 09:45:00,999.8,1001.7,999.15,1001,272096,0.3205,-0.0652,-591.56,999.9500,0.11
2025-10-31 09:50:00,1001,1001.3,1000,1001.2,103850,0.2791,-0.0652,-528.07,999.9500,0.13
2025-10-31 09:55:00,1001.3,1001.3,999.2,999.2,86455,0.1133,-0.0652,-273.77,999.9500,-0.08
2025-10-31 10:00:00,999.2,999.45,995.45,995.9,140149,-0.2050,-0.0652,214.42,999.9500,-0.41
2025-10-31 10:05:00,995.75,996.6,994.7,995.3,141394,-0.4294,-0.0652,558.59,999.9500,-0.47
2025-10-31 10:10:00,995.35,995.4,994.15,995.05,80746,-0.5599,-0.0652,758.74,999.9500,-0.49
2025-10-31 10:15:00,995.15,995.15,993.5,993.9,130320,-0.6808,-0.0652,944.17,999.9500,-0.61
2025-10-31 10:20:00,993.85,993.9,990.35,990.95,203304,-0.9028,-0.0652,1284.66,999.9500,-0.90
2025-10-31 10:25:00,990.9,991.8,990.5,991.65,122820,-0.9414,-0.0652,1343.87,999.9500,-0.83
2025-10-31 10:30:00,991.5,991.7,989.4,990.45,145665,-0.9822,-0.0652,1406.44,999.9500,-0.95
2025-10-31 10:35:00,990.45,990.45,989,989.05,96176,-1.0327,-0.0652,1483.90,999.9500,-1.09
2025-10-31 10:40:00,989.05,989.2,988.5,989.15,73521,-0.9887,-0.0652,1416.41,999.9500,-1.08
2025-10-31 10:45:00,989,990,988.55,988.85,487112,-0.9109,-0.0652,1297.09,999.9500,-1.11
2025-10-31 10:50:00,988.85,989,986.85,987.25,430677,-0.8969,-0.0652,1275.61,999.9500,-1.27
2025-10-31 10:55:00,987.4,987.75,986.65,987.3,180400,-0.8164,-0.0652,1152.15,999.9500,-1.27
2025-10-31 11:00:00,987.3,987.4,981.15,983.65,980056,-0.9325,-0.0652,1330.21,999.9500,-1.63
2025-10-31 11:05:00,983.75,986.4,983.55,986.4,132117,-0.7554,-0.0652,1058.59,999.9500,-1.36
2025-10-31 11:10:00,986.45,986.75,985.1,986.65,229403,-0.5615,-0.0652,761.20,999.9500,-1.33
2025-10-31 11:15:00,986.6,988.2,985.5,988.05,269864,-0.2926,-0.0652,348.77,999.9500,-1.19
2025-10-31 11:20:00,988,988.5,986.45,987.2,173447,-0.1337,-0.0652,105.06,999.9500,-1.28
2025-10-31 11:25:00,987.25,987.25,986,986,344425,-0.0741,-0.0652,13.65,999.9500,-1.40
2025-10-31 11:30:00,986,986.2,983.95,985.45,191125,-0.0382,-0.0652,-41.41,999.9500,-1.45
2025-10-31 11:35:00,985.45,986.35,985.25,985.75,103260,0.0352,-0.0652,-153.99,999.9500,-1.42
2025-10-31 11:40:00,985.75,987.45,985.5,987,110560,0.1889,-0.0652,-389.72,999.9500,-1.30
2025-10-31 11:45:00,987,987.15,985.85,986,99273,0.2409,-0.0652,-469.48,999.9500,-1.40
2025-10-31 11:50:00,986.05,988.5,986.05,988.45,96769,0.4459,-0.0652,-783.90,999.9500,-1.15
2025-10-31 11:55:00,988.45,989.3,988.05,989.25,114458,0.6298,-0.0652,-1065.95,999.9500,-1.07
2025-10-31 12:00:00,989.15,989.85,989,989.4,76612,0.7480,-0.0652,-1247.24,999.9500,-1.06
2025-10-31 12:05:00,989.35,990.2,988.5,990.15,145533,0.8553,-0.0652,-1411.81,999.9500,-0.98
2025-10-31 12:10:00,990.2,991.3,989.15,989.5,304750,0.8589,-0.0652,-1417.33,999.9500,-1.05
2025-10-31 12:15:00,989.5,990.35,989.35,990.25,105758,0.8847,-0.0652,-1456.90,999.9500,-0.97
2025-10-31 12:20:00,990.25,990.45,989.3,989.8,91529,0.8444,-0.0652,-1395.09,999.9500,-1.02
2025-10-31 12:25:00,989.75,990.05,989,989.95,110819,0.8013,-0.0652,-1328.99,999.9500,-1.00
2025-10-31 12:30:00,989.9,990.85,988.6,990.4,207782,0.7759,-0.0652,-1290.03,999.9500,-0.96
2025-10-31 12:35:00,990.35,991.45,989.95,990.9,199973,0.7643,-0.0652,-1272.24,999.9500,-0.91
2025-10-31 12:40:00,990.9,991.85,989.55,990.05,420761,0.6742,-0.0652,-1134.05,999.9500,-0.99
2025-10-31 12:45:00,989.9,990.35,988.45,989.1,353690,0.5316,-0.0652,-915.34,999.9500,-1.09
2025-10-31 12:50:00,989.05,989.9,988,988.65,115751,0.3944,-0.0652,-704.91,999.9500,-1.13
2025-10-31 12:55:00,988.7,989.3,987.15,987.35,245136,0.2125,-0.0652,-425.92,999.9500,-1.26
2025-10-31 13:00:00,987.35,990.15,987.15,990.15,372410,0.2733,-0.0652,-519.17,999.9500,-0.98
2025-10-31 13:05:00,990.1,990.2,989.4,990.05,319773,0.2974,-0.0652,-556.13,999.9500,-0.99
2025-10-31 13:10:00,990,990.25,989,989.1,183899,0.2422,-0.0652,-471.47,999.9500,-1.09
2025-10-31 13:15:00,989.05,989.75,988.85,989.75,160662,0.2419,-0.0652,-471.01,999.9500,-1.02
2025-10-31 13:20:00,989.7,990.05,988.75,988.85,89907,0.1764,-0.0652,-370.55,999.9500,-1.11
2025-10-31 13:25:00,988.8,988.85,987.4,987.55,125577,0.0477,-0.0652,-173.16,999.9500,-1.24
2025-10-31 13:30:00,987.5,988.85,987.35,988.45,239204,0.0263,-0.0652,-140.34,999.9500,-1.15
2025-10-31 13:35:00,988.45,988.95,986.25,986.5,423618,-0.1086,-0.0652,66.56,999.9500,-1.35
2025-10-31 13:40:00,986.5,987.8,986.4,986.75,106518,-0.1670,-0.0652,156.13,999.9500,-1.32
2025-10-31 13:45:00,986.65,987,986.05,986.3,105779,-0.2186,-0.0652,235.28,999.9500,-1.37
2025-10-31 13:50:00,986.3,986.7,985.5,985.95,99727,-0.2563,-0.0652,293.10,999.9500,-1.40
2025-10-31 13:55:00,985.9,989.2,985.85,987.9,298501,-0.1361,-0.0652,108.74,999.9500,-1.21
2025-10-31 14:00:00,987.9,989.6,987.2,988.55,268840,-0.0058,-0.0652,-91.10,999.9500,-1.14
2025-10-31 14:05:00,988.5,988.65,986.4,987.3,288543,0.0027,-0.0652,-104.14,999.9500,-1.27
2025-10-31 14:10:00,987.3,987.75,987,987.35,81025,0.0175,-0.0652,-126.84,999.9500,-1.26
2025-10-31 14:15:00,987.25,988.4,986.35,988.1,79979,0.0800,-0.0652,-222.70,999.9500,-1.19
2025-10-31 14:20:00,988.05,988.95,988,988.85,180046,0.1689,-0.0652,-359.05,999.9500,-1.11
2025-10-31 14:25:00,988.8,990.6,988.75,990,273717,0.2950,-0.0652,-552.45,999.9500,-1.00
2025-10-31 14:30:00,990,990.15,988.65,989.15,164414,0.3093,-0.0652,-574.39,999.9500,-1.08
2025-10-31 14:35:00,989,989.15,987.3,988.3,318748,0.2522,-0.0652,-486.81,999.9500,-1.17
2025-10-31 14:40:00,988.25,988.9,987.75,988.4,107540,0.2133,-0.0652,-427.15,999.9500,-1.16
2025-10-31 14:45:00,988.35,988.75,987.35,987.6,110666,0.1300,-0.0652,-299.39,999.9500,-1.24
2025-10-31 14:50:00,987.6,988,986.25,986.75,447354,0.0198,-0.0652,-130.37,999.9500,-1.32
2025-10-31 14:55:00,986.75,988.15,986.7,988.15,117520,0.0419,-0.0652,-164.26,999.9500,-1.18
2025-10-31 15:00:00,988.05,988.15,986.3,987.7,1742676,0.0277,-0.0652,-142.48,999.9500,-1.23
2025-10-31 15:05:00,987.7,987.7,986.65,986.8,1282137,-0.0372,-0.0652,-42.94,999.9500,-1.32
2025-10-31 15:10:00,986.8,987.5,986.55,987,1352127,-0.0604,-0.0652,-7.36,999.9500,-1.30
2025-10-31 15:15:00,987.05,987.95,986.9,987.3,1269221,-0.0495,-0.0652,-24.08,999.9500,-1.27
2025-10-31 15:20:00,987.35,988.1,987.15,987.85,1257010,-0.0019,-0.0652,-97.09,999.9500,-1.21
2025-10-31 15:25:00,987.9,988.9,986.5,987.95,865707,0.0375,-0.0652,-157.52,999.9500,-1.20
2025-11-03 09:15:00,985,988.15,983.5,984.85,498203,-0.1345,0.0375,-458.67,987.9500,-0.31
2025-11-03 09:20:00,984.8,985.85,983.8,984.3,203419,-0.2670,0.0375,-812.00,987.9500,-0.37
2025-11-03 09:25:00,984.55,986,983.3,985.25,185540,-0.2715,0.0375,-824.00,987.9500,-0.27
2025-11-03 09:30:00,985.15,985.3,984,984.35,146933,-0.3129,0.0375,-934.40,987.9500,-0.36
2025-11-03 09:35:00,984.4,986.9,984,986.75,195977,-0.1640,0.0375,-537.33,987.9500,-0.12
2025-11-03 09:40:00,986.8,988.6,986.8,988.5,167530,0.0553,0.0375,47.47,987.9500,0.06
2025-11-03 09:45:00,988.45,991.75,988.4,991.4,182782,0.3804,0.0375,914.40,987.9500,0.35
2025-11-03 09:50:00,991.35,991.45,989.1,989.9,186900,0.4732,0.0375,1161.87,987.9500,0.20
2025-11-03 09:55:00,989.9,991.3,989.9,991.2,98722,0.5932,0.0375,1481.87,987.9500,0.33
2025-11-03 10:00:00,991.2,991.3,987.05,987.75,204834,0.4193,0.0375,1018.13,987.9500,-0.02
2025-11-03 10:05:00,987.6,988.8,987.05,988.05,97214,0.3088,0.0375,723.47,987.9500,0.01
2025-11-03 10:10:00,988.05,989.25,987.9,989,157574,0.2846,0.0375,658.93,987.9500,0.11
2025-11-03 10:15:00,988.95,989.85,987.65,988.8,193001,0.2416,0.0375,544.27,987.9500,0.09
2025-11-03 10:20:00,988.8,989.15,988,988.8,102278,0.2014,0.0375,437.07,987.9500,0.09
2025-11-03 10:25:00,988.8,989,987.25,988,87050,0.1136,0.0375,202.93,987.9500,0.01
2025-11-03 10:30:00,988.3,989,987.55,988.45,59533,0.0799,0.0375,113.07,987.9500,0.05
2025-11-03 10:35:00,988.45,991.55,988.2,991.3,136599,0.2350,0.0375,526.67,987.9500,0.34
2025-11-03 10:40:00,991.4,992.2,990.45,992.2,90357,0.3753,0.0375,900.80,987.9500,0.43
2025-11-03 10:45:00,992.2,992.25,990.05,990.4,99749,0.3258,0.0375,768.80,987.9500,0.25
2025-11-03 10:50:00,990.4,991,989.85,990.35,72093,0.2708,0.0375,622.13,987.9500,0.24
2025-11-03 10:55:00,990.3,991.35,989.7,991.35,204665,0.2817,0.0375,651.20,987.9500,0.34
2025-11-03 11:00:00,991.35,991.9,990.65,991.05,233646,0.2497,0.0375,565.87,987.9500,0.31
2025-11-03 11:05:00,991.05,992,990.95,991.6,156738,0.2462,0.0375,556.53,987.9500,0.37
2025-11-03 11:10:00,991.7,991.9,991,991.6,67132,0.2251,0.0375,500.27,987.9500,0.37
2025-11-03 11:15:00,991.65,992.15,991.3,992,93393,0.2190,0.0375,484.00,987.9500,0.41
2025-11-03 11:20:00,992,992.95,991.35,992.7,155440,0.2413,0.0375,543.47,987.9500,0.48
2025-11-03 11:25:00,992.7,993,992,992.65,146363,0.2319,0.0375,518.40,987.9500,0.48
2025-11-03 11:30:00,992.6,993,992,992.9,84285,0.2217,0.0375,491.20,987.9500,0.50
2025-11-03 11:35:00,992.85,992.9,991,991.6,149737,0.1120,0.0375,198.67,987.9500,0.37
2025-11-03 11:40:00,991.6,991.75,990.5,991,299044,-0.0097,0.0375,-125.87,987.9500,0.31
2025-11-03 11:45:00,991,992.85,990.8,992.85,316875,0.0236,0.0375,-37.07,987.9500,0.50
2025-11-03 11:50:00,992.85,993.4,991.2,992.9,151787,0.0376,0.0375,0.27,987.9500,0.50
2025-11-03 11:55:00,993,994.55,992.7,993,483637,0.0418,0.0375,11.47,987.9500,0.51
2025-11-03 12:00:00,993,993.1,991.75,992.4,63492,-0.0052,0.0375,-113.87,987.9500,0.45
2025-11-03 12:05:00,992.35,993.15,991.9,992,76148,-0.0690,0.0375,-284.00,987.9500,0.41
2025-11-03 12:10:00,991.9,992.6,991.1,991.4,113188,-0.1526,0.0375,-506.93,987.9500,0.35
2025-11-03 12:15:00,991.3,991.4,991,991.1,90185,-0.2247,0.0375,-699.20,987.9500,0.32
2025-11-03 12:20:00,991.1,992,991,991.25,336414,-0.2566,0.0375,-784.27,987.9500,0.33
2025-11-03 12:25:00,991.2,991.3,988.55,989.25,491785,-0.3983,0.0375,-1162.13,987.9500,0.13
2025-11-03 12:30:00,989.15,989.85,988,989.85,249147,-0.4345,0.0375,-1258.67,987.9500,0.19
2025-11-03 12:35:00,989.55,990.05,988.35,989.8,93511,-0.4432,0.0375,-1281.87,987.9500,0.19
2025-11-03 12:40:00,990,991.45,989.8,990.8,171863,-0.3662,0.0375,-1076.53,987.9500,0.29
2025-11-03 12:45:00,990.8,991.8,990.5,991.5,77568,-0.2578,0.0375,-787.47,987.9500,0.36
2025-11-03 12:50:00,991.55,991.65,990.5,991.1,153305,-0.2050,0.0375,-646.67,987.9500,0.32
2025-11-03 12:55:00,991.05,992,990.85,991.9,66235,-0.1128,0.0375,-400.80,987.9500,0.40
2025-11-03 13:00:00,991.9,992,991.6,991.75,66518,-0.0611,0.0375,-262.93,987.9500,0.38
2025-11-03 13:05:00,991.8,992.7,991.5,992.55,84180,0.0233,0.0375,-37.87,987.9500,0.47
2025-11-03 13:10:00,992.6,992.9,992.35,992.65,91739,0.0790,0.0375,110.67,987.9500,0.48
2025-11-03 13:15:00,992.6,993.45,992.55,992.9,426643,0.1232,0.0375,228.53,987.9500,0.50
2025-11-03 13:20:00,992.95,993.9,992.6,993,628665,0.1480,0.0375,294.67,987.9500,0.51
2025-11-03 13:25:00,992.95,993.1,991.5,992.7,155830,0.1335,0.0375,256.00,987.9500,0.48
2025-11-03 13:30:00,992.7,993.6,992.4,993.25,460807,0.1491,0.0375,297.60,987.9500,0.54
2025-11-03 13:35:00,993.2,993.65,992.8,993.05,247834,0.1345,0.0375,258.67,987.9500,0.52
2025-11-03 13:40:00,993,993.85,992.1,992.3,208733,0.0663,0.0375,76.80,987.9500,0.44
2025-11-03 13:45:00,992.3,992.65,989.55,989.8,617885,-0.1437,0.0375,-483.20,987.9500,0.19
2025-11-03 13:50:00,990.05,991.2,989.05,990.6,387666,-0.2206,0.0375,-688.27,987.9500,0.27
2025-11-03 13:55:00,990.6,992.4,990.55,992.2,215058,-0.1586,0.0375,-522.93,987.9500,0.43
2025-11-03 14:00:00,992,993,992,992.6,128527,-0.0889,0.0375,-337.07,987.9500,0.47
2025-11-03 14:05:00,992.55,992.8,991.55,992.15,184042,-0.0722,0.0375,-292.53,987.9500,0.43
2025-11-03 14:10:00,992.1,993.55,992,993.4,307257,0.0192,0.0375,-48.80,987.9500,0.55
2025-11-03 14:15:00,993.4,994.55,992.9,993.65,792571,0.0887,0.0375,136.53,987.9500,0.58
2025-11-03 14:20:00,993.6,994.3,993.3,994,150333,0.1470,0.0375,292.00,987.9500,0.61
2025-11-03 14:25:00,993.75,994,992.55,992.65,151992,0.0864,0.0375,130.40,987.9500,0.48
2025-11-03 14:30:00,992.6,993,992.5,992.65,106278,0.0405,0.0375,8.00,987.9500,0.48
2025-11-03 14:35:00,992.55,993,992.55,992.75,104596,0.0124,0.0375,-66.93,987.9500,0.49
2025-11-03 14:40:00,992.7,992.95,992.55,992.95,86555,0.0033,0.0375,-91.20,987.9500,0.51
2025-11-03 14:45:00,992.75,992.9,990.7,990.85,425393,-0.1402,0.0375,-473.87,987.9500,0.29
2025-11-03 14:50:00,990.85,992.3,990.45,991.65,267556,-0.1750,0.0375,-566.67,987.9500,0.37
2025-11-03 14:55:00,991.6,992.65,991.05,991.8,133105,-0.1809,0.0375,-582.40,987.9500,0.39
2025-11-03 15:00:00,991.75,992.5,991.75,992.15,306622,-0.1553,0.0375,-514.13,987.9500,0.43
2025-11-03 15:05:00,992.1,993,992.05,992.65,424705,-0.1013,0.0375,-370.13,987.9500,0.48
2025-11-03 15:10:00,992.6,993.15,991.6,992.55,391870,-0.0704,0.0375,-287.73,987.9500,0.47
2025-11-03 15:15:00,992.55,993.1,992.5,992.85,375204,-0.0299,0.0375,-179.73,987.9500,0.50
2025-11-03 15:20:00,992.9,993.3,992.45,993.15,382053,0.0146,0.0375,-61.07,987.9500,0.53
2025-11-03 15:25:00,992.95,993.6,992,993.4,278550,0.0559,0.0375,49.07,987.9500,0.55
2025-11-04 09:15:00,987,991.45,987,990.65,781830,-0.0984,0.0559,-276.03,993.4000,-0.28
2025-11-04 09:20:00,990.6,991.7,990,990,150929,-0.2330,0.0559,-516.82,993.4000,-0.34
2025-11-04 09:25:00,990.1,990.5,988.05,988.65,133870,-0.3924,0.0559,-801.97,993.4000,-0.48
2025-11-04 09:30:00,988.5,990.65,987.55,990,396652,-0.3857,0.0559,-789.98,993.4000,-0.34
2025-11-04 09:35:00,990.15,990.25,989.15,989.95,103010,-0.3638,0.0559,-750.81,993.4000,-0.35
2025-11-04 09:40:00,989.9,990.1,988.55,989.45,79674,-0.3613,0.0559,-746.33,993.4000,-0.40
2025-11-04 09:45:00,989.45,989.7,988.25,989.1,114127,-0.3608,0.0559,-745.44,993.4000,-0.43
2025-11-04 09:50:00,988.8,990.5,988.6,990.2,120085,-0.2682,0.0559,-579.79,993.4000,-0.32
2025-11-04 09:55:00,990.35,992.4,990.1,991.45,114596,-0.1125,0.0559,-301.25,993.4000,-0.20
2025-11-04 10:00:00,991.7,992.6,991,991.2,69257,-0.0209,0.0559,-137.39,993.4000,-0.22
2025-11-04 10:05:00,991.1,991.75,990.45,991,103385,0.0290,0.0559,-48.12,993.4000,-0.24
2025-11-04 10:10:00,991.05,991.4,990.65,991.1,143416,0.0691,0.0559,23.61,993.4000,-0.23
2025-11-04 10:15:00,991.1,992.15,990,991.25,444544,0.1041,0.0559,86.23,993.4000,-0.22
2025-11-04 10:20:00,991.25,993.7,991,993.4,153331,0.2615,0.0559,367.80,993.4000,0.00
2025-11-04 10:25:00,993.25,994,992.8,993.3,98170,0.3431,0.0559,513.77,993.4000,-0.01
2025-11-04 10:30:00,993.1,993.6,992.2,993,110235,0.3593,0.0559,542.75,993.4000,-0.04
2025-11-04 10:35:00,993.1,994.7,992.75,994.5,449649,0.4479,0.0559,701.25,993.4000,0.11
2025-11-04 10:40:00,994.6,995.15,993.1,994.35,294369,0.4708,0.0559,742.22,993.4000,0.10
2025-11-04 10:45:00,994.4,994.85,993.8,994.05,178468,0.4406,0.0559,688.19,993.4000,0.07
2025-11-04 10:50:00,994.05,994.3,993.3,994,189317,0.3938,0.0559,604.47,993.4000,0.06
2025-11-04 10:55:00,994,995.3,993.9,995.1,152522,0.4115,0.0559,636.14,993.4000,0.17
2025-11-04 11:00:00,995.15,997,994.8,995.05,329721,0.3943,0.0559,605.37,993.4000,0.17
2025-11-04 11:05:00,995.1,995.3,994.4,994.65,212668,0.3330,0.0559,495.71,993.4000,0.13
2025-11-04 11:10:00,994.65,995.25,993.45,994.55,212758,0.2656,0.0559,375.13,993.4000,0.12
2025-11-04 11:15:00,994.6,995.65,994.55,995.35,96304,0.2547,0.0559,355.64,993.4000,0.20
2025-11-04 11:20:00,995.35,996,994.85,994.85,389710,0.1963,0.0559,251.16,993.4000,0.15
2025-11-04 11:25:00,994.9,995.6,993.75,995.55,157920,0.1873,0.0559,235.06,993.4000,0.22
2025-11-04 11:30:00,995.2,995.75,991.75,991.75,600098,-0.0779,0.0559,-239.36,993.4000,-0.17
2025-11-04 11:35:00,991.75,994.5,991.75,994.25,101055,-0.0874,0.0559,-256.35,993.4000,0.09
2025-11-04 11:40:00,994.25,994.55,993.05,993.95,134296,-0.1148,0.0559,-305.37,993.4000,0.06
2025-11-04 11:45:00,993.9,994.6,993.8,993.95,75559,-0.1325,0.0559,-337.03,993.4000,0.06
2025-11-04 11:50:00,993.95,994.65,993.25,994.25,109497,-0.1238,0.0559,-321.47,993.4000,0.09
2025-11-04 11:55:00,994.25,994.6,993.15,993.25,140242,-0.1816,0.0559,-424.87,993.4000,-0.02
2025-11-04 12:00:00,993.25,994.75,993.25,994.5,106722,-0.1342,0.0559,-340.07,993.4000,0.11
2025-11-04 12:05:00,994.5,994.9,993.3,994.1,97058,-0.1281,0.0559,-329.16,993.4000,0.07
2025-11-04 12:10:00,994.1,995.1,994.1,995,223816,-0.0652,0.0559,-216.64,993.4000,0.16
2025-11-04 12:15:00,994.95,995.4,994.7,995.25,87803,-0.0112,0.0559,-120.04,993.4000,0.19
2025-11-04 12:20:00,995,995.35,994.9,995,125653,0.0025,0.0559,-95.53,993.4000,0.16
2025-11-04 12:25:00,995,995.35,994.85,995.1,168719,0.0126,0.0559,-77.46,993.4000,0.17
2025-11-04 12:30:00,995.1,995.35,994.8,995.2,54521,0.0198,0.0559,-64.58,993.4000,0.18
2025-11-04 12:35:00,995,995.3,994.05,994.55,141436,-0.0231,0.0559,-141.32,993.4000,0.12
2025-11-04 12:40:00,994.55,995.5,994.45,995.45,183939,0.0038,0.0559,-93.20,993.4000,0.21
2025-11-04 12:45:00,995.45,996.65,995.05,995.75,232735,0.0349,0.0559,-37.57,993.4000,0.24
2025-11-04 12:50:00,995.5,995.65,993.9,994.15,442031,-0.0545,0.0559,-197.50,993.4000,0.08
2025-11-04 12:55:00,994.05,994.85,993.65,994.1,232317,-0.1157,0.0559,-306.98,993.4000,0.07
2025-11-04 13:00:00,994.05,995,993.25,995,138384,-0.0950,0.0559,-269.95,993.4000,0.16
2025-11-04 13:05:00,994.9,995.45,994.35,994.65,207906,-0.1037,0.0559,-285.51,993.4000,0.13
2025-11-04 13:10:00,994.5,994.9,993.1,993.45,148030,-0.1844,0.0559,-429.87,993.4000,0.01
2025-11-04 13:15:00,993.3,994.1,992.85,993.45,169559,-0.2289,0.0559,-509.48,993.4000,0.01
2025-11-04 13:20:00,993.6,994.2,992.85,993.95,221907,-0.2161,0.0559,-486.58,993.4000,0.06
2025-11-04 13:25:00,993.95,994.85,993.55,994.45,507308,-0.1674,0.0559,-399.46,993.4000,0.11
2025-11-04 13:30:00,994.35,995,993.15,993.95,318852,-0.1623,0.0559,-390.34,993.4000,0.06
2025-11-04 13:35:00,993.85,993.95,992.05,992.8,163695,-0.2258,0.0559,-503.94,993.4000,-0.06
2025-11-04 13:40:00,992.65,993,990.85,991.1,139389,-0.3637,0.0559,-750.63,993.4000,-0.23
2025-11-04 13:45:00,990.95,991.8,990.5,990.9,117387,-0.4443,0.0559,-894.81,993.4000,-0.25
2025-11-04 13:50:00,990.85,991.45,990.65,991.1,95257,-0.4583,0.0559,-919.86,993.4000,-0.23
2025-11-04 13:55:00,991.1,991.7,990.55,991.2,94182,-0.4351,0.0559,-878.35,993.4000,-0.22
2025-11-04 14:00:00,991,991.6,990.8,991.35,80294,-0.3857,0.0559,-789.98,993.4000,-0.21
2025-11-04 14:05:00,991.05,991.65,990.35,990.9,90629,-0.3599,0.0559,-743.83,993.4000,-0.25
2025-11-04 14:10:00,990.85,991,987.7,988.7,545293,-0.4610,0.0559,-924.69,993.4000,-0.47
2025-11-04 14:15:00,988.6,989.7,988.35,989.4,245116,-0.4502,0.0559,-905.37,993.4000,-0.40
2025-11-04 14:20:00,989.2,990,987.4,988.7,410638,-0.4583,0.0559,-919.86,993.4000,-0.47
2025-11-04 14:25:00,988.65,989.05,988.5,988.8,84054,-0.4256,0.0559,-861.36,993.4000,-0.46
2025-11-04 14:30:00,988.8,989.1,987.95,988,89603,-0.4256,0.0559,-861.36,993.4000,-0.54
2025-11-04 14:35:00,987.95,989.1,987.85,987.95,268540,-0.3971,0.0559,-810.38,993.4000,-0.55
2025-11-04 14:40:00,987.95,988,986.05,986.15,192800,-0.4632,0.0559,-928.62,993.4000,-0.73
2025-11-04 14:45:00,986.15,986.85,984.95,985.5,296837,-0.5105,0.0559,-1013.24,993.4000,-0.80
2025-11-04 14:50:00,985.5,988.5,985.35,986.15,412606,-0.4596,0.0559,-922.18,993.4000,-0.73
2025-11-04 14:55:00,986.15,988.15,985.75,987.75,351184,-0.2880,0.0559,-615.21,993.4000,-0.57
2025-11-04 15:00:00,987.65,989.1,985.4,985.6,1262757,-0.2885,0.0559,-616.10,993.4000,-0.79
2025-11-04 15:05:00,985.6,986.05,984.55,985,1318260,-0.2972,0.0559,-631.66,993.4000,-0.85
2025-11-04 15:10:00,985,985.2,983.8,984.05,791117,-0.3322,0.0559,-694.28,993.4000,-0.94
2025-11-04 15:15:00,984,984.75,983.7,984.55,709632,-0.2887,0.0559,-616.46,993.4000,-0.89
2025-11-04 15:20:00,984.6,985.1,984.05,985,663436,-0.2007,0.0559,-459.03,993.4000,-0.85
2025-11-04 15:25:00,985.05,986,984.1,985.7,462772,-0.0730,0.0559,-230.59,993.4000,-0.78
2025-11-06 09:15:00,981,982.95,977,980.9,1252060,-0.2780,-0.0730,280.82,985.7000,-0.49
2025-11-06 09:20:00,980.8,981.7,979.35,979.5,316804,-0.4632,-0.0730,534.52,985.7000,-0.63
2025-11-06 09:25:00,979.55,979.6,977.15,977.2,239614,-0.6826,-0.0730,835.07,985.7000,-0.86
2025-11-06 09:30:00,977.15,977.2,974.3,976.85,464654,-0.7859,-0.0730,976.58,985.7000,-0.90
2025-11-06 09:35:00,976.85,976.9,975.1,975.4,228035,-0.8795,-0.0730,1104.79,985.7000,-1.04
2025-11-06 09:40:00,975.5,976.8,974,976.8,183905,-0.7782,-0.0730,966.03,985.7000,-0.90
2025-11-06 09:45:00,976.7,979.9,976.1,979.5,258765,-0.4753,-0.0730,551.10,985.7000,-0.63
2025-11-06 09:50:00,979.5,981,979.05,981,123454,-0.1374,-0.0730,88.22,985.7000,-0.48
2025-11-06 09:55:00,980.95,981.9,980.45,981.25,75805,0.1252,-0.0730,-271.51,985.7000,-0.45
2025-11-06 10:00:00,981.25,981.95,980.35,980.45,88508,0.2596,-0.0730,-455.62,985.7000,-0.53
2025-11-06 10:05:00,980.45,981.05,979.5,979.8,107806,0.3155,-0.0730,-532.19,985.7000,-0.60
2025-11-06 10:10:00,980,980.25,979.15,979.85,122307,0.3633,-0.0730,-597.67,985.7000,-0.59
2025-11-06 10:15:00,979.8,981,979.1,980.75,65883,0.4570,-0.0730,-726.03,985.7000,-0.50
2025-11-06 10:20:00,980.5,981.75,980.5,981.5,67767,0.5638,-0.0730,-872.33,985.7000,-0.43
2025-11-06 10:25:00,981.5,981.5,980.1,980.4,95061,0.5539,-0.0730,-858.77,985.7000,-0.54
2025-11-06 10:30:00,980.4,981.95,980,980.95,111863,0.5755,-0.0730,-888.36,985.7000,-0.48
2025-11-06 10:35:00,980.95,981.7,980.8,981.25,80077,0.5983,-0.0730,-919.59,985.7000,-0.45
2025-11-06 10:40:00,981.35,982,980.8,981.25,102779,0.6003,-0.0730,-922.33,985.7000,-0.45
2025-11-06 10:45:00,981.3,981.95,981.2,981.25,84978,0.5877,-0.0730,-905.07,985.7000,-0.45
2025-11-06 10:50:00,981.2,981.45,980.2,981,139716,0.5493,-0.0730,-852.47,985.7000,-0.48
2025-11-06 10:55:00,980.9,981.2,980.05,981.2,48801,0.5243,-0.0730,-818.22,985.7000,-0.46
2025-11-06 11:00:00,981.2,981.95,980.05,981.25,230738,0.4981,-0.0730,-782.33,985.7000,-0.45
2025-11-06 11:05:00,981.2,981.5,979.95,980.05,150631,0.3917,-0.0730,-636.58,985.7000,-0.57
2025-11-06 11:10:00,980.05,982.1,980,981.95,305856,0.4376,-0.0730,-699.45,985.7000,-0.38
2025-11-06 11:15:00,981.95,982.55,981.45,982.25,222607,0.4734,-0.0730,-748.49,985.7000,-0.35
2025-11-06 11:20:00,982.15,983.8,982.15,983.45,151893,0.5573,-0.0730,-863.42,985.7000,-0.23
2025-11-06 11:25:00,983.4,983.4,982.85,982.95,73354,0.5573,-0.0730,-863.42,985.7000,-0.28
2025-11-06 11:30:00,982.95,983.35,982.85,982.95,68370,0.5352,-0.0730,-833.15,985.7000,-0.28
2025-11-06 11:35:00,983,984.05,982.8,983.7,177132,0.5472,-0.0730,-849.59,985.7000,-0.20
2025-11-06 11:40:00,983.75,985.25,983.75,984.55,359658,0.5850,-0.0730,-901.37,985.7000,-0.12
2025-11-06 11:45:00,984.35,985.4,984.3,984.95,98038,0.6069,-0.0730,-931.37,985.7000,-0.08
2025-11-06 11:50:00,984.9,985.95,984.35,984.85,139431,0.5845,-0.0730,-900.68,985.7000,-0.09
2025-11-06 11:55:00,984.8,986.9,984.45,986.55,116257,0.6490,-0.0730,-989.04,985.7000,0.09
2025-11-06 12:00:00,986.9,987.95,986.05,986.5,162357,0.6514,-0.0730,-992.33,985.7000,0.08
2025-11-06 12:05:00,986.5,988,985.65,986.7,248515,0.6293,-0.0730,-962.05,985.7000,0.10
2025-11-06 12:10:00,986.95,987.95,986.5,987.3,58607,0.6170,-0.0730,-945.21,985.7000,0.16
2025-11-06 12:15:00,987.6,988.35,986.5,988.2,251867,0.6292,-0.0730,-961.92,985.7000,0.25
2025-11-06 12:20:00,988.1,988.45,985.85,987.4,231265,0.5463,-0.0730,-848.36,985.7000,0.17
2025-11-06 12:25:00,987.3,987.9,987.15,987.6,74966,0.4707,-0.0730,-744.79,985.7000,0.19
2025-11-06 12:30:00,987.6,988.95,987.35,988.45,114841,0.4440,-0.0730,-708.22,985.7000,0.28
2025-11-06 12:35:00,988.45,990,988.25,989.55,423435,0.4643,-0.0730,-736.03,985.7000,0.39
2025-11-06 12:40:00,989.55,990.6,988.15,988.15,367335,0.3524,-0.0730,-582.74,985.7000,0.25
2025-11-06 12:45:00,988.25,990,987.75,989.95,478867,0.3669,-0.0730,-602.60,985.7000,0.43
2025-11-06 12:50:00,989.9,990,988.35,988.65,210988,0.2612,-0.0730,-457.81,985.7000,0.30
2025-11-06 12:55:00,988.55,988.95,987.5,987.75,245577,0.1107,-0.0730,-251.64,985.7000,0.21
2025-11-06 13:00:00,987.7,989.95,987.45,988.85,117450,0.0673,-0.0730,-192.19,985.7000,0.32
2025-11-06 13:05:00,988.9,989.05,986.65,987.35,453809,-0.0727,-0.0730,-0.41,985.7000,0.17
2025-11-06 13:10:00,987.35,989.1,987.05,988.9,136583,-0.0712,-0.0730,-2.47,985.7000,0.32
2025-11-06 13:15:00,989,990,988.95,989.15,183944,-0.0638,-0.0730,-12.60,985.7000,0.35
2025-11-06 13:20:00,989.15,990.2,988.95,989.4,192406,-0.0530,-0.0730,-27.40,985.7000,0.38
2025-11-06 13:25:00,989.35,989.7,988.35,988.55,170284,-0.1106,-0.0730,51.51,985.7000,0.29
2025-11-06 13:30:00,988.5,991.05,987.85,989.4,338137,-0.0995,-0.0730,36.30,985.7000,0.38
2025-11-06 13:35:00,989.4,990.7,988.7,989.55,214218,-0.0902,-0.0730,23.56,985.7000,0.39
2025-11-06 13:40:00,989.5,990,988.5,988.75,167040,-0.1430,-0.0730,95.89,985.7000,0.31
2025-11-06 13:45:00,988.7,989.5,987.3,987.75,290135,-0.2444,-0.0730,234.79,985.7000,0.21
2025-11-06 13:50:00,987.6,987.75,986.1,986.15,183550,-0.4087,-0.0730,459.86,985.7000,0.05
2025-11-06 13:55:00,986.15,987.6,985.7,987.6,196804,-0.4082,-0.0730,459.18,985.7000,0.19
2025-11-06 14:00:00,987.4,987.9,986.1,986.45,307706,-0.4694,-0.0730,543.01,985.7000,0.08
2025-11-06 14:05:00,986.45,987.75,986.1,987.75,322903,-0.4087,-0.0730,459.86,985.7000,0.21
2025-11-06 14:10:00,987.75,988,986.85,987.55,334804,-0.3696,-0.0730,406.30,985.7000,0.19
2025-11-06 14:15:00,987.6,988,987.45,988,241610,-0.3036,-0.0730,315.89,985.7000,0.23
2025-11-06 14:20:00,988,988.5,987.4,987.55,101155,-0.2812,-0.0730,285.21,985.7000,0.19
2025-11-06 14:25:00,987.55,987.55,985.4,985.85,239460,-0.3662,-0.0730,401.64,985.7000,0.02
2025-11-06 14:30:00,985.85,987.1,985.8,987.05,249472,-0.3283,-0.0730,349.73,985.7000,0.14
2025-11-06 14:35:00,987.05,987.45,986,986.1,161880,-0.3517,-0.0730,381.78,985.7000,0.04
2025-11-06 14:40:00,986.1,986.1,984.65,985.2,495791,-0.4084,-0.0730,459.45,985.7000,-0.05
2025-11-06 14:45:00,985.2,987.05,985.1,985.2,454323,-0.4246,-0.0730,481.64,985.7000,-0.05
2025-11-06 14:50:00,985.15,986.65,985.05,986.65,335147,-0.3210,-0.0730,339.73,985.7000,0.10
2025-11-06 14:55:00,986.65,987.1,985.15,986.6,599883,-0.2429,-0.0730,232.74,985.7000,0.09
2025-11-06 15:00:00,986.5,986.55,984.6,985.25,957001,-0.2671,-0.0730,265.89,985.7000,-0.05
2025-11-06 15:05:00,985.15,985.25,984.65,984.85,603376,-0.2930,-0.0730,301.37,985.7000,-0.09
2025-11-06 15:10:00,984.85,984.9,983.05,983.8,1064424,-0.3595,-0.0730,392.47,985.7000,-0.19
2025-11-06 15:15:00,983.75,984.65,983.75,984.65,876884,-0.3257,-0.0730,346.16,985.7000,-0.11
2025-11-06 15:20:00,984.65,984.65,983.45,984,821627,-0.3260,-0.0730,346.58,985.7000,-0.17
2025-11-06 15:25:00,983.9,988,983.3,987.5,771312,-0.0819,-0.0730,12.19,985.7000,0.18
2025-11-07 09:15:00,980,982.5,975.6,976.75,621501,-0.6067,-0.0819,640.78,987.5000,-1.09
2025-11-07 09:20:00,976.75,978.3,974.75,977.65,488733,-0.8411,-0.0819,926.98,987.5000,-1.00
2025-11-07 09:25:00,977.55,979.7,977.35,978.55,233935,-0.8792,-0.0819,973.50,987.5000,-0.91
2025-11-07 09:30:00,978.6,979.3,978.05,978.85,150231,-0.8286,-0.0819,911.72,987.5000,-0.88
2025-11-07 09:35:00,978.85,979.7,978.6,979.15,154390,-0.7232,-0.0819,783.03,987.5000,-0.85
2025-11-07 09:40:00,979.15,980,978.75,979.6,119838,-0.5776,-0.0819,605.25,987.5000,-0.80
2025-11-07 09:45:00,979.65,981.2,979.45,981.2,216165,-0.3399,-0.0819,315.02,987.5000,-0.64
2025-11-07 09:50:00,981.15,981.2,978.15,978.15,277270,-0.3529,-0.0819,330.89,987.5000,-0.95
2025-11-07 09:55:00,978.15,978.25,977,977.25,160495,-0.3842,-0.0819,369.11,987.5000,-1.04
2025-11-07 10:00:00,977.35,977.65,976.15,976.55,361441,-0.4119,-0.0819,402.93,987.5000,-1.11
2025-11-07 10:05:00,976.55,977.4,976.45,976.5,251529,-0.3933,-0.0819,380.22,987.5000,-1.11
2025-11-07 10:10:00,976.5,977.35,976.1,976.5,177366,-0.3426,-0.0819,318.32,987.5000,-1.11
2025-11-07 10:15:00,976.5,977.35,976.15,977,148022,-0.2418,-0.0819,195.24,987.5000,-1.06
2025-11-07 10:20:00,977,977.35,976.2,976.25,128543,-0.1941,-0.0819,137.00,987.5000,-1.14
2025-11-07 10:25:00,976.25,976.85,976,976.5,123360,-0.1178,-0.0819,43.83,987.5000,-1.11
2025-11-07 10:30:00,976.5,977.55,976,977.3,150982,0.0076,-0.0819,-109.28,987.5000,-1.03
2025-11-07 10:35:00,977.15,977.75,976.8,977.45,111802,0.1158,-0.0819,-241.39,987.5000,-1.02
2025-11-07 10:40:00,977.45,977.85,976.6,976.6,308164,0.1435,-0.0819,-275.21,987.5000,-1.10
2025-11-07 10:45:00,976.7,976.7,975.55,976,288326,0.1349,-0.0819,-264.71,987.5000,-1.16
2025-11-07 10:50:00,976.1,977.5,976,976.85,210237,0.1962,-0.0819,-339.56,987.5000,-1.08
2025-11-07 10:55:00,976.9,976.9,975.55,975.65,237183,0.1668,-0.0819,-303.66,987.5000,-1.20
2025-11-07 11:00:00,975.75,976.8,975.05,976.35,183329,0.2030,-0.0819,-347.86,987.5000,-1.13
2025-11-07 11:05:00,976.25,976.8,976,976.75,121618,0.2589,-0.0819,-416.12,987.5000,-1.09
2025-11-07 11:10:00,976.7,979.3,976.65,978.85,359099,0.4319,-0.0819,-627.35,987.5000,-0.88
2025-11-07 11:15:00,978.85,980,978.6,979.25,246366,0.5600,-0.0819,-783.76,987.5000,-0.84
2025-11-07 11:20:00,979.3,979.8,978.8,979.55,214970,0.6454,-0.0819,-888.03,987.5000,-0.81
2025-11-07 11:25:00,979.55,981.75,979.05,981,219170,0.7716,-0.0819,-1042.12,987.5000,-0.66
2025-11-07 11:30:00,981,983.5,981,982.75,248754,0.9340,-0.0819,-1240.42,987.5000,-0.48
2025-11-07 11:35:00,982.65,983,981.65,981.9,137602,0.9427,-0.0819,-1251.04,987.5000,-0.57
2025-11-07 11:40:00,981.85,982.55,981.15,981.45,142886,0.8779,-0.0819,-1171.92,987.5000,-0.61
2025-11-07 11:45:00,981.45,982.65,980.2,980.3,216530,0.7237,-0.0819,-983.64,987.5000,-0.73
2025-11-07 11:50:00,980.2,980.95,979.9,980,347687,0.5742,-0.0819,-801.10,987.5000,-0.76
2025-11-07 11:55:00,979.95,980.2,979.25,979.9,103570,0.4470,-0.0819,-645.79,987.5000,-0.77
2025-11-07 12:00:00,979.9,980.1,979.55,980,110185,0.3521,-0.0819,-529.91,987.5000,-0.76
2025-11-07 12:05:00,980,980.2,979.45,979.55,177676,0.2465,-0.0819,-400.98,987.5000,-0.81
2025-11-07 12:10:00,979.8,980.4,979.35,980,214579,0.1967,-0.0819,-340.17,987.5000,-0.76
2025-11-07 12:15:00,980,980.15,979.65,980.05,129237,0.1584,-0.0819,-293.41,987.5000,-0.75
2025-11-07 12:20:00,980,980.6,979.5,979.6,158668,0.0971,-0.0819,-218.56,987.5000,-0.80
2025-11-07 12:25:00,979.6,980,979.5,979.8,85113,0.0659,-0.0819,-180.46,987.5000,-0.78
2025-11-07 12:30:00,979.8,980.2,979.8,980,107917,0.0550,-0.0819,-167.16,987.5000,-0.76
2025-11-07 12:35:00,980,980.65,980,980,99103,0.0445,-0.0819,-154.33,987.5000,-0.76
2025-11-07 12:40:00,980,980.85,979.8,980.55,115628,0.0698,-0.0819,-185.23,987.5000,-0.70
2025-11-07 12:45:00,980.5,980.95,979.8,980.45,106274,0.0746,-0.0819,-191.09,987.5000,-0.71
2025-11-07 12:50:00,980.45,982.6,980.35,981.45,157001,0.1364,-0.0819,-266.54,987.5000,-0.61
2025-11-07 12:55:00,981.6,982.65,981.4,982.65,135910,0.2430,-0.0819,-396.70,987.5000,-0.49
2025-11-07 13:00:00,982.65,983.5,981.75,982.25,215451,0.2695,-0.0819,-429.06,987.5000,-0.53
2025-11-07 13:05:00,982.25,982.7,981.4,981.8,102102,0.2405,-0.0819,-393.65,987.5000,-0.58
2025-11-07 13:10:00,981.8,982,980.2,981.3,124232,0.1747,-0.0819,-313.31,987.5000,-0.63
2025-11-07 13:15:00,981.35,981.5,980.7,981.25,115308,0.1174,-0.0819,-243.35,987.5000,-0.63
2025-11-07 13:20:00,981.2,981.5,980.35,980.65,106511,0.0332,-0.0819,-140.54,987.5000,-0.69
2025-11-07 13:25:00,980.8,984.9,980.7,983.9,192839,0.1821,-0.0819,-322.34,987.5000,-0.36
2025-11-07 13:30:00,983.9,984.4,982.9,983.25,94159,0.2200,-0.0819,-368.62,987.5000,-0.43
2025-11-07 13:35:00,983.15,984.45,983.15,984.3,78600,0.2944,-0.0819,-459.46,987.5000,-0.32
2025-11-07 13:40:00,984.4,984.45,983.55,983.8,102603,0.2881,-0.0819,-451.77,987.5000,-0.37
2025-11-07 13:45:00,983.75,984.45,983.4,983.45,104237,0.2405,-0.0819,-393.65,987.5000,-0.41
2025-11-07 13:50:00,983.45,983.55,982.9,983.25,95610,0.1785,-0.0819,-317.95,987.5000,-0.43
2025-11-07 13:55:00,983.15,983.25,981.6,981.65,108927,0.0211,-0.0819,-125.76,987.5000,-0.59
2025-11-07 14:00:00,981.65,982.3,979.95,980.25,178614,-0.1753,-0.0819,114.04,987.5000,-0.73
2025-11-07 14:05:00,980.35,981.6,980.05,981.1,138261,-0.2417,-0.0819,195.12,987.5000,-0.65
2025-11-07 14:10:00,981,981.55,980.5,980.6,120372,-0.3089,-0.0819,277.17,987.5000,-0.70
2025-11-07 14:15:00,980.7,980.85,980.2,980.8,112366,-0.3276,-0.0819,300.00,987.5000,-0.68
2025-11-07 14:20:00,980.8,982.8,980.65,982.55,120440,-0.2153,-0.0819,162.88,987.5000,-0.50
2025-11-07 14:25:00,982.6,983.95,982.3,983.15,146646,-0.0996,-0.0819,21.61,987.5000,-0.44
2025-11-07 14:30:00,983.35,983.7,982,982.15,103918,-0.0898,-0.0819,9.65,987.5000,-0.54
2025-11-07 14:35:00,982.15,982.45,980.25,980.55,132280,-0.1850,-0.0819,125.89,987.5000,-0.70
2025-11-07 14:40:00,980.6,981.45,980.3,981.15,130404,-0.2001,-0.0819,144.32,987.5000,-0.64
2025-11-07 14:45:00,981.1,981.5,980.55,981.05,129041,-0.2085,-0.0819,154.58,987.5000,-0.65
2025-11-07 14:50:00,981,981.05,980.3,980.8,122869,-0.2213,-0.0819,170.21,987.5000,-0.68
2025-11-07 14:55:00,980.75,981.5,980.75,981.45,191379,-0.1783,-0.0819,117.70,987.5000,-0.61
2025-11-07 15:00:00,981.4,982.15,980.05,980.85,627001,-0.1819,-0.0819,122.10,987.5000,-0.67
2025-11-07 15:05:00,980.75,982.4,980.6,981.65,484457,-0.1248,-0.0819,52.38,987.5000,-0.59
2025-11-07 15:10:00,981.55,982.45,981.25,982.35,367474,-0.0387,-0.0819,-52.75,987.5000,-0.52
2025-11-07 15:15:00,982.35,984.65,982.35,983.5,458054,0.0898,-0.0819,-209.65,987.5000,-0.41
2025-11-07 15:20:00,983.45,984.15,982.7,983.3,537499,0.1519,-0.0819,-285.47,987.5000,-0.43
2025-11-07 15:25:00,983.35,984.8,982.75,984.3,266780,0.2452,-0.0819,-399.39,987.5000,-0.32
2025-11-10 09:15:00,982.3,985.75,982.2,983.05,685036,0.2092,0.2452,-14.68,984.3000,-0.13
2025-11-10 09:20:00,983.05,984,980.2,981.75,1004134,0.0902,0.2452,-63.21,984.3000,-0.26
2025-11-10 09:25:00,981.75,983.5,980.9,982.25,273815,0.0402,0.2452,-83.61,984.3000,-0.21
2025-11-10 09:30:00,982.15,983.5,981.75,982.2,137739,0.0008,0.2452,-99.67,984.3000,-0.21
2025-11-10 09:35:00,982.15,983.5,982,983.05,324660,0.0276,0.2452,-88.74,984.3000,-0.13
2025-11-10 09:40:00,983.05,984.5,982.05,984.45,558504,0.1295,0.2452,-47.19,984.3000,0.02
2025-11-10 09:45:00,984.5,987,983.55,986.95,242736,0.3431,0.2452,39.93,984.3000,0.27
2025-11-10 09:50:00,986.95,987.9,986.4,987.8,98933,0.5093,0.2452,107.71,984.3000,0.36
2025-11-10 09:55:00,987.8,987.85,985.05,985.25,118886,0.4190,0.2452,70.88,984.3000,0.10
2025-11-10 10:00:00,985.1,985.75,983.55,984,110733,0.2547,0.2452,3.87,984.3000,-0.03
2025-11-10 10:05:00,983.9,985,983.9,984.6,51792,0.1701,0.2452,-30.63,984.3000,0.03
2025-11-10 10:10:00,984.6,986.35,984.15,986.25,103621,0.2065,0.2452,-15.78,984.3000,0.20
2025-11-10 10:15:00,986.35,989.25,986.25,989.15,210258,0.3962,0.2452,61.58,984.3000,0.49
2025-11-10 10:20:00,989.15,990.6,989.1,990.15,377170,0.5498,0.2452,124.23,984.3000,0.59
2025-11-10 10:25:00,990.05,990.95,989.8,990.05,70890,0.6013,0.2452,145.23,984.3000,0.58
2025-11-10 10:30:00,990.05,990.75,989.6,990.5,118616,0.6198,0.2452,152.77,984.3000,0.63
2025-11-10 10:35:00,990.4,990.5,988.6,988.95,52747,0.4876,0.2452,98.86,984.3000,0.47
2025-11-10 10:40:00,989.1,989.4,988.75,989.1,25319,0.3753,0.2452,53.06,984.3000,0.49
2025-11-10 10:45:00,989.1,989.15,987.8,987.95,172686,0.1975,0.2452,-19.45,984.3000,0.37
2025-11-10 10:50:00,988,988.9,986.9,987.7,121583,0.0450,0.2452,-81.65,984.3000,0.35
2025-11-10 10:55:00,987.8,988.95,987.75,988.1,106509,-0.0423,0.2452,-117.25,984.3000,0.39
2025-11-10 11:00:00,988.2,990.1,988.05,990,458006,0.0117,0.2452,-95.23,984.3000,0.58
2025-11-10 11:05:00,990,990.3,990,990.1,111669,0.0365,0.2452,-85.11,984.3000,0.59
2025-11-10 11:10:00,990.1,990.2,989.35,990,119489,0.0288,0.2452,-88.25,984.3000,0.58
2025-11-10 11:15:00,990,990.4,989.6,990.15,44871,0.0171,0.2452,-93.03,984.3000,0.59
2025-11-10 11:20:00,990.1,990.3,989.7,990.1,72564,-0.0093,0.2452,-103.79,984.3000,0.59
2025-11-10 11:25:00,990.1,990.15,989.25,989.65,74995,-0.0691,0.2452,-128.18,984.3000,0.54
2025-11-10 11:30:00,989.6,989.65,988.85,989.4,76580,-0.1337,0.2452,-154.53,984.3000,0.52
2025-11-10 11:35:00,989.4,989.5,988.8,989.2,104807,-0.1944,0.2452,-179.28,984.3000,0.50
2025-11-10 11:40:00,989.2,989.9,988.95,989.45,79448,-0.2205,0.2452,-189.93,984.3000,0.52
2025-11-10 11:45:00,989.45,989.75,988.75,988.9,99770,-0.2739,0.2452,-211.70,984.3000,0.47
2025-11-10 11:50:00,989.05,989.6,988.65,989.15,107915,-0.2900,0.2452,-218.27,984.3000,0.49
2025-11-10 11:55:00,989.2,989.35,988.6,988.95,106422,-0.3099,0.2452,-226.39,984.3000,0.47
2025-11-10 12:00:00,988.95,990.1,988.85,989.65,185720,-0.2731,0.2452,-211.38,984.3000,0.54
2025-11-10 12:05:00,989.8,990.25,989.3,989.85,103969,-0.2339,0.2452,-195.39,984.3000,0.56
2025-11-10 12:10:00,989.8,990.2,989.55,989.95,67030,-0.2011,0.2452,-182.01,984.3000,0.57
2025-11-10 12:15:00,989.65,990.15,988.85,989.65,440636,-0.1991,0.2452,-181.20,984.3000,0.54
2025-11-10 12:20:00,989.55,990.25,989,990,75825,-0.1746,0.2452,-171.21,984.3000,0.58
2025-11-10 12:25:00,990,990.65,989.95,990.35,76024,-0.1368,0.2452,-155.79,984.3000,0.61
2025-11-10 12:30:00,990.35,990.65,989.95,990.1,73076,-0.1308,0.2452,-153.34,984.3000,0.59
2025-11-10 12:35:00,990.2,990.6,989.6,990.05,107647,-0.1318,0.2452,-153.75,984.3000,0.58
2025-11-10 12:40:00,990.05,990.15,989.7,990.05,109458,-0.1337,0.2452,-154.53,984.3000,0.58
2025-11-10 12:45:00,990,990.8,989.8,990.45,114718,-0.1103,0.2452,-144.98,984.3000,0.62
2025-11-10 12:50:00,990.45,990.95,990.3,990.5,60974,-0.0943,0.2452,-138.46,984.3000,0.63
2025-11-10 12:55:00,990.6,990.6,989.95,990.05,129000,-0.1155,0.2452,-147.10,984.3000,0.58
2025-11-10 13:00:00,990,990.05,988.55,988.65,177933,-0.2192,0.2452,-189.40,984.3000,0.44
2025-11-10 13:05:00,988.65,989.05,988.2,988.85,178802,-0.2666,0.2452,-208.73,984.3000,0.46
2025-11-10 13:10:00,988.85,988.85,987.3,987.5,82037,-0.3746,0.2452,-252.77,984.3000,0.33
2025-11-10 13:15:00,987.55,988.45,987.4,988,75237,-0.3959,0.2452,-261.46,984.3000,0.38
2025-11-10 13:20:00,988.05,988.15,986.8,987.75,143603,-0.4088,0.2452,-266.72,984.3000,0.35
2025-11-10 13:25:00,987.95,988.8,987.85,988.3,89670,-0.3637,0.2452,-248.33,984.3000,0.41
2025-11-10 13:30:00,988.3,988.85,987.4,987.6,134265,-0.3636,0.2452,-248.29,984.3000,0.34
2025-11-10 13:35:00,987.6,988,987.5,987.8,103570,-0.3334,0.2452,-235.97,984.3000,0.36
2025-11-10 13:40:00,987.8,988,986.2,986.4,81408,-0.3873,0.2452,-257.95,984.3000,0.21
2025-11-10 13:45:00,986.4,986.7,984.55,986.3,580910,-0.4073,0.2452,-266.11,984.3000,0.20
2025-11-10 13:50:00,986.25,987.1,985.9,986.55,83820,-0.3816,0.2452,-255.63,984.3000,0.23
2025-11-10 13:55:00,986.6,987,986.55,986.7,71027,-0.3342,0.2452,-236.30,984.3000,0.24
2025-11-10 14:00:00,986.7,987.5,986.5,987.4,242459,-0.2398,0.2452,-197.80,984.3000,0.31
2025-11-10 14:05:00,987.35,987.55,986.2,986.5,291612,-0.2225,0.2452,-190.74,984.3000,0.22
2025-11-10 14:10:00,986.5,986.7,986.05,986.2,50352,-0.2156,0.2452,-187.93,984.3000,0.19
2025-11-10 14:15:00,986.2,986.9,986.05,986.25,69246,-0.1927,0.2452,-178.59,984.3000,0.20
2025-11-10 14:20:00,986.25,988,986.05,987.9,360027,-0.0585,0.2452,-123.86,984.3000,0.37
2025-11-10 14:25:00,987.95,988.25,987.1,987.7,118174,0.0205,0.2452,-91.64,984.3000,0.35
2025-11-10 14:30:00,987.7,987.95,986.5,987.25,156441,0.0448,0.2452,-81.73,984.3000,0.30
2025-11-10 14:35:00,987.25,987.8,986.5,986.6,114123,0.0207,0.2452,-91.56,984.3000,0.23
2025-11-10 14:40:00,986.6,987.35,985.55,985.7,468120,-0.0486,0.2452,-119.82,984.3000,0.14
2025-11-10 14:45:00,985.75,986.95,985.5,986.35,289508,-0.0434,0.2452,-117.70,984.3000,0.21
2025-11-10 14:50:00,986.35,986.9,986,986.3,167404,-0.0365,0.2452,-114.89,984.3000,0.20
2025-11-10 14:55:00,986.3,987.2,985.9,986.1,134889,-0.0383,0.2452,-115.62,984.3000,0.18
2025-11-10 15:00:00,986.05,986.15,984.15,984.65,646407,-0.1252,0.2452,-151.06,984.3000,0.04
2025-11-10 15:05:00,984.65,985.55,984.5,984.6,617837,-0.1712,0.2452,-169.82,984.3000,0.03
2025-11-10 15:10:00,984.6,984.65,983.95,984.1,580099,-0.2175,0.2452,-188.70,984.3000,-0.02
2025-11-10 15:15:00,984.1,985.35,984.05,984.5,604814,-0.2036,0.2452,-183.03,984.3000,0.02
2025-11-10 15:20:00,984.4,984.65,983.8,984.3,569907,-0.1906,0.2452,-177.73,984.3000,0.00
2025-11-10 15:25:00,984.2,984.6,983.55,984.6,401316,-0.1464,0.2452,-159.71,984.3000,0.03
2025-11-11 09:15:00,983.5,990.5,983.5,985.75,573836,-0.0305,-0.1464,-79.17,984.6000,0.12
2025-11-11 09:20:00,985.75,986.1,983.1,983.3,138633,-0.1053,-0.1464,-28.07,984.6000,-0.13
2025-11-11 09:25:00,983.3,984.1,981.55,982.1,99675,-0.2158,-0.1464,47.40,984.6000,-0.25
2025-11-11 09:30:00,982.35,982.35,980.1,980.65,130199,-0.3582,-0.1464,144.67,984.6000,-0.40
2025-11-11 09:35:00,980.5,980.85,979.1,979.95,143855,-0.4646,-0.1464,217.35,984.6000,-0.47
2025-11-11 09:40:00,979.7,981.6,979.3,981.5,44441,-0.3981,-0.1464,171.93,984.6000,-0.31
2025-11-11 09:45:00,981.2,981.65,980,980.15,49390,-0.4110,-0.1464,180.74,984.6000,-0.45
2025-11-11 09:50:00,980.1,980.25,979,979.6,84136,-0.4209,-0.1464,187.50,984.6000,-0.51
2025-11-11 09:55:00,979.6,981.3,979.45,980.95,106502,-0.3062,-0.1464,109.15,984.6000,-0.37
2025-11-11 10:00:00,980.55,981.6,980.55,981.4,70812,-0.1762,-0.1464,20.36,984.6000,-0.33
2025-11-11 10:05:00,981.35,983.5,981.15,983.25,92134,0.0464,-0.1464,-131.69,984.6000,-0.14
2025-11-11 10:10:00,983.05,983.5,981,981.05,62080,0.0567,-0.1464,-138.73,984.6000,-0.36
2025-11-11 10:15:00,981.05,981.6,980.75,981.05,139689,0.0738,-0.1464,-150.41,984.6000,-0.36
2025-11-11 10:20:00,981,981.7,980.2,980.2,74480,0.0397,-0.1464,-127.12,984.6000,-0.45
2025-11-11 10:25:00,980.2,980.95,980,980.05,54287,0.0200,-0.1464,-113.66,984.6000,-0.46
2025-11-11 10:30:00,980.05,980.85,979.15,979.35,79847,-0.0249,-0.1464,-82.99,984.6000,-0.53
2025-11-11 10:35:00,979.3,979.9,978.15,978.95,87418,-0.0639,-0.1464,-56.35,984.6000,-0.57
2025-11-11 10:40:00,978.85,979.15,978.15,978.55,75612,-0.0971,-0.1464,-33.67,984.6000,-0.61
2025-11-11 10:45:00,978.55,979,978,978.8,29841,-0.0832,-0.1464,-43.17,984.6000,-0.59
2025-11-11 10:50:00,978.7,979.95,978.65,979.8,64557,0.0075,-0.1464,-105.12,984.6000,-0.49
2025-11-11 10:55:00,979.4,980.5,979.3,980.35,41411,0.1129,-0.1464,-177.12,984.6000,-0.43
2025-11-11 11:00:00,980.5,981,980,980,41594,0.1643,-0.1464,-212.23,984.6000,-0.47
2025-11-11 11:05:00,979.95,980.7,979.6,980.4,15952,0.2266,-0.1464,-254.78,984.6000,-0.43
2025-11-11 11:10:00,980.4,980.65,979.7,979.95,15853,0.2377,-0.1464,-262.36,984.6000,-0.47
2025-11-11 11:15:00,979.9,980.2,979.05,979.05,15947,0.1870,-0.1464,-227.73,984.6000,-0.56
2025-11-11 11:20:00,979.05,979.55,979,979.55,19887,0.1890,-0.1464,-229.10,984.6000,-0.51
2025-11-11 11:25:00,979.45,980.2,979.35,980.2,43014,0.2331,-0.1464,-259.22,984.6000,-0.45
2025-11-11 11:30:00,980.15,980.85,980,980.85,43562,0.3007,-0.1464,-305.40,984.6000,-0.38
2025-11-11 11:35:00,980.65,981.75,980,981.4,47117,0.3725,-0.1464,-354.44,984.6000,-0.33
2025-11-11 11:40:00,981.35,982,981.15,981.7,36230,0.4264,-0.1464,-391.26,984.6000,-0.29
2025-11-11 11:45:00,981.7,982,981.05,981.6,28020,0.4396,-0.1464,-400.27,984.6000,-0.30
2025-11-11 11:50:00,981.6,983.5,981.1,983,129411,0.5215,-0.1464,-456.22,984.6000,-0.16
2025-11-11 11:55:00,983,983.5,982.1,983,110753,0.5515,-0.1464,-476.71,984.6000,-0.16
2025-11-11 12:00:00,983,983.95,983,983.55,36733,0.5813,-0.1464,-497.06,984.6000,-0.11
2025-11-11 12:05:00,983.7,984.8,983,983.1,92401,0.5443,-0.1464,-471.79,984.6000,-0.15
2025-11-11 12:10:00,983.1,984.2,983,984.1,42415,0.5586,-0.1464,-481.56,984.6000,-0.05
2025-11-11 12:15:00,984.1,985.2,983.85,985.1,129911,0.6030,-0.1464,-511.89,984.6000,0.05
2025-11-11 12:20:00,985,985.65,985,985.45,92278,0.6212,-0.1464,-524.32,984.6000,0.09
2025-11-11 12:25:00,985.3,986.45,985,986.4,90840,0.6588,-0.1464,-550.00,984.6000,0.18
2025-11-11 12:30:00,986.35,987.2,986,986.95,190660,0.6796,-0.1464,-564.21,984.6000,0.24
2025-11-11 12:35:00,986.9,987.2,985.15,985.4,141048,0.5533,-0.1464,-477.94,984.6000,0.08
2025-11-11 12:40:00,985.4,986,984.55,985.65,117468,0.4548,-0.1464,-410.66,984.6000,0.11
2025-11-11 12:45:00,985.65,986.35,985,986.2,64552,0.3972,-0.1464,-371.31,984.6000,0.16
2025-11-11 12:50:00,986.15,986.3,985.4,985.6,29059,0.2939,-0.1464,-300.75,984.6000,0.10
2025-11-11 12:55:00,985.75,986,985,985.9,67998,0.2242,-0.1464,-253.14,984.6000,0.13
2025-11-11 13:00:00,985.75,986,985.25,985.95,36357,0.1626,-0.1464,-211.07,984.6000,0.14
2025-11-11 13:05:00,985.9,986.55,985.05,985.75,64069,0.0931,-0.1464,-163.59,984.6000,0.12
2025-11-11 13:10:00,985.7,987.15,985.55,987.05,55242,0.1178,-0.1464,-180.46,984.6000,0.25
2025-11-11 13:15:00,987.05,989.1,986.9,988.6,97929,0.2159,-0.1464,-247.47,984.6000,0.41
2025-11-11 13:20:00,988.5,989.3,988,988.5,85069,0.2490,-0.1464,-270.08,984.6000,0.40
2025-11-11 13:25:00,988.45,988.75,987.7,987.95,56145,0.2105,-0.1464,-243.78,984.6000,0.34
2025-11-11 13:30:00,987.85,989,987.5,988.75,47964,0.2147,-0.1464,-246.65,984.6000,0.42
2025-11-11 13:35:00,988.75,989.75,988.2,989.5,195756,0.2418,-0.1464,-265.16,984.6000,0.50
2025-11-11 13:40:00,989.5,989.75,987.8,988,130007,0.1377,-0.1464,-194.06,984.6000,0.35
2025-11-11 13:45:00,988,990.3,988,990.15,182536,0.1894,-0.1464,-229.37,984.6000,0.56
2025-11-11 13:50:00,990,990.5,990,990,58639,0.1889,-0.1464,-229.03,984.6000,0.55
2025-11-11 13:55:00,990,990.1,986.9,987.55,445203,0.0084,-0.1464,-105.74,984.6000,0.30
2025-11-11 14:00:00,987.55,988.9,987.3,988.35,91488,-0.0680,-0.1464,-53.55,984.6000,0.38
2025-11-11 14:05:00,988.3,989.5,988,989.1,78473,-0.0782,-0.1464,-46.58,984.6000,0.46
2025-11-11 14:10:00,988.95,989.5,988,988.2,63431,-0.1514,-0.1464,3.42,984.6000,0.37
2025-11-11 14:15:00,988.2,989.5,988.05,989.15,148593,-0.1420,-0.1464,-3.01,984.6000,0.46
2025-11-11 14:20:00,989.15,990.25,988.65,990.25,423684,-0.0714,-0.1464,-51.23,984.6000,0.57
2025-11-11 14:25:00,990.25,992,990,991,249777,0.0118,-0.1464,-108.06,984.6000,0.65
2025-11-11 14:30:00,991.1,991.8,990.4,991.25,61800,0.0665,-0.1464,-145.42,984.6000,0.68
2025-11-11 14:35:00,991.25,991.25,988.45,988.55,306469,-0.0879,-0.1464,-39.96,984.6000,0.40
2025-11-11 14:40:00,988.55,990.5,988.5,988.9,97553,-0.1705,-0.1464,16.46,984.6000,0.44
2025-11-11 14:45:00,988.9,989.7,988.65,989.25,29751,-0.2032,-0.1464,38.80,984.6000,0.47
2025-11-11 14:50:00,989.35,991,989.2,990,161819,-0.1771,-0.1464,20.97,984.6000,0.55
2025-11-11 14:55:00,990,990.8,989,989.75,112256,-0.1789,-0.1464,22.20,984.6000,0.52
2025-11-11 15:00:00,989.75,992.8,989.75,991.95,412096,-0.0412,-0.1464,-71.86,984.6000,0.75
2025-11-11 15:05:00,991.9,992.5,990.3,991.15,460482,-0.0148,-0.1464,-89.89,984.6000,0.67
2025-11-11 15:10:00,991.15,992,989.9,991.45,568080,0.0108,-0.1464,-107.38,984.6000,0.70
2025-11-11 15:15:00,991.45,992.4,989.95,992.1,509836,0.0568,-0.1464,-138.80,984.6000,0.76
2025-11-11 15:20:00,992.1,993,991.45,992.85,344385,0.1194,-0.1464,-181.56,984.6000,0.84
2025-11-11 15:25:00,993,993.5,991.3,992,291347,0.0868,-0.1464,-159.29,984.6000,0.75
2025-11-12 09:15:00,998.8,999,992.5,993.3,552062,0.1333,0.0868,53.57,992.0000,0.13
2025-11-12 09:20:00,993.25,995.45,992.5,995.1,193155,0.2584,0.0868,197.70,992.0000,0.31
2025-11-12 09:25:00,995,996,993.55,994.2,165659,0.2535,0.0868,192.05,992.0000,0.22
2025-11-12 09:30:00,994.2,994.95,993.05,993.4,110541,0.1730,0.0868,99.31,992.0000,0.14
2025-11-12 09:35:00,993.35,994.45,992.55,993.65,102258,0.1161,0.0868,33.76,992.0000,0.17
2025-11-12 09:40:00,993.55,995.5,993.55,994.9,116658,0.1404,0.0868,61.75,992.0000,0.29
2025-11-12 09:45:00,994.9,995.65,994.8,995.3,66978,0.1598,0.0868,84.10,992.0000,0.33
2025-11-12 09:50:00,995.25,995.9,994.85,995.25,54348,0.1461,0.0868,68.32,992.0000,0.33
2025-11-12 09:55:00,995.25,995.8,994.95,995.3,87290,0.1183,0.0868,36.29,992.0000,0.33
2025-11-12 10:00:00,995.25,995.75,994.5,994.75,56131,0.0446,0.0868,-48.62,992.0000,0.28
2025-11-12 10:05:00,994.8,995.35,994.2,994.6,42162,-0.0285,0.0868,-132.83,992.0000,0.26
2025-11-12 10:10:00,994.6,994.9,993.1,993.55,79422,-0.1549,0.0868,-278.46,992.0000,0.16
2025-11-12 10:15:00,993.7,994.05,992.6,993.35,112097,-0.2533,0.0868,-391.82,992.0000,0.14
2025-11-12 10:20:00,993.35,993.45,991.7,992.55,117470,-0.3669,0.0868,-522.70,992.0000,0.06
2025-11-12 10:25:00,992.5,992.9,992.45,992.8,45893,-0.4161,0.0868,-579.38,992.0000,0.08
2025-11-12 10:30:00,992.85,993.85,992,993.75,76740,-0.3768,0.0868,-534.10,992.0000,0.18
2025-11-12 10:35:00,993.75,993.9,993.3,993.7,61645,-0.3470,0.0868,-499.77,992.0000,0.17
2025-11-12 10:40:00,993.7,995.15,993.65,994.8,90627,-0.2506,0.0868,-388.71,992.0000,0.28
2025-11-12 10:45:00,994.9,995,994.6,994.75,44911,-0.1902,0.0868,-319.12,992.0000,0.28
2025-11-12 10:50:00,994.8,995,994.4,994.9,63886,-0.1425,0.0868,-264.17,992.0000,0.29
2025-11-12 10:55:00,994.9,995,994.7,994.8,36912,-0.1208,0.0868,-239.17,992.0000,0.28
2025-11-12 11:00:00,994.8,995.15,994.1,995,73153,-0.0971,0.0868,-211.87,992.0000,0.30
2025-11-12 11:05:00,995.05,995.5,995,995.5,41565,-0.0541,0.0868,-162.33,992.0000,0.35
2025-11-12 11:10:00,995.5,995.95,995.45,995.75,52932,-0.0170,0.0868,-119.59,992.0000,0.38
2025-11-12 11:15:00,995.9,995.95,995,995,61666,-0.0494,0.0868,-156.91,992.0000,0.30
2025-11-12 11:20:00,995,995.05,994.65,994.9,33995,-0.0820,0.0868,-194.47,992.0000,0.29
2025-11-12 11:25:00,994.85,994.9,994.35,994.6,46432,-0.1256,0.0868,-244.70,992.0000,0.26
2025-11-12 11:30:00,994.55,994.6,993.45,994.45,59872,-0.1640,0.0868,-288.94,992.0000,0.25
2025-11-12 11:35:00,994.35,994.6,993.7,994.6,53558,-0.1775,0.0868,-304.49,992.0000,0.26
2025-11-12 11:40:00,994.55,994.8,993.8,994.7,82687,-0.1776,0.0868,-304.61,992.0000,0.27
2025-11-12 11:45:00,994.7,994.8,993.8,993.9,51507,-0.2263,0.0868,-360.71,992.0000,0.19
2025-11-12 11:50:00,993.8,994.65,993.75,994.55,39355,-0.2098,0.0868,-341.71,992.0000,0.26
2025-11-12 11:55:00,994.5,995.5,994.35,994.7,95192,-0.1848,0.0868,-312.90,992.0000,0.27
2025-11-12 12:00:00,994.7,995,993.8,994.95,53842,-0.1489,0.0868,-271.54,992.0000,0.30
2025-11-12 12:05:00,994.95,995.2,994.55,995.2,44138,-0.1078,0.0868,-224.19,992.0000,0.32
2025-11-12 12:10:00,995.2,995.2,993.4,993.7,74112,-0.1770,0.0868,-303.92,992.0000,0.17
2025-11-12 12:15:00,993.8,994.55,993.6,994.4,43954,-0.1708,0.0868,-296.77,992.0000,0.24
2025-11-12 12:20:00,994.35,994.75,994.3,994.7,42212,-0.1430,0.0868,-264.75,992.0000,0.27
2025-11-12 12:25:00,994.7,994.8,993.9,994.6,62624,-0.1281,0.0868,-247.58,992.0000,0.26
2025-11-12 12:30:00,994.6,995.35,994.55,995,69626,-0.0901,0.0868,-203.80,992.0000,0.30
2025-11-12 12:35:00,994.95,996,994.85,995.2,129120,-0.0520,0.0868,-159.91,992.0000,0.32
2025-11-12 12:40:00,995.2,995.45,994.75,995,75636,-0.0413,0.0868,-147.58,992.0000,0.30
2025-11-12 12:45:00,994.95,995.3,994.75,994.8,49880,-0.0482,0.0868,-155.53,992.0000,0.28
2025-11-12 12:50:00,994.8,995,994.05,994.45,42550,-0.0753,0.0868,-186.75,992.0000,0.25
2025-11-12 12:55:00,994.45,995,994,994.6,46917,-0.0815,0.0868,-193.89,992.0000,0.26
2025-11-12 13:00:00,994.7,994.8,993.8,994,36095,-0.1220,0.0868,-240.55,992.0000,0.20
2025-11-12 13:05:00,994,994.2,993.5,993.75,79888,-0.1592,0.0868,-283.41,992.0000,0.18
2025-11-12 13:10:00,993.6,995.05,993.6,993.8,254404,-0.1730,0.0868,-299.31,992.0000,0.18
2025-11-12 13:15:00,993.7,994.25,993.4,994,88951,-0.1613,0.0868,-285.83,992.0000,0.20
2025-11-12 13:20:00,993.95,994.8,993.65,994.8,61687,-0.0956,0.0868,-210.14,992.0000,0.28
2025-11-12 13:25:00,994.8,994.95,993.25,993.55,196395,-0.1302,0.0868,-250.00,992.0000,0.16
2025-11-12 13:30:00,993.5,993.55,992.65,993,183339,-0.1808,0.0868,-308.29,992.0000,0.10
2025-11-12 13:35:00,993.05,994.05,992.9,993.75,237829,-0.1554,0.0868,-279.03,992.0000,0.18
2025-11-12 13:40:00,993.7,994.05,992.6,993.3,248700,-0.1599,0.0868,-284.22,992.0000,0.13
2025-11-12 13:45:00,993.3,993.8,992.95,993.45,123775,-0.1444,0.0868,-266.36,992.0000,0.15
2025-11-12 13:50:00,993.45,993.8,992.95,993.55,140886,-0.1199,0.0868,-238.13,992.0000,0.16
2025-11-12 13:55:00,993.55,993.7,992.85,993.35,99338,-0.1099,0.0868,-226.61,992.0000,0.14
2025-11-12 14:00:00,993.35,993.5,992.1,992.35,106061,-0.1604,0.0868,-284.79,992.0000,0.04
2025-11-12 14:05:00,992.35,992.4,990.7,990.85,325746,-0.2777,0.0868,-419.93,992.0000,-0.12
2025-11-12 14:10:00,990.85,992.1,990.35,991.9,262123,-0.2673,0.0868,-407.95,992.0000,-0.01
2025-11-12 14:15:00,991.9,992,991.1,991.6,188145,-0.2630,0.0868,-403.00,992.0000,-0.04
2025-11-12 14:20:00,991.6,991.6,990.35,990.7,175900,-0.3004,0.0868,-446.08,992.0000,-0.13
2025-11-12 14:25:00,990.9,992.55,990.5,991.35,429218,-0.2624,0.0868,-402.30,992.0000,-0.07
2025-11-12 14:30:00,991.45,991.5,990.8,991.25,147531,-0.2264,0.0868,-360.83,992.0000,-0.08
2025-11-12 14:35:00,991.25,992.1,991.05,992,164401,-0.1388,0.0868,-259.91,992.0000,0.00
2025-11-12 14:40:00,992,992.4,990.9,991.7,537019,-0.0901,0.0868,-203.80,992.0000,-0.03
2025-11-12 14:45:00,991.7,991.75,991,991,158646,-0.0936,0.0868,-207.83,992.0000,-0.10
2025-11-12 14:50:00,991,992.25,990.85,992,240113,-0.0211,0.0868,-124.31,992.0000,0.00
2025-11-12 14:55:00,992,992.2,990.8,990.9,152817,-0.0386,0.0868,-144.47,992.0000,-0.11
2025-11-12 15:00:00,990.85,991.05,990.35,990.8,676362,-0.0477,0.0868,-154.95,992.0000,-0.12
2025-11-12 15:05:00,990.8,991.05,990.2,990.6,653207,-0.0574,0.0868,-166.13,992.0000,-0.14
2025-11-12 15:10:00,990.6,990.6,989,989.35,632269,-0.1338,0.0868,-254.15,992.0000,-0.27
2025-11-12 15:15:00,989.35,989.35,988,988.15,705691,-0.2445,0.0868,-381.68,992.0000,-0.39
2025-11-12 15:20:00,988.15,989.15,987.7,988.8,990786,-0.2523,0.0868,-390.67,992.0000,-0.32
2025-11-12 15:25:00,988.8,990.95,987.85,990.25,799594,-0.1435,0.0868,-265.32,992.0000,-0.18
2025-11-13 09:15:00,984,986.55,982.6,984.75,965398,-0.4106,-0.1435,186.13,990.2500,-0.56
2025-11-13 09:20:00,984.65,986.3,983.65,985.9,320416,-0.4739,-0.1435,230.24,990.2500,-0.44
2025-11-13 09:25:00,985.9,987.5,985.35,985.5,321707,-0.5041,-0.1435,251.29,990.2500,-0.48
2025-11-13 09:30:00,985.5,986.35,984.3,984.5,201820,-0.5490,-0.1435,282.58,990.2500,-0.58
2025-11-13 09:35:00,984.3,985.15,982.65,983.9,223688,-0.5741,-0.1435,300.07,990.2500,-0.64
2025-11-13 09:40:00,983.7,984.8,983.3,984.1,164477,-0.5330,-0.1435,271.43,990.2500,-0.62
2025-11-13 09:45:00,984.1,985.2,984,984.2,144830,-0.4578,-0.1435,219.02,990.2500,-0.61
2025-11-13 09:50:00,984.15,985,984.05,984.2,115515,-0.3704,-0.1435,158.12,990.2500,-0.61
2025-11-13 09:55:00,984.2,984.85,983.5,984.5,155092,-0.2601,-0.1435,81.25,990.2500,-0.58
2025-11-13 10:00:00,984.5,984.9,983.75,983.85,121718,-0.2012,-0.1435,40.21,990.2500,-0.65
2025-11-13 10:05:00,983.85,984.55,983.75,984,149846,-0.1260,-0.1435,-12.20,990.2500,-0.63
2025-11-13 10:10:00,984,985.5,984,985.4,128844,0.0354,-0.1435,-124.67,990.2500,-0.49
2025-11-13 10:15:00,985.4,986.1,985.3,985.5,193766,0.1594,-0.1435,-211.08,990.2500,-0.48
2025-11-13 10:20:00,985.55,986.1,984.35,984.65,184205,0.1924,-0.1435,-234.08,990.2500,-0.57
2025-11-13 10:25:00,985,985.8,984.65,985.05,127770,0.2461,-0.1435,-271.50,990.2500,-0.53
2025-11-13 10:30:00,985.05,987.05,984.75,986.4,316807,0.3699,-0.1435,-357.77,990.2500,-0.39
2025-11-13 10:35:00,986.4,986.5,985.55,985.95,269787,0.4155,-0.1435,-389.55,990.2500,-0.43
2025-11-13 10:40:00,985.9,986.5,985.65,986.4,100783,0.4661,-0.1435,-424.81,990.2500,-0.39
2025-11-13 10:45:00,986.3,986.8,986,986.6,104406,0.5002,-0.1435,-448.57,990.2500,-0.37
2025-11-13 10:50:00,986.7,987.2,986.15,986.7,115560,0.5147,-0.1435,-458.68,990.2500,-0.36
2025-11-13 10:55:00,986.7,986.95,986.25,986.85,78788,0.5182,-0.1435,-461.11,990.2500,-0.34
2025-11-13 11:00:00,986.85,987.25,986.55,987.2,92413,0.5261,-0.1435,-466.62,990.2500,-0.31
2025-11-13 11:05:00,987.2,988.55,987.15,988,251168,0.5639,-0.1435,-492.96,990.2500,-0.23
2025-11-13 11:10:00,988,989.5,987.7,989.15,138359,0.6395,-0.1435,-545.64,990.2500,-0.11
2025-11-13 11:15:00,989.15,989.45,988.45,988.8,117961,0.6377,-0.1435,-544.39,990.2500,-0.15
2025-11-13 11:20:00,988.8,988.8,987.65,988.1,131964,0.5637,-0.1435,-492.82,990.2500,-0.22
2025-11-13 11:25:00,988.35,989.55,988.1,989,107857,0.5490,-0.1435,-482.58,990.2500,-0.13
2025-11-13 11:30:00,988.95,989,987.95,988.2,75591,0.4627,-0.1435,-422.44,990.2500,-0.21
2025-11-13 11:35:00,988.2,989.35,988.15,989.15,71005,0.4465,-0.1435,-411.15,990.2500,-0.11
2025-11-13 11:40:00,989.15,989.35,988.5,988.6,56359,0.3785,-0.1435,-363.76,990.2500,-0.17
2025-11-13 11:45:00,988.6,989,988.2,988.5,64226,0.3093,-0.1435,-315.54,990.2500,-0.18
2025-11-13 11:50:00,988.4,989.1,988.2,988.45,66705,0.2456,-0.1435,-271.15,990.2500,-0.18
2025-11-13 11:55:00,988.45,989,988.25,989,65095,0.2263,-0.1435,-257.70,990.2500,-0.13
2025-11-13 12:00:00,988.9,988.9,987.1,987.75,103717,0.1205,-0.1435,-183.97,990.2500,-0.25
2025-11-13 12:05:00,987.8,988.85,987.35,988.35,90944,0.0838,-0.1435,-158.40,990.2500,-0.19
2025-11-13 12:10:00,988.4,988.8,988.1,988.25,74302,0.0475,-0.1435,-133.10,990.2500,-0.20
2025-11-13 12:15:00,988.25,988.35,987.75,987.85,80621,-0.0059,-0.1435,-95.89,990.2500,-0.24
2025-11-13 12:20:00,987.8,988.55,987.8,988.1,88746,-0.0257,-0.1435,-82.09,990.2500,-0.22
2025-11-13 12:25:00,988.15,988.35,987.1,987.3,191218,-0.0904,-0.1435,-37.00,990.2500,-0.30
2025-11-13 12:30:00,987.3,987.55,986.65,987.2,139954,-0.1350,-0.1435,-5.92,990.2500,-0.31
2025-11-13 12:35:00,987.25,987.4,986.2,987,104379,-0.1706,-0.1435,18.89,990.2500,-0.33
2025-11-13 12:40:00,986.9,988.05,986.75,987.95,99090,-0.1251,-0.1435,-12.82,990.2500,-0.23
2025-11-13 12:45:00,988,988.9,987.6,988.5,147631,-0.0563,-0.1435,-60.77,990.2500,-0.18
2025-11-13 12:50:00,988.35,988.65,987.25,988.2,139506,-0.0306,-0.1435,-78.68,990.2500,-0.21
2025-11-13 12:55:00,988.2,989.4,987.85,989.35,137605,0.0593,-0.1435,-141.32,990.2500,-0.09
2025-11-13 13:00:00,989.45,989.9,989,989.7,99799,0.1336,-0.1435,-193.10,990.2500,-0.06
2025-11-13 13:05:00,989.75,990,989.45,989.95,90041,0.1875,-0.1435,-230.66,990.2500,-0.03
2025-11-13 13:10:00,990,990,989.2,989.7,97778,0.1934,-0.1435,-234.77,990.2500,-0.06
2025-11-13 13:15:00,989.65,990,989.05,989.1,106195,0.1462,-0.1435,-201.88,990.2500,-0.12
2025-11-13 13:20:00,989.1,990.1,989,990,108548,0.1636,-0.1435,-214.01,990.2500,-0.03
2025-11-13 13:25:00,990,990,988.85,989.2,125904,0.1117,-0.1435,-177.84,990.2500,-0.11
2025-11-13 13:30:00,989.15,989.3,988.75,989,136641,0.0570,-0.1435,-139.72,990.2500,-0.13
2025-11-13 13:35:00,989,989.9,988.8,989.25,72236,0.0322,-0.1435,-122.44,990.2500,-0.10
2025-11-13 13:40:00,989.2,989.9,989,989,71184,-0.0047,-0.1435,-96.72,990.2500,-0.13
2025-11-13 13:45:00,989.05,989.35,988.35,989.05,111316,-0.0280,-0.1435,-80.49,990.2500,-0.12
2025-11-13 13:50:00,989,989.25,988.55,988.75,85289,-0.0639,-0.1435,-55.47,990.2500,-0.15
2025-11-13 13:55:00,988.8,988.95,986,986.3,124106,-0.2428,-0.1435,69.20,990.2500,-0.40
2025-11-13 14:00:00,986.4,987,985.05,985.75,306206,-0.3802,-0.1435,164.95,990.2500,-0.45
2025-11-13 14:05:00,985.75,986.75,985,985.1,93676,-0.4899,-0.1435,241.39,990.2500,-0.52
2025-11-13 14:10:00,985,985.5,984,984.95,158375,-0.5434,-0.1435,278.68,990.2500,-0.54
2025-11-13 14:15:00,984.95,986.25,984.85,986.2,101213,-0.4684,-0.1435,226.41,990.2500,-0.41
2025-11-13 14:20:00,986.25,986.25,984.1,985.35,347289,-0.4496,-0.1435,213.31,990.2500,-0.49
2025-11-13 14:25:00,985.35,985.85,985,985.85,93945,-0.3799,-0.1435,164.74,990.2500,-0.44
2025-11-13 14:30:00,985.85,987,985.85,986.15,409822,-0.2939,-0.1435,104.81,990.2500,-0.41
2025-11-13 14:35:00,986.15,986.35,985.55,985.7,98558,-0.2493,-0.1435,73.73,990.2500,-0.46
2025-11-13 14:40:00,985.75,987.75,985.7,986.8,464783,-0.1336,-0.1435,-6.90,990.2500,-0.35
2025-11-13 14:45:00,986.85,987.45,986.4,986.95,116675,-0.0396,-0.1435,-72.40,990.2500,-0.33
2025-11-13 14:50:00,987,987.4,985.25,986.9,325317,0.0231,-0.1435,-116.10,990.2500,-0.34
2025-11-13 14:55:00,986.85,987,986,986.1,109627,0.0150,-0.1435,-110.45,990.2500,-0.42
2025-11-13 15:00:00,986.05,986.9,985.55,986.7,294131,0.0523,-0.1435,-136.45,990.2500,-0.36
2025-11-13 15:05:00,986.75,987.25,985.5,986.2,513154,0.0458,-0.1435,-131.92,990.2500,-0.41
2025-11-13 15:10:00,986.2,987.05,985.75,986.9,421135,0.0885,-0.1435,-161.67,990.2500,-0.34
2025-11-13 15:15:00,986.95,988.8,986.5,986.95,368679,0.1183,-0.1435,-182.44,990.2500,-0.33
2025-11-13 15:20:00,986.95,987.4,985.8,986.35,379042,0.0967,-0.1435,-167.39,990.2500,-0.39
2025-11-13 15:25:00,986.35,987.05,984.9,985.75,271556,0.0437,-0.1435,-130.45,990.2500,-0.45
2025-11-14 09:15:00,976.05,986.6,976.05,983.8,1153067,-0.1125,0.0437,-357.44,985.7500,-0.20
2025-11-14 09:20:00,983.95,983.95,981.1,981.2,374201,-0.3663,0.0437,-938.22,985.7500,-0.46
2025-11-14 09:25:00,981.15,982.85,981,982.6,259391,-0.4119,0.0437,-1042.56,985.7500,-0.32
2025-11-14 09:30:00,982.55,984.75,982,984.7,204622,-0.2790,0.0437,-738.44,985.7500,-0.11
2025-11-14 09:35:00,984.75,984.8,982.65,983.05,117258,-0.2799,0.0437,-740.50,985.7500,-0.27
2025-11-14 09:40:00,982.9,984.25,982.7,983.6,94659,-0.2235,0.0437,-611.44,985.7500,-0.22
2025-11-14 09:45:00,983.7,984.1,983,983.25,71821,-0.1912,0.0437,-537.53,985.7500,-0.25
2025-11-14 09:50:00,983.15,983.15,980.65,980.95,174016,-0.2996,0.0437,-785.58,985.7500,-0.49
2025-11-14 09:55:00,981.15,981.8,980.65,980.95,201330,-0.3431,0.0437,-885.13,985.7500,-0.49
2025-11-14 10:00:00,980.9,981.25,978.8,979.55,240969,-0.4321,0.0437,-1088.79,985.7500,-0.63
2025-11-14 10:05:00,979.45,981.35,979,980.1,140679,-0.4197,0.0437,-1060.41,985.7500,-0.57
2025-11-14 10:10:00,980.1,980.75,979.55,980.05,132622,-0.3816,0.0437,-973.23,985.7500,-0.58
2025-11-14 10:15:00,979.95,981.25,979.7,980.4,243065,-0.3030,0.0437,-793.36,985.7500,-0.54
2025-11-14 10:20:00,980.45,981,980.05,980.2,131647,-0.2376,0.0437,-643.71,985.7500,-0.56
2025-11-14 10:25:00,980.15,980.8,980,980.1,120941,-0.1769,0.0437,-504.81,985.7500,-0.57
2025-11-14 10:30:00,980.15,981.5,979.6,979.8,181098,-0.1348,0.0437,-408.47,985.7500,-0.60
2025-11-14 10:35:00,979.8,980.35,979.55,979.6,129267,-0.0998,0.0437,-328.38,985.7500,-0.62
2025-11-14 10:40:00,979.6,980.45,979,979.85,176913,-0.0421,0.0437,-196.34,985.7500,-0.60
2025-11-14 10:45:00,979.85,980.9,979.5,980.4,181345,0.0460,0.0437,5.26,985.7500,-0.54
2025-11-14 10:50:00,980.4,983.9,980.3,983.5,246233,0.3111,0.0437,611.90,985.7500,-0.23
2025-11-14 10:55:00,983.7,983.9,981.9,982.1,238933,0.3854,0.0437,781.92,985.7500,-0.37
2025-11-14 11:00:00,982.5,984.25,981.45,981.9,397984,0.4120,0.0437,842.79,985.7500,-0.39
2025-11-14 11:05:00,981.95,982.1,980.9,981.2,102664,0.3744,0.0437,756.75,985.7500,-0.46
2025-11-14 11:10:00,981.4,982.6,981.1,981.6,123692,0.3678,0.0437,741.65,985.7500,-0.42
2025-11-14 11:15:00,981.75,982.4,980.1,981.3,123662,0.3356,0.0437,667.96,985.7500,-0.45
2025-11-14 11:20:00,981.35,981.7,979.75,979.85,530512,0.2148,0.0437,391.53,985.7500,-0.60
2025-11-14 11:25:00,979.85,980.7,979.75,980.05,176762,0.1496,0.0437,242.33,985.7500,-0.58
2025-11-14 11:30:00,980.05,981.7,979.95,981.3,122011,0.1894,0.0437,333.41,985.7500,-0.45
2025-11-14 11:35:00,981.35,981.9,981,981.3,100368,0.2127,0.0437,386.73,985.7500,-0.45
2025-11-14 11:40:00,981.4,981.95,981.15,981.45,89529,0.2335,0.0437,434.32,985.7500,-0.44
2025-11-14 11:45:00,981.45,983,981.45,982.75,187857,0.3245,0.0437,642.56,985.7500,-0.30
2025-11-14 11:50:00,982.55,983.3,982.15,982.7,135146,0.3679,0.0437,741.88,985.7500,-0.31
2025-11-14 11:55:00,982.85,983.2,982.05,982.65,130723,0.3783,0.0437,765.68,985.7500,-0.31
2025-11-14 12:00:00,982.95,983.45,982.6,982.85,117885,0.3825,0.0437,775.29,985.7500,-0.29
2025-11-14 12:05:00,983.05,983.4,982.55,983,83583,0.3786,0.0437,766.36,985.7500,-0.28
2025-11-14 12:10:00,983.1,985.85,983,984.55,221387,0.4584,0.0437,948.97,985.7500,-0.12
2025-11-14 12:15:00,984.9,985.8,984.5,985.75,141039,0.5629,0.0437,1188.10,985.7500,0.00
2025-11-14 12:20:00,985.75,986.4,985,985.05,128989,0.5550,0.0437,1170.02,985.7500,-0.07
2025-11-14 12:25:00,985.05,985.65,984.8,985,174173,0.5173,0.0437,1083.75,985.7500,-0.08
2025-11-14 12:30:00,985.1,985.5,983.8,983.8,97531,0.3882,0.0437,788.33,985.7500,-0.20
2025-11-14 12:35:00,983.9,985.15,983.8,984.45,113165,0.3259,0.0437,645.77,985.7500,-0.13
2025-11-14 12:40:00,984.7,985.1,984.25,985,183801,0.3015,0.0437,589.93,985.7500,-0.08
2025-11-14 12:45:00,985.05,985.15,983.8,984.35,134495,0.2250,0.0437,414.87,985.7500,-0.14
2025-11-14 12:50:00,984.45,985,983.95,984.35,132145,0.1606,0.0437,267.51,985.7500,-0.14
2025-11-14 12:55:00,984.4,985,984.1,984.45,119228,0.1134,0.0437,159.50,985.7500,-0.13
2025-11-14 13:00:00,984.55,986,984.1,985.55,129769,0.1429,0.0437,227.00,985.7500,-0.02
2025-11-14 13:05:00,985.6,985.95,984.75,985.15,141634,0.1229,0.0437,181.24,985.7500,-0.06
2025-11-14 13:10:00,985.2,986.4,985,985.8,103120,0.1397,0.0437,219.68,985.7500,0.01
2025-11-14 13:15:00,985.85,986.55,985.55,986,122427,0.1496,0.0437,242.33,985.7500,0.03
2025-11-14 13:20:00,986,986.15,986,986,134774,0.1415,0.0437,223.80,985.7500,0.03
2025-11-14 13:25:00,986.05,986.25,985.8,985.8,133199,0.1095,0.0437,150.57,985.7500,0.01
2025-11-14 13:30:00,985.85,985.9,985,985,136108,0.0257,0.0437,-41.19,985.7500,-0.08
2025-11-14 13:35:00,985.05,985.1,982.4,983.05,271228,-0.1596,0.0437,-465.22,985.7500,-0.27
2025-11-14 13:40:00,983.3,983.7,982.25,982.25,110529,-0.3252,0.0437,-844.16,985.7500,-0.36
2025-11-14 13:45:00,982.25,983.1,981.6,982.2,130025,-0.4210,0.0437,-1063.39,985.7500,-0.36
2025-11-14 13:50:00,982.2,982.8,982,982.2,144438,-0.4640,0.0437,-1161.78,985.7500,-0.36
2025-11-14 13:55:00,982.25,983.1,982.05,982.65,111551,-0.4418,0.0437,-1110.98,985.7500,-0.31
2025-11-14 14:00:00,982.7,983.75,982.7,983,125681,-0.3853,0.0437,-981.69,985.7500,-0.28
2025-11-14 14:05:00,983.05,983.9,983,983.4,124367,-0.3062,0.0437,-800.69,985.7500,-0.24
2025-11-14 14:10:00,983.4,983.45,982.5,983.35,154846,-0.2451,0.0437,-660.87,985.7500,-0.24
2025-11-14 14:15:00,983.1,983.5,982.1,983.2,210702,-0.2043,0.0437,-567.51,985.7500,-0.26
2025-11-14 14:20:00,983.15,983.9,982.7,983.45,247770,-0.1524,0.0437,-448.74,985.7500,-0.23
2025-11-14 14:25:00,983.3,984.85,983.1,984.55,302000,-0.0416,0.0437,-195.19,985.7500,-0.12
2025-11-14 14:30:00,984.2,984.6,983.25,983.5,166525,-0.0369,0.0437,-184.44,985.7500,-0.23
2025-11-14 14:35:00,983.5,984,982.7,983.45,154097,-0.0350,0.0437,-180.09,985.7500,-0.23
2025-11-14 14:40:00,983.6,984.45,983,983.65,214114,-0.0189,0.0437,-143.25,985.7500,-0.21
2025-11-14 14:45:00,983.8,984.55,983.15,983.25,143843,-0.0330,0.0437,-175.51,985.7500,-0.25
2025-11-14 14:50:00,983.15,983.35,982.25,982.9,586082,-0.0620,0.0437,-241.88,985.7500,-0.29
2025-11-14 14:55:00,982.9,983.6,982.6,983,160260,-0.0700,0.0437,-260.18,985.7500,-0.28
2025-11-14 15:00:00,982.95,989.4,982.95,989,1403739,0.3123,0.0437,614.65,985.7500,0.33
2025-11-14 15:05:00,989,991.65,988.8,991.55,1278400,0.6982,0.0437,1497.71,985.7500,0.59
2025-11-14 15:10:00,991.45,991.65,988.1,990.45,1399980,0.8317,0.0437,1803.20,985.7500,0.48
2025-11-14 15:15:00,990.35,991,989.2,989.6,1350133,0.8141,0.0437,1762.93,985.7500,0.39
2025-11-14 15:20:00,989.65,990.65,989.15,989.85,1289341,0.7710,0.0437,1664.30,985.7500,0.42
2025-11-14 15:25:00,989.85,991,987.55,989,941049,0.6422,0.0437,1369.57,985.7500,0.33
2025-11-17 09:15:00,991.25,993,985.6,988,465411,0.4554,0.6422,-29.09,989.0000,-0.10
2025-11-17 09:20:00,987.7,990.7,987.5,989.3,215854,0.3879,0.6422,-39.60,989.0000,0.03
2025-11-17 09:25:00,989.3,991.45,989.3,991.3,209703,0.4423,0.6422,-31.13,989.0000,0.23
2025-11-17 09:30:00,991.3,992.4,990.1,990.1,129240,0.3652,0.6422,-43.13,989.0000,0.11
2025-11-17 09:35:00,990.1,991.6,989.65,990.4,213661,0.3046,0.6422,-52.57,989.0000,0.14
2025-11-17 09:40:00,990.45,991,990,990.95,130129,0.2727,0.6422,-57.54,989.0000,0.20
2025-11-17 09:45:00,990.95,991.35,990.2,991.3,97220,0.2471,0.6422,-61.52,989.0000,0.23
2025-11-17 09:50:00,991.2,991.3,990.2,991.05,52956,0.1879,0.6422,-70.74,989.0000,0.21
2025-11-17 09:55:00,991,992,991,991.15,97060,0.1327,0.6422,-79.34,989.0000,0.22
2025-11-17 10:00:00,991.15,991.5,989.3,990.25,165681,0.0188,0.6422,-97.07,989.0000,0.13
2025-11-17 10:05:00,990.25,990.5,989.3,990,129016,-0.0845,0.6422,-113.16,989.0000,0.10
2025-11-17 10:10:00,990,990.45,989.05,989.4,116422,-0.1979,0.6422,-130.82,989.0000,0.04
2025-11-17 10:15:00,989.4,989.8,989.1,989.5,83851,-0.2665,0.6422,-141.50,989.0000,0.05
2025-11-17 10:20:00,989.45,989.85,989.4,989.75,111383,-0.2934,0.6422,-145.69,989.0000,0.08
2025-11-17 10:25:00,989.55,989.8,988.6,989.1,180995,-0.3493,0.6422,-154.39,989.0000,0.01
2025-11-17 10:30:00,989.05,989.35,989.05,989.3,54359,-0.3656,0.6422,-156.93,989.0000,0.03
2025-11-17 10:35:00,989.25,989.35,988.45,988.75,53457,-0.4032,0.6422,-162.78,989.0000,-0.03
2025-11-17 10:40:00,989,989.35,988.75,989.25,86693,-0.3842,0.6422,-159.83,989.0000,0.03
2025-11-17 10:45:00,989.25,990.25,989,990,94318,-0.3139,0.6422,-148.88,989.0000,0.10
2025-11-17 10:50:00,989.95,990.7,989.5,990.5,126082,-0.2304,0.6422,-135.88,989.0000,0.15
2025-11-17 10:55:00,990.45,990.65,990,990.15,128371,-0.1967,0.6422,-130.63,989.0000,0.12
2025-11-17 11:00:00,990.35,990.6,990,990.5,57019,-0.1509,0.6422,-123.50,989.0000,0.15
2025-11-17 11:05:00,990.45,990.65,989.55,990.45,294025,-0.1251,0.6422,-119.48,989.0000,0.15
2025-11-17 11:10:00,990.45,990.45,989.4,989.95,201049,-0.1415,0.6422,-122.03,989.0000,0.10
2025-11-17 11:15:00,989.95,990.5,989.9,990.1,63449,-0.1419,0.6422,-122.10,989.0000,0.11
2025-11-17 11:20:00,990.1,990.5,989.85,990.5,62907,-0.1158,0.6422,-118.03,989.0000,0.15
2025-11-17 11:25:00,990.4,990.5,989.55,990.2,103533,-0.1189,0.6422,-118.51,989.0000,0.12
2025-11-17 11:30:00,990.15,990.25,989.15,990,236324,-0.1335,0.6422,-120.79,989.0000,0.10
2025-11-17 11:35:00,989.95,990,989.3,989.4,51248,-0.1798,0.6422,-128.00,989.0000,0.04
2025-11-17 11:40:00,989.35,990,989,989.8,97277,-0.1793,0.6422,-127.92,989.0000,0.08
2025-11-17 11:45:00,989.8,990,989.5,990,84713,-0.1618,0.6422,-125.19,989.0000,0.10
2025-11-17 11:50:00,989.95,990.85,989.9,990.7,90589,-0.1023,0.6422,-115.93,989.0000,0.17
2025-11-17 11:55:00,990.7,991.55,990.45,991.4,134827,-0.0194,0.6422,-103.02,989.0000,0.24
2025-11-17 12:00:00,991.4,992.05,990.85,991.3,299179,0.0228,0.6422,-96.45,989.0000,0.23
2025-11-17 12:05:00,991.25,992.5,990.55,991.85,484470,0.0788,0.6422,-87.73,989.0000,0.29
2025-11-17 12:10:00,991.7,991.85,991.15,991.7,108023,0.0955,0.6422,-85.13,989.0000,0.27
2025-11-17 12:15:00,991.7,992.65,991.7,992.25,89352,0.1313,0.6422,-79.55,989.0000,0.33
2025-11-17 12:20:00,992.25,992.4,991.2,991.75,101165,0.1099,0.6422,-82.89,989.0000,0.28
2025-11-17 12:25:00,991.75,992,990.85,991,227523,0.0374,0.6422,-94.18,989.0000,0.20
2025-11-17 12:30:00,991.3,992.05,990.45,992,193273,0.0484,0.6422,-92.46,989.0000,0.30
2025-11-17 12:35:00,992,992.35,991.85,992,103955,0.0472,0.6422,-92.65,989.0000,0.30
2025-11-17 12:40:00,992.2,992.8,992,992.75,109418,0.0862,0.6422,-86.58,989.0000,0.38
2025-11-17 12:45:00,992.7,994,992.5,993.85,245562,0.1704,0.6422,-73.47,989.0000,0.49
2025-11-17 12:50:00,993.85,994.35,992.5,993.7,452483,0.1985,0.6422,-69.09,989.0000,0.48
2025-11-17 12:55:00,993.5,994.55,993.35,994.4,293412,0.2436,0.6422,-62.07,989.0000,0.55
2025-11-17 13:00:00,994.35,994.4,993.55,993.9,122274,0.2200,0.6422,-65.74,989.0000,0.50
2025-11-17 13:05:00,993.95,994.1,992.55,993.5,150617,0.1603,0.6422,-75.04,989.0000,0.46
2025-11-17 13:10:00,993.5,994.1,993.45,993.5,97544,0.1064,0.6422,-83.43,989.0000,0.46
2025-11-17 13:15:00,993.65,994.15,993.3,993.8,107496,0.0778,0.6422,-87.89,989.0000,0.49
2025-11-17 13:20:00,993.8,994,992.35,993.65,185492,0.0377,0.6422,-94.13,989.0000,0.47
2025-11-17 13:25:00,993.65,994.1,993.15,993.65,93606,0.0020,0.6422,-99.69,989.0000,0.47
2025-11-17 13:30:00,993.6,994.35,992.65,994.25,271634,0.0091,0.6422,-98.58,989.0000,0.53
2025-11-17 13:35:00,994.35,995.5,994.2,995.4,518577,0.0778,0.6422,-87.89,989.0000,0.65
2025-11-17 13:40:00,995.35,995.7,994.35,995.25,195990,0.0984,0.6422,-84.68,989.0000,0.63
2025-11-17 13:45:00,995.25,996,995.05,995.9,305363,0.1386,0.6422,-78.42,989.0000,0.70
2025-11-17 13:50:00,995.85,997,995.75,996,206990,0.1535,0.6422,-76.10,989.0000,0.71
2025-11-17 13:55:00,996,996.7,995.75,996.5,88604,0.1770,0.6422,-72.44,989.0000,0.76
2025-11-17 14:00:00,996.5,997.4,996.1,997.35,352667,0.2266,0.6422,-64.72,989.0000,0.84
2025-11-17 14:05:00,997.3,997.95,996.25,996.8,239561,0.2000,0.6422,-68.86,989.0000,0.79
2025-11-17 14:10:00,996.8,997,996.35,996.85,118312,0.1650,0.6422,-74.31,989.0000,0.79
2025-11-17 14:15:00,996.85,997,994.4,994.7,224442,-0.0143,0.6422,-102.23,989.0000,0.58
2025-11-17 14:20:00,994.7,995.9,994.15,995.15,450121,-0.1087,0.6422,-116.93,989.0000,0.62
2025-11-17 14:25:00,995.3,995.5,994.45,994.95,207046,-0.1861,0.6422,-128.98,989.0000,0.60
2025-11-17 14:30:00,994.9,995.65,994.1,995,316078,-0.2324,0.6422,-136.19,989.0000,0.61
2025-11-17 14:35:00,995.2,995.55,994.3,995.4,201378,-0.2340,0.6422,-136.44,989.0000,0.65
2025-11-17 14:40:00,995.55,995.8,994.4,994.6,206942,-0.2835,0.6422,-144.15,989.0000,0.57
2025-11-17 14:45:00,994.55,995.4,994.25,995.4,401813,-0.2576,0.6422,-140.11,989.0000,0.65
2025-11-17 14:50:00,995.4,995.65,994.45,995.4,135436,-0.2364,0.6422,-136.81,989.0000,0.65
2025-11-17 14:55:00,995.4,995.7,995,995.6,136288,-0.2059,0.6422,-132.06,989.0000,0.67
2025-11-17 15:00:00,995.6,996.65,995.25,996.65,831750,-0.1164,0.6422,-118.13,989.0000,0.77
2025-11-17 15:05:00,996.65,996.85,995.9,996.8,701505,-0.0519,0.6422,-108.08,989.0000,0.79
2025-11-17 15:10:00,996.8,997,996.15,996.85,900556,-0.0126,0.6422,-101.96,989.0000,0.79
2025-11-17 15:15:00,996.85,997.1,996,996.4,980596,-0.0231,0.6422,-103.60,989.0000,0.75
2025-11-17 15:20:00,996.35,997.5,995.65,997.05,1453285,0.0060,0.6422,-99.07,989.0000,0.81
2025-11-17 15:25:00,997.1,997.25,995.9,996.45,877095,-0.0213,0.6422,-103.32,989.0000,0.75
2025-11-18 09:15:00,997.65,999,993,995.5,827287,-0.1050,-0.0213,392.96,996.4500,-0.10
2025-11-18 09:20:00,995.7,997.9,995.25,995.85,407797,-0.1363,-0.0213,539.91,996.4500,-0.06
2025-11-18 09:25:00,995.75,996,994.45,994.95,174307,-0.2126,-0.0213,898.12,996.4500,-0.15
2025-11-18 09:30:00,994.95,996.7,994.55,996.2,218339,-0.1755,-0.0213,723.94,996.4500,-0.03
2025-11-18 09:35:00,996.15,996.45,995.4,995.6,120029,-0.1868,-0.0213,777.00,996.4500,-0.09
2025-11-18 09:40:00,995.6,997.4,995.55,996.95,218314,-0.1031,-0.0213,384.04,996.4500,0.05
2025-11-18 09:45:00,996.95,996.95,994.85,995,136016,-0.1745,-0.0213,719.25,996.4500,-0.15
2025-11-18 09:50:00,994.85,995.3,994.05,994.7,109347,-0.2338,-0.0213,997.65,996.4500,-0.18
2025-11-18 09:55:00,994.7,995,994,994.2,124752,-0.2945,-0.0213,1282.63,996.4500,-0.23
2025-11-18 10:00:00,994.2,994.2,992.85,993.5,162799,-0.3651,-0.0213,1614.08,996.4500,-0.30
2025-11-18 10:05:00,993.5,994,993,993.4,97081,-0.3990,-0.0213,1773.24,996.4500,-0.31
2025-11-18 10:10:00,993.4,993.9,993.15,993.65,54140,-0.3849,-0.0213,1707.04,996.4500,-0.28
2025-11-18 10:15:00,993.65,994.9,993.35,994.65,114192,-0.2927,-0.0213,1274.18,996.4500,-0.18
2025-11-18 10:20:00,994.65,995.4,994.05,994.95,133361,-0.2004,-0.0213,840.85,996.4500,-0.15
2025-11-18 10:25:00,994.95,994.95,994.25,994.75,61238,-0.1444,-0.0213,577.93,996.4500,-0.17
2025-11-18 10:30:00,994.7,995,994.3,994.65,92812,-0.1073,-0.0213,403.76,996.4500,-0.18
2025-11-18 10:35:00,994.65,995.9,994.4,994.95,141990,-0.0582,-0.0213,173.24,996.4500,-0.15
2025-11-18 10:40:00,994.85,995.55,994.5,994.7,77287,-0.0392,-0.0213,84.04,996.4500,-0.18
2025-11-18 10:45:00,994.55,996.7,994.25,996.65,142723,0.1005,-0.0213,-571.83,996.4500,0.02
2025-11-18 10:50:00,996.65,997,993.65,994.35,262910,0.0371,-0.0213,-274.18,996.4500,-0.21
2025-11-18 10:55:00,994.35,996.25,994.1,995.6,118407,0.0761,-0.0213,-457.28,996.4500,-0.09
2025-11-18 11:00:00,995.6,996.25,995.45,996,94325,0.1229,-0.0213,-677.00,996.4500,-0.05
2025-11-18 11:05:00,996,996.25,995.6,996.05,93967,0.1494,-0.0213,-801.41,996.4500,-0.04
2025-11-18 11:10:00,996.05,996.1,995.7,995.9,90967,0.1488,-0.0213,-798.59,996.4500,-0.06
2025-11-18 11:15:00,995.7,995.9,995.1,995.55,70885,0.1181,-0.0213,-654.46,996.4500,-0.09
2025-11-18 11:20:00,995.5,995.55,995.1,995.25,85235,0.0731,-0.0213,-443.19,996.4500,-0.12
2025-11-18 11:25:00,995.25,995.25,994.35,994.6,190131,-0.0010,-0.0213,-95.31,996.4500,-0.19
2025-11-18 11:30:00,994.6,994.75,993.85,994.6,78971,-0.0481,-0.0213,125.82,996.4500,-0.19
2025-11-18 11:35:00,994.55,995.4,994.5,995,72750,-0.0500,-0.0213,134.74,996.4500,-0.15
2025-11-18 11:40:00,995.05,996,994.9,996,89625,0.0148,-0.0213,-169.48,996.4500,-0.05
2025-11-18 11:45:00,995.95,997,995.8,996.95,286741,0.1149,-0.0213,-639.44,996.4500,0.05
2025-11-18 11:50:00,996.95,997.35,996.2,997,125910,0.1741,-0.0213,-917.37,996.4500,0.06
2025-11-18 11:55:00,997,997.5,996.5,996.55,119970,0.1723,-0.0213,-908.92,996.4500,0.01
2025-11-18 12:00:00,996.55,996.55,995.85,996.5,110891,0.1574,-0.0213,-838.97,996.4500,0.01
2025-11-18 12:05:00,996.5,996.5,995.8,996.1,91035,0.1125,-0.0213,-628.17,996.4500,-0.04
2025-11-18 12:10:00,996.15,996.25,995.95,996,123666,0.0700,-0.0213,-428.64,996.4500,-0.05
2025-11-18 12:15:00,996.05,996.1,995.3,995.75,277173,0.0215,-0.0213,-200.94,996.4500,-0.07
2025-11-18 12:20:00,995.75,995.95,994.7,994.8,247743,-0.0730,-0.0213,242.72,996.4500,-0.17
2025-11-18 12:25:00,994.9,996.5,994.8,995.65,279180,-0.0763,-0.0213,258.22,996.4500,-0.08
2025-11-18 12:30:00,995.65,996.5,995.65,996.25,179878,-0.0380,-0.0213,78.40,996.4500,-0.02
2025-11-18 12:35:00,996.15,996.75,995.2,995.25,317399,-0.0777,-0.0213,264.79,996.4500,-0.12
2025-11-18 12:40:00,995.25,995.75,994.6,995.5,178709,-0.0842,-0.0213,295.31,996.4500,-0.10
2025-11-18 12:45:00,995.2,996.35,994.85,995.05,311798,-0.1141,-0.0213,435.68,996.4500,-0.14
2025-11-18 12:50:00,995.05,995.35,994.6,995,90356,-0.1313,-0.0213,516.43,996.4500,-0.15
2025-11-18 12:55:00,994.95,995.35,993.75,994.3,257574,-0.1809,-0.0213,749.30,996.4500,-0.22
2025-11-18 13:00:00,994.25,995,993.55,994.4,229377,-0.1966,-0.0213,823.00,996.4500,-0.21
2025-11-18 13:05:00,994.4,994.85,994,994.1,102235,-0.2153,-0.0213,910.80,996.4500,-0.24
2025-11-18 13:10:00,994.1,994.5,993.65,994,203936,-0.2218,-0.0213,941.31,996.4500,-0.25
2025-11-18 13:15:00,993.8,994.95,993.7,994.5,201137,-0.1814,-0.0213,751.64,996.4500,-0.20
2025-11-18 13:20:00,994.55,995,994.15,994.55,149036,-0.1420,-0.0213,566.67,996.4500,-0.19
2025-11-18 13:25:00,994.55,994.55,993.85,993.85,159401,-0.1529,-0.0213,617.84,996.4500,-0.26
2025-11-18 13:30:00,993.9,994.2,993.75,994.2,135115,-0.1274,-0.0213,498.12,996.4500,-0.23
2025-11-18 13:35:00,994.2,995.8,993.95,995.7,122056,-0.0067,-0.0213,-68.54,996.4500,-0.08
2025-11-18 13:40:00,995.7,995.95,993.95,995.45,499477,0.0556,-0.0213,-361.03,996.4500,-0.10
2025-11-18 13:45:00,995.3,996,994.2,995.85,197081,0.1195,-0.0213,-661.03,996.4500,-0.06
2025-11-18 13:50:00,995.95,996,995.3,995.4,172308,0.1264,-0.0213,-693.43,996.4500,-0.11
2025-11-18 13:55:00,995.55,995.8,995.3,995.55,115392,0.1354,-0.0213,-735.68,996.4500,-0.09
2025-11-18 14:00:00,995.55,996.35,995.3,996.35,142892,0.1862,-0.0213,-974.18,996.4500,-0.01
2025-11-18 14:05:00,996.35,996.55,995.15,995.65,318301,0.1645,-0.0213,-872.30,996.4500,-0.08
2025-11-18 14:10:00,995.65,996.5,995.1,995.7,431588,0.1460,-0.0213,-785.45,996.4500,-0.08
2025-11-18 14:15:00,995.7,996.35,995.6,995.7,142936,0.1270,-0.0213,-696.24,996.4500,-0.08
2025-11-18 14:20:00,995.7,996.55,995.55,995.95,415778,0.1242,-0.0213,-683.10,996.4500,-0.05
2025-11-18 14:25:00,995.95,996.65,995.15,995.65,379840,0.0964,-0.0213,-552.58,996.4500,-0.08
2025-11-18 14:30:00,995.65,996.2,995,995.75,292922,0.0797,-0.0213,-474.18,996.4500,-0.07
2025-11-18 14:35:00,995.75,996.5,995.4,996.25,346734,0.0962,-0.0213,-551.64,996.4500,-0.02
2025-11-18 14:40:00,996.25,996.35,994.7,994.9,660904,0.0143,-0.0213,-167.14,996.4500,-0.16
2025-11-18 14:45:00,995,995.2,994.5,994.65,225554,-0.0548,-0.0213,157.28,996.4500,-0.18
2025-11-18 14:50:00,994.65,995.4,994,994.35,456395,-0.1153,-0.0213,441.31,996.4500,-0.21
2025-11-18 14:55:00,994.35,994.8,994.05,994.2,172406,-0.1574,-0.0213,638.97,996.4500,-0.23
2025-11-18 15:00:00,994.2,994.25,992.45,993,1127093,-0.2524,-0.0213,1084.98,996.4500,-0.35
2025-11-18 15:05:00,993.45,993.5,992.2,992.75,934308,-0.3144,-0.0213,1376.06,996.4500,-0.37
2025-11-18 15:10:00,992.75,993.6,991.65,991.85,1144588,-0.3933,-0.0213,1746.48,996.4500,-0.46
2025-11-18 15:15:00,991.85,992.7,991.7,992.65,725142,-0.3691,-0.0213,1632.86,996.4500,-0.38
2025-11-18 15:20:00,992.65,992.75,990.85,991.25,959420,-0.4213,-0.0213,1877.93,996.4500,-0.52
2025-11-18 15:25:00,991.3,991.3,990,990.85,583125,-0.4537,-0.0213,2030.05,996.4500,-0.56
2025-11-19 09:15:00,990,991.5,987,987.1,1406938,-0.6848,-0.4537,50.94,990.8500,-0.38
2025-11-19 09:20:00,987.1,987.95,985.15,986.4,464880,-0.8322,-0.4537,83.43,990.8500,-0.45
2025-11-19 09:25:00,986.4,986.65,986,986,226543,-0.8983,-0.4537,97.99,990.8500,-0.49
2025-11-19 09:30:00,986,987.2,985.65,986,235595,-0.8824,-0.4537,94.49,990.8500,-0.49
2025-11-19 09:35:00,986,986.4,985.65,986.25,156920,-0.7980,-0.4537,75.89,990.8500,-0.46
2025-11-19 09:40:00,986.2,986.25,985.75,986,173130,-0.7051,-0.4537,55.41,990.8500,-0.49
2025-11-19 09:45:00,986,986.35,985.45,985.55,187002,-0.6230,-0.4537,37.32,990.8500,-0.53
2025-11-19 09:50:00,985.55,985.65,985.1,985.55,155857,-0.5218,-0.4537,15.01,990.8500,-0.53
2025-11-19 09:55:00,985.55,986.5,985.5,985.7,255962,-0.4032,-0.4537,-11.13,990.8500,-0.52
2025-11-19 10:00:00,985.7,985.85,984.2,985.8,219870,-0.2821,-0.4537,-37.82,990.8500,-0.51
2025-11-19 10:05:00,985.65,986,985,985.05,109745,-0.2195,-0.4537,-51.62,990.8500,-0.59
2025-11-19 10:10:00,985,986.95,984.9,986.9,195671,-0.0303,-0.4537,-93.32,990.8500,-0.40
2025-11-19 10:15:00,986.8,987.55,986.8,987.45,173863,0.1453,-0.4537,-132.03,990.8500,-0.34
2025-11-19 10:20:00,987.4,987.45,986.6,987.05,121839,0.2424,-0.4537,-153.43,990.8500,-0.38
2025-11-19 10:25:00,987.05,987.4,986.6,986.75,157768,0.2909,-0.4537,-164.12,990.8500,-0.41
2025-11-19 10:30:00,986.6,988.3,986.6,988.25,155952,0.4206,-0.4537,-192.70,990.8500,-0.26
2025-11-19 10:35:00,988.15,988.25,987.05,987.25,108675,0.4339,-0.4537,-195.64,990.8500,-0.36
2025-11-19 10:40:00,987.2,987.25,986.1,986.45,120776,0.3854,-0.4537,-184.95,990.8500,-0.44
2025-11-19 10:45:00,986.4,987.1,985.6,985.9,139626,0.3157,-0.4537,-169.58,990.8500,-0.50
2025-11-19 10:50:00,985.8,986.3,985.55,986.3,98339,0.2963,-0.4537,-165.31,990.8500,-0.46
2025-11-19 10:55:00,986.25,986.3,985.2,985.3,89544,0.2195,-0.4537,-148.38,990.8500,-0.56
2025-11-19 11:00:00,985.3,985.3,984.7,985.2,183523,0.1675,-0.4537,-136.92,990.8500,-0.57
2025-11-19 11:05:00,985.2,985.75,985,985.1,131409,0.1336,-0.4537,-129.45,990.8500,-0.58
2025-11-19 11:10:00,985,985.1,984.35,984.5,108269,0.0804,-0.4537,-117.72,990.8500,-0.64
2025-11-19 11:15:00,984.55,984.8,984,984.8,173751,0.0753,-0.4537,-116.60,990.8500,-0.61
2025-11-19 11:20:00,984.8,985.2,984.6,984.6,148066,0.0685,-0.4537,-115.10,990.8500,-0.63
2025-11-19 11:25:00,984.65,985.45,984.6,985.4,177858,0.1247,-0.4537,-127.49,990.8500,-0.55
2025-11-19 11:30:00,985.45,985.5,985,985.05,98522,0.1436,-0.4537,-131.65,990.8500,-0.59
2025-11-19 11:35:00,985.05,985.5,984.9,985.15,118780,0.1667,-0.4537,-136.74,990.8500,-0.58
2025-11-19 11:40:00,985.2,986,984.85,985.95,137761,0.2354,-0.4537,-151.88,990.8500,-0.49
2025-11-19 11:45:00,986,987.6,985.95,987.1,246592,0.3509,-0.4537,-177.34,990.8500,-0.38
2025-11-19 11:50:00,987.15,987.2,986.65,986.75,102831,0.3932,-0.4537,-186.67,990.8500,-0.41
2025-11-19 11:55:00,986.8,987.05,986.3,986.65,97455,0.4025,-0.4537,-188.72,990.8500,-0.42
2025-11-19 12:00:00,986.7,987.45,986.65,987,186225,0.4183,-0.4537,-192.20,990.8500,-0.39
2025-11-19 12:05:00,987.1,987.4,986.75,987.15,102213,0.4237,-0.4537,-193.39,990.8500,-0.37
2025-11-19 12:10:00,987.15,987.4,986.95,987.2,132072,0.4149,-0.4537,-191.45,990.8500,-0.37
2025-11-19 12:15:00,987.25,987.85,986.45,986.95,203790,0.3777,-0.4537,-183.25,990.8500,-0.39
2025-11-19 12:20:00,987,987.5,986.55,987.15,96072,0.3524,-0.4537,-177.67,990.8500,-0.37
2025-11-19 12:25:00,987.3,987.95,987,987.2,177952,0.3255,-0.4537,-171.74,990.8500,-0.37
2025-11-19 12:30:00,987.25,988.7,987.2,988.5,217187,0.3781,-0.4537,-183.34,990.8500,-0.24
2025-11-19 12:35:00,988.5,988.8,987.1,987.6,158612,0.3364,-0.4537,-174.15,990.8500,-0.33
2025-11-19 12:40:00,987.6,988.05,987.05,987.7,196616,0.3010,-0.4537,-166.34,990.8500,-0.32
2025-11-19 12:45:00,987.7,988.3,987.6,988.25,207204,0.2993,-0.4537,-165.97,990.8500,-0.26
2025-11-19 12:50:00,988.15,988.4,987.1,987.9,163508,0.2607,-0.4537,-157.46,990.8500,-0.30
2025-11-19 12:55:00,987.85,987.9,987.35,987.7,100335,0.2101,-0.4537,-146.31,990.8500,-0.32
2025-11-19 13:00:00,987.75,988.4,987.7,988.05,128846,0.1891,-0.4537,-141.68,990.8500,-0.28
2025-11-19 13:05:00,988.05,988.7,987.6,987.7,141055,0.1427,-0.4537,-131.45,990.8500,-0.32
2025-11-19 13:10:00,987.75,988.35,987.65,988.25,110981,0.1400,-0.4537,-130.86,990.8500,-0.26
2025-11-19 13:15:00,988.2,988.3,988,988.15,118369,0.1229,-0.4537,-127.09,990.8500,-0.27
2025-11-19 13:20:00,988.15,988.45,988,988.05,115441,0.0975,-0.4537,-121.49,990.8500,-0.28
2025-11-19 13:25:00,988.2,988.35,988,988.05,162189,0.0744,-0.4537,-116.40,990.8500,-0.28
2025-11-19 13:30:00,988.05,988.3,987.05,987.45,178251,0.0154,-0.4537,-103.39,990.8500,-0.34
2025-11-19 13:35:00,987.45,987.95,986.9,987.25,188396,-0.0375,-0.4537,-91.73,990.8500,-0.36
2025-11-19 13:40:00,987.25,988,986.3,988,224772,-0.0231,-0.4537,-94.91,990.8500,-0.29
2025-11-19 13:45:00,988,988.3,987.4,988.1,221052,-0.0086,-0.4537,-98.10,990.8500,-0.28
2025-11-19 13:50:00,988.1,988.2,987.55,987.9,111632,-0.0140,-0.4537,-96.91,990.8500,-0.30
2025-11-19 13:55:00,987.9,988.1,987.5,987.55,202645,-0.0411,-0.4537,-90.94,990.8500,-0.33
2025-11-19 14:00:00,987.6,987.85,986.7,987.6,773932,-0.0548,-0.4537,-87.92,990.8500,-0.33
2025-11-19 14:05:00,987.65,988.15,987.25,987.7,322811,-0.0561,-0.4537,-87.64,990.8500,-0.32
2025-11-19 14:10:00,987.75,990.05,987.35,989.5,589324,0.0592,-0.4537,-113.05,990.8500,-0.14
2025-11-19 14:15:00,989.55,990.1,989.25,989.85,329695,0.1487,-0.4537,-132.77,990.8500,-0.10
2025-11-19 14:20:00,989.9,990.35,989.9,990.35,225972,0.2267,-0.4537,-149.97,990.8500,-0.05
2025-11-19 14:25:00,990.3,991.5,990.3,991.4,320722,0.3279,-0.4537,-172.27,990.8500,0.06
2025-11-19 14:30:00,991.45,992.55,991.4,992.45,459452,0.4376,-0.4537,-196.45,990.8500,0.16
2025-11-19 14:35:00,992.5,993.4,992.45,993.4,337171,0.5396,-0.4537,-218.93,990.8500,0.26
2025-11-19 14:40:00,993.3,994.95,993.1,994.15,821117,0.6173,-0.4537,-236.06,990.8500,0.33
2025-11-19 14:45:00,994.2,995,994.15,994.75,309161,0.6648,-0.4537,-246.53,990.8500,0.39
2025-11-19 14:50:00,994.75,996.3,994.7,996.2,325419,0.7435,-0.4537,-263.87,990.8500,0.54
2025-11-19 14:55:00,996.3,996.55,994.95,995.75,325688,0.7149,-0.4537,-257.57,990.8500,0.49
2025-11-19 15:00:00,995.75,996.2,994.35,994.55,676006,0.5708,-0.4537,-225.81,990.8500,0.37
2025-11-19 15:05:00,994.5,994.85,994.2,994.45,698846,0.4309,-0.4537,-194.97,990.8500,0.36
2025-11-19 15:10:00,994.45,994.95,994.4,994.85,687684,0.3319,-0.4537,-173.15,990.8500,0.40
2025-11-19 15:15:00,994.9,994.9,994.6,994.6,504996,0.2214,-0.4537,-148.80,990.8500,0.38
2025-11-19 15:20:00,994.6,994.65,993.1,993.55,612009,0.0581,-0.4537,-112.81,990.8500,0.27
2025-11-19 15:25:00,993.6,995,992.95,994.8,469488,0.0167,-0.4537,-103.68,990.8500,0.40
2025-11-20 09:15:00,995.3,997,992.45,996.35,651560,0.0731,0.0167,337.72,994.8000,0.16
2025-11-20 09:20:00,996.35,996.8,993.5,994.8,287771,-0.0102,0.0167,-161.08,994.8000,0.00
2025-11-20 09:25:00,994.8,995.65,993.95,995.55,217038,-0.0298,0.0167,-278.44,994.8000,0.08
2025-11-20 09:30:00,995.65,996.7,995.25,996.2,158674,-0.0149,0.0167,-189.22,994.8000,0.14
2025-11-20 09:35:00,996.2,996.4,995.2,995.6,132099,-0.0588,0.0167,-452.10,994.8000,0.08
2025-11-20 09:40:00,995.65,995.8,993.05,993.85,186550,-0.2105,0.0167,-1360.48,994.8000,-0.10
2025-11-20 09:45:00,993.95,994.75,993.2,994.6,102895,-0.2619,0.0167,-1668.26,994.8000,-0.02
2025-11-20 09:50:00,994.65,995.4,993.75,995,143618,-0.2694,0.0167,-1713.17,994.8000,0.02
2025-11-20 09:55:00,995,995.4,994.1,994.3,150902,-0.3185,0.0167,-2007.19,994.8000,-0.05
2025-11-20 10:00:00,994.45,995.4,994,995.4,119233,-0.2757,0.0167,-1750.90,994.8000,0.06
2025-11-20 10:05:00,995.3,996.25,995.05,996,140044,-0.2086,0.0167,-1349.10,994.8000,0.12
2025-11-20 10:10:00,996.05,996.05,995.15,995.3,111791,-0.2124,0.0167,-1371.86,994.8000,0.05
2025-11-20 10:15:00,995.35,995.5,994.7,995.15,160564,-0.2249,0.0167,-1446.71,994.8000,0.04
2025-11-20 10:20:00,995.2,995.35,994.65,995.1,106224,-0.2352,0.0167,-1508.38,994.8000,0.03
2025-11-20 10:25:00,995.2,996.25,995,996.05,305548,-0.1793,0.0167,-1173.65,994.8000,0.13
2025-11-20 10:30:00,996.05,997.05,995.15,995.5,500939,-0.1801,0.0167,-1178.44,994.8000,0.07
2025-11-20 10:35:00,995.55,995.8,994.55,995.05,96240,-0.2096,0.0167,-1355.09,994.8000,0.03
2025-11-20 10:40:00,995.15,996.4,995.05,995.95,137792,-0.1690,0.0167,-1111.98,994.8000,0.12
2025-11-20 10:45:00,996,997,995.6,996.85,76749,-0.0861,0.0167,-615.57,994.8000,0.21
2025-11-20 10:50:00,996.85,996.95,996.45,996.75,73143,-0.0447,0.0167,-367.66,994.8000,0.20
2025-11-20 10:55:00,996.75,996.85,996.05,996.15,65025,-0.0633,0.0167,-479.04,994.8000,0.14
2025-11-20 11:00:00,996.2,997,995.75,996.95,102389,-0.0290,0.0167,-273.65,994.8000,0.22
2025-11-20 11:05:00,996.9,998,996.6,997.15,304975,-0.0016,0.0167,-109.58,994.8000,0.24
2025-11-20 11:10:00,997.15,997.75,997,997.55,63147,0.0328,0.0167,96.41,994.8000,0.28
2025-11-20 11:15:00,997.6,998.2,997.4,998,203544,0.0729,0.0167,336.53,994.8000,0.32
2025-11-20 11:20:00,998,999,997.9,998.8,194546,0.1366,0.0167,717.96,994.8000,0.40
2025-11-20 11:25:00,998.45,999,998.3,998.35,119981,0.1318,0.0167,689.22,994.8000,0.36
2025-11-20 11:30:00,998.35,998.5,998.3,998.35,57057,0.1126,0.0167,574.25,994.8000,0.36
2025-11-20 11:35:00,998.35,998.4,997.3,998.1,85222,0.0693,0.0167,314.97,994.8000,0.33
2025-11-20 11:40:00,998,998.55,997.9,998,62379,0.0224,0.0167,34.13,994.8000,0.32
2025-11-20 11:45:00,998,998.15,997.6,997.85,65454,-0.0274,0.0167,-264.07,994.8000,0.31
2025-11-20 11:50:00,997.95,998.5,997.9,998.35,63522,-0.0349,0.0167,-308.98,994.8000,0.36
2025-11-20 11:55:00,998.35,998.4,997.75,998.15,84574,-0.0600,0.0167,-459.28,994.8000,0.34
2025-11-20 12:00:00,998.2,998.75,997.7,998.35,134908,-0.0693,0.0167,-514.97,994.8000,0.36
2025-11-20 12:05:00,998.35,999,998.1,998.6,201593,-0.0648,0.0167,-488.02,994.8000,0.38
2025-11-20 12:10:00,998.5,999,998.5,998.75,122859,-0.0581,0.0167,-447.90,994.8000,0.40
2025-11-20 12:15:00,998.7,998.85,997.8,998.25,261371,-0.0918,0.0167,-649.70,994.8000,0.35
2025-11-20 12:20:00,998.25,999.7,997.95,999.1,332328,-0.0626,0.0167,-474.85,994.8000,0.43
2025-11-20 12:25:00,999.15,1001,999.1,1000.3,435887,0.0270,0.0167,61.68,994.8000,0.55
2025-11-20 12:30:00,1000.7,1003.85,1000.35,1003.8,416612,0.2963,0.0167,1674.25,994.8000,0.90
2025-11-20 12:35:00,1003.85,1006.9,1003.8,1006.6,534774,0.6190,0.0167,3606.59,994.8000,1.19
2025-11-20 12:40:00,1006.6,1008.3,1006,1007.5,382647,0.8354,0.0167,4902.40,994.8000,1.28
2025-11-20 12:45:00,1007.4,1008,1006.3,1006.3,188212,0.8380,0.0167,4917.96,994.8000,1.16
2025-11-20 12:50:00,1006.3,1006.65,1005.3,1005.35,161310,0.7205,0.0167,4214.37,994.8000,1.06
2025-11-20 12:55:00,1005.35,1006.4,1005,1005.75,127042,0.6184,0.0167,3602.99,994.8000,1.10
2025-11-20 13:00:00,1005.85,1006.8,1005.7,1006.25,140984,0.5362,0.0167,3110.78,994.8000,1.15
2025-11-20 13:05:00,1006.25,1006.5,1005.15,1005.15,142753,0.3676,0.0167,2101.20,994.8000,1.04
2025-11-20 13:10:00,1005.2,1005.7,1004.45,1005.05,199770,0.2165,0.0167,1196.41,994.8000,1.03
2025-11-20 13:15:00,1005.1,1006,1004.85,1005.9,129894,0.1445,0.0167,765.27,994.8000,1.12
2025-11-20 13:20:00,1005.95,1006,1005,1005.5,167864,0.0458,0.0167,174.25,994.8000,1.08
2025-11-20 13:25:00,1005.75,1006.4,1005.55,1006.4,143834,0.0183,0.0167,9.58,994.8000,1.17
2025-11-20 13:30:00,1006.35,1006.5,1006.3,1006.4,92119,-0.0205,0.0167,-222.75,994.8000,1.17
2025-11-20 13:35:00,1006.45,1006.95,1006.3,1006.6,131706,-0.0517,0.0167,-409.58,994.8000,1.19
2025-11-20 13:40:00,1006.6,1007,1006.05,1006.4,177506,-0.1017,0.0167,-708.98,994.8000,1.17
2025-11-20 13:45:00,1006.45,1007.8,1006.1,1007.6,351601,-0.0715,0.0167,-528.14,994.8000,1.29
2025-11-20 13:50:00,1007.6,1008.5,1006.95,1008.2,315954,-0.0306,0.0167,-283.23,994.8000,1.35
2025-11-20 13:55:00,1008.4,1008.6,1007.2,1007.2,154933,-0.0872,0.0167,-622.16,994.8000,1.25
2025-11-20 14:00:00,1007.2,1007.65,1006.25,1007.5,167107,-0.1188,0.0167,-811.38,994.8000,1.28
2025-11-20 14:05:00,1007.5,1008,1006.75,1007.85,250782,-0.1296,0.0167,-876.05,994.8000,1.31
2025-11-20 14:10:00,1007.85,1007.85,1006.75,1007.65,119990,-0.1616,0.0167,-1067.66,994.8000,1.29
2025-11-20 14:15:00,1007.65,1008.85,1007.6,1008.4,399329,-0.1443,0.0167,-964.07,994.8000,1.37
2025-11-20 14:20:00,1008.5,1009,1007.95,1008.8,333332,-0.1189,0.0167,-811.98,994.8000,1.41
2025-11-20 14:25:00,1008.9,1009.45,1007.55,1007.85,434895,-0.1757,0.0167,-1152.10,994.8000,1.31
2025-11-20 14:30:00,1007.9,1008.7,1007.4,1008.05,265883,-0.2072,0.0167,-1340.72,994.8000,1.33
2025-11-20 14:35:00,1008.1,1010.95,1008,1010,685007,-0.1091,0.0167,-753.29,994.8000,1.53
2025-11-20 14:40:00,1009.9,1010.3,1008.45,1008.9,360571,-0.1292,0.0167,-873.65,994.8000,1.42
2025-11-20 14:45:00,1008.95,1010.5,1008.3,1009.95,630829,-0.0850,0.0167,-608.98,994.8000,1.52
2025-11-20 14:50:00,1009.95,1011,1008.8,1009.2,377429,-0.1173,0.0167,-802.40,994.8000,1.45
2025-11-20 14:55:00,1009.2,1011.6,1009.1,1010.7,783191,-0.0522,0.0167,-412.57,994.8000,1.60
2025-11-20 15:00:00,1010.65,1011.05,1008.45,1008.55,622393,-0.1621,0.0167,-1070.66,994.8000,1.38
2025-11-20 15:05:00,1008.7,1010.3,1007.95,1008.85,874872,-0.2193,0.0167,-1413.17,994.8000,1.41
2025-11-20 15:10:00,1008.85,1009,1007.95,1008.8,744120,-0.2623,0.0167,-1670.66,994.8000,1.41
2025-11-20 15:15:00,1008.8,1009.05,1008.05,1008.55,568927,-0.3063,0.0167,-1934.13,994.8000,1.38
2025-11-20 15:20:00,1008.55,1009.05,1008.25,1008.9,563027,-0.3096,0.0167,-1953.89,994.8000,1.42
2025-11-20 15:25:00,1008.95,1010,1008.6,1008.6,331069,-0.3281,0.0167,-2064.67,994.8000,1.39
2025-11-21 09:15:00,1003.1,1008.3,1002,1007,988538,-0.4372,-0.3281,33.25,1008.6000,-0.16
2025-11-21 09:20:00,1006.8,1007,1005.5,1006.65,282569,-0.5167,-0.3281,57.48,1008.6000,-0.19
2025-11-21 09:25:00,1006.5,1007.25,1004.8,1004.85,462877,-0.6649,-0.3281,102.65,1008.6000,-0.37
2025-11-21 09:30:00,1004.85,1005.5,1004.25,1004.65,172483,-0.7446,-0.3281,126.94,1008.6000,-0.39
2025-11-21 09:35:00,1004.75,1005.05,1003.5,1004.3,207707,-0.7852,-0.3281,139.32,1008.6000,-0.43
2025-11-21 09:40:00,1004.35,1005,1003.2,1003.3,206298,-0.8389,-0.3281,155.68,1008.6000,-0.53
2025-11-21 09:45:00,1003.3,1003.5,1002.65,1002.9,119949,-0.8576,-0.3281,161.38,1008.6000,-0.57
2025-11-21 09:50:00,1002.9,1003.35,1002.65,1002.8,141541,-0.8324,-0.3281,153.70,1008.6000,-0.58
2025-11-21 09:55:00,1002.9,1003.5,1002,1003.25,146079,-0.7441,-0.3281,126.79,1008.6000,-0.53
2025-11-21 10:00:00,1003.4,1003.5,1002,1002.15,64766,-0.7179,-0.3281,118.81,1008.6000,-0.64
2025-11-21 10:05:00,1002,1002.1,999.6,999.65,321266,-0.8198,-0.3281,149.86,1008.6000,-0.89
2025-11-21 10:10:00,999.7,1000.35,999.2,999.3,173989,-0.8576,-0.3281,161.38,1008.6000,-0.92
2025-11-21 10:15:00,999.3,999.35,997.6,998,167906,-0.9119,-0.3281,177.93,1008.6000,-1.05
2025-11-21 10:20:00,998,998.3,997.55,997.8,152418,-0.9014,-0.3281,174.73,1008.6000,-1.07
2025-11-21 10:25:00,997.85,998.4,997.2,997.5,162579,-0.8552,-0.3281,160.65,1008.6000,-1.10
2025-11-21 10:30:00,997.5,998.05,997.3,997.5,128234,-0.7679,-0.3281,134.04,1008.6000,-1.10
2025-11-21 10:35:00,997.5,997.85,997,997.65,160886,-0.6481,-0.3281,97.53,1008.6000,-1.09
2025-11-21 10:40:00,997.85,997.9,997.2,997.6,97411,-0.5256,-0.3281,60.20,1008.6000,-1.09
2025-11-21 10:45:00,997.65,997.9,996.55,997.5,133591,-0.4096,-0.3281,24.84,1008.6000,-1.10
2025-11-21 10:50:00,997.55,997.6,996.75,997,107725,-0.3286,-0.3281,0.15,1008.6000,-1.15
2025-11-21 10:55:00,997,997.85,996.65,997.65,114358,-0.1995,-0.3281,-39.20,1008.6000,-1.09
2025-11-21 11:00:00,997.65,998.5,997.1,998.1,154164,-0.0593,-0.3281,-81.93,1008.6000,-1.04
2025-11-21 11:05:00,998.1,998.35,996.55,998.05,114422,0.0486,-0.3281,-114.81,1008.6000,-1.05
2025-11-21 11:10:00,998.1,999.2,997.9,998.6,170510,0.1689,-0.3281,-151.48,1008.6000,-0.99
2025-11-21 11:15:00,998.7,999.2,998.3,998.75,90018,0.2647,-0.3281,-180.68,1008.6000,-0.98
2025-11-21 11:20:00,998.95,999.6,997.95,999,448859,0.3459,-0.3281,-205.43,1008.6000,-0.95
2025-11-21 11:25:00,999.1,999.5,998,999.45,528758,0.4257,-0.3281,-229.75,1008.6000,-0.91
2025-11-21 11:30:00,999.45,1000.1,998,998.75,178681,0.4261,-0.3281,-229.87,1008.6000,-0.98
2025-11-21 11:35:00,998.8,1000.25,998.75,999.4,223151,0.4618,-0.3281,-240.75,1008.6000,-0.91
2025-11-21 11:40:00,999.45,999.45,997.5,998.8,268990,0.4370,-0.3281,-233.19,1008.6000,-0.97
2025-11-21 11:45:00,998.9,999.1,998.7,999.05,86414,0.4288,-0.3281,-230.69,1008.6000,-0.95
2025-11-21 11:50:00,999.05,999.6,998.85,999.45,66687,0.4400,-0.3281,-234.11,1008.6000,-0.91
2025-11-21 11:55:00,999.5,1000,999.45,999.8,59702,0.4587,-0.3281,-239.80,1008.6000,-0.87
2025-11-21 12:00:00,999.85,1000.05,999.35,1000,96094,0.4704,-0.3281,-243.37,1008.6000,-0.85
2025-11-21 12:05:00,1000,1000,999.8,999.9,62119,0.4569,-0.3281,-239.26,1008.6000,-0.86
2025-11-21 12:10:00,999.95,1001.45,999.95,1001.2,229733,0.5166,-0.3281,-257.45,1008.6000,-0.73
2025-11-21 12:15:00,1001.25,1002.8,1001,1002.55,211242,0.6211,-0.3281,-289.30,1008.6000,-0.60
2025-11-21 12:20:00,1002.7,1003.85,1002.55,1003.8,404172,0.7404,-0.3281,-325.66,1008.6000,-0.48
2025-11-21 12:25:00,1003.9,1004.55,1002.3,1002.75,420158,0.7142,-0.3281,-317.68,1008.6000,-0.58
2025-11-21 12:30:00,1002.7,1002.7,1001.45,1001.5,169885,0.5839,-0.3281,-277.96,1008.6000,-0.70
2025-11-21 12:35:00,1001.5,1002.45,1000.4,1002.25,274947,0.5213,-0.3281,-258.88,1008.6000,-0.63
2025-11-21 12:40:00,1002.25,1003,1001.85,1002.8,143405,0.4907,-0.3281,-249.56,1008.6000,-0.58
2025-11-21 12:45:00,1002.85,1004.05,1002.8,1003.95,123083,0.5187,-0.3281,-258.09,1008.6000,-0.46
2025-11-21 12:50:00,1003.85,1005,1003.25,1004.2,315296,0.5235,-0.3281,-259.56,1008.6000,-0.44
2025-11-21 12:55:00,1004.2,1004.95,1003.3,1004,459545,0.4836,-0.3281,-247.39,1008.6000,-0.46
2025-11-21 13:00:00,1003.9,1004.1,1002.55,1004.1,381066,0.4357,-0.3281,-232.79,1008.6000,-0.45
2025-11-21 13:05:00,1004.1,1004.1,1003.5,1003.8,260638,0.3589,-0.3281,-209.39,1008.6000,-0.48
2025-11-21 13:10:00,1003.85,1003.9,1001.15,1001.4,347821,0.1331,-0.3281,-140.57,1008.6000,-0.71
2025-11-21 13:15:00,1001.6,1001.85,1000.4,1000.5,115779,-0.0788,-0.3281,-75.98,1008.6000,-0.80
2025-11-21 13:20:00,1000.55,1000.85,999.75,999.75,151968,-0.2612,-0.3281,-20.39,1008.6000,-0.88
2025-11-21 13:25:00,999.95,1000.4,999.8,1000,130239,-0.3510,-0.3281,6.98,1008.6000,-0.85
2025-11-21 13:30:00,1000,1001.2,999.85,1001.2,227789,-0.3167,-0.3281,-3.47,1008.6000,-0.73
2025-11-21 13:35:00,1001.2,1001.45,999.6,1000.1,382099,-0.3525,-0.3281,7.44,1008.6000,-0.84
2025-11-21 13:40:00,1000.3,1000.35,999.25,999.25,124631,-0.4136,-0.3281,26.06,1008.6000,-0.93
2025-11-21 13:45:00,999.3,1000.5,999.15,1000.25,153122,-0.3683,-0.3281,12.25,1008.6000,-0.83
2025-11-21 13:50:00,1000.4,1001.35,1000,1001.25,294865,-0.2578,-0.3281,-21.43,1008.6000,-0.73
2025-11-21 13:55:00,1001.3,1002.35,1001.25,1002.3,141397,-0.1086,-0.3281,-66.90,1008.6000,-0.62
2025-11-21 14:00:00,1002,1002.25,1001.45,1002.1,119525,-0.0224,-0.3281,-93.17,1008.6000,-0.64
2025-11-21 14:05:00,1002.1,1002.3,1001.3,1002.2,138684,0.0390,-0.3281,-111.89,1008.6000,-0.63
2025-11-21 14:10:00,1002.25,1002.35,1001.55,1001.95,104157,0.0592,-0.3281,-118.04,1008.6000,-0.66
2025-11-21 14:15:00,1002,1002.8,1001.95,1002.75,131130,0.1194,-0.3281,-136.39,1008.6000,-0.58
2025-11-21 14:20:00,1002.75,1002.95,1002.55,1002.8,133104,0.1534,-0.3281,-146.75,1008.6000,-0.58
2025-11-21 14:25:00,1002.85,1002.9,1002.3,1002.4,111431,0.1400,-0.3281,-142.67,1008.6000,-0.61
2025-11-21 14:30:00,1002.3,1002.55,1001.5,1002,112417,0.0974,-0.3281,-129.69,1008.6000,-0.65
2025-11-21 14:35:00,1002.05,1002.95,1001.9,1002.3,144359,0.0832,-0.3281,-125.36,1008.6000,-0.62
2025-11-21 14:40:00,1002.5,1002.5,1001.55,1001.6,134199,0.0235,-0.3281,-107.16,1008.6000,-0.69
2025-11-21 14:45:00,1001.65,1001.8,1000.55,1000.95,140390,-0.0585,-0.3281,-82.17,1008.6000,-0.76
2025-11-21 14:50:00,1001,1001.25,1000.2,1000.3,132533,-0.1500,-0.3281,-54.28,1008.6000,-0.82
2025-11-21 14:55:00,1000.3,1000.45,999.45,999.95,131266,-0.2232,-0.3281,-31.97,1008.6000,-0.86
2025-11-21 15:00:00,999.95,1000,998.25,998.25,512737,-0.3667,-0.3281,11.76,1008.6000,-1.03
2025-11-21 15:05:00,998.25,998.4,997.1,997.35,555723,-0.4949,-0.3281,50.84,1008.6000,-1.12
2025-11-21 15:10:00,997.35,998.15,997.25,998.05,553312,-0.5035,-0.3281,53.46,1008.6000,-1.05
2025-11-21 15:15:00,998.05,998.5,997.3,997.6,584482,-0.5089,-0.3281,55.11,1008.6000,-1.09
2025-11-21 15:20:00,997.6,998.55,997.6,997.95,553152,-0.4599,-0.3281,40.17,1008.6000,-1.06
2025-11-21 15:25:00,997.9,998.75,997.5,998,352529,-0.3974,-0.3281,21.12,1008.6000,-1.05
2025-11-24 09:15:00,1000,1004.3,1000,1002.4,750840,-0.0512,-0.3974,-87.12,998.0000,0.44
2025-11-24 09:20:00,1002.3,1003.2,1000.85,1001.2,267399,0.0974,-0.3974,-124.51,998.0000,0.32
2025-11-24 09:25:00,1001.35,1003,1001.3,1002.7,165363,0.2864,-0.3974,-172.07,998.0000,0.47
2025-11-24 09:30:00,1002.6,1003.05,1002.05,1002.4,180552,0.3753,-0.3974,-194.44,998.0000,0.44
2025-11-24 09:35:00,1002.45,1002.45,1001.1,1001.4,101960,0.3513,-0.3974,-188.40,998.0000,0.34
2025-11-24 09:40:00,1001.4,1002.05,1000.75,1001.05,137046,0.2985,-0.3974,-175.11,998.0000,0.31
2025-11-24 09:45:00,1001.05,1001.9,1000.15,1001.75,120484,0.2967,-0.3974,-174.66,998.0000,0.38
2025-11-24 09:50:00,1001.75,1002.35,1000.8,1001,98014,0.2338,-0.3974,-158.83,998.0000,0.30
2025-11-24 09:55:00,1001,1001.75,1000.8,1001.05,91152,0.1864,-0.3974,-146.90,998.0000,0.31
2025-11-24 10:00:00,1001.05,1001.95,1001,1001.65,87081,0.1858,-0.3974,-146.75,998.0000,0.37
2025-11-24 10:05:00,1001.95,1002.8,1001.5,1002.55,111809,0.2334,-0.3974,-158.73,998.0000,0.46
2025-11-24 10:10:00,1002.6,1004,1002.4,1004,178051,0.3432,-0.3974,-186.36,998.0000,0.60
2025-11-24 10:15:00,1003.85,1004,1003.2,1003.95,79663,0.3897,-0.3974,-198.06,998.0000,0.60
2025-11-24 10:20:00,1003.95,1006,1003.9,1005.4,205280,0.4891,-0.3974,-223.07,998.0000,0.74
2025-11-24 10:25:00,1005.45,1007.55,1005,1006.8,149727,0.6119,-0.3974,-253.98,998.0000,0.88
2025-11-24 10:30:00,1006.9,1008,1006.8,1008,119616,0.7289,-0.3974,-283.42,998.0000,1.00
2025-11-24 10:35:00,1007.85,1009.3,1007.85,1008.7,258067,0.8026,-0.3974,-301.96,998.0000,1.07
2025-11-24 10:40:00,1008.8,1009,1008,1008.25,88316,0.7700,-0.3974,-293.76,998.0000,1.03
2025-11-24 10:45:00,1008.4,1008.7,1007.45,1008.25,87678,0.6995,-0.3974,-276.02,998.0000,1.03
2025-11-24 10:50:00,1008.25,1008.75,1007.8,1007.9,81763,0.5850,-0.3974,-247.21,998.0000,0.99
2025-11-24 10:55:00,1007.95,1008.55,1007.35,1007.9,101003,0.4698,-0.3974,-218.22,998.0000,0.99
2025-11-24 11:00:00,1007.95,1008.9,1007,1008.05,117925,0.3689,-0.3974,-192.83,998.0000,1.01
2025-11-24 11:05:00,1008.15,1009,1007.45,1008.75,108102,0.3164,-0.3974,-179.62,998.0000,1.08
2025-11-24 11:10:00,1008.9,1008.9,1007.9,1008.2,92352,0.2165,-0.3974,-154.48,998.0000,1.02
2025-11-24 11:15:00,1008.3,1008.3,1007.65,1008.1,109211,0.1204,-0.3974,-130.30,998.0000,1.01
2025-11-24 11:20:00,1008.15,1008.15,1007.25,1007.85,81032,0.0218,-0.3974,-105.49,998.0000,0.99
2025-11-24 11:25:00,1008,1010,1007.9,1009.9,223199,0.0736,-0.3974,-118.52,998.0000,1.19
2025-11-24 11:30:00,1010,1011.25,1009.8,1011.1,389912,0.1625,-0.3974,-140.89,998.0000,1.31
2025-11-24 11:35:00,1011.2,1011.45,1010.85,1011,128544,0.1867,-0.3974,-146.98,998.0000,1.30
2025-11-24 11:40:00,1011,1011.15,1009.3,1010.25,153854,0.1271,-0.3974,-131.98,998.0000,1.23
2025-11-24 11:45:00,1010.25,1010.25,1008.55,1008.75,157144,-0.0300,-0.3974,-92.45,998.0000,1.08
2025-11-24 11:50:00,1008.75,1009,1007.15,1007.2,125219,-0.2431,-0.3974,-38.83,998.0000,0.92
2025-11-24 11:55:00,1007.35,1008.3,1006.75,1008,147167,-0.3296,-0.3974,-17.06,998.0000,1.00
2025-11-24 12:00:00,1008.1,1008.85,1007.95,1008.6,99157,-0.3442,-0.3974,-13.39,998.0000,1.06
2025-11-24 12:05:00,1008.7,1008.8,1007.05,1007.35,77908,-0.4303,-0.3974,8.28,998.0000,0.94
2025-11-24 12:10:00,1007.35,1007.65,1006.4,1007.4,58201,-0.4728,-0.3974,18.97,998.0000,0.94
2025-11-24 12:15:00,1007.4,1007.8,1006.45,1007,68738,-0.5133,-0.3974,29.16,998.0000,0.90
2025-11-24 12:20:00,1007.1,1007.7,1005.95,1006.2,159889,-0.5748,-0.3974,44.64,998.0000,0.82
2025-11-24 12:25:00,1006.2,1006.45,1005,1005.6,213847,-0.6321,-0.3974,59.06,998.0000,0.76
2025-11-24 12:30:00,1005.65,1007.5,1005.05,1007.45,162772,-0.5261,-0.3974,32.39,998.0000,0.95
2025-11-24 12:35:00,1007.45,1008.2,1007.1,1008.1,196093,-0.3987,-0.3974,0.33,998.0000,1.01
2025-11-24 12:40:00,1008.1,1008.9,1007.3,1008.9,115863,-0.2539,-0.3974,-36.11,998.0000,1.09
2025-11-24 12:45:00,1008.9,1009.4,1007.25,1008.1,230185,-0.2075,-0.3974,-47.79,998.0000,1.01
2025-11-24 12:50:00,1008.3,1009,1006.65,1007.35,214931,-0.2214,-0.3974,-44.29,998.0000,0.94
2025-11-24 12:55:00,1007.5,1007.95,1006.6,1007.8,98514,-0.1954,-0.3974,-50.83,998.0000,0.98
2025-11-24 13:00:00,1007.75,1007.9,1006.55,1007.05,168774,-0.2218,-0.3974,-44.19,998.0000,0.91
2025-11-24 13:05:00,1007.05,1008.35,1005.6,1007.65,428869,-0.1931,-0.3974,-51.41,998.0000,0.97
2025-11-24 13:10:00,1007.65,1008.2,1007.05,1007.6,147650,-0.1723,-0.3974,-56.64,998.0000,0.96
2025-11-24 13:15:00,1007.55,1007.8,1006.4,1007.75,73182,-0.1444,-0.3974,-63.66,998.0000,0.98
2025-11-24 13:20:00,1007.75,1008.5,1007.7,1007.9,148125,-0.1133,-0.3974,-71.49,998.0000,0.99
2025-11-24 13:25:00,1008.25,1008.5,1007.65,1008,97659,-0.0846,-0.3974,-78.71,998.0000,1.00
2025-11-24 13:30:00,1008,1008.2,1007.45,1007.75,118495,-0.0812,-0.3974,-79.57,998.0000,0.98
2025-11-24 13:35:00,1007.8,1008.6,1007.1,1007.1,137245,-0.1191,-0.3974,-70.03,998.0000,0.91
2025-11-24 13:40:00,1007.35,1008.6,1006.1,1008.6,320877,-0.0434,-0.3974,-89.08,998.0000,1.06
2025-11-24 13:45:00,1008.55,1009,1008,1008.5,150995,-0.0025,-0.3974,-99.37,998.0000,1.05
2025-11-24 13:50:00,1008.5,1009,1007.75,1008.15,127608,-0.0015,-0.3974,-99.62,998.0000,1.02
2025-11-24 13:55:00,1008.2,1008.5,1007.75,1007.8,53507,-0.0256,-0.3974,-93.56,998.0000,0.98
2025-11-24 14:00:00,1007.95,1008,1006.2,1006.5,132555,-0.1247,-0.3974,-68.62,998.0000,0.85
2025-11-24 14:05:00,1006.2,1006.95,1005.6,1005.8,242648,-0.2270,-0.3974,-42.88,998.0000,0.78
2025-11-24 14:10:00,1005.8,1007.65,1005.75,1007.65,216688,-0.1627,-0.3974,-59.06,998.0000,0.97
2025-11-24 14:15:00,1007.4,1008,1006.5,1006.55,294933,-0.1853,-0.3974,-53.37,998.0000,0.86
2025-11-24 14:20:00,1006.75,1006.85,1005.2,1005.5,194376,-0.2576,-0.3974,-35.18,998.0000,0.75
2025-11-24 14:25:00,1005.5,1006.2,1005.45,1005.85,81191,-0.2672,-0.3974,-32.76,998.0000,0.79
2025-11-24 14:30:00,1005.85,1006.9,1005.75,1006.2,322489,-0.2365,-0.3974,-40.49,998.0000,0.82
2025-11-24 14:35:00,1006.2,1006.4,1004.6,1005.35,386501,-0.2581,-0.3974,-35.05,998.0000,0.74
2025-11-24 14:40:00,1005.35,1006.2,1004.9,1005.7,106013,-0.2343,-0.3974,-41.04,998.0000,0.77
2025-11-24 14:45:00,1005.95,1006.35,1005.5,1005.65,104564,-0.2082,-0.3974,-47.61,998.0000,0.77
2025-11-24 14:50:00,1005.65,1006.4,1004.4,1004.95,247121,-0.2230,-0.3974,-43.89,998.0000,0.70
2025-11-24 14:55:00,1005,1006.35,1004.75,1006.15,236004,-0.1410,-0.3974,-64.52,998.0000,0.82
2025-11-24 15:00:00,1006.2,1006.6,1001.15,1001.25,3784116,-0.3915,-0.3974,-1.48,998.0000,0.33
2025-11-24 15:05:00,1001.25,1001.25,999.65,999.75,3207322,-0.6194,-0.3974,55.86,998.0000,0.18
2025-11-24 15:10:00,999.8,999.8,997.55,997.85,4040093,-0.8454,-0.3974,112.73,998.0000,-0.02
2025-11-24 15:15:00,997.9,999.45,997.85,998.45,3109417,-0.8968,-0.3974,125.67,998.0000,0.05
2025-11-24 15:20:00,998.45,998.45,996,997.35,3791793,-0.9426,-0.3974,137.19,998.0000,-0.07
2025-11-24 15:25:00,997.45,998.85,993.6,997.85,2276862,-0.8781,-0.3974,120.96,998.0000,-0.02
2025-11-25 09:15:00,1004,1006.1,999.15,999.25,1188802,-0.6885,-0.8781,-21.59,997.8500,0.14
2025-11-25 09:20:00,999.15,1000.5,996.6,997.1,261343,-0.6555,-0.8781,-25.35,997.8500,-0.08
2025-11-25 09:25:00,997.25,997.75,994.75,995.6,180889,-0.6792,-0.8781,-22.65,997.8500,-0.23
2025-11-25 09:30:00,995.5,998.3,994.65,998.15,121060,-0.4774,-0.8781,-45.63,997.8500,0.03
2025-11-25 09:35:00,998.2,998.6,996.75,997.1,101544,-0.3733,-0.8781,-57.49,997.8500,-0.08
2025-11-25 09:40:00,997.1,997.45,996,996.5,75992,-0.3065,-0.8781,-65.10,997.8500,-0.14
2025-11-25 09:45:00,996.5,996.65,995.45,995.8,138222,-0.2721,-0.8781,-69.01,997.8500,-0.21
2025-11-25 09:50:00,995.8,998.1,995.05,997.5,105004,-0.1061,-0.8781,-87.92,997.8500,-0.04
2025-11-25 09:55:00,997.3,997.65,996.5,997.35,82848,0.0158,-0.8781,-101.80,997.8500,-0.05
2025-11-25 10:00:00,997.3,997.9,996.1,996.25,137817,0.0431,-0.8781,-104.91,997.8500,-0.16
2025-11-25 10:05:00,996.1,998,996.1,997.95,218142,0.1882,-0.8781,-121.43,997.8500,0.01
2025-11-25 10:10:00,998,999.75,997.9,999.1,398087,0.3640,-0.8781,-141.45,997.8500,0.13
2025-11-25 10:15:00,999.1,999.1,997.45,997.45,149440,0.3704,-0.8781,-142.18,997.8500,-0.04
2025-11-25 10:20:00,997.6,998,997.5,997.6,95594,0.3842,-0.8781,-143.75,997.8500,-0.03
2025-11-25 10:25:00,997.6,998,997.1,997.2,93272,0.3660,-0.8781,-141.68,997.8500,-0.07
2025-11-25 10:30:00,997.2,998,996.55,996.55,88364,0.3119,-0.8781,-135.52,997.8500,-0.13
2025-11-25 10:35:00,996.7,997.15,996,997.05,78738,0.3108,-0.8781,-135.39,997.8500,-0.08
2025-11-25 10:40:00,997.05,997.15,996.05,996.15,67012,0.2529,-0.8781,-128.80,997.8500,-0.17
2025-11-25 10:45:00,996.15,996.75,995.7,996,127226,0.2098,-0.8781,-123.89,997.8500,-0.19
2025-11-25 10:50:00,996,996.4,995,995,218877,0.1235,-0.8781,-114.06,997.8500,-0.29
2025-11-25 10:55:00,995.2,995.2,993,993.3,211517,-0.0304,-0.8781,-96.54,997.8500,-0.46
2025-11-25 11:00:00,993.3,993.35,992.15,992.45,158779,-0.1642,-0.8781,-81.30,997.8500,-0.54
2025-11-25 11:05:00,992.45,993.2,991.75,993.15,132992,-0.1791,-0.8781,-79.60,997.8500,-0.47
2025-11-25 11:10:00,993.15,993.85,992.65,993.8,106057,-0.1216,-0.8781,-86.15,997.8500,-0.41
2025-11-25 11:15:00,993.85,994.55,993.2,993.9,118898,-0.0564,-0.8781,-93.58,997.8500,-0.40
2025-11-25 11:20:00,994,994.2,992.75,993.55,114902,-0.0184,-0.8781,-97.90,997.8500,-0.43
2025-11-25 11:25:00,993.4,994.6,993.4,994.5,102124,0.0835,-0.8781,-109.51,997.8500,-0.34
2025-11-25 11:30:00,994.4,994.85,993.7,994.6,97155,0.1657,-0.8781,-118.87,997.8500,-0.33
2025-11-25 11:35:00,994.7,994.9,994.25,994.7,73294,0.2308,-0.8781,-126.28,997.8500,-0.32
2025-11-25 11:40:00,994.85,995,993.5,993.95,104098,0.2271,-0.8781,-125.86,997.8500,-0.39
2025-11-25 11:45:00,993.95,995.45,993.7,995.25,105546,0.3108,-0.8781,-135.39,997.8500,-0.26
2025-11-25 11:50:00,995.3,996.3,995.2,996.1,353176,0.4153,-0.8781,-147.30,997.8500,-0.18
2025-11-25 11:55:00,996.1,997.85,996,996.9,208229,0.5234,-0.8781,-159.61,997.8500,-0.10
2025-11-25 12:00:00,996.85,997.3,995.45,995.45,380249,0.4832,-0.8781,-155.03,997.8500,-0.24
2025-11-25 12:05:00,995.45,997.4,995.45,996.7,166092,0.5235,-0.8781,-159.62,997.8500,-0.12
2025-11-25 12:10:00,996.8,996.8,994.3,995.65,222688,0.4640,-0.8781,-152.84,997.8500,-0.22
2025-11-25 12:15:00,995.7,995.75,993.55,993.75,145735,0.2898,-0.8781,-133.00,997.8500,-0.41
2025-11-25 12:20:00,993.75,993.75,992.9,993.4,168424,0.1512,-0.8781,-117.22,997.8500,-0.45
2025-11-25 12:25:00,993.4,994.4,993.1,993.25,276997,0.0545,-0.8781,-106.21,997.8500,-0.46
2025-11-25 12:30:00,993.5,995.2,993.25,995.1,462620,0.1166,-0.8781,-113.28,997.8500,-0.28
2025-11-25 12:35:00,995.15,996,995,995.2,346940,0.1632,-0.8781,-118.59,997.8500,-0.27
2025-11-25 12:40:00,995.3,996.1,995.1,995.6,232437,0.2163,-0.8781,-124.63,997.8500,-0.23
2025-11-25 12:45:00,995.6,996.4,995.15,995.2,211221,0.2191,-0.8781,-124.95,997.8500,-0.27
2025-11-25 12:50:00,995.4,996.25,994.95,996.1,89267,0.2728,-0.8781,-131.07,997.8500,-0.18
2025-11-25 12:55:00,996.15,996.95,994.8,995.3,481515,0.2464,-0.8781,-128.06,997.8500,-0.26
2025-11-25 13:00:00,995.3,995.5,994,994.5,284502,0.1707,-0.8781,-119.44,997.8500,-0.34
2025-11-25 13:05:00,994.85,997.45,994.45,997.15,117605,0.2877,-0.8781,-132.76,997.8500,-0.07
2025-11-25 13:10:00,997.1,997.95,995.6,995.75,397432,0.2604,-0.8781,-129.65,997.8500,-0.21
2025-11-25 13:15:00,995.8,997.45,995.75,996.95,107659,0.3093,-0.8781,-135.22,997.8500,-0.09
2025-11-25 13:20:00,996.9,998.8,995.95,998.1,325695,0.3996,-0.8781,-145.51,997.8500,0.03
2025-11-25 13:25:00,998.15,999.95,998.1,999.65,280531,0.5356,-0.8781,-161.00,997.8500,0.18
2025-11-25 13:30:00,999.6,999.95,997.9,999.45,479948,0.5803,-0.8781,-166.09,997.8500,0.16
2025-11-25 13:35:00,999.5,1000.6,999.05,1000,434515,0.6120,-0.8781,-169.70,997.8500,0.22
2025-11-25 13:40:00,1000.25,1000.35,998.1,998.75,387300,0.5176,-0.8781,-158.95,997.8500,0.09
2025-11-25 13:45:00,998.8,1000,998.3,998.45,391676,0.4085,-0.8781,-146.52,997.8500,0.06
2025-11-25 13:50:00,998.5,1000.4,998.1,1000.15,500103,0.4226,-0.8781,-148.13,997.8500,0.23
2025-11-25 13:55:00,1000.15,1000.2,999.1,999.45,275753,0.3592,-0.8781,-140.91,997.8500,0.16
2025-11-25 14:00:00,999.5,1000.3,999.05,999.9,170071,0.3230,-0.8781,-136.78,997.8500,0.21
2025-11-25 14:05:00,999.9,1000.8,999.5,999.65,194484,0.2603,-0.8781,-129.64,997.8500,0.18
2025-11-25 14:10:00,999.65,1000.5,999.5,1000.15,219413,0.2317,-0.8781,-126.39,997.8500,0.23
2025-11-25 14:15:00,1000.15,1000.2,997.6,997.65,527304,0.0339,-0.8781,-103.86,997.8500,-0.02
2025-11-25 14:20:00,997.75,998.9,997,997.4,269987,-0.1161,-0.8781,-86.78,997.8500,-0.05
2025-11-25 14:25:00,997.25,997.5,995.5,995.7,231881,-0.3205,-0.8781,-63.50,997.8500,-0.22
2025-11-25 14:30:00,995.6,996,994.5,994.6,568348,-0.5093,-0.8781,-42.00,997.8500,-0.33
2025-11-25 14:35:00,994.65,996.35,993.2,993.45,317146,-0.6804,-0.8781,-22.51,997.8500,-0.44
2025-11-25 14:40:00,993.55,996.3,993.25,995.95,435534,-0.5970,-0.8781,-32.01,997.8500,-0.19
2025-11-25 14:45:00,995.95,997,995.25,996.4,501881,-0.4879,-0.8781,-44.44,997.8500,-0.15
2025-11-25 14:50:00,996.45,996.85,992.7,992.95,441213,-0.6162,-0.8781,-29.83,997.8500,-0.49
2025-11-25 14:55:00,992.9,994,991.35,991.5,387510,-0.7575,-0.8781,-13.73,997.8500,-0.64
2025-11-25 15:00:00,991.45,992.5,988.4,990.3,1469061,-0.8819,-0.8781,0.43,997.8500,-0.76
2025-11-25 15:05:00,990.1,991.45,989.45,989.6,1574535,-0.9553,-0.8781,8.79,997.8500,-0.83
2025-11-25 15:10:00,989.55,991.4,989.1,989.75,1516584,-0.9363,-0.8781,6.63,997.8500,-0.81
2025-11-25 15:15:00,989.75,990.35,988.5,989.25,1094356,-0.8999,-0.8781,2.48,997.8500,-0.86
2025-11-25 15:20:00,989.2,989.85,988.6,989.85,1025811,-0.7822,-0.8781,-10.92,997.8500,-0.80
2025-11-25 15:25:00,989.45,990,989,989.45,574652,-0.6818,-0.8781,-22.36,997.8500,-0.84
2025-11-26 09:15:00,981.3,991.85,981.3,991.85,1771332,-0.4171,-0.6818,-38.82,989.4500,0.24
2025-11-26 09:20:00,991.85,992.1,990.5,990.8,202460,-0.2827,-0.6818,-58.54,989.4500,0.14
2025-11-26 09:25:00,990.7,991.4,990.05,990.9,140487,-0.1629,-0.6818,-76.11,989.4500,0.15
2025-11-26 09:30:00,990.75,995.2,990,995.2,462623,0.2099,-0.6818,-130.79,989.4500,0.58
2025-11-26 09:35:00,995.1,995.85,994,994.75,160319,0.4181,-0.6818,-161.32,989.4500,0.54
2025-11-26 09:40:00,994.75,995.9,994.65,995.5,157022,0.5878,-0.6818,-186.21,989.4500,0.61
2025-11-26 09:45:00,995.5,998,995.5,997.45,294195,0.7998,-0.6818,-217.31,989.4500,0.81
2025-11-26 09:50:00,997.45,999.5,997.3,998.75,230855,0.9838,-0.6818,-244.29,989.4500,0.94
2025-11-26 09:55:00,999,999.7,998.2,999.7,134787,1.1161,-0.6818,-263.70,989.4500,1.04
2025-11-26 10:00:00,999.65,1000.95,999.5,1000.2,204494,1.1778,-0.6818,-272.75,989.4500,1.09
2025-11-26 10:05:00,1000.05,1001,1000,1000,90806,1.1446,-0.6818,-267.88,989.4500,1.07
2025-11-26 10:10:00,1000,1000.9,999.25,1000.2,88998,1.0766,-0.6818,-257.91,989.4500,1.09
2025-11-26 10:15:00,1000.25,1000.95,998.8,999,136939,0.8986,-0.6818,-231.80,989.4500,0.97
2025-11-26 10:20:00,998.85,998.9,997.4,998.6,129313,0.7099,-0.6818,-204.12,989.4500,0.92
2025-11-26 10:25:00,998.6,999.2,997.6,999.2,89205,0.5867,-0.6818,-186.05,989.4500,0.99
2025-11-26 10:30:00,999,999.9,998,998.2,106672,0.4074,-0.6818,-159.75,989.4500,0.88
2025-11-26 10:35:00,998.15,999,997.95,998.9,94264,0.3101,-0.6818,-145.48,989.4500,0.96
2025-11-26 10:40:00,998.85,999.1,998.05,999,75002,0.2302,-0.6818,-133.76,989.4500,0.97
2025-11-26 10:45:00,999,1000.9,998.8,1000.45,126416,0.2510,-0.6818,-136.81,989.4500,1.11
2025-11-26 10:50:00,1000.4,1000.9,999.05,999.1,123835,0.1546,-0.6818,-122.68,989.4500,0.98
2025-11-26 10:55:00,999.1,999.55,999,999.1,62890,0.0756,-0.6818,-111.09,989.4500,0.98
2025-11-26 11:00:00,999.05,1000.45,998,1000,403608,0.0689,-0.6818,-110.11,989.4500,1.07
2025-11-26 11:05:00,999.85,1000.1,997.95,999.35,188632,0.0087,-0.6818,-101.28,989.4500,1.00
2025-11-26 11:10:00,999.3,1000,999.05,1000,65910,0.0013,-0.6818,-100.19,989.4500,1.07
2025-11-26 11:15:00,999.85,1000,999.8,1000,60232,-0.0143,-0.6818,-97.90,989.4500,1.07
2025-11-26 11:20:00,999.95,1000.95,999.95,1000.7,95468,0.0105,-0.6818,-101.54,989.4500,1.14
2025-11-26 11:25:00,1000.7,1001.95,1000.55,1001.55,150327,0.0689,-0.6818,-110.11,989.4500,1.22
2025-11-26 11:30:00,1001.55,1002,1000.9,1001.5,273311,0.0878,-0.6818,-112.88,989.4500,1.22
2025-11-26 11:35:00,1001.25,1001.5,1000,1000.15,76876,-0.0024,-0.6818,-99.65,989.4500,1.08
2025-11-26 11:40:00,1000.1,1000.35,999.5,999.7,77873,-0.0986,-0.6818,-85.54,989.4500,1.04
2025-11-26 11:45:00,999.7,1000.8,999.3,1000.45,70418,-0.1169,-0.6818,-82.85,989.4500,1.11
2025-11-26 11:50:00,1000.4,1000.5,999.5,999.7,81559,-0.1808,-0.6818,-73.48,989.4500,1.04
2025-11-26 11:55:00,999.7,1000.5,999.3,1000.5,101446,-0.1706,-0.6818,-74.98,989.4500,1.12
2025-11-26 12:00:00,1000.35,1001.4,999.7,1001.25,147887,-0.1172,-0.6818,-82.81,989.4500,1.19
2025-11-26 12:05:00,1001.2,1001.95,1001,1001.9,84885,-0.0458,-0.6818,-93.28,989.4500,1.26
2025-11-26 12:10:00,1001.95,1002,1001.45,1001.65,87153,-0.0241,-0.6818,-96.47,989.4500,1.23
2025-11-26 12:15:00,1001.7,1001.95,1001.3,1001.4,66553,-0.0347,-0.6818,-94.91,989.4500,1.21
2025-11-26 12:20:00,1001.35,1001.55,1000.75,1001.55,92397,-0.0393,-0.6818,-94.24,989.4500,1.22
2025-11-26 12:25:00,1001.55,1002.25,1001,1001.85,296575,-0.0303,-0.6818,-95.56,989.4500,1.25
2025-11-26 12:30:00,1001.85,1002.45,1001.3,1002.3,119466,-0.0035,-0.6818,-99.49,989.4500,1.30
2025-11-26 12:35:00,1002.35,1003.25,1001.8,1003.1,153717,0.0552,-0.6818,-108.10,989.4500,1.38
2025-11-26 12:40:00,1003.2,1004.15,1003,1003.45,154217,0.1022,-0.6818,-114.99,989.4500,1.41
2025-11-26 12:45:00,1003.55,1003.6,1002.5,1003,102662,0.0880,-0.6818,-112.91,989.4500,1.37
2025-11-26 12:50:00,1002.95,1003.2,1002.05,1002.4,100986,0.0264,-0.6818,-103.87,989.4500,1.31
2025-11-26 12:55:00,1002.35,1003.15,1002,1003.15,120258,0.0244,-0.6818,-103.58,989.4500,1.38
2025-11-26 13:00:00,1003.15,1004,1003.05,1003.95,89116,0.0630,-0.6818,-109.24,989.4500,1.47
2025-11-26 13:05:00,1003.95,1004,1003.35,1003.5,106200,0.0452,-0.6818,-106.63,989.4500,1.42
2025-11-26 13:10:00,1003.6,1004.1,1003.5,1003.95,79980,0.0502,-0.6818,-107.36,989.4500,1.47
2025-11-26 13:15:00,1003.9,1004.8,1003.5,1004.2,173205,0.0565,-0.6818,-108.29,989.4500,1.49
2025-11-26 13:20:00,1004.2,1004.85,1003.55,1003.75,226077,0.0183,-0.6818,-102.68,989.4500,1.45
2025-11-26 13:25:00,1003.7,1004,1002.35,1003,222606,-0.0649,-0.6818,-90.48,989.4500,1.37
2025-11-26 13:30:00,1003.05,1004.55,1003,1004,226490,-0.0600,-0.6818,-91.20,989.4500,1.47
2025-11-26 13:35:00,1004,1004.1,1003.8,1003.95,79166,-0.0672,-0.6818,-90.14,989.4500,1.47
2025-11-26 13:40:00,1003.95,1005,1003.4,1003.6,378821,-0.1005,-0.6818,-85.26,989.4500,1.43
2025-11-26 13:45:00,1003.6,1004.7,1003.5,1004.45,100368,-0.0716,-0.6818,-89.50,989.4500,1.52
2025-11-26 13:50:00,1004.5,1005,1003.7,1004.9,327920,-0.0306,-0.6818,-95.51,989.4500,1.56
2025-11-26 13:55:00,1004.95,1005.65,1004.7,1005,343074,-0.0065,-0.6818,-99.05,989.4500,1.57
2025-11-26 14:00:00,1004.95,1006.95,1004.95,1006.2,534021,0.0761,-0.6818,-111.16,989.4500,1.69
2025-11-26 14:05:00,1006.25,1006.65,1005,1006.45,479878,0.1301,-0.6818,-119.08,989.4500,1.72
2025-11-26 14:10:00,1006.45,1006.65,1004.6,1005,405756,0.0546,-0.6818,-108.01,989.4500,1.57
2025-11-26 14:15:00,1005,1005,1004,1004.8,261902,-0.0184,-0.6818,-97.30,989.4500,1.55
2025-11-26 14:20:00,1004.8,1004.8,1004.25,1004.7,94993,-0.0797,-0.6818,-88.31,989.4500,1.54
2025-11-26 14:25:00,1004.75,1004.8,1003.15,1003.2,408482,-0.2195,-0.6818,-67.81,989.4500,1.39
2025-11-26 14:30:00,1003.2,1004.05,1003,1003.75,110147,-0.2699,-0.6818,-60.41,989.4500,1.45
2025-11-26 14:35:00,1003.8,1003.8,1003.35,1003.4,81329,-0.3185,-0.6818,-53.29,989.4500,1.41
2025-11-26 14:40:00,1003.45,1004.55,1003.35,1004.15,651199,-0.2924,-0.6818,-57.11,989.4500,1.49
2025-11-26 14:45:00,1004.25,1004.45,1002.45,1002.6,331437,-0.3670,-0.6818,-46.17,989.4500,1.33
2025-11-26 14:50:00,1002.9,1004.45,1002.2,1004.15,558716,-0.3021,-0.6818,-55.69,989.4500,1.49
2025-11-26 14:55:00,1004.1,1004.8,1003.5,1003.95,743663,-0.2643,-0.6818,-61.23,989.4500,1.47
2025-11-26 15:00:00,1004,1004.15,1002.65,1003.5,848344,-0.2606,-0.6818,-61.78,989.4500,1.42
2025-11-26 15:05:00,1003.35,1004.15,1002.6,1003.75,380409,-0.2334,-0.6818,-65.77,989.4500,1.45
2025-11-26 15:10:00,1003.75,1004.4,1003,1004.4,474956,-0.1667,-0.6818,-75.55,989.4500,1.51
2025-11-26 15:15:00,1004.4,1004.4,1003.4,1004.25,510761,-0.1295,-0.6818,-81.01,989.4500,1.50
2025-11-26 15:20:00,1004.25,1004.9,1004,1004.75,484062,-0.0709,-0.6818,-89.60,989.4500,1.55
2025-11-26 15:25:00,1004.8,1005,1004,1005,350316,-0.0178,-0.6818,-97.39,989.4500,1.57
2025-11-27 09:15:00,1002.1,1006.6,1001,1005.5,2039411,0.0451,-0.0178,-353.37,1005.0000,0.05
2025-11-27 09:20:00,1005.5,1010,1005,1007,930882,0.1745,-0.0178,-1080.34,1005.0000,0.20
2025-11-27 09:25:00,1007,1010.65,1006.25,1009.8,879360,0.4214,-0.0178,-2467.42,1005.0000,0.48
2025-11-27 09:30:00,1009.6,1010.1,1008.7,1009.8,250461,0.5494,-0.0178,-3186.52,1005.0000,0.48
2025-11-27 09:35:00,1009.8,1010.65,1008.3,1008.3,228468,0.4991,-0.0178,-2903.93,1005.0000,0.33
2025-11-27 09:40:00,1008.1,1009,1006.65,1008.8,192932,0.4663,-0.0178,-2719.66,1005.0000,0.38
2025-11-27 09:45:00,1008.7,1009,1007.5,1008.6,142906,0.4003,-0.0178,-2348.88,1005.0000,0.36
2025-11-27 09:50:00,1008.85,1011,1008.2,1010.1,202026,0.4247,-0.0178,-2485.96,1005.0000,0.51
2025-11-27 09:55:00,1010.35,1013.4,1010.2,1012.35,453853,0.5512,-0.0178,-3196.63,1005.0000,0.73
2025-11-27 10:00:00,1012.4,1016.3,1012.4,1015,648381,0.7594,-0.0178,-4366.29,1005.0000,1.00
2025-11-27 10:05:00,1015,1016.8,1014.65,1015.5,578293,0.8690,-0.0178,-4982.02,1005.0000,1.04
2025-11-27 10:10:00,1015.5,1015.85,1014.35,1015.5,418866,0.8772,-0.0178,-5028.09,1005.0000,1.04
2025-11-27 10:15:00,1015.65,1015.85,1013.5,1014.25,264442,0.7395,-0.0178,-4254.49,1005.0000,0.92
2025-11-27 10:20:00,1014.25,1015.55,1013.8,1014.45,366742,0.6085,-0.0178,-3518.54,1005.0000,0.94
2025-11-27 10:25:00,1014.3,1015.4,1013.8,1014.35,186577,0.4681,-0.0178,-2729.78,1005.0000,0.93
2025-11-27 10:30:00,1014.4,1014.9,1013.6,1014.25,154024,0.3280,-0.0178,-1942.70,1005.0000,0.92
2025-11-27 10:35:00,1014.25,1015,1013.45,1014.1,224186,0.1915,-0.0178,-1175.84,1005.0000,0.91
2025-11-27 10:40:00,1014,1015.5,1013.35,1015,305585,0.1311,-0.0178,-836.52,1005.0000,1.00
2025-11-27 10:45:00,1015.3,1016,1014.8,1015.7,253637,0.1083,-0.0178,-708.43,1005.0000,1.06
2025-11-27 10:50:00,1015.55,1016.8,1015.05,1015.55,310101,0.0560,-0.0178,-414.61,1005.0000,1.05
2025-11-27 10:55:00,1015.55,1016,1014.75,1015.3,1368614,-0.0187,-0.0178,5.06,1005.0000,1.02
2025-11-27 11:00:00,1015.25,1016.15,1015.1,1015.8,219232,-0.0556,-0.0178,212.36,1005.0000,1.07
2025-11-27 11:05:00,1015.8,1016.35,1015.35,1016.15,177181,-0.0763,-0.0178,328.65,1005.0000,1.11
2025-11-27 11:10:00,1016.15,1016.3,1015.2,1015.55,165001,-0.1462,-0.0178,721.35,1005.0000,1.05
2025-11-27 11:15:00,1015.55,1015.85,1014.45,1015,199276,-0.2398,-0.0178,1247.19,1005.0000,1.00
2025-11-27 11:20:00,1015.15,1015.9,1014.6,1015.3,192760,-0.2885,-0.0178,1520.79,1005.0000,1.02
2025-11-27 11:25:00,1015.3,1016,1014.8,1015.5,154235,-0.3123,-0.0178,1654.49,1005.0000,1.04
2025-11-27 11:30:00,1015.55,1015.7,1014.65,1015,127357,-0.3631,-0.0178,1939.89,1005.0000,1.00
2025-11-27 11:35:00,1015,1015.5,1014.5,1015.2,134705,-0.3828,-0.0178,2050.56,1005.0000,1.01
2025-11-27 11:40:00,1015.25,1015.6,1014.75,1014.75,150024,-0.4225,-0.0178,2273.60,1005.0000,0.97
2025-11-27 11:45:00,1014.9,1015.1,1011.65,1012.3,227829,-0.5993,-0.0178,3266.85,1005.0000,0.73
2025-11-27 11:50:00,1012.45,1014.05,1012,1012.65,229863,-0.6727,-0.0178,3679.21,1005.0000,0.76
2025-11-27 11:55:00,1012.65,1013.5,1012.5,1012.75,124497,-0.6920,-0.0178,3787.64,1005.0000,0.77
2025-11-27 12:00:00,1012.8,1013.85,1011.25,1011.7,147427,-0.7480,-0.0178,4102.25,1005.0000,0.67
2025-11-27 12:05:00,1011.75,1012.5,1010.5,1012.4,136472,-0.7108,-0.0178,3893.26,1005.0000,0.74
2025-11-27 12:10:00,1012.4,1012.85,1011.7,1012.25,578336,-0.6698,-0.0178,3662.92,1005.0000,0.72
2025-11-27 12:15:00,1012.45,1012.5,1011.15,1012.2,89386,-0.6205,-0.0178,3385.96,1005.0000,0.72
2025-11-27 12:20:00,1012.25,1012.9,1011,1011.15,121834,-0.6312,-0.0178,3446.07,1005.0000,0.61
2025-11-27 12:25:00,1011.45,1012,1010.25,1011.6,172781,-0.5816,-0.0178,3167.42,1005.0000,0.66
2025-11-27 12:30:00,1011.6,1012.35,1011.1,1011.75,140678,-0.5147,-0.0178,2791.57,1005.0000,0.67
2025-11-27 12:35:00,1011.75,1012.85,1011.5,1012.5,126069,-0.4010,-0.0178,2152.81,1005.0000,0.75
2025-11-27 12:40:00,1012.55,1014,1012,1013.3,169361,-0.2598,-0.0178,1359.55,1005.0000,0.83
2025-11-27 12:45:00,1013.5,1013.75,1012,1012.7,136780,-0.1975,-0.0178,1009.55,1005.0000,0.77
2025-11-27 12:50:00,1012.7,1013.2,1011.95,1012.2,150357,-0.1811,-0.0178,917.42,1005.0000,0.72
2025-11-27 12:55:00,1012.2,1012.5,1011.5,1011.6,151832,-0.2004,-0.0178,1025.84,1005.0000,0.66
2025-11-27 13:00:00,1011.6,1012.05,1011.15,1011.75,164577,-0.1926,-0.0178,982.02,1005.0000,0.67
2025-11-27 13:05:00,1011.9,1012.2,1011.2,1011.9,145908,-0.1678,-0.0178,842.70,1005.0000,0.69
2025-11-27 13:10:00,1012.05,1012.25,1009,1009.6,365215,-0.2897,-0.0178,1527.53,1005.0000,0.46
2025-11-27 13:15:00,1009.6,1010,1008.55,1009.9,216159,-0.3306,-0.0178,1757.30,1005.0000,0.49
2025-11-27 13:20:00,1009.9,1010.15,1008,1008.4,291831,-0.4325,-0.0178,2329.78,1005.0000,0.34
2025-11-27 13:25:00,1008.4,1008.5,1006.55,1006.65,237000,-0.5825,-0.0178,3172.47,1005.0000,0.16
2025-11-27 13:30:00,1006.7,1008.95,1006.35,1008.8,233128,-0.5044,-0.0178,2733.71,1005.0000,0.38
2025-11-27 13:35:00,1008.75,1009.3,1007.95,1008.75,201034,-0.4268,-0.0178,2297.75,1005.0000,0.37
2025-11-27 13:40:00,1008.7,1009.15,1007.65,1008.05,178714,-0.3940,-0.0178,2113.48,1005.0000,0.30
2025-11-27 13:45:00,1008.1,1010,1008,1009.8,227055,-0.2338,-0.0178,1213.48,1005.0000,0.48
2025-11-27 13:50:00,1009.85,1010.6,1009.5,1010.55,198423,-0.0654,-0.0178,267.42,1005.0000,0.55
2025-11-27 13:55:00,1010.55,1010.85,1009.8,1010.4,188218,0.0421,-0.0178,-336.52,1005.0000,0.54
2025-11-27 14:00:00,1010.45,1011,1009.25,1010.45,182108,0.1183,-0.0178,-764.61,1005.0000,0.54
2025-11-27 14:05:00,1010.4,1012.55,1010.15,1011.25,457253,0.2186,-0.0178,-1328.09,1005.0000,0.62
2025-11-27 14:10:00,1011.3,1012.2,1010.5,1011.35,240802,0.2835,-0.0178,-1692.70,1005.0000,0.63
2025-11-27 14:15:00,1011.35,1012.35,1009.4,1010.8,367845,0.2807,-0.0178,-1676.97,1005.0000,0.58
2025-11-27 14:20:00,1010.45,1012,1010,1011.95,550911,0.3435,-0.0178,-2029.78,1005.0000,0.69
2025-11-27 14:25:00,1012,1013.3,1011.5,1012.25,366012,0.3891,-0.0178,-2285.96,1005.0000,0.72
2025-11-27 14:30:00,1012.3,1013,1011,1011.7,708625,0.3664,-0.0178,-2158.43,1005.0000,0.67
2025-11-27 14:35:00,1011.7,1012.6,1011.3,1012.05,237314,0.3586,-0.0178,-2114.61,1005.0000,0.70
2025-11-27 14:40:00,1012.2,1012.4,1010.25,1011.4,403012,0.2960,-0.0178,-1762.92,1005.0000,0.64
2025-11-27 14:45:00,1011.4,1011.5,1010.5,1010.6,153143,0.1921,-0.0178,-1179.21,1005.0000,0.56
2025-11-27 14:50:00,1010.65,1010.65,1009.05,1009.8,232595,0.0672,-0.0178,-477.53,1005.0000,0.48
2025-11-27 14:55:00,1009.9,1010.7,1009.25,1009.6,409602,-0.0260,-0.0178,46.07,1005.0000,0.46
2025-11-27 15:00:00,1009.6,1012,1008.75,1009,1123621,-0.1201,-0.0178,574.72,1005.0000,0.40
2025-11-27 15:05:00,1009,1010.15,1008.35,1010.1,707269,-0.1009,-0.0178,466.85,1005.0000,0.51
2025-11-27 15:10:00,1010.1,1010.25,1008.4,1009.1,565453,-0.1456,-0.0178,717.98,1005.0000,0.41
2025-11-27 15:15:00,1009.15,1009.9,1008.35,1009.45,431305,-0.1415,-0.0178,694.94,1005.0000,0.44
2025-11-27 15:20:00,1009.45,1010.6,1009,1009.4,504175,-0.1322,-0.0178,642.70,1005.0000,0.44
2025-11-27 15:25:00,1009.35,1010,1008.2,1009.05,326484,-0.1390,-0.0178,680.90,1005.0000,0.40
2025-11-28 09:15:00,1007,1008,1004.25,1007.35,415787,-0.2413,-0.1390,73.60,1009.0500,-0.17
2025-11-28 09:20:00,1007.5,1007.75,1006.6,1006.85,180889,-0.3211,-0.1390,131.01,1009.0500,-0.22
2025-11-28 09:25:00,1006.85,1008,1006.35,1007.5,214615,-0.3083,-0.1390,121.80,1009.0500,-0.15
2025-11-28 09:30:00,1007.5,1007.5,1006.2,1007.35,189165,-0.2887,-0.1390,107.70,1009.0500,-0.17
2025-11-28 09:35:00,1007.5,1007.75,1004.2,1004.85,140224,-0.4150,-0.1390,198.56,1009.0500,-0.42
2025-11-28 09:40:00,1004.9,1006.75,1004.65,1005.55,158925,-0.4211,-0.1390,202.95,1009.0500,-0.35
2025-11-28 09:45:00,1005.7,1007,1005.35,1006.65,143829,-0.3249,-0.1390,133.74,1009.0500,-0.24
2025-11-28 09:50:00,1006.65,1007.25,1006.2,1007.05,148831,-0.2137,-0.1390,53.74,1009.0500,-0.20
2025-11-28 09:55:00,1007.25,1007.25,1006.5,1006.95,36724,-0.1303,-0.1390,-6.26,1009.0500,-0.21
2025-11-28 10:00:00,1006.95,1007.5,1006.3,1007.5,167920,-0.0269,-0.1390,-80.65,1009.0500,-0.15
2025-11-28 10:05:00,1007.5,1007.9,1007.05,1007.05,66461,0.0198,-0.1390,-114.24,1009.0500,-0.20
2025-11-28 10:10:00,1007.2,1007.25,1005.65,1005.65,71098,-0.0321,-0.1390,-76.91,1009.0500,-0.34
2025-11-28 10:15:00,1005.95,1006,1005.35,1005.8,56428,-0.0441,-0.1390,-68.27,1009.0500,-0.32
2025-11-28 10:20:00,1005.8,1006.5,1005.45,1005.8,68702,-0.0399,-0.1390,-71.29,1009.0500,-0.32
2025-11-28 10:25:00,1005.8,1007.95,1005.45,1007.7,220463,0.0955,-0.1390,-168.71,1009.0500,-0.13
2025-11-28 10:30:00,1007.7,1010,1007.25,1009.2,301807,0.2804,-0.1390,-301.73,1009.0500,0.01
2025-11-28 10:35:00,1009.05,1010.5,1008.95,1010.4,259403,0.4667,-0.1390,-435.76,1009.0500,0.13
2025-11-28 10:40:00,1010.1,1011.2,1009.3,1011,108203,0.6049,-0.1390,-535.18,1009.0500,0.19
2025-11-28 10:45:00,1011.05,1011.4,1010.45,1011.05,209567,0.6691,-0.1390,-581.37,1009.0500,0.20
2025-11-28 10:50:00,1010.7,1011.65,1010.35,1011.1,358004,0.6821,-0.1390,-590.72,1009.0500,0.20
2025-11-28 10:55:00,1011.1,1011.4,1010.55,1011.3,159122,0.6704,-0.1390,-582.30,1009.0500,0.22
2025-11-28 11:00:00,1011.3,1011.65,1010.5,1011.4,200535,0.6358,-0.1390,-557.41,1009.0500,0.23
2025-11-28 11:05:00,1011.4,1011.5,1009.55,1010.2,121390,0.5044,-0.1390,-462.88,1009.0500,0.11
2025-11-28 11:10:00,1010,1012.05,1009.6,1011.05,962074,0.4487,-0.1390,-422.81,1009.0500,0.20
2025-11-28 11:15:00,1011.05,1011.3,1010.45,1010.9,278258,0.3787,-0.1390,-372.45,1009.0500,0.18
2025-11-28 11:20:00,1010.95,1011.05,1009.1,1009.45,244391,0.2195,-0.1390,-257.91,1009.0500,0.04
2025-11-28 11:25:00,1009.45,1009.65,1008.1,1008.55,132208,0.0473,-0.1390,-134.03,1009.0500,-0.05
2025-11-28 11:30:00,1008.55,1009.85,1008.5,1009,67442,-0.0379,-0.1390,-72.73,1009.0500,-0.00
2025-11-28 11:35:00,1009,1009.2,1008.05,1008.8,148661,-0.1055,-0.1390,-24.10,1009.0500,-0.02
2025-11-28 11:40:00,1008.8,1009.15,1008.15,1008.85,75530,-0.1424,-0.1390,2.45,1009.0500,-0.02
2025-11-28 11:45:00,1008.8,1009.8,1008.8,1009.75,164956,-0.1035,-0.1390,-25.54,1009.0500,0.07
2025-11-28 11:50:00,1009.75,1009.95,1008.65,1009.1,89695,-0.1178,-0.1390,-15.25,1009.0500,0.00
2025-11-28 11:55:00,1009.1,1010,1008.55,1009.95,122490,-0.0688,-0.1390,-50.50,1009.0500,0.09
2025-11-28 12:00:00,1009.95,1010.45,1009.05,1009.55,168567,-0.0621,-0.1390,-55.32,1009.0500,0.05
2025-11-28 12:05:00,1009.55,1010.1,1008.75,1008.95,154604,-0.0951,-0.1390,-31.58,1009.0500,-0.01
2025-11-28 12:10:00,1008.95,1009.7,1008.75,1009.35,163713,-0.0871,-0.1390,-37.34,1009.0500,0.03
2025-11-28 12:15:00,1009.35,1009.7,1008.75,1008.95,86145,-0.1048,-0.1390,-24.60,1009.0500,-0.01
2025-11-28 12:20:00,1008.95,1010.2,1008.9,1009.4,103223,-0.0830,-0.1390,-40.29,1009.0500,0.03
2025-11-28 12:25:00,1009.4,1010.3,1009.25,1010,106288,-0.0280,-0.1390,-79.86,1009.0500,0.09
2025-11-28 12:30:00,1010,1012,1009.85,1011.9,319760,0.1280,-0.1390,-192.09,1009.0500,0.28
2025-11-28 12:35:00,1011.9,1012,1011,1011.6,138207,0.1985,-0.1390,-242.81,1009.0500,0.25
2025-11-28 12:40:00,1011.5,1011.6,1010.5,1010.95,88200,0.1889,-0.1390,-235.90,1009.0500,0.19
2025-11-28 12:45:00,1010.75,1011,1009.95,1010.35,87308,0.1323,-0.1390,-195.18,1009.0500,0.13
2025-11-28 12:50:00,1010.35,1010.6,1009.75,1010.35,171674,0.0873,-0.1390,-162.81,1009.0500,0.13
2025-11-28 12:55:00,1010.3,1010.65,1009.3,1010.25,170070,0.0452,-0.1390,-132.52,1009.0500,0.12
2025-11-28 13:00:00,1010.15,1010.7,1010.05,1010.35,90286,0.0199,-0.1390,-114.32,1009.0500,0.13
2025-11-28 13:05:00,1010.65,1010.85,1010,1010.05,189198,-0.0191,-0.1390,-86.26,1009.0500,0.10
2025-11-28 13:10:00,1010.2,1010.45,1009.9,1010.15,76009,-0.0392,-0.1390,-71.80,1009.0500,0.11
2025-11-28 13:15:00,1010.15,1010.5,1009.5,1009.75,150017,-0.0781,-0.1390,-43.81,1009.0500,0.07
2025-11-28 13:20:00,1009.75,1011,1009.25,1010.9,130275,-0.0276,-0.1390,-80.14,1009.0500,0.18
2025-11-28 13:25:00,1010.9,1011.15,1010,1010.3,174941,-0.0355,-0.1390,-74.46,1009.0500,0.12
2025-11-28 13:30:00,1010.2,1011,1010,1010,82282,-0.0603,-0.1390,-56.62,1009.0500,0.09
2025-11-28 13:35:00,1010.05,1011.2,1009.85,1011,114234,-0.0112,-0.1390,-91.94,1009.0500,0.19
2025-11-28 13:40:00,1011,1011.05,1009.85,1010.15,139538,-0.0365,-0.1390,-73.74,1009.0500,0.11
2025-11-28 13:45:00,1010.2,1010.4,1008.55,1008.55,182554,-0.1549,-0.1390,11.44,1009.0500,-0.05
2025-11-28 13:50:00,1008.55,1009.3,1007.8,1009.15,194946,-0.1846,-0.1390,32.81,1009.0500,0.01
2025-11-28 13:55:00,1009.15,1009.3,1008.1,1008.7,155288,-0.2238,-0.1390,61.01,1009.0500,-0.03
2025-11-28 14:00:00,1008.5,1009.2,1008.25,1009.05,217758,-0.2153,-0.1390,54.89,1009.0500,0.00
2025-11-28 14:05:00,1009.05,1009.2,1007.85,1008.8,162977,-0.2151,-0.1390,54.75,1009.0500,-0.02
2025-11-28 14:10:00,1008.8,1009.2,1008.3,1008.5,76814,-0.2230,-0.1390,60.43,1009.0500,-0.05
2025-11-28 14:15:00,1008.5,1009.45,1008.15,1008.75,171764,-0.1997,-0.1390,43.67,1009.0500,-0.03
2025-11-28 14:20:00,1008.75,1009.05,1008,1009.05,197635,-0.1546,-0.1390,11.22,1009.0500,0.00
2025-11-28 14:25:00,1009.05,1009.5,1008.7,1009.5,236475,-0.0883,-0.1390,-36.47,1009.0500,0.04
2025-11-28 14:30:00,1009.5,1009.75,1008.55,1008.9,308732,-0.0788,-0.1390,-43.31,1009.0500,-0.01
2025-11-28 14:35:00,1008.9,1010.9,1008.6,1010.9,335534,0.0605,-0.1390,-143.53,1009.0500,0.18
2025-11-28 14:40:00,1010.9,1011.2,1009.35,1009.65,233185,0.0664,-0.1390,-147.77,1009.0500,0.06
2025-11-28 14:45:00,1009.65,1010.35,1009,1009.45,184083,0.0552,-0.1390,-139.71,1009.0500,0.04
2025-11-28 14:50:00,1009.45,1009.9,1008.8,1009.4,94195,0.0434,-0.1390,-131.22,1009.0500,0.03
2025-11-28 14:55:00,1009.5,1009.85,1009.1,1009.55,201299,0.0444,-0.1390,-131.94,1009.0500,0.05
2025-11-28 15:00:00,1009.55,1009.65,1008.2,1008.5,822890,-0.0232,-0.1390,-83.31,1009.0500,-0.05
2025-11-28 15:05:00,1008.45,1008.5,1006.5,1007.4,738813,-0.1335,-0.1390,-3.96,1009.0500,-0.16
2025-11-28 15:10:00,1007.4,1007.55,1007.15,1007.2,502569,-0.2070,-0.1390,48.92,1009.0500,-0.18
2025-11-28 15:15:00,1007.15,1007.3,1006.45,1006.45,644522,-0.2882,-0.1390,107.34,1009.0500,-0.26
2025-11-28 15:20:00,1006.7,1007.75,1006.5,1007.55,723251,-0.2512,-0.1390,80.72,1009.0500,-0.15
2025-11-28 15:25:00,1007.5,1008,1006.5,1006.7,343255,-0.2660,-0.1390,91.37,1009.0500,-0.23
2025-12-01 09:15:00,1017.5,1017.5,1010.1,1010.8,935055,0.0040,-0.2660,-101.50,1006.7000,0.41
2025-12-01 09:20:00,1010.8,1011.5,1009.2,1011.2,328595,0.2023,-0.2660,-176.05,1006.7000,0.45
2025-12-01 09:25:00,1011.2,1011.6,1009.2,1010,178790,0.2426,-0.2660,-191.20,1006.7000,0.33
2025-12-01 09:30:00,1010.3,1014.9,1010,1014.2,223050,0.5259,-0.2660,-297.71,1006.7000,0.75
2025-12-01 09:35:00,1014.3,1014.9,1011.8,1013.3,263689,0.6199,-0.2660,-333.05,1006.7000,0.66
2025-12-01 09:40:00,1013.2,1013.5,1009.4,1010.4,173011,0.4614,-0.2660,-273.46,1006.7000,0.37
2025-12-01 09:45:00,1010.2,1010.7,1009,1009.8,96188,0.2986,-0.2660,-212.26,1006.7000,0.31
2025-12-01 09:50:00,1009.7,1009.8,1009,1009.6,73820,0.1664,-0.2660,-162.56,1006.7000,0.29
2025-12-01 09:55:00,1009.7,1011.2,1009.4,1010.1,97019,0.1048,-0.2660,-139.40,1006.7000,0.34
2025-12-01 10:00:00,1010.2,1011.3,1010,1010.3,116263,0.0711,-0.2660,-126.73,1006.7000,0.36
2025-12-01 10:05:00,1010.2,1010.9,1008.5,1008.8,110449,-0.0519,-0.2660,-80.49,1006.7000,0.21
2025-12-01 10:10:00,1008.8,1009.4,1008.2,1009,63730,-0.1158,-0.2660,-56.47,1006.7000,0.23
2025-12-01 10:15:00,1008.9,1009.4,1007.1,1007.9,113196,-0.2220,-0.2660,-16.54,1006.7000,0.12
2025-12-01 10:20:00,1007.6,1008.4,1007.5,1007.8,46760,-0.2849,-0.2660,7.11,1006.7000,0.11
2025-12-01 10:25:00,1007.8,1008.2,1006.9,1007.7,78326,-0.3166,-0.2660,19.02,1006.7000,0.10
2025-12-01 10:30:00,1007.7,1009,1007.1,1008.4,79474,-0.2755,-0.2660,3.57,1006.7000,0.17
2025-12-01 10:35:00,1008.4,1009.2,1007.8,1008.1,71887,-0.2539,-0.2660,-4.55,1006.7000,0.14
2025-12-01 10:40:00,1008.1,1008.5,1007.5,1007.8,57548,-0.2452,-0.2660,-7.82,1006.7000,0.11
2025-12-01 10:45:00,1007.8,1007.8,1006.4,1006.9,67379,-0.2827,-0.2660,6.28,1006.7000,0.02
2025-12-01 10:50:00,1006.8,1007.4,1006.1,1006.5,75693,-0.3147,-0.2660,18.31,1006.7000,-0.02
2025-12-01 10:55:00,1006.5,1009.2,1006.5,1008.7,181827,-0.1749,-0.2660,-34.25,1006.7000,0.20
2025-12-01 11:00:00,1008.7,1009.1,1007.1,1007.7,119929,-0.1386,-0.2660,-47.89,1006.7000,0.10
2025-12-01 11:05:00,1007.7,1008.4,1007.5,1008.2,59642,-0.0730,-0.2660,-72.56,1006.7000,0.15
2025-12-01 11:10:00,1008.1,1009,1008.1,1008.7,89048,0.0077,-0.2660,-102.89,1006.7000,0.20
2025-12-01 11:15:00,1008.3,1009,1008,1008.5,70538,0.0489,-0.2660,-118.38,1006.7000,0.18
2025-12-01 11:20:00,1008.4,1009.2,1008,1008.6,117714,0.0823,-0.2660,-130.94,1006.7000,0.19
2025-12-01 11:25:00,1008.5,1008.6,1007.8,1007.9,116078,0.0577,-0.2660,-121.69,1006.7000,0.12
2025-12-01 11:30:00,1008.1,1009.3,1007.9,1009,126191,0.1129,-0.2660,-142.44,1006.7000,0.23
2025-12-01 11:35:00,1009.1,1009.1,1007.9,1008.8,99635,0.1319,-0.2660,-149.59,1006.7000,0.21
2025-12-01 11:40:00,1008.8,1008.8,1004.7,1005.4,401777,-0.0772,-0.2660,-70.98,1006.7000,-0.13
2025-12-01 11:45:00,1005.4,1005.6,1002.5,1004.5,231668,-0.2587,-0.2660,-2.74,1006.7000,-0.22
2025-12-01 11:50:00,1004.4,1005.3,1003.8,1004.6,265516,-0.3489,-0.2660,31.17,1006.7000,-0.21
2025-12-01 11:55:00,1004.6,1006,1004.3,1005.2,157036,-0.3445,-0.2660,29.51,1006.7000,-0.15
2025-12-01 12:00:00,1005.3,1005.5,1003.5,1003.7,196119,-0.4142,-0.2660,55.71,1006.7000,-0.30
2025-12-01 12:05:00,1003.6,1004.3,1001.9,1002.3,281673,-0.5194,-0.2660,95.26,1006.7000,-0.44
2025-12-01 12:10:00,1002.2,1003.2,1001.7,1002.6,268408,-0.5317,-0.2660,99.89,1006.7000,-0.41
2025-12-01 12:15:00,1002.6,1002.7,1000.9,1001.2,342575,-0.5923,-0.2660,122.67,1006.7000,-0.55
2025-12-01 12:20:00,1001.4,1002,999.6,1001.9,393714,-0.5448,-0.2660,104.81,1006.7000,-0.48
2025-12-01 12:25:00,1001.7,1002,1000.3,1001.8,215979,-0.4817,-0.2660,81.09,1006.7000,-0.49
2025-12-01 12:30:00,1001.7,1001.9,999.3,1000.1,224663,-0.5132,-0.2660,92.93,1006.7000,-0.66
2025-12-01 12:35:00,1000.3,1001.3,999.6,1000.2,239739,-0.4862,-0.2660,82.78,1006.7000,-0.65
2025-12-01 12:40:00,1000.1,1001.5,999.8,1000.9,152509,-0.3847,-0.2660,44.62,1006.7000,-0.58
2025-12-01 12:45:00,1000.5,1001.2,999.3,1000.4,295779,-0.3175,-0.2660,19.36,1006.7000,-0.63
2025-12-01 12:50:00,1000.4,1002.9,1000.4,1002.6,233421,-0.1022,-0.2660,-61.58,1006.7000,-0.41
2025-12-01 12:55:00,1002.4,1003.6,1001.2,1002.9,385502,0.0735,-0.2660,-127.63,1006.7000,-0.38
2025-12-01 13:00:00,1002.9,1003.6,1001.9,1003.4,250961,0.2279,-0.2660,-185.68,1006.7000,-0.33
2025-12-01 13:05:00,1003.4,1003.8,1002.4,1002.5,263103,0.2709,-0.2660,-201.84,1006.7000,-0.42
2025-12-01 13:10:00,1002.6,1003.3,1002.5,1002.9,127090,0.3242,-0.2660,-221.88,1006.7000,-0.38
2025-12-01 13:15:00,1003.1,1004,1002.9,1003.9,118221,0.4186,-0.2660,-257.37,1006.7000,-0.28
2025-12-01 13:20:00,1003.8,1004.4,1003.1,1003.4,125856,0.4373,-0.2660,-264.40,1006.7000,-0.33
2025-12-01 13:25:00,1003.4,1003.8,1002.3,1003.3,261717,0.4321,-0.2660,-262.44,1006.7000,-0.34
2025-12-01 13:30:00,1003.2,1003.5,1002.5,1002.8,121700,0.3855,-0.2660,-244.92,1006.7000,-0.39
2025-12-01 13:35:00,1002.8,1004,1002.8,1003.6,117696,0.3977,-0.2660,-249.51,1006.7000,-0.31
2025-12-01 13:40:00,1003.6,1004.6,1003.4,1004,113625,0.4195,-0.2660,-257.71,1006.7000,-0.27
2025-12-01 13:45:00,1003.9,1004.2,1003.3,1003.8,121968,0.4070,-0.2660,-253.01,1006.7000,-0.29
2025-12-01 13:50:00,1003.7,1004.4,1003.5,1004.1,112022,0.4047,-0.2660,-252.14,1006.7000,-0.26
2025-12-01 13:55:00,1004.1,1004.2,1003.2,1003.8,109527,0.3696,-0.2660,-238.95,1006.7000,-0.29
2025-12-01 14:00:00,1003.7,1006,1003.7,1005.8,436687,0.4618,-0.2660,-273.61,1006.7000,-0.09
2025-12-01 14:05:00,1005.7,1006.4,1005.1,1006,285850,0.5129,-0.2660,-292.82,1006.7000,-0.07
2025-12-01 14:10:00,1006,1006,1005,1005.3,156580,0.4771,-0.2660,-279.36,1006.7000,-0.14
2025-12-01 14:15:00,1005.3,1005.6,1004,1004.8,171176,0.4004,-0.2660,-250.53,1006.7000,-0.19
2025-12-01 14:20:00,1004.7,1005,1003.9,1004.3,159385,0.3010,-0.2660,-213.16,1006.7000,-0.24
2025-12-01 14:25:00,1004.3,1005,1003.8,1004,146861,0.2048,-0.2660,-176.99,1006.7000,-0.27
2025-12-01 14:30:00,1004.1,1004.2,1002,1002.9,206124,0.0641,-0.2660,-124.10,1006.7000,-0.38
2025-12-01 14:35:00,1002.9,1003.6,1002.7,1003.2,146702,-0.0079,-0.2660,-97.03,1006.7000,-0.35
2025-12-01 14:40:00,1003.2,1003.6,1001.9,1001.9,162665,-0.1352,-0.2660,-49.17,1006.7000,-0.48
2025-12-01 14:45:00,1002.2,1002.8,1001.8,1002.7,143112,-0.1561,-0.2660,-41.32,1006.7000,-0.40
2025-12-01 14:50:00,1002.6,1002.7,1001.1,1001.3,352560,-0.2494,-0.2660,-6.24,1006.7000,-0.54
2025-12-01 14:55:00,1001.3,1001.9,1000.1,1000.7,368403,-0.3314,-0.2660,24.59,1006.7000,-0.60
2025-12-01 15:00:00,1000.8,1002,1000.4,1002,409741,-0.2801,-0.2660,5.30,1006.7000,-0.47
2025-12-01 15:05:00,1002,1002.3,1001.3,1001.9,378180,-0.2366,-0.2660,-11.05,1006.7000,-0.48
2025-12-01 15:10:00,1001.9,1003.6,1001.6,1002.1,611393,-0.1806,-0.2660,-32.11,1006.7000,-0.46
2025-12-01 15:15:00,1002.2,1002.6,1001.8,1002.5,403888,-0.1065,-0.2660,-59.96,1006.7000,-0.42
2025-12-01 15:20:00,1002.3,1002.6,1001.8,1002.5,413798,-0.0503,-0.2660,-81.09,1006.7000,-0.42
2025-12-01 15:25:00,1002.6,1003.3,1000.1,1002.9,361310,0.0174,-0.2660,-106.54,1006.7000,-0.38
2025-12-02 09:15:00,988,991.8,985,988.8,2152481,-0.8366,0.0174,-4908.05,1002.9000,-1.41
2025-12-02 09:20:00,988.8,990.7,988.1,990.6,785764,-1.2069,0.0174,-7036.21,1002.9000,-1.23
2025-12-02 09:25:00,990.5,991,989.4,989.5,449566,-1.4370,0.0174,-8358.62,1002.9000,-1.34
2025-12-02 09:30:00,989.5,989.7,988,989.6,326783,-1.4873,0.0174,-8647.70,1002.9000,-1.33
2025-12-02 09:35:00,989.6,989.7,987.6,988,334880,-1.5273,0.0174,-8877.59,1002.9000,-1.49
2025-12-02 09:40:00,988,988.1,986.5,986.7,434081,-1.5362,0.0174,-8928.74,1002.9000,-1.62
2025-12-02 09:45:00,986.7,989,986.2,988.6,320144,-1.3174,0.0174,-7671.26,1002.9000,-1.43
2025-12-02 09:50:00,988.6,989.2,988.5,989,134238,-1.0601,0.0174,-6192.53,1002.9000,-1.39
2025-12-02 09:55:00,989,991.2,988.9,990.4,428561,-0.7259,0.0174,-4271.84,1002.9000,-1.25
2025-12-02 10:00:00,990.4,991,989.9,990.8,179406,-0.4231,0.0174,-2531.61,1002.9000,-1.21
2025-12-02 10:05:00,990.9,992.3,990.5,992,215363,-0.1040,0.0174,-697.70,1002.9000,-1.09
2025-12-02 10:10:00,992,992,990.3,990.6,157772,0.0430,0.0174,147.13,1002.9000,-1.23
2025-12-02 10:15:00,990.5,991.1,989.1,989.5,265492,0.0935,0.0174,437.36,1002.9000,-1.34
2025-12-02 10:20:00,989.6,990.3,989.5,990.2,142247,0.1955,0.0174,1023.56,1002.9000,-1.27
2025-12-02 10:25:00,990.1,991.5,989.1,991.3,1519356,0.3494,0.0174,1908.05,1002.9000,-1.16
2025-12-02 10:30:00,991.3,993.1,990.8,992.3,223811,0.5208,0.0174,2893.10,1002.9000,-1.06
2025-12-02 10:35:00,992.4,992.5,991.7,992.2,132518,0.6226,0.0174,3478.16,1002.9000,-1.07
2025-12-02 10:40:00,992.2,992.3,991.5,991.6,189625,0.6422,0.0174,3590.80,1002.9000,-1.13
2025-12-02 10:45:00,991.6,992,991.3,992,148238,0.6716,0.0174,3759.77,1002.9000,-1.09
2025-12-02 10:50:00,992,992.8,991.6,992.2,161819,0.6913,0.0174,3872.99,1002.9000,-1.07
2025-12-02 10:55:00,992,993.4,992,993.4,197625,0.7662,0.0174,4303.45,1002.9000,-0.95
2025-12-02 11:00:00,993.4,993.4,992.6,993.1,201700,0.7742,0.0174,4349.43,1002.9000,-0.98
2025-12-02 11:05:00,993.1,993.1,991.6,992.3,164886,0.7062,0.0174,3958.62,1002.9000,-1.06
2025-12-02 11:10:00,992.4,992.6,992.2,992.3,144191,0.6436,0.0174,3598.85,1002.9000,-1.06
2025-12-02 11:15:00,992.3,993.2,992,993.2,148511,0.6436,0.0174,3598.85,1002.9000,-0.97
2025-12-02 11:20:00,993.1,993.6,992.7,993.6,199099,0.6495,0.0174,3632.76,1002.9000,-0.93
2025-12-02 11:25:00,993.6,993.7,992.9,993,147354,0.5934,0.0174,3310.34,1002.9000,-0.99
2025-12-02 11:30:00,993,993.5,992.8,993.5,125430,0.5704,0.0174,3178.16,1002.9000,-0.94
2025-12-02 11:35:00,993.5,994.3,993.3,994.2,187246,0.5806,0.0174,3236.78,1002.9000,-0.87
2025-12-02 11:40:00,994.2,994.4,993.8,994.3,135894,0.5716,0.0174,3185.06,1002.9000,-0.86
2025-12-02 11:45:00,994.2,994.3,993,993.7,163251,0.5051,0.0174,2802.87,1002.9000,-0.92
2025-12-02 11:50:00,993.7,994,993,993.1,183463,0.4048,0.0174,2226.44,1002.9000,-0.98
2025-12-02 11:55:00,993.2,993.6,992.8,993.6,161065,0.3579,0.0174,1956.90,1002.9000,-0.93
2025-12-02 12:00:00,993.6,993.6,992,993,364224,0.2758,0.0174,1485.06,1002.9000,-0.99
2025-12-02 12:05:00,993,993.4,991.5,993.4,333446,0.2393,0.0174,1275.29,1002.9000,-0.95
2025-12-02 12:10:00,993.4,993.8,992.9,993.5,185461,0.2135,0.0174,1127.01,1002.9000,-0.94
2025-12-02 12:15:00,993.5,993.7,991.9,992,228571,0.0932,0.0174,435.63,1002.9000,-1.09
2025-12-02 12:20:00,992.3,992.5,991.6,992.5,130115,0.0474,0.0174,172.41,1002.9000,-1.04
2025-12-02 12:25:00,992.4,993,991.9,993,209994,0.0506,0.0174,190.80,1002.9000,-0.99
2025-12-02 12:30:00,993,993.3,992.8,993.1,236092,0.0586,0.0174,236.78,1002.9000,-0.98
2025-12-02 12:35:00,993.2,993.6,992.5,992.7,156733,0.0373,0.0174,114.37,1002.9000,-1.02
2025-12-02 12:40:00,992.7,993.2,992,992.3,194397,-0.0014,0.0174,-108.05,1002.9000,-1.06
2025-12-02 12:45:00,992.3,992.3,992,992,127799,-0.0426,0.0174,-344.83,1002.9000,-1.09
2025-12-02 12:50:00,992,992.3,991.1,992.2,235005,-0.0513,0.0174,-394.83,1002.9000,-1.07
2025-12-02 12:55:00,992.2,992.2,991.4,991.6,209672,-0.0899,0.0174,-616.67,1002.9000,-1.13
2025-12-02 13:00:00,991.6,991.6,990.7,991.1,169822,-0.1388,0.0174,-897.70,1002.9000,-1.18
2025-12-02 13:05:00,991.1,991.1,989.7,990.8,281124,-0.1784,0.0174,-1125.29,1002.9000,-1.21
2025-12-02 13:10:00,990.7,990.8,989.6,990,278169,-0.2417,0.0174,-1489.08,1002.9000,-1.29
2025-12-02 13:15:00,989.9,990.1,989.7,990.1,182066,-0.2585,0.0174,-1585.63,1002.9000,-1.28
2025-12-02 13:20:00,990.1,990.5,990,990.4,165613,-0.2319,0.0174,-1432.76,1002.9000,-1.25
2025-12-02 13:25:00,990.5,990.5,989.4,989.5,239492,-0.2556,0.0174,-1568.97,1002.9000,-1.34
2025-12-02 13:30:00,989.5,989.9,989.4,989.9,161690,-0.2260,0.0174,-1398.85,1002.9000,-1.30
2025-12-02 13:35:00,989.9,989.9,989.5,989.8,173146,-0.1959,0.0174,-1225.86,1002.9000,-1.31
2025-12-02 13:40:00,989.8,990.1,989.8,990,148572,-0.1475,0.0174,-947.70,1002.9000,-1.29
2025-12-02 13:45:00,990,990.2,989.5,989.9,198541,-0.1091,0.0174,-727.01,1002.9000,-1.30
2025-12-02 13:50:00,990,990.1,989.9,990,166387,-0.0658,0.0174,-478.16,1002.9000,-1.29
2025-12-02 13:55:00,990,990.2,989.9,990.2,162721,-0.0152,0.0174,-187.36,1002.9000,-1.27
2025-12-02 14:00:00,990.2,990.7,989.6,990.7,273803,0.0564,0.0174,224.14,1002.9000,-1.22
2025-12-02 14:05:00,990.6,992.1,989.4,992,706277,0.1885,0.0174,983.33,1002.9000,-1.09
2025-12-02 14:10:00,992,992.5,991.1,991.9,197937,0.2617,0.0174,1404.02,1002.9000,-1.10
2025-12-02 14:15:00,991.9,992.5,991.5,992.5,120412,0.3382,0.0174,1843.68,1002.9000,-1.04
2025-12-02 14:20:00,992.4,992.6,991.5,991.9,107659,0.3355,0.0174,1828.16,1002.9000,-1.10
2025-12-02 14:25:00,991.9,992.7,991.8,992.7,375200,0.3718,0.0174,2036.78,1002.9000,-1.02
2025-12-02 14:30:00,992.7,992.8,991.9,992.1,142574,0.3405,0.0174,1856.90,1002.9000,-1.08
2025-12-02 14:35:00,992.2,993.2,990.8,991.1,645657,0.2422,0.0174,1291.95,1002.9000,-1.18
2025-12-02 14:40:00,991.1,991.2,989.5,990.4,237661,0.1256,0.0174,621.84,1002.9000,-1.25
2025-12-02 14:45:00,990.4,991,989.7,991,245043,0.0863,0.0174,395.98,1002.9000,-1.19
2025-12-02 14:50:00,991,991.8,990.2,990.5,575196,0.0271,0.0174,55.75,1002.9000,-1.24
2025-12-02 14:55:00,990.5,990.8,989.7,990.5,538251,-0.0095,0.0174,-154.60,1002.9000,-1.24
2025-12-02 15:00:00,990.5,990.6,989.2,989.5,1050656,-0.0940,0.0174,-640.23,1002.9000,-1.34
2025-12-02 15:05:00,989.5,990,988.7,988.7,1002376,-0.1909,0.0174,-1197.13,1002.9000,-1.42
2025-12-02 15:10:00,988.7,989.9,988.7,989,851610,-0.2200,0.0174,-1364.37,1002.9000,-1.39
2025-12-02 15:15:00,988.9,990.2,988.9,989.9,1147646,-0.1663,0.0174,-1055.75,1002.9000,-1.30
2025-12-02 15:20:00,989.9,991.3,989.5,991.3,821410,-0.0311,0.0174,-278.74,1002.9000,-1.16
2025-12-02 15:25:00,991.2,991.8,990.8,991.4,417051,0.0650,0.0174,273.56,1002.9000,-1.15
2025-12-03 09:15:00,986,992.7,986,990.8,603381,0.0869,0.0650,33.69,991.4000,-0.06
2025-12-03 09:20:00,990.7,992,990,990.5,171578,0.0801,0.0650,23.23,991.4000,-0.09
2025-12-03 09:25:00,990.6,990.8,988.1,989.2,257603,-0.0084,0.0650,-112.92,991.4000,-0.22
2025-12-03 09:30:00,989.3,990.5,987.8,988,142847,-0.1371,0.0650,-310.92,991.4000,-0.34
2025-12-03 09:35:00,988,989.1,987.9,988.7,130805,-0.1626,0.0650,-350.15,991.4000,-0.27
2025-12-03 09:40:00,988.9,990.4,988.7,989.6,159145,-0.1090,0.0650,-267.69,991.4000,-0.18
2025-12-03 09:45:00,989.6,989.7,988.6,989.4,128948,-0.0786,0.0650,-220.92,991.4000,-0.20
2025-12-03 09:50:00,989.1,990.6,988.6,990.5,135934,0.0189,0.0650,-70.92,991.4000,-0.09
2025-12-03 09:55:00,990.4,992.9,990.1,992.1,159983,0.1851,0.0650,184.77,991.4000,0.07
2025-12-03 10:00:00,992.3,992.5,990.2,990.9,132327,0.2066,0.0650,217.85,991.4000,-0.05
2025-12-03 10:05:00,990.7,992.5,990.5,991.1,140743,0.2252,0.0650,246.46,991.4000,-0.03
2025-12-03 10:10:00,991.1,992.2,990.2,991.9,236868,0.2787,0.0650,328.77,991.4000,0.05
2025-12-03 10:15:00,992,992.1,989.7,990,293584,0.1783,0.0650,174.31,991.4000,-0.14
2025-12-03 10:20:00,990,990.9,989.5,990.6,108156,0.1459,0.0650,124.46,991.4000,-0.08
2025-12-03 10:25:00,990.7,991.6,990.4,991.1,72740,0.1511,0.0650,132.46,991.4000,-0.03
2025-12-03 10:30:00,990.8,992.3,990.7,990.9,289431,0.1346,0.0650,107.08,991.4000,-0.05
2025-12-03 10:35:00,991,991,990,990.4,145063,0.0859,0.0650,32.15,991.4000,-0.10
2025-12-03 10:40:00,990.2,990.5,989.7,989.9,130853,0.0193,0.0650,-70.31,991.4000,-0.15
2025-12-03 10:45:00,989.9,990.5,989.7,989.7,153454,-0.0358,0.0650,-155.08,991.4000,-0.17
2025-12-03 10:50:00,989.7,990.5,989.7,990.2,177977,-0.0362,0.0650,-155.69,991.4000,-0.12
2025-12-03 10:55:00,990,990.6,989.8,990.4,295184,-0.0212,0.0650,-132.62,991.4000,-0.10
2025-12-03 11:00:00,990.2,990.7,990.2,990.4,184343,-0.0101,0.0650,-115.54,991.4000,-0.10
2025-12-03 11:05:00,990.4,991,990,990.5,216916,0.0043,0.0650,-93.38,991.4000,-0.09
2025-12-03 11:10:00,990.6,991.5,990.2,991.3,251855,0.0647,0.0650,-0.46,991.4000,-0.01
2025-12-03 11:15:00,991.3,991.5,991,991.2,105653,0.0933,0.0650,43.54,991.4000,-0.02
2025-12-03 11:20:00,991.2,991.5,990.5,990.8,187218,0.0810,0.0650,24.62,991.4000,-0.06
2025-12-03 11:25:00,990.9,992,990.8,991.7,319374,0.1265,0.0650,94.62,991.4000,0.03
2025-12-03 11:30:00,991.3,993.5,991.3,992.5,280212,0.1992,0.0650,206.46,991.4000,0.11
2025-12-03 11:35:00,992.5,994.4,992.3,994.3,461650,0.3485,0.0650,436.15,991.4000,0.29
2025-12-03 11:40:00,994.2,994.3,993.3,993.5,112910,0.3712,0.0650,471.08,991.4000,0.21
2025-12-03 11:45:00,993.5,994.1,992.3,992.6,120016,0.3062,0.0650,371.08,991.4000,0.12
2025-12-03 11:50:00,992.7,993,991.2,991.4,190865,0.1698,0.0650,161.23,991.4000,0.00
2025-12-03 11:55:00,991.4,991.7,990,990.9,234071,0.0401,0.0650,-38.31,991.4000,-0.05
2025-12-03 12:00:00,990.7,992.5,990.7,992.5,62468,0.0552,0.0650,-15.08,991.4000,0.11
2025-12-03 12:05:00,992.5,992.7,991.5,991.9,101144,0.0199,0.0650,-69.38,991.4000,0.05
2025-12-03 12:10:00,991.8,993.5,991.6,992.8,142893,0.0504,0.0650,-22.46,991.4000,0.14
2025-12-03 12:15:00,992.5,993.5,992.4,993.2,86024,0.0887,0.0650,36.46,991.4000,0.18
2025-12-03 12:20:00,993.2,993.5,992.7,992.7,102130,0.0720,0.0650,10.77,991.4000,0.13
2025-12-03 12:25:00,992.8,993,992,992.1,81092,0.0154,0.0650,-76.31,991.4000,0.07
2025-12-03 12:30:00,992.1,992.9,991.5,992.6,120130,0.0068,0.0650,-89.54,991.4000,0.12
2025-12-03 12:35:00,992.5,992.6,992,992.1,56168,-0.0351,0.0650,-154.00,991.4000,0.07
2025-12-03 12:40:00,992.2,993,992.1,992.8,60317,-0.0190,0.0650,-129.23,991.4000,0.14
2025-12-03 12:45:00,993,993.1,992.1,992.8,136262,-0.0120,0.0650,-118.46,991.4000,0.14
2025-12-03 12:50:00,992.8,993.1,992.2,992.6,116326,-0.0239,0.0650,-136.77,991.4000,0.12
2025-12-03 12:55:00,992.5,993,992.1,992.7,56631,-0.0277,0.0650,-142.62,991.4000,0.13
2025-12-03 13:00:00,992.6,992.7,992.2,992.3,51060,-0.0581,0.0650,-189.38,991.4000,0.09
2025-12-03 13:05:00,992.4,992.6,991.3,991.8,146910,-0.1099,0.0650,-269.08,991.4000,0.04
2025-12-03 13:10:00,991.8,992,991.3,991.8,102771,-0.1401,0.0650,-315.54,991.4000,0.04
2025-12-03 13:15:00,991.8,992.3,991.6,992.2,73908,-0.1295,0.0650,-299.23,991.4000,0.08
2025-12-03 13:20:00,992.2,992.7,991.6,992.1,166529,-0.1253,0.0650,-292.77,991.4000,0.07
2025-12-03 13:25:00,992.2,993.5,992,993.4,95185,-0.0359,0.0650,-155.23,991.4000,0.20
2025-12-03 13:30:00,993.2,994.2,992.9,993.9,137013,0.0513,0.0650,-21.08,991.4000,0.25
2025-12-03 13:35:00,994,995,993.7,994.4,215391,0.1325,0.0650,103.85,991.4000,0.30
2025-12-03 13:40:00,994.4,994.8,992.6,992.6,153864,0.0586,0.0650,-9.85,991.4000,0.12
2025-12-03 13:45:00,992.9,993.7,991.6,992.1,169956,-0.0259,0.0650,-139.85,991.4000,0.07
2025-12-03 13:50:00,992.2,992.5,991.8,992.1,99601,-0.0806,0.0650,-224.00,991.4000,0.07
2025-12-03 13:55:00,992,992.4,991.8,992,60177,-0.1199,0.0650,-284.46,991.4000,0.06
2025-12-03 14:00:00,991.8,992.8,991.1,992.3,123680,-0.1218,0.0650,-287.38,991.4000,0.09
2025-12-03 14:05:00,992.6,994.3,992.4,992.9,463592,-0.0806,0.0650,-224.00,991.4000,0.15
2025-12-03 14:10:00,992.9,993.6,992.5,993.4,45847,-0.0208,0.0650,-132.00,991.4000,0.20
2025-12-03 14:15:00,993.4,995.4,993,995.3,207570,0.1368,0.0650,110.46,991.4000,0.39
2025-12-03 14:20:00,995.4,996,994.6,995.7,79664,0.2516,0.0650,287.08,991.4000,0.43
2025-12-03 14:25:00,995.7,995.9,994.4,994.6,432322,0.2371,0.0650,264.77,991.4000,0.32
2025-12-03 14:30:00,994.6,996.3,994.1,996.1,191074,0.3078,0.0650,373.54,991.4000,0.47
2025-12-03 14:35:00,996,997.4,995.9,997,158544,0.3891,0.0650,498.62,991.4000,0.56
2025-12-03 14:40:00,997.2,998.5,997,997.7,163559,0.4593,0.0650,606.62,991.4000,0.64
2025-12-03 14:45:00,997.7,998.5,997.4,998.4,167210,0.5176,0.0650,696.31,991.4000,0.71
2025-12-03 14:50:00,998.4,999.6,997.9,999,275869,0.5580,0.0650,758.46,991.4000,0.77
2025-12-03 14:55:00,999,1000,998.5,999.9,164183,0.6029,0.0650,827.54,991.4000,0.86
2025-12-03 15:00:00,999.8,1000.1,999.2,1000,615315,0.5957,0.0650,816.46,991.4000,0.87
2025-12-03 15:05:00,999.9,1001,999.9,1001,656226,0.6125,0.0650,842.31,991.4000,0.97
2025-12-03 15:10:00,1001,1001.9,1000.6,1001.3,447309,0.5973,0.0650,818.92,991.4000,1.00
2025-12-03 15:15:00,1001.2,1001.4,999.8,999.9,425018,0.4530,0.0650,596.92,991.4000,0.86
2025-12-03 15:20:00,999.9,1001,999.8,1000.7,584766,0.3747,0.0650,476.46,991.4000,0.94
2025-12-03 15:25:00,1000.6,1002.3,1000,1000.1,493791,0.2516,0.0650,287.08,991.4000,0.88
2025-12-04 09:15:00,1000,1002,998.5,998.6,506228,0.0490,0.2516,-80.52,1000.1000,-0.15
2025-12-04 09:20:00,998.6,1002.4,997,1002.4,403275,0.1453,0.2516,-42.25,1000.1000,0.23
2025-12-04 09:25:00,1002.3,1002.4,1001,1002,289519,0.1554,0.2516,-38.24,1000.1000,0.19
2025-12-04 09:30:00,1002,1002.4,1000.4,1002.2,151720,0.1490,0.2516,-40.78,1000.1000,0.21
2025-12-04 09:35:00,1002.4,1003,1002,1002,162453,0.1067,0.2516,-57.59,1000.1000,0.19
2025-12-04 09:40:00,1002,1002.2,1000.9,1001.2,116954,0.0056,0.2516,-97.77,1000.1000,0.11
2025-12-04 09:45:00,1001.3,1001.5,1000.8,1001,79745,-0.0888,0.2516,-135.29,1000.1000,0.09
2025-12-04 09:50:00,1001,1001.5,1000.5,1001.1,69969,-0.1548,0.2516,-161.53,1000.1000,0.10
2025-12-04 09:55:00,1001.4,1001.9,1001.1,1001.1,71124,-0.2054,0.2516,-181.64,1000.1000,0.10
2025-12-04 10:00:00,1001.1,1002,1000.8,1001.8,66802,-0.1986,0.2516,-178.93,1000.1000,0.17
2025-12-04 10:05:00,1001.8,1003,1001.8,1002,125539,-0.1877,0.2516,-174.60,1000.1000,0.19
2025-12-04 10:10:00,1002.2,1002.3,1001.4,1002.1,143916,-0.1807,0.2516,-171.82,1000.1000,0.20
2025-12-04 10:15:00,1002.2,1002.9,1001.6,1001.8,202600,-0.2017,0.2516,-180.17,1000.1000,0.17
2025-12-04 10:20:00,1002,1003.3,1001.8,1002.6,112207,-0.1684,0.2516,-166.93,1000.1000,0.25
2025-12-04 10:25:00,1002.6,1004.4,1002.6,1004.4,104220,-0.0386,0.2516,-115.34,1000.1000,0.43
2025-12-04 10:30:00,1004.2,1004.6,1002.9,1003.8,156364,-0.0083,0.2516,-103.30,1000.1000,0.37
2025-12-04 10:35:00,1003.9,1004.7,1003.8,1004.1,102807,0.0156,0.2516,-93.80,1000.1000,0.40
2025-12-04 10:40:00,1004.3,1004.6,1003.8,1003.9,109563,0.0022,0.2516,-99.13,1000.1000,0.38
2025-12-04 10:45:00,1004.1,1004.4,1003.1,1003.7,104973,-0.0338,0.2516,-113.43,1000.1000,0.36
2025-12-04 10:50:00,1003.7,1004.3,1003.4,1003.8,86881,-0.0629,0.2516,-125.00,1000.1000,0.37
2025-12-04 10:55:00,1003.9,1004.6,1003.7,1003.8,95890,-0.0924,0.2516,-136.72,1000.1000,0.37
2025-12-04 11:00:00,1003.9,1004,1003.6,1003.8,131187,-0.1203,0.2516,-147.81,1000.1000,0.37
2025-12-04 11:05:00,1003.8,1004,1003.1,1003.5,110953,-0.1647,0.2516,-165.46,1000.1000,0.34
2025-12-04 11:10:00,1003.5,1003.8,1002.9,1003,106966,-0.2295,0.2516,-191.22,1000.1000,0.29
2025-12-04 11:15:00,1003,1003,1001.9,1002.7,283835,-0.2903,0.2516,-215.38,1000.1000,0.26
2025-12-04 11:20:00,1002.7,1002.8,1002.1,1002.4,358490,-0.3449,0.2516,-237.08,1000.1000,0.23
2025-12-04 11:25:00,1002.5,1003,1001.7,1002.5,262020,-0.3663,0.2516,-245.59,1000.1000,0.24
2025-12-04 11:30:00,1002.4,1002.9,1001.5,1001.9,296571,-0.4097,0.2516,-262.84,1000.1000,0.18
2025-12-04 11:35:00,1001.9,1002.1,1000.2,1000.3,162590,-0.5275,0.2516,-309.66,1000.1000,0.02
2025-12-04 11:40:00,1000.6,1000.6,999,1000.1,122776,-0.5951,0.2516,-336.53,1000.1000,0.00
2025-12-04 11:45:00,1000.1,1000.2,998.2,998.9,131122,-0.6903,0.2516,-374.36,1000.1000,-0.12
2025-12-04 11:50:00,999.2,999.2,997.7,998,101920,-0.7770,0.2516,-408.82,1000.1000,-0.21
2025-12-04 11:55:00,998.2,1000,997.9,998.6,204137,-0.7563,0.2516,-400.60,1000.1000,-0.15
2025-12-04 12:00:00,998.7,999.1,998.4,998.4,90426,-0.7188,0.2516,-385.69,1000.1000,-0.17
2025-12-04 12:05:00,998.6,999.4,998.1,998.1,94242,-0.6774,0.2516,-369.24,1000.1000,-0.20
2025-12-04 12:10:00,998.3,998.4,997,997.3,114609,-0.6661,0.2516,-364.75,1000.1000,-0.28
2025-12-04 12:15:00,997.3,997.7,996.8,997,87822,-0.6409,0.2516,-354.73,1000.1000,-0.31
2025-12-04 12:20:00,997,997.3,996.2,996.9,108006,-0.5940,0.2516,-336.09,1000.1000,-0.32
2025-12-04 12:25:00,997,997.9,996.8,997.3,75873,-0.5027,0.2516,-299.80,1000.1000,-0.28
2025-12-04 12:30:00,997.4,997.9,997.2,997.2,64949,-0.4192,0.2516,-266.61,1000.1000,-0.29
2025-12-04 12:35:00,997.3,997.9,997,997.2,73158,-0.3376,0.2516,-234.18,1000.1000,-0.29
2025-12-04 12:40:00,997.3,997.8,996.5,997.3,85586,-0.2542,0.2516,-201.03,1000.1000,-0.28
2025-12-04 12:45:00,997.3,997.4,995.2,995.8,183242,-0.2757,0.2516,-209.58,1000.1000,-0.43
2025-12-04 12:50:00,995.8,996.8,995.4,995.7,226923,-0.2719,0.2516,-208.07,1000.1000,-0.44
2025-12-04 12:55:00,996,996.4,995.5,996,149684,-0.2261,0.2516,-189.86,1000.1000,-0.41
2025-12-04 13:00:00,996,996,995,995.8,224512,-0.1879,0.2516,-174.68,1000.1000,-0.43
2025-12-04 13:05:00,995.8,995.9,995,995.5,108500,-0.1624,0.2516,-164.55,1000.1000,-0.46
2025-12-04 13:10:00,995.6,996,995.3,995.7,145548,-0.1140,0.2516,-145.31,1000.1000,-0.44
2025-12-04 13:15:00,995.7,995.9,994.8,994.8,202741,-0.1236,0.2516,-149.13,1000.1000,-0.53
2025-12-04 13:20:00,995,996.8,994.7,996.4,122754,-0.0092,0.2516,-103.66,1000.1000,-0.37
2025-12-04 13:25:00,996.7,997.5,996.3,996.4,150907,0.0747,0.2516,-70.31,1000.1000,-0.37
2025-12-04 13:30:00,996.5,997.4,994.4,994.8,176004,0.0329,0.2516,-86.92,1000.1000,-0.53
2025-12-04 13:35:00,994.9,995.1,993.6,994.3,166954,-0.0154,0.2516,-106.12,1000.1000,-0.58
2025-12-04 13:40:00,994.4,994.5,993.6,993.9,115461,-0.0588,0.2516,-123.37,1000.1000,-0.62
2025-12-04 13:45:00,994,994.2,993.6,993.9,105652,-0.0712,0.2516,-128.30,1000.1000,-0.62
2025-12-04 13:50:00,993.9,994.2,993,993,158425,-0.1208,0.2516,-148.01,1000.1000,-0.71
2025-12-04 13:55:00,993.2,994.1,993,993,134806,-0.1335,0.2516,-153.06,1000.1000,-0.71
2025-12-04 14:00:00,993.1,993.9,993,993.6,113340,-0.0836,0.2516,-133.23,1000.1000,-0.65
2025-12-04 14:05:00,993.8,995,993,994.9,387776,0.0476,0.2516,-81.08,1000.1000,-0.52
2025-12-04 14:10:00,994.9,995.8,994.1,994.1,275158,0.0888,0.2516,-64.71,1000.1000,-0.60
2025-12-04 14:15:00,994.1,994.8,994,994.2,95144,0.1287,0.2516,-48.85,1000.1000,-0.59
2025-12-04 14:20:00,994.4,994.9,993.9,994.5,106451,0.1782,0.2516,-29.17,1000.1000,-0.56
2025-12-04 14:25:00,994.7,995.2,994.4,994.9,137473,0.2370,0.2516,-5.80,1000.1000,-0.52
2025-12-04 14:30:00,995,995.3,994.5,994.7,116125,0.2597,0.2516,3.22,1000.1000,-0.54
2025-12-04 14:35:00,994.8,995,994,994.6,216046,0.2645,0.2516,5.13,1000.1000,-0.55
2025-12-04 14:40:00,994.7,995,994.4,994.5,334415,0.2571,0.2516,2.19,1000.1000,-0.56
2025-12-04 14:45:00,994.6,995.1,994.1,994.2,427117,0.2292,0.2516,-8.90,1000.1000,-0.59
2025-12-04 14:50:00,994.2,995.3,994.1,994.8,211864,0.2468,0.2516,-1.91,1000.1000,-0.53
2025-12-04 14:55:00,994.9,995.9,994.7,995,167417,0.2658,0.2516,5.64,1000.1000,-0.51
2025-12-04 15:00:00,995.1,996.8,995,996.8,444915,0.3863,0.2516,53.54,1000.1000,-0.33
2025-12-04 15:05:00,996.8,997,996.1,996.1,496205,0.4037,0.2516,60.45,1000.1000,-0.40
2025-12-04 15:10:00,996.2,997.6,996.1,996.9,582791,0.4503,0.2516,78.97,1000.1000,-0.32
2025-12-04 15:15:00,996.8,998.5,995.8,998.1,445745,0.5372,0.2516,113.51,1000.1000,-0.20
2025-12-04 15:20:00,998.2,998.9,997.9,998.6,458309,0.5990,0.2516,138.08,1000.1000,-0.15
2025-12-04 15:25:00,998.7,999.9,997,998.5,322434,0.6022,0.2516,139.35,1000.1000,-0.16
2025-12-05 09:15:00,992,996.4,990.2,995.8,860729,0.4011,0.6022,-33.39,998.5000,-0.27
2025-12-05 09:20:00,995.9,997,994.6,995.3,208524,0.2221,0.6022,-63.12,998.5000,-0.32
2025-12-05 09:25:00,995.6,996,994.3,994.5,152661,0.0466,0.6022,-92.26,998.5000,-0.40
2025-12-05 09:30:00,994.7,995.4,993.7,994.9,159603,-0.0410,0.6022,-106.81,998.5000,-0.36
2025-12-05 09:35:00,995.3,996,994.6,995.4,111301,-0.0625,0.6022,-110.38,998.5000,-0.31
2025-12-05 09:40:00,995.5,996,995.1,995.5,95678,-0.0667,0.6022,-111.08,998.5000,-0.30
2025-12-05 09:45:00,995.5,997.8,995.4,997.5,168288,0.0614,0.6022,-89.80,998.5000,-0.10
2025-12-05 09:50:00,997.5,998,996.9,997.4,110121,0.1317,0.6022,-78.13,998.5000,-0.11
2025-12-05 09:55:00,997.5,997.8,996.6,997.2,101965,0.1553,0.6022,-74.21,998.5000,-0.13
2025-12-05 10:00:00,997.5,1002.5,996.7,1000.8,285442,0.3906,0.6022,-35.14,998.5000,0.23
2025-12-05 10:05:00,1000.8,1002,999,1002,223854,0.5922,0.6022,-1.66,998.5000,0.35
2025-12-05 10:10:00,1001.9,1002.1,1000.7,1001.3,248391,0.6395,0.6022,6.19,998.5000,0.28
2025-12-05 10:15:00,1001.3,1004.1,1001.2,1002.6,227198,0.7138,0.6022,18.53,998.5000,0.41
2025-12-05 10:20:00,1002.6,1003.1,1001.3,1001.3,153499,0.6336,0.6022,5.21,998.5000,0.28
2025-12-05 10:25:00,1001.3,1002.4,999.1,999.6,121209,0.4337,0.6022,-27.98,998.5000,0.11
2025-12-05 10:30:00,999.6,1001.8,998.1,1000.5,213723,0.3343,0.6022,-44.49,998.5000,0.20
2025-12-05 10:35:00,1000.3,1001.7,1000.1,1001.2,198471,0.2895,0.6022,-51.93,998.5000,0.27
2025-12-05 10:40:00,1001.2,1004.8,1000.8,1004.5,191561,0.4465,0.6022,-25.86,998.5000,0.60
2025-12-05 10:45:00,1004.3,1007.6,1004.2,1007.2,412904,0.6826,0.6022,13.35,998.5000,0.87
2025-12-05 10:50:00,1007.1,1007.5,1005.8,1006.6,192374,0.7436,0.6022,23.48,998.5000,0.81
2025-12-05 10:55:00,1006.4,1006.9,1005.1,1005.7,114655,0.6709,0.6022,11.41,998.5000,0.72
2025-12-05 11:00:00,1005.7,1008,1005.7,1006.8,193125,0.6442,0.6022,6.97,998.5000,0.83
2025-12-05 11:05:00,1006.6,1006.8,1004.8,1005.5,74286,0.4933,0.6022,-18.08,998.5000,0.70
2025-12-05 11:10:00,1005.3,1005.8,1004,1004.2,94586,0.2712,0.6022,-54.97,998.5000,0.57
2025-12-05 11:15:00,1004.2,1004.6,1002.5,1002.6,63379,-0.0037,0.6022,-100.61,998.5000,0.41
2025-12-05 11:20:00,1002.9,1004.4,1002.7,1003.2,55402,-0.1567,0.6022,-126.02,998.5000,0.47
2025-12-05 11:25:00,1003.2,1005,1003.2,1003.9,75270,-0.2187,0.6022,-136.32,998.5000,0.54
2025-12-05 11:30:00,1003.9,1004.3,1003,1003.8,71078,-0.2709,0.6022,-144.99,998.5000,0.53
2025-12-05 11:35:00,1003.8,1005.5,1003.7,1004.9,126342,-0.2370,0.6022,-139.36,998.5000,0.64
2025-12-05 11:40:00,1004.9,1005.3,1003.8,1004.4,62680,-0.2525,0.6022,-141.93,998.5000,0.59
2025-12-05 11:45:00,1004.3,1004.5,1003.1,1003.5,88828,-0.3231,0.6022,-153.65,998.5000,0.50
2025-12-05 11:50:00,1003.5,1004.9,1003.5,1003.9,51971,-0.3409,0.6022,-156.61,998.5000,0.54
2025-12-05 11:55:00,1003.9,1004.7,1003.7,1004.2,49781,-0.3302,0.6022,-154.83,998.5000,0.57
2025-12-05 12:00:00,1003.8,1004.6,1003.8,1004.6,49339,-0.2950,0.6022,-148.99,998.5000,0.61
2025-12-05 12:05:00,1004.5,1004.6,1004,1004.6,56165,-0.2713,0.6022,-145.05,998.5000,0.61
2025-12-05 12:10:00,1004.4,1004.6,1002.8,1003.1,128508,-0.3511,0.6022,-158.30,998.5000,0.46
2025-12-05 12:15:00,1002.8,1004.6,1002.8,1004.3,96083,-0.3184,0.6022,-152.87,998.5000,0.58
2025-12-05 12:20:00,1004.1,1004.8,1004,1004.8,71870,-0.2610,0.6022,-143.34,998.5000,0.63
2025-12-05 12:25:00,1004.5,1005.3,1004.5,1005.1,91637,-0.2032,0.6022,-133.74,998.5000,0.66
2025-12-05 12:30:00,1004.7,1006.9,1004.7,1006.5,88804,-0.0775,0.6022,-112.87,998.5000,0.80
2025-12-05 12:35:00,1006.4,1007.5,1006.1,1006.5,133587,-0.0050,0.6022,-100.83,998.5000,0.80
2025-12-05 12:40:00,1006.1,1007,1005.4,1006.6,84218,0.0367,0.6022,-93.91,998.5000,0.81
2025-12-05 12:45:00,1006.4,1006.8,1005.1,1005.6,64419,-0.0134,0.6022,-102.23,998.5000,0.71
2025-12-05 12:50:00,1005.2,1005.9,1005,1005.7,99173,-0.0481,0.6022,-107.99,998.5000,0.72
2025-12-05 12:55:00,1005.3,1005.9,1005,1005.3,57283,-0.1031,0.6022,-117.12,998.5000,0.68
2025-12-05 13:00:00,1005,1005.8,1005,1005.2,51722,-0.1487,0.6022,-124.69,998.5000,0.67
2025-12-05 13:05:00,1005.1,1005.4,1005,1005.3,49287,-0.1728,0.6022,-128.69,998.5000,0.68
2025-12-05 13:10:00,1005,1005.3,1003.7,1004.2,81979,-0.2584,0.6022,-142.91,998.5000,0.57
2025-12-05 13:15:00,1004,1004.7,1004,1004.5,44766,-0.2881,0.6022,-147.84,998.5000,0.60
2025-12-05 13:20:00,1004.4,1005,1003.7,1004.1,145647,-0.3253,0.6022,-154.02,998.5000,0.56
2025-12-05 13:25:00,1003.7,1004.6,1003.2,1003.5,127327,-0.3771,0.6022,-162.62,998.5000,0.50
2025-12-05 13:30:00,1003.2,1003.9,1003,1003.8,61194,-0.3772,0.6022,-162.64,998.5000,0.53
2025-12-05 13:35:00,1003.8,1004.4,1003.2,1003.6,168743,-0.3759,0.6022,-162.42,998.5000,0.51
2025-12-05 13:40:00,1003.2,1003.7,1002.9,1003.2,63694,-0.3857,0.6022,-164.05,998.5000,0.47
2025-12-05 13:45:00,1002.9,1003.5,1002.2,1002.6,118901,-0.4138,0.6022,-168.71,998.5000,0.41
2025-12-05 13:50:00,1002.5,1003,1001.4,1001.9,123355,-0.4573,0.6022,-175.94,998.5000,0.34
2025-12-05 13:55:00,1001.7,1002.9,1001.5,1002,139997,-0.4562,0.6022,-175.76,998.5000,0.35
2025-12-05 14:00:00,1001.7,1002.9,1001.6,1002.1,97349,-0.4260,0.6022,-170.74,998.5000,0.36
2025-12-05 14:05:00,1002.1,1002.5,1001.2,1002,162295,-0.3911,0.6022,-164.95,998.5000,0.35
2025-12-05 14:10:00,1001.7,1003.8,1001.5,1001.6,192603,-0.3732,0.6022,-161.97,998.5000,0.31
2025-12-05 14:15:00,1001.6,1002.1,1000.9,1001.4,90230,-0.3534,0.6022,-158.68,998.5000,0.29
2025-12-05 14:20:00,1001.3,1001.7,1000,1000.7,122894,-0.3644,0.6022,-160.51,998.5000,0.22
2025-12-05 14:25:00,1000.6,1001.5,1000.5,1001,63459,-0.3297,0.6022,-154.75,998.5000,0.25
2025-12-05 14:30:00,1000.7,1001,1000.2,1000.8,50376,-0.2991,0.6022,-149.67,998.5000,0.23
2025-12-05 14:35:00,1000.6,1000.9,1000,1000.5,109378,-0.2785,0.6022,-146.25,998.5000,0.20
2025-12-05 14:40:00,1000.2,1001,999.8,1000.7,112899,-0.2327,0.6022,-138.64,998.5000,0.22
2025-12-05 14:45:00,1000.5,1001,999.5,1000.6,131649,-0.1921,0.6022,-131.90,998.5000,0.21
2025-12-05 14:50:00,1000.5,1002.1,1000.3,1001.7,135091,-0.0799,0.6022,-113.27,998.5000,0.32
2025-12-05 14:55:00,1001.3,1002.7,1000.9,1002.2,141753,0.0333,0.6022,-94.47,998.5000,0.37
2025-12-05 15:00:00,1002.3,1003.7,1002.3,1003.4,412415,0.1856,0.6022,-69.18,998.5000,0.49
2025-12-05 15:05:00,1003.3,1003.7,1003,1003.3,450528,0.2712,0.6022,-54.97,998.5000,0.48
2025-12-05 15:10:00,1003.2,1003.4,1003,1003.3,383991,0.3162,0.6022,-47.49,998.5000,0.48
2025-12-05 15:15:00,1003.2,1003.9,1003.1,1003.6,400488,0.3519,0.6022,-41.56,998.5000,0.51
2025-12-05 15:20:00,1003.6,1004,1003,1003.7,415094,0.3662,0.6022,-39.19,998.5000,0.52
2025-12-05 15:25:00,1003.6,1003.7,1000.9,1001.2,357002,0.1996,0.6022,-66.85,998.5000,0.27
2025-12-08 09:15:00,1000,1000.7,997.5,1000.2,743405,0.0237,0.1996,-88.13,1001.2000,-0.10
2025-12-08 09:20:00,1000.1,1002,999.6,1000.1,392320,-0.0914,0.1996,-145.79,1001.2000,-0.11
2025-12-08 09:25:00,1000,1000.1,998.6,999.2,154448,-0.2133,0.1996,-206.86,1001.2000,-0.20
2025-12-08 09:30:00,999.2,1000.6,998.4,1000.3,146245,-0.2050,0.1996,-202.71,1001.2000,-0.09
2025-12-08 09:35:00,1000.3,1000.4,998.5,999.7,177786,-0.2234,0.1996,-211.92,1001.2000,-0.15
2025-12-08 09:40:00,999.7,1001.8,999.5,1001.1,116829,-0.1295,0.1996,-164.88,1001.2000,-0.01
2025-12-08 09:45:00,1001.2,1001.6,1000,1000.8,97620,-0.0783,0.1996,-139.23,1001.2000,-0.04
2025-12-08 09:50:00,1000.7,1001.7,1000.6,1000.6,84264,-0.0501,0.1996,-125.10,1001.2000,-0.06
2025-12-08 09:55:00,1000.6,1002,1000.5,1001.7,139886,0.0455,0.1996,-77.20,1001.2000,0.05
2025-12-08 10:00:00,1001.8,1002.5,1001,1002,134672,0.1269,0.1996,-36.42,1001.2000,0.08
2025-12-08 10:05:00,1001.8,1002.9,1001.6,1002.5,105656,0.2079,0.1996,4.16,1001.2000,0.13
2025-12-08 10:10:00,1002.5,1003.8,1002,1003.5,158580,0.3156,0.1996,58.12,1001.2000,0.23
2025-12-08 10:15:00,1003.7,1004.3,1002.3,1003.1,134331,0.3444,0.1996,72.55,1001.2000,0.19
2025-12-08 10:20:00,1003.2,1003.9,1002.5,1003.7,78979,0.3853,0.1996,93.04,1001.2000,0.25
2025-12-08 10:25:00,1003.9,1004,1003,1003.3,70955,0.3670,0.1996,83.87,1001.2000,0.21
2025-12-08 10:30:00,1003.3,1003.6,1002.1,1002.6,106463,0.2924,0.1996,46.49,1001.2000,0.14
2025-12-08 10:35:00,1002.6,1002.6,1002,1002.2,68727,0.2051,0.1996,2.76,1001.2000,0.10
2025-12-08 10:40:00,1002,1003.5,1002,1002.8,103453,0.1776,0.1996,-11.02,1001.2000,0.16
2025-12-08 10:45:00,1002.9,1003.1,1002.1,1002.6,63867,0.1377,0.1996,-31.01,1001.2000,0.14
2025-12-08 10:50:00,1002.6,1003.1,1002.4,1003.1,87619,0.1364,0.1996,-31.66,1001.2000,0.19
2025-12-08 10:55:00,1003.1,1004,1002.9,1003.4,85787,0.1463,0.1996,-26.70,1001.2000,0.22
2025-12-08 11:00:00,1003.4,1003.7,1002.1,1002.7,101083,0.0985,0.1996,-50.65,1001.2000,0.15
2025-12-08 11:05:00,1002.7,1002.9,1001.2,1002,151032,0.0169,0.1996,-91.53,1001.2000,0.08
2025-12-08 11:10:00,1002.1,1003.1,1001.7,1002.6,143143,0.0013,0.1996,-99.35,1001.2000,0.14
2025-12-08 11:15:00,1002.6,1003,1001.8,1002.5,87501,-0.0168,0.1996,-108.42,1001.2000,0.13
2025-12-08 11:20:00,1002.4,1002.9,1001.9,1002.6,76058,-0.0228,0.1996,-111.42,1001.2000,0.14
2025-12-08 11:25:00,1002.9,1003.2,1001.5,1002.1,123773,-0.0590,0.1996,-129.56,1001.2000,0.09
2025-12-08 11:30:00,1002.1,1002.7,1000.9,1001.5,202616,-0.1185,0.1996,-159.37,1001.2000,0.03
2025-12-08 11:35:00,1001.4,1002.5,1001.2,1002.1,94631,-0.1128,0.1996,-156.51,1001.2000,0.09
2025-12-08 11:40:00,1002,1003.1,1001.8,1002.9,153952,-0.0533,0.1996,-126.70,1001.2000,0.17
2025-12-08 11:45:00,1003.1,1004,1002.7,1003.9,122493,0.0496,0.1996,-75.15,1001.2000,0.27
2025-12-08 11:50:00,1003.8,1004.7,1003.6,1004.1,102402,0.1231,0.1996,-38.33,1001.2000,0.29
2025-12-08 11:55:00,1004.1,1004.9,1003.8,1004.9,97634,0.2124,0.1996,6.41,1001.2000,0.37
2025-12-08 12:00:00,1004.9,1005,1004.1,1004.7,91976,0.2426,0.1996,21.54,1001.2000,0.35
2025-12-08 12:05:00,1004.8,1005,1004.4,1004.9,82885,0.2591,0.1996,29.81,1001.2000,0.37
2025-12-08 12:10:00,1004.9,1005,1003.6,1003.6,114477,0.1699,0.1996,-14.88,1001.2000,0.24
2025-12-08 12:15:00,1004,1005.2,1003.6,1004.7,161753,0.1719,0.1996,-13.88,1001.2000,0.35
2025-12-08 12:20:00,1004.9,1005.1,1004.4,1004.9,100376,0.1730,0.1996,-13.33,1001.2000,0.37
2025-12-08 12:25:00,1004.9,1005,1003.7,1003.9,75796,0.0967,0.1996,-51.55,1001.2000,0.27
2025-12-08 12:30:00,1004,1004,1002.6,1003.4,133527,0.0074,0.1996,-96.29,1001.2000,0.22
2025-12-08 12:35:00,1003.2,1004.6,1003.2,1003.8,67288,-0.0278,0.1996,-113.93,1001.2000,0.26
2025-12-08 12:40:00,1004.2,1004.2,1002.7,1002.9,158131,-0.1102,0.1996,-155.21,1001.2000,0.17
2025-12-08 12:45:00,1002.9,1004.3,1002.8,1004.2,77929,-0.0773,0.1996,-138.73,1001.2000,0.30
2025-12-08 12:50:00,1004.2,1004.9,1004,1004.6,70224,-0.0310,0.1996,-115.53,1001.2000,0.34
2025-12-08 12:55:00,1004.7,1005,1004.5,1005,111429,0.0213,0.1996,-89.33,1001.2000,0.38
2025-12-08 13:00:00,1005,1005.7,1004.9,1005.4,363663,0.0745,0.1996,-62.68,1001.2000,0.42
2025-12-08 13:05:00,1005.5,1006.5,1005.3,1005.4,130399,0.0999,0.1996,-49.95,1001.2000,0.42
2025-12-08 13:10:00,1005.5,1006.5,1005,1005.7,121423,0.1254,0.1996,-37.17,1001.2000,0.45
2025-12-08 13:15:00,1005.7,1006,1004.1,1004.1,173166,0.0281,0.1996,-85.92,1001.2000,0.29
2025-12-08 13:20:00,1004.2,1004.3,1002,1002,219107,-0.1731,0.1996,-186.72,1001.2000,0.08
2025-12-08 13:25:00,1002.3,1002.5,1000,1000.9,152359,-0.3645,0.1996,-282.62,1001.2000,-0.03
2025-12-08 13:30:00,1000.8,1001.3,998.7,999.8,155778,-0.5391,0.1996,-370.09,1001.2000,-0.14
2025-12-08 13:35:00,999.8,999.8,998.5,999.2,174265,-0.6608,0.1996,-431.06,1001.2000,-0.20
2025-12-08 13:40:00,999.4,1001,998.8,1000.7,150874,-0.6074,0.1996,-404.31,1001.2000,-0.05
2025-12-08 13:45:00,1000.7,1001.8,1000.3,1001.2,152925,-0.5095,0.1996,-355.26,1001.2000,0.00
2025-12-08 13:50:00,1001.3,1001.5,1000.7,1001.4,73141,-0.4068,0.1996,-303.81,1001.2000,0.02
2025-12-08 13:55:00,1001.5,1001.6,1000.7,1001.2,89914,-0.3311,0.1996,-265.88,1001.2000,0.00
2025-12-08 14:00:00,1001.3,1001.3,999.8,1000.5,109316,-0.3075,0.1996,-254.06,1001.2000,-0.07
2025-12-08 14:05:00,1000.6,1001.6,1000.5,1001.4,114013,-0.2149,0.1996,-207.67,1001.2000,0.02
2025-12-08 14:10:00,1001.3,1001.8,1000,1000.1,197861,-0.2239,0.1996,-212.17,1001.2000,-0.11
2025-12-08 14:15:00,1000.1,1000.6,998.9,1000.3,489579,-0.1998,0.1996,-200.10,1001.2000,-0.09
2025-12-08 14:20:00,1000.6,1001.8,1000.3,1001,132150,-0.1239,0.1996,-162.07,1001.2000,-0.02
2025-12-08 14:25:00,1001.1,1001.4,1000.5,1001.1,117502,-0.0574,0.1996,-128.76,1001.2000,-0.01
2025-12-08 14:30:00,1001.1,1002.4,1000.7,1001.6,152689,0.0252,0.1996,-87.37,1001.2000,0.04
2025-12-08 14:35:00,1001.7,1002.3,1001.3,1002,183474,0.1072,0.1996,-46.29,1001.2000,0.08
2025-12-08 14:40:00,1002.1,1002.7,1001.2,1002.7,193242,0.2035,0.1996,1.95,1001.2000,0.15
2025-12-08 14:45:00,1002.5,1004,1002.3,1003.9,197914,0.3350,0.1996,67.84,1001.2000,0.27
2025-12-08 14:50:00,1003.9,1004.5,1003.3,1003.9,434806,0.4045,0.1996,102.66,1001.2000,0.27
2025-12-08 14:55:00,1004,1004,1003.1,1003.3,110724,0.3922,0.1996,96.49,1001.2000,0.21
2025-12-08 15:00:00,1003.3,1004,1003.2,1003.2,267135,0.3602,0.1996,80.46,1001.2000,0.20
2025-12-08 15:05:00,1003.4,1004.6,1003.1,1003.9,380726,0.3679,0.1996,84.32,1001.2000,0.27
2025-12-08 15:10:00,1004,1004.5,1002.3,1002.7,413122,0.2780,0.1996,39.28,1001.2000,0.15
2025-12-08 15:15:00,1002.7,1003.9,1002.1,1002.1,426828,0.1692,0.1996,-15.23,1001.2000,0.09
2025-12-08 15:20:00,1002.5,1003,1002.2,1002.9,351882,0.1432,0.1996,-28.26,1001.2000,0.17
2025-12-08 15:25:00,1002.8,1003.3,1001,1001.8,246464,0.0490,0.1996,-75.45,1001.2000,0.06
2025-12-09 09:15:00,994.9,1001.1,994,999.5,1059219,-0.1598,0.0490,-426.12,1001.8000,-0.23
2025-12-09 09:20:00,999.7,1001.6,998.5,1000,215458,-0.2504,0.0490,-611.02,1001.8000,-0.18
2025-12-09 09:25:00,1000.1,1002,1000.1,1001.5,135505,-0.1978,0.0490,-503.67,1001.8000,-0.03
2025-12-09 09:30:00,1001.5,1001.7,999.1,999.8,182600,-0.2619,0.0490,-634.49,1001.8000,-0.20
2025-12-09 09:35:00,1000,1000.3,998.5,999.1,161528,-0.3314,0.0490,-776.33,1001.8000,-0.27
2025-12-09 09:40:00,999.1,1000,998.7,999.3,92803,-0.3425,0.0490,-798.98,1001.8000,-0.25
2025-12-09 09:45:00,999.2,1000,998.8,999.1,117456,-0.3411,0.0490,-796.12,1001.8000,-0.27
2025-12-09 09:50:00,999.2,1000,998.7,999.7,227992,-0.2802,0.0490,-671.84,1001.8000,-0.21
2025-12-09 09:55:00,999.9,1001,999.7,1000.9,122349,-0.1461,0.0490,-398.16,1001.8000,-0.09
2025-12-09 10:00:00,1000.5,1002.7,1000.1,1001.1,238019,-0.0368,0.0490,-175.10,1001.8000,-0.07
2025-12-09 10:05:00,1001.1,1001.5,1000.4,1001.1,138292,0.0386,0.0490,-21.22,1001.8000,-0.07
2025-12-09 10:10:00,1001,1001.7,999.5,999.7,138605,-0.0006,0.0490,-101.22,1001.8000,-0.21
2025-12-09 10:15:00,999.8,1002,998.9,1001,539116,0.0627,0.0490,27.96,1001.8000,-0.08
2025-12-09 10:20:00,1001.1,1001.5,999.8,1001.2,70182,0.1166,0.0490,137.96,1001.8000,-0.06
2025-12-09 10:25:00,1001.2,1001.2,999.9,1000.2,53138,0.0850,0.0490,73.47,1001.8000,-0.16
2025-12-09 10:30:00,1000.3,1000.7,999.5,999.8,54263,0.0394,0.0490,-19.59,1001.8000,-0.20
2025-12-09 10:35:00,999.8,1000.6,998.8,1000.6,106442,0.0641,0.0490,30.82,1001.8000,-0.12
2025-12-09 10:40:00,1000.6,1001.3,999.9,1000.3,52256,0.0610,0.0490,24.49,1001.8000,-0.15
2025-12-09 10:45:00,1000.3,1000.3,999.5,1000.1,43341,0.0471,0.0490,-3.88,1001.8000,-0.17
2025-12-09 10:50:00,1000,1000.1,999.6,1000,35628,0.0333,0.0490,-32.04,1001.8000,-0.18
2025-12-09 10:55:00,1000,1001.5,999.6,1001.2,46848,0.1032,0.0490,110.61,1001.8000,-0.06
2025-12-09 11:00:00,1001.5,1002,1000,1001,69674,0.1324,0.0490,170.20,1001.8000,-0.08
2025-12-09 11:05:00,1001.1,1002,1000.8,1002,67108,0.2107,0.0490,330.00,1001.8000,0.02
2025-12-09 11:10:00,1002,1002.7,1001.4,1002.5,77083,0.2834,0.0490,478.37,1001.8000,0.07
2025-12-09 11:15:00,1002.5,1002.8,1002,1002.6,74442,0.3225,0.0490,558.16,1001.8000,0.08
2025-12-09 11:20:00,1002.6,1002.6,1000.6,1000.9,160327,0.2230,0.0490,355.10,1001.8000,-0.09
2025-12-09 11:25:00,1001,1001.7,1000.2,1000.4,81951,0.1178,0.0490,140.41,1001.8000,-0.14
2025-12-09 11:30:00,1000.4,1001.4,999.7,1000.8,138369,0.0718,0.0490,46.53,1001.8000,-0.10
2025-12-09 11:35:00,1000.7,1001.3,1000.1,1000.6,79090,0.0268,0.0490,-45.31,1001.8000,-0.12
2025-12-09 11:40:00,1000.7,1000.9,998,998,198500,-0.1684,0.0490,-443.67,1001.8000,-0.38
2025-12-09 11:45:00,998,999,998,998.3,117311,-0.2620,0.0490,-634.69,1001.8000,-0.35
2025-12-09 11:50:00,998.3,999.3,998.2,999,127708,-0.2610,0.0490,-632.65,1001.8000,-0.28
2025-12-09 11:55:00,999,999.9,998.8,999.5,73952,-0.2129,0.0490,-534.49,1001.8000,-0.23
2025-12-09 12:00:00,999.7,1000.2,999.3,999.9,83827,-0.1436,0.0490,-393.06,1001.8000,-0.19
2025-12-09 12:05:00,1000,1000.8,999.8,1000.2,123265,-0.0709,0.0490,-244.69,1001.8000,-0.16
2025-12-09 12:10:00,1000.2,1000.2,999.6,999.7,70647,-0.0505,0.0490,-203.06,1001.8000,-0.21
2025-12-09 12:15:00,999.8,999.8,999.1,999.3,51833,-0.0577,0.0490,-217.76,1001.8000,-0.25
2025-12-09 12:20:00,999.3,1000.3,999,1000.2,88714,0.0014,0.0490,-97.14,1001.8000,-0.16
2025-12-09 12:25:00,1000.4,1000.6,999.2,999.2,114737,-0.0223,0.0490,-145.51,1001.8000,-0.26
2025-12-09 12:30:00,999.4,999.9,999.1,999.6,106672,-0.0073,0.0490,-114.90,1001.8000,-0.22
2025-12-09 12:35:00,999.7,999.8,999,999.2,57626,-0.0199,0.0490,-140.61,1001.8000,-0.26
2025-12-09 12:40:00,999.2,999.9,999,999.5,52652,-0.0043,0.0490,-108.78,1001.8000,-0.23
2025-12-09 12:45:00,999.8,999.8,999.5,999.8,61795,0.0280,0.0490,-42.86,1001.8000,-0.20
2025-12-09 12:50:00,999.8,999.8,999.1,999.3,53965,0.0181,0.0490,-63.06,1001.8000,-0.25
2025-12-09 12:55:00,999.3,999.9,998.4,999,139898,-0.0051,0.0490,-110.41,1001.8000,-0.28
2025-12-09 13:00:00,999.2,999.6,998.5,999.4,76924,0.0094,0.0490,-80.82,1001.8000,-0.24
2025-12-09 13:05:00,999.5,999.9,998.8,999,69843,-0.0045,0.0490,-109.18,1001.8000,-0.28
2025-12-09 13:10:00,999.1,999.2,998.3,998.7,89504,-0.0289,0.0490,-158.98,1001.8000,-0.31
2025-12-09 13:15:00,998.7,999.2,998.5,998.9,74625,-0.0268,0.0490,-154.69,1001.8000,-0.29
2025-12-09 13:20:00,999,999,998,998.3,87057,-0.0590,0.0490,-220.41,1001.8000,-0.35
2025-12-09 13:25:00,998.4,999.2,998.3,999,62155,-0.0281,0.0490,-157.35,1001.8000,-0.28
2025-12-09 13:30:00,999.1,1000,998.5,999.6,101682,0.0345,0.0490,-29.59,1001.8000,-0.22
2025-12-09 13:35:00,999.7,1000,998.5,999.3,107631,0.0562,0.0490,14.69,1001.8000,-0.25
2025-12-09 13:40:00,999.7,1000,999.2,999.7,88067,0.0956,0.0490,95.10,1001.8000,-0.21
2025-12-09 13:45:00,999.6,1001,999.5,1001,117336,0.2013,0.0490,310.82,1001.8000,-0.08
2025-12-09 13:50:00,1001,1001.2,1000,1000.9,124999,0.2532,0.0490,416.73,1001.8000,-0.09
2025-12-09 13:55:00,1001,1001.1,1000,1000.2,100269,0.2298,0.0490,368.98,1001.8000,-0.16
2025-12-09 14:00:00,1000.4,1000.7,999.6,999.7,106990,0.1727,0.0490,252.45,1001.8000,-0.21
2025-12-09 14:05:00,1000.1,1000.7,999.2,1000.3,128279,0.1672,0.0490,241.22,1001.8000,-0.15
2025-12-09 14:10:00,1000.4,1000.4,999.2,999.7,124418,0.1174,0.0490,139.59,1001.8000,-0.21
2025-12-09 14:15:00,999.8,1000,999,999.9,481831,0.0932,0.0490,90.20,1001.8000,-0.19
2025-12-09 14:20:00,999.9,1000,998.4,998.4,174884,-0.0223,0.0490,-145.51,1001.8000,-0.34
2025-12-09 14:25:00,998.5,999.4,998.3,998.6,84001,-0.0805,0.0490,-264.29,1001.8000,-0.32
2025-12-09 14:30:00,998.7,999.3,998.2,998.9,128481,-0.0932,0.0490,-290.20,1001.8000,-0.29
2025-12-09 14:35:00,998.9,999.8,998.7,999.7,163835,-0.0445,0.0490,-190.82,1001.8000,-0.21
2025-12-09 14:40:00,999.7,1000.4,999.2,999.9,482318,0.0019,0.0490,-96.12,1001.8000,-0.19
2025-12-09 14:45:00,999.9,1000,998.9,999.3,135272,-0.0067,0.0490,-113.67,1001.8000,-0.25
2025-12-09 14:50:00,999.3,999.9,999,999.1,113768,-0.0237,0.0490,-148.37,1001.8000,-0.27
2025-12-09 14:55:00,999.1,1000.5,998.7,999.6,196680,-0.0003,0.0490,-100.61,1001.8000,-0.22
2025-12-09 15:00:00,999.7,999.9,997.6,997.9,972155,-0.0933,0.0490,-290.41,1001.8000,-0.39
2025-12-09 15:05:00,998,998.2,997,997,716693,-0.2031,0.0490,-514.49,1001.8000,-0.48
2025-12-09 15:10:00,997.1,997.6,995.5,996.6,1302715,-0.2853,0.0490,-682.24,1001.8000,-0.52
2025-12-09 15:15:00,996.8,997,995.6,995.7,804161,-0.3771,0.0490,-869.59,1001.8000,-0.61
2025-12-09 15:20:00,995.7,997,995.6,996.2,760892,-0.3800,0.0490,-875.51,1001.8000,-0.56
2025-12-09 15:25:00,996.3,997.7,995.1,997,544960,-0.3069,0.0490,-726.33,1001.8000,-0.48
2025-12-10 09:15:00,997.5,998.3,993.5,997.4,543881,-0.2149,-0.3069,-29.98,997.0000,0.04
2025-12-10 09:20:00,997.4,998.5,995.2,996.6,150402,-0.1919,-0.3069,-37.47,997.0000,-0.04
2025-12-10 09:25:00,996.8,998.1,996.1,998.1,83668,-0.0662,-0.3069,-78.43,997.0000,0.11
2025-12-10 09:30:00,998,998.1,997.1,997.7,70193,-0.0038,-0.3069,-98.76,997.0000,0.07
2025-12-10 09:35:00,997.7,998.3,997.5,997.7,49278,0.0412,-0.3069,-113.42,997.0000,0.07
2025-12-10 09:40:00,997.6,998.2,996,996.8,83921,0.0153,-0.3069,-104.99,997.0000,-0.02
2025-12-10 09:45:00,996.9,997.8,995.5,995.6,85667,-0.0727,-0.3069,-76.31,997.0000,-0.14
2025-12-10 09:50:00,995.6,996.7,995.2,996.1,56108,-0.0864,-0.3069,-71.85,997.0000,-0.09
2025-12-10 09:55:00,996.1,996.9,995.6,995.7,49070,-0.1101,-0.3069,-64.13,997.0000,-0.13
2025-12-10 10:00:00,995.7,996.1,995.1,995.5,47780,-0.1258,-0.3069,-59.01,997.0000,-0.15
2025-12-10 10:05:00,995.5,996.4,995.2,996.2,103557,-0.0779,-0.3069,-74.62,997.0000,-0.08
2025-12-10 10:10:00,996.1,997.3,996,997,65766,0.0139,-0.3069,-104.53,997.0000,0.00
2025-12-10 10:15:00,997.2,998,996.9,997.5,127922,0.1092,-0.3069,-135.58,997.0000,0.05
2025-12-10 10:20:00,997.5,997.9,997.1,997.4,220477,0.1631,-0.3069,-153.14,997.0000,0.04
2025-12-10 10:25:00,997.2,997.6,996.3,996.4,141752,0.1306,-0.3069,-142.55,997.0000,-0.06
2025-12-10 10:30:00,996.4,996.8,994.5,995.2,131821,0.0324,-0.3069,-110.56,997.0000,-0.18
2025-12-10 10:35:00,995.3,996.4,994.9,995.5,116268,-0.0061,-0.3069,-98.01,997.0000,-0.15
2025-12-10 10:40:00,995.6,995.8,995,995.7,78663,-0.0115,-0.3069,-96.25,997.0000,-0.13
2025-12-10 10:45:00,995.8,995.8,993.3,993.6,147003,-0.1427,-0.3069,-53.50,997.0000,-0.34
2025-12-10 10:50:00,993.6,993.8,992,992.8,140279,-0.2625,-0.3069,-14.47,997.0000,-0.42
2025-12-10 10:55:00,992.8,993.8,992,992.8,122957,-0.3173,-0.3069,3.39,997.0000,-0.42
2025-12-10 11:00:00,992.7,993.5,991.9,993.2,136269,-0.3021,-0.3069,-1.56,997.0000,-0.38
2025-12-10 11:05:00,993.1,994,992.9,993.3,95091,-0.2625,-0.3069,-14.47,997.0000,-0.37
2025-12-10 11:10:00,993.4,993.9,993,993.2,335415,-0.2217,-0.3069,-27.76,997.0000,-0.38
2025-12-10 11:15:00,993.3,993.5,992.1,992.1,227483,-0.2456,-0.3069,-19.97,997.0000,-0.49
2025-12-10 11:20:00,992.2,992.3,991.1,991.6,224683,-0.2700,-0.3069,-12.02,997.0000,-0.54
2025-12-10 11:25:00,991.6,992,991,991,107276,-0.2991,-0.3069,-2.54,997.0000,-0.60
2025-12-10 11:30:00,991,991.1,990,990.1,244150,-0.3482,-0.3069,13.46,997.0000,-0.69
2025-12-10 11:35:00,990.1,990.4,989,989.3,275235,-0.4001,-0.3069,30.37,997.0000,-0.77
2025-12-10 11:40:00,989.5,990.1,989,989.1,88189,-0.4117,-0.3069,34.15,997.0000,-0.79
2025-12-10 11:45:00,989.1,989.2,987.8,988.5,99062,-0.4221,-0.3069,37.54,997.0000,-0.85
2025-12-10 11:50:00,988.5,989,987.9,988.7,76768,-0.3792,-0.3069,23.56,997.0000,-0.83
2025-12-10 11:55:00,988.6,989.7,988.5,989.1,89209,-0.2915,-0.3069,-5.02,997.0000,-0.79
2025-12-10 12:00:00,989.1,989.4,987.5,988.6,110245,-0.2371,-0.3069,-22.74,997.0000,-0.84
2025-12-10 12:05:00,988.4,990.2,988.1,988.8,156577,-0.1612,-0.3069,-47.47,997.0000,-0.82
2025-12-10 12:10:00,988.7,989.7,988.5,989.1,62501,-0.0690,-0.3069,-77.52,997.0000,-0.79
2025-12-10 12:15:00,989.2,989.5,988.1,989,73672,0.0031,-0.3069,-101.01,997.0000,-0.80
2025-12-10 12:20:00,989.1,989.4,988.1,988.2,71483,0.0142,-0.3069,-104.63,997.0000,-0.88
2025-12-10 12:25:00,988.2,988.2,987,987,101605,-0.0390,-0.3069,-87.29,997.0000,-1.00
2025-12-10 12:30:00,987.1,987.3,986,986.5,109058,-0.0851,-0.3069,-72.27,997.0000,-1.05
2025-12-10 12:35:00,986.9,987,986,986.5,68603,-0.0921,-0.3069,-69.99,997.0000,-1.05
2025-12-10 12:40:00,986.5,987,985.6,986.2,89512,-0.0932,-0.3069,-69.63,997.0000,-1.08
2025-12-10 12:45:00,986.2,986.9,986,986.1,112043,-0.0776,-0.3069,-74.71,997.0000,-1.09
2025-12-10 12:50:00,986.2,986.9,986,986.3,89708,-0.0330,-0.3069,-89.25,997.0000,-1.07
2025-12-10 12:55:00,986.3,986.9,986,986.4,107437,0.0211,-0.3069,-106.88,997.0000,-1.06
2025-12-10 13:00:00,986.3,986.7,986,986.3,86399,0.0655,-0.3069,-121.34,997.0000,-1.07
2025-12-10 13:05:00,986.3,986.7,985.3,986.7,145140,0.1333,-0.3069,-143.43,997.0000,-1.03
2025-12-10 13:10:00,986.7,987.5,985.8,986.2,121806,0.1545,-0.3069,-150.34,997.0000,-1.08
2025-12-10 13:15:00,986.3,988.1,985.6,988,112384,0.2917,-0.3069,-195.05,997.0000,-0.90
2025-12-10 13:20:00,988,988.9,987.4,988.6,161462,0.4173,-0.3069,-235.97,997.0000,-0.84
2025-12-10 13:25:00,988.6,990,987.9,989.7,185010,0.5599,-0.3069,-282.44,997.0000,-0.73
2025-12-10 13:30:00,989.8,990.8,989.2,990,119345,0.6534,-0.3069,-312.90,997.0000,-0.70
2025-12-10 13:35:00,990,990.4,989.2,989.6,118758,0.6650,-0.3069,-316.68,997.0000,-0.74
2025-12-10 13:40:00,989.7,990.6,989.6,990,93015,0.6743,-0.3069,-319.71,997.0000,-0.70
2025-12-10 13:45:00,990.2,990.2,989.8,990.1,141973,0.6609,-0.3069,-315.35,997.0000,-0.69
2025-12-10 13:50:00,990.1,990.2,989.1,989.9,178031,0.6133,-0.3069,-299.84,997.0000,-0.71
2025-12-10 13:55:00,989.9,989.9,987.6,988.2,1543614,0.4498,-0.3069,-246.56,997.0000,-0.88
2025-12-10 14:00:00,988.4,988.8,987,987.1,453772,0.2593,-0.3069,-184.49,997.0000,-0.99
2025-12-10 14:05:00,987.2,988.7,986.9,987.7,270768,0.1699,-0.3069,-155.36,997.0000,-0.93
2025-12-10 14:10:00,987.7,988.7,987.4,988.5,123171,0.1608,-0.3069,-152.39,997.0000,-0.85
2025-12-10 14:15:00,988.5,988.9,987.9,988.7,118230,0.1640,-0.3069,-153.44,997.0000,-0.83
2025-12-10 14:20:00,988.7,989.9,987.9,989.5,184215,0.2125,-0.3069,-169.24,997.0000,-0.75
2025-12-10 14:25:00,989.6,989.8,988.9,989.3,135470,0.2227,-0.3069,-172.56,997.0000,-0.77
2025-12-10 14:30:00,989.4,991,989.3,990.7,499210,0.3099,-0.3069,-200.98,997.0000,-0.63
2025-12-10 14:35:00,990.7,991,989.7,989.9,189058,0.2996,-0.3069,-197.62,997.0000,-0.71
2025-12-10 14:40:00,989.9,990.4,989.6,990.1,190140,0.2920,-0.3069,-195.14,997.0000,-0.69
2025-12-10 14:45:00,990.1,990.6,989.9,990.1,169732,0.2730,-0.3069,-188.95,997.0000,-0.69
2025-12-10 14:50:00,990.2,990.8,989.7,990.3,162897,0.2600,-0.3069,-184.72,997.0000,-0.67
2025-12-10 14:55:00,990.3,990.6,990,990.3,167122,0.2381,-0.3069,-177.58,997.0000,-0.67
2025-12-10 15:00:00,990.3,990.6,989,989.8,689138,0.1793,-0.3069,-158.42,997.0000,-0.72
2025-12-10 15:05:00,989.8,990.6,989,989.5,709478,0.1128,-0.3069,-136.75,997.0000,-0.75
2025-12-10 15:10:00,989.6,989.9,989.2,989.4,541556,0.0574,-0.3069,-118.70,997.0000,-0.76
2025-12-10 15:15:00,989.5,990.4,989.2,990.2,499089,0.0693,-0.3069,-122.58,997.0000,-0.68
2025-12-10 15:20:00,990.2,990.5,990,990.3,392488,0.0779,-0.3069,-125.38,997.0000,-0.67
2025-12-10 15:25:00,990.3,992,990,990.4,295001,0.0837,-0.3069,-127.27,997.0000,-0.66
2025-12-11 09:15:00,990,993.7,988.5,990,543863,0.0555,0.0837,-33.69,990.4000,-0.04
2025-12-11 09:20:00,989.9,992.8,989.9,991.9,255432,0.1540,0.0837,83.99,990.4000,0.15
2025-12-11 09:25:00,992,993.5,991.1,992.9,213998,0.2690,0.0837,221.39,990.4000,0.25
2025-12-11 09:30:00,992.9,994.2,992.2,993,233121,0.3302,0.0837,294.50,990.4000,0.26
2025-12-11 09:35:00,993.1,993.7,991.5,991.9,201346,0.2773,0.0837,231.30,990.4000,0.15
2025-12-11 09:40:00,991.6,991.9,989.6,990.1,234539,0.1102,0.0837,31.66,990.4000,-0.03
2025-12-11 09:45:00,990.1,991,989.3,990.5,126410,0.0205,0.0837,-75.51,990.4000,0.01
2025-12-11 09:50:00,990.6,991,989.8,990.2,90159,-0.0607,0.0837,-172.52,990.4000,-0.02
2025-12-11 09:55:00,990.2,990.8,989.2,989.4,124112,-0.1642,0.0837,-296.18,990.4000,-0.10
2025-12-11 10:00:00,989.4,991.6,989.2,991.2,136688,-0.1098,0.0837,-231.18,990.4000,0.08
2025-12-11 10:05:00,991.3,992.8,990.7,991.9,148446,-0.0293,0.0837,-135.01,990.4000,0.15
2025-12-11 10:10:00,992.1,994.4,991.8,994.4,167501,0.1783,0.0837,113.02,990.4000,0.40
2025-12-11 10:15:00,994,995.1,993.7,994.3,188529,0.2883,0.0837,244.44,990.4000,0.39
2025-12-11 10:20:00,994,994.8,993.3,994.2,100208,0.3308,0.0837,295.22,990.4000,0.38
2025-12-11 10:25:00,994.6,995,994,994.1,94718,0.3279,0.0837,291.76,990.4000,0.37
2025-12-11 10:30:00,994.5,995.8,994,994.8,159735,0.3471,0.0837,314.70,990.4000,0.44
2025-12-11 10:35:00,994.6,995.1,994,995.1,104600,0.3527,0.0837,321.39,990.4000,0.47
2025-12-11 10:40:00,994.9,995.5,994.8,995.2,135524,0.3360,0.0837,301.43,990.4000,0.48
2025-12-11 10:45:00,995.1,996.9,995,995.9,187538,0.3438,0.0837,310.75,990.4000,0.56
2025-12-11 10:50:00,996,997,995.3,995.8,129358,0.3146,0.0837,275.87,990.4000,0.55
2025-12-11 10:55:00,995.7,995.9,995,995.1,116594,0.2247,0.0837,168.46,990.4000,0.47
2025-12-11 11:00:00,995.1,995.5,994,994,158886,0.0755,0.0837,-9.80,990.4000,0.36
2025-12-11 11:05:00,994,995,994,994.9,130387,0.0244,0.0837,-70.85,990.4000,0.45
2025-12-11 11:10:00,995,995.9,994.8,995.4,92601,0.0119,0.0837,-85.78,990.4000,0.50
2025-12-11 11:15:00,995.4,995.7,994.7,995.6,74804,0.0051,0.0837,-93.91,990.4000,0.53
2025-12-11 11:20:00,995.4,996.4,995.4,996.1,100678,0.0213,0.0837,-74.55,990.4000,0.58
2025-12-11 11:25:00,996.1,996.3,994.9,995.4,70716,-0.0256,0.0837,-130.59,990.4000,0.50
2025-12-11 11:30:00,995.1,996,995,995.7,147267,-0.0456,0.0837,-154.48,990.4000,0.54
2025-12-11 11:35:00,995.7,996,994.9,995.9,98293,-0.0540,0.0837,-164.52,990.4000,0.56
2025-12-11 11:40:00,995.7,997.8,995.6,997.5,257854,0.0347,0.0837,-58.54,990.4000,0.72
2025-12-11 11:45:00,997.5,998,996.9,997.5,116086,0.0775,0.0837,-7.41,990.4000,0.72
2025-12-11 11:50:00,997.1,999,997.1,997.8,157740,0.1083,0.0837,29.39,990.4000,0.75
2025-12-11 11:55:00,997.8,998.9,997.5,998.6,88324,0.1615,0.0837,92.95,990.4000,0.83
2025-12-11 12:00:00,998.6,999.9,998.1,999.9,89594,0.2575,0.0837,207.65,990.4000,0.96
2025-12-11 12:05:00,999.9,1000.7,998.7,999.5,208130,0.2664,0.0837,218.28,990.4000,0.92
2025-12-11 12:10:00,999.5,1000,999,999.5,55493,0.2449,0.0837,192.59,990.4000,0.92
2025-12-11 12:15:00,999.5,1000.3,999,1000,101965,0.2370,0.0837,183.15,990.4000,0.97
2025-12-11 12:20:00,1000,1001.7,1000,1001.1,239731,0.2758,0.0837,229.51,990.4000,1.08
2025-12-11 12:25:00,1001.4,1002.7,1000.6,1002.3,128309,0.3475,0.0837,315.17,990.4000,1.20
2025-12-11 12:30:00,1002.3,1002.7,1001,1001.1,90768,0.2821,0.0837,237.04,990.4000,1.08
2025-12-11 12:35:00,1001.1,1001.1,999.5,999.8,130352,0.1272,0.0837,51.97,990.4000,0.95
2025-12-11 12:40:00,999.8,1000.1,999.2,999.5,105110,-0.0121,0.0837,-114.46,990.4000,0.92
2025-12-11 12:45:00,999.8,999.9,999,999.2,84540,-0.1343,0.0837,-260.45,990.4000,0.89
2025-12-11 12:50:00,999.1,999.7,999,999.5,106607,-0.2008,0.0837,-339.90,990.4000,0.92
2025-12-11 12:55:00,999.1,999.8,999.1,999.4,75618,-0.2540,0.0837,-403.46,990.4000,0.91
2025-12-11 13:00:00,999.4,999.8,999,999,116475,-0.3147,0.0837,-475.99,990.4000,0.87
2025-12-11 13:05:00,999.3,999.6,997.8,998,160519,-0.4143,0.0837,-594.98,990.4000,0.77
2025-12-11 13:10:00,998,998.6,996.6,997.6,95902,-0.4940,0.0837,-690.20,990.4000,0.73
2025-12-11 13:15:00,997.6,998.4,997.3,998,83007,-0.5048,0.0837,-703.11,990.4000,0.77
2025-12-11 13:20:00,998,998.5,997.6,998,72109,-0.4962,0.0837,-692.83,990.4000,0.77
2025-12-11 13:25:00,998,998.8,997.7,998.7,79513,-0.4302,0.0837,-613.98,990.4000,0.84
2025-12-11 13:30:00,998.5,999.6,998.4,999,138755,-0.3561,0.0837,-525.45,990.4000,0.87
2025-12-11 13:35:00,999,999.9,998.5,999,118360,-0.2992,0.0837,-457.47,990.4000,0.87
2025-12-11 13:40:00,999,999.4,998.1,998.2,100199,-0.3064,0.0837,-466.07,990.4000,0.79
2025-12-11 13:45:00,998.2,999.2,998,999,77098,-0.2506,0.0837,-399.40,990.4000,0.87
2025-12-11 13:50:00,999,999.4,998.3,999.1,92034,-0.2024,0.0837,-341.82,990.4000,0.88
2025-12-11 13:55:00,999,999.8,998.8,999,102921,-0.1738,0.0837,-307.65,990.4000,0.87
2025-12-11 14:00:00,999,999,998,998.1,59528,-0.2095,0.0837,-350.30,990.4000,0.78
2025-12-11 14:05:00,998.2,998.7,997.8,998.4,76437,-0.2067,0.0837,-346.95,990.4000,0.81
2025-12-11 14:10:00,998.5,998.9,998.1,998.5,103109,-0.1922,0.0837,-329.63,990.4000,0.82
2025-12-11 14:15:00,998.9,999.6,998.6,999.6,136897,-0.1068,0.0837,-227.60,990.4000,0.93
2025-12-11 14:20:00,999.6,1000.3,999.4,1000,115135,-0.0259,0.0837,-130.94,990.4000,0.97
2025-12-11 14:25:00,1000.1,1001.8,1000,1001.8,447059,0.1373,0.0837,64.04,990.4000,1.15
2025-12-11 14:30:00,1001.8,1002,1000.8,1001,188222,0.1773,0.0837,111.83,990.4000,1.07
2025-12-11 14:35:00,1001.1,1002,1000.7,1001.8,137520,0.2397,0.0837,186.38,990.4000,1.15
2025-12-11 14:40:00,1001.9,1002,1001,1001.1,94360,0.2167,0.0837,158.90,990.4000,1.08
2025-12-11 14:45:00,1001.1,1001.1,999.5,999.6,386814,0.0896,0.0837,7.05,990.4000,0.93
2025-12-11 14:50:00,999.7,1000.8,999.4,1000.5,290127,0.0571,0.0837,-31.78,990.4000,1.02
2025-12-11 14:55:00,1000.5,1001.1,1000,1000.3,132185,0.0152,0.0837,-81.84,990.4000,1.00
2025-12-11 15:00:00,1000.5,1001.8,1000.5,1000.9,239177,0.0205,0.0837,-75.51,990.4000,1.06
2025-12-11 15:05:00,1000.9,1001.4,1000.8,1001,251961,0.0233,0.0837,-72.16,990.4000,1.07
2025-12-11 15:10:00,1000.9,1001,1000,1000,214418,-0.0459,0.0837,-154.84,990.4000,0.97
2025-12-11 15:15:00,1000.1,1000.1,999.2,1000,338319,-0.0927,0.0837,-210.75,990.4000,0.97
2025-12-11 15:20:00,1000,1000.1,999.5,1000,256971,-0.1228,0.0837,-246.71,990.4000,0.97
2025-12-11 15:25:00,1000.1,1000.4,999,999.9,217318,-0.1469,0.0837,-275.51,990.4000,0.96
2025-12-12 09:15:00,1003,1004.7,1001.1,1002.7,512606,0.0193,-0.1469,-113.14,999.9000,0.28
2025-12-12 09:20:00,1002.6,1002.9,1001.6,1001.6,130236,0.0473,-0.1469,-132.20,999.9000,0.17
2025-12-12 09:25:00,1001.8,1003,1001.3,1002.7,182019,0.1274,-0.1469,-186.73,999.9000,0.28
2025-12-12 09:30:00,1002.9,1004,1002.7,1003.9,190310,0.2420,-0.1469,-264.74,999.9000,0.40
2025-12-12 09:35:00,1003.9,1004.7,1003.4,1003.6,169739,0.2761,-0.1469,-287.95,999.9000,0.37
2025-12-12 09:40:00,1003.7,1004,1003,1003.3,77319,0.2572,-0.1469,-275.09,999.9000,0.34
2025-12-12 09:45:00,1003.1,1003.5,1002.3,1003,84420,0.2055,-0.1469,-239.89,999.9000,0.31
2025-12-12 09:50:00,1003,1003.1,1002.3,1002.6,53348,0.1291,-0.1469,-187.88,999.9000,0.27
2025-12-12 09:55:00,1002.4,1002.8,1001.6,1002.1,2147211,0.0346,-0.1469,-123.55,999.9000,0.22
2025-12-12 10:00:00,1002,1002.2,1001.5,1002,128043,-0.0409,-0.1469,-72.16,999.9000,0.21
2025-12-12 10:05:00,1002,1002,1000.4,1001.5,102390,-0.1259,-0.1469,-14.30,999.9000,0.16
2025-12-12 10:10:00,1001.5,1002,1000.8,1002,55639,-0.1484,-0.1469,1.02,999.9000,0.21
2025-12-12 10:15:00,1002,1003,1001.9,1002.9,124292,-0.1046,-0.1469,-28.80,999.9000,0.30
2025-12-12 10:20:00,1003,1003.1,1001.3,1001.5,65253,-0.1681,-0.1469,14.43,999.9000,0.16
2025-12-12 10:25:00,1001.5,1001.5,998.4,999.7,190021,-0.3207,-0.1469,118.31,999.9000,-0.02
2025-12-12 10:30:00,999.7,1000.5,999.3,999.8,60030,-0.3991,-0.1469,171.68,999.9000,-0.01
2025-12-12 10:35:00,1000,1000,999.3,999.9,37948,-0.4260,-0.1469,189.99,999.9000,0.00
2025-12-12 10:40:00,999.9,1000,999.1,999.1,53023,-0.4757,-0.1469,223.83,999.9000,-0.08
2025-12-12 10:45:00,999.3,1000,999,999.1,49410,-0.4849,-0.1469,230.09,999.9000,-0.08
2025-12-12 10:50:00,999.3,999.8,998.5,999.3,39955,-0.4544,-0.1469,209.33,999.9000,-0.06
2025-12-12 10:55:00,999.2,999.5,998.2,998.5,52930,-0.4634,-0.1469,215.45,999.9000,-0.14
2025-12-12 11:00:00,998.5,999.8,998.3,999.3,73106,-0.3935,-0.1469,167.87,999.9000,-0.06
2025-12-12 11:05:00,999.5,1000.1,999.1,1000,78273,-0.2833,-0.1469,92.85,999.9000,0.01
2025-12-12 11:10:00,1000,1000.9,999.7,1000,213290,-0.1977,-0.1469,34.58,999.9000,0.01
2025-12-12 11:15:00,1000.3,1000.4,999.6,1000,151199,-0.1315,-0.1469,-10.48,999.9000,0.01
2025-12-12 11:20:00,1000,1002.1,999.9,1001.8,165965,0.0343,-0.1469,-123.35,999.9000,0.19
2025-12-12 11:25:00,1001.8,1002,1001.1,1001.9,52338,0.1451,-0.1469,-198.77,999.9000,0.20
2025-12-12 11:30:00,1001.9,1002.1,1001.7,1002,70337,0.2155,-0.1469,-246.70,999.9000,0.21
2025-12-12 11:35:00,1002.1,1002.3,1001.5,1001.5,53543,0.2179,-0.1469,-248.33,999.9000,0.16
2025-12-12 11:40:00,1001.6,1002,1001.4,1001.8,63867,0.2282,-0.1469,-255.34,999.9000,0.19
2025-12-12 11:45:00,1001.8,1002.2,1001.3,1001.9,73168,0.2297,-0.1469,-256.36,999.9000,0.20
2025-12-12 11:50:00,1001.8,1002.9,1001.4,1002.6,94297,0.2633,-0.1469,-279.24,999.9000,0.27
2025-12-12 11:55:00,1002.6,1002.7,1001.8,1001.9,40581,0.2253,-0.1469,-253.37,999.9000,0.20
2025-12-12 12:00:00,1002.1,1002.5,1001.6,1001.7,45902,0.1758,-0.1469,-219.67,999.9000,0.18
2025-12-12 12:05:00,1001.7,1002,1001.2,1001.9,43316,0.1469,-0.1469,-200.00,999.9000,0.20
2025-12-12 12:10:00,1002,1002.1,1001.1,1002,56571,0.1256,-0.1469,-185.50,999.9000,0.21
2025-12-12 12:15:00,1002,1002.4,1001.3,1001.6,64556,0.0781,-0.1469,-153.17,999.9000,0.17
2025-12-12 12:20:00,1002,1002.4,1001.6,1002.4,47044,0.0929,-0.1469,-163.24,999.9000,0.25
2025-12-12 12:25:00,1002.4,1003,1002.1,1002.5,96990,0.1013,-0.1469,-168.96,999.9000,0.26
2025-12-12 12:30:00,1002.5,1002.8,1002.2,1002.6,85128,0.1049,-0.1469,-171.41,999.9000,0.27
2025-12-12 12:35:00,1002.8,1002.8,1001.7,1002,58177,0.0604,-0.1469,-141.12,999.9000,0.21
2025-12-12 12:40:00,1002.2,1002.4,1001.7,1002.1,75197,0.0326,-0.1469,-122.19,999.9000,0.22
2025-12-12 12:45:00,1002.1,1002.3,1001.7,1002.1,51732,0.0103,-0.1469,-107.01,999.9000,0.22
2025-12-12 12:50:00,1002,1002.2,1001.9,1002.2,65745,-0.0010,-0.1469,-99.32,999.9000,0.23
2025-12-12 12:55:00,1002.2,1002.2,1001.4,1001.6,144700,-0.0495,-0.1469,-66.30,999.9000,0.17
2025-12-12 13:00:00,1001.6,1001.6,1001.1,1001.4,54554,-0.0932,-0.1469,-36.56,999.9000,0.15
2025-12-12 13:05:00,1001.4,1001.5,1000,1000.3,187638,-0.1888,-0.1469,28.52,999.9000,0.04
2025-12-12 13:10:00,1000.3,1000.8,1000.1,1000.8,48533,-0.2093,-0.1469,42.48,999.9000,0.09
2025-12-12 13:15:00,1000.8,1001.1,1000.3,1000.5,74398,-0.2323,-0.1469,58.13,999.9000,0.06
2025-12-12 13:20:00,1000.5,1000.5,999.5,999.8,131415,-0.2806,-0.1469,91.01,999.9000,-0.01
2025-12-12 13:25:00,999.8,1000,999.4,999.8,74713,-0.2970,-0.1469,102.18,999.9000,-0.01
2025-12-12 13:30:00,999.8,1000,999.3,1000,63209,-0.2791,-0.1469,89.99,999.9000,0.01
2025-12-12 13:35:00,1000,1000.2,999.5,999.9,65703,-0.2590,-0.1469,76.31,999.9000,0.00
2025-12-12 13:40:00,999.9,1000.2,999.5,1000,71899,-0.2254,-0.1469,53.44,999.9000,0.01
2025-12-12 13:45:00,1000,1000,999.4,999.9,81286,-0.1973,-0.1469,34.31,999.9000,0.00
2025-12-12 13:50:00,999.9,1000.3,999.6,1000.3,86162,-0.1417,-0.1469,-3.54,999.9000,0.04
2025-12-12 13:55:00,1000.3,1000.6,1000,1000.3,77490,-0.0970,-0.1469,-33.97,999.9000,0.04
2025-12-12 14:00:00,1000.3,1000.7,1000.1,1000.7,95454,-0.0358,-0.1469,-75.63,999.9000,0.08
2025-12-12 14:05:00,1000.7,1001.3,1000.6,1001.2,91741,0.0390,-0.1469,-126.55,999.9000,0.13
2025-12-12 14:10:00,1001.2,1001.3,1000.1,1000.3,90549,0.0291,-0.1469,-119.81,999.9000,0.04
2025-12-12 14:15:00,1000.3,1001,1000.1,1001,87673,0.0685,-0.1469,-146.63,999.9000,0.11
2025-12-12 14:20:00,1001,1001.1,1000.6,1001,89300,0.0921,-0.1469,-162.70,999.9000,0.11
2025-12-12 14:25:00,1001,1001,1000,1000.2,130435,0.0531,-0.1469,-136.15,999.9000,0.03
2025-12-12 14:30:00,1000.2,1001.1,1000.1,1001.1,99962,0.0854,-0.1469,-158.13,999.9000,0.12
2025-12-12 14:35:00,1001.1,1001.7,1000.7,1000.8,134470,0.0839,-0.1469,-157.11,999.9000,0.09
2025-12-12 14:40:00,1000.8,1000.9,999.9,1000.1,124358,0.0355,-0.1469,-124.17,999.9000,0.02
2025-12-12 14:45:00,1000.1,1000.3,999.9,1000.1,109232,0.0050,-0.1469,-103.40,999.9000,0.02
2025-12-12 14:50:00,1000,1000.2,999.9,1000,76876,-0.0193,-0.1469,-86.86,999.9000,0.01
2025-12-12 14:55:00,1000.1,1000.3,1000,1000,89982,-0.0318,-0.1469,-78.35,999.9000,0.01
2025-12-12 15:00:00,1000.1,1001.7,1000.1,1000.4,551707,-0.0108,-0.1469,-92.65,999.9000,0.05
2025-12-12 15:05:00,1000.4,1000.8,1000.2,1000.7,287610,0.0238,-0.1469,-116.20,999.9000,0.08
2025-12-12 15:10:00,1000.8,1001.6,1000.7,1001.2,512207,0.0778,-0.1469,-152.96,999.9000,0.13
2025-12-12 15:15:00,1001.3,1001.4,1001,1001.3,416041,0.1155,-0.1469,-178.62,999.9000,0.14
2025-12-12 15:20:00,1001.2,1002.9,1001.2,1002.8,543996,0.2300,-0.1469,-256.57,999.9000,0.29
2025-12-12 15:25:00,1002.8,1003.6,1000.2,1002.9,465468,0.2968,-0.1469,-302.04,999.9000,0.30
2025-12-15 09:15:00,992,1001.8,992,999.8,1095006,0.1253,0.2968,-57.78,1002.9000,-0.31
2025-12-15 09:20:00,999.4,999.7,996.4,997.1,170346,-0.1614,0.2968,-154.38,1002.9000,-0.58
2025-12-15 09:25:00,997.3,997.3,995,995.3,78638,-0.4473,0.2968,-250.71,1002.9000,-0.76
2025-12-15 09:30:00,995.4,996.1,995.1,995.6,57622,-0.5828,0.2968,-296.36,1002.9000,-0.73
2025-12-15 09:35:00,995.6,996.5,995.2,996.3,38922,-0.5901,0.2968,-298.82,1002.9000,-0.66
2025-12-15 09:40:00,996,996.4,995.5,995.9,44544,-0.5854,0.2968,-297.24,1002.9000,-0.70
2025-12-15 09:45:00,995.7,997.3,995.5,996.9,38012,-0.4829,0.2968,-262.70,1002.9000,-0.60
2025-12-15 09:50:00,997.3,997.4,995.8,996.2,37539,-0.4317,0.2968,-245.45,1002.9000,-0.67
2025-12-15 09:55:00,996,996.6,995.7,996.6,26127,-0.3443,0.2968,-216.00,1002.9000,-0.63
2025-12-15 10:00:00,996.6,996.7,995.2,995.5,58751,-0.3336,0.2968,-212.40,1002.9000,-0.74
2025-12-15 10:05:00,995.6,995.9,995,995.6,67048,-0.2943,0.2968,-199.16,1002.9000,-0.73
2025-12-15 10:10:00,995.5,996,995,996,40648,-0.2193,0.2968,-173.89,1002.9000,-0.69
2025-12-15 10:15:00,996,996.6,995.9,996.5,98842,-0.1189,0.2968,-140.06,1002.9000,-0.64
2025-12-15 10:20:00,996.5,996.5,995.5,995.8,57409,-0.0842,0.2968,-128.37,1002.9000,-0.71
2025-12-15 10:25:00,995.8,996.7,995.7,996.5,124486,-0.0030,0.2968,-101.01,1002.9000,-0.64
2025-12-15 10:30:00,996.7,996.7,996,996.1,54129,0.0329,0.2968,-88.92,1002.9000,-0.68
2025-12-15 10:35:00,996.3,996.3,996,996.1,57327,0.0641,0.2968,-78.40,1002.9000,-0.68
2025-12-15 10:40:00,996.1,996.1,995,995.9,196715,0.0776,0.2968,-73.85,1002.9000,-0.70
2025-12-15 10:45:00,996,997.5,995.9,997.4,63728,0.1878,0.2968,-36.73,1002.9000,-0.55
2025-12-15 10:50:00,997.5,997.7,997.2,997.6,49609,0.2694,0.2968,-9.23,1002.9000,-0.53
2025-12-15 10:55:00,997.6,997.6,996.5,996.7,63708,0.2579,0.2968,-13.11,1002.9000,-0.62
2025-12-15 11:00:00,996.7,996.7,995.9,996.2,76606,0.2136,0.2968,-28.03,1002.9000,-0.67
2025-12-15 11:05:00,996.2,996.2,995,995.1,73969,0.1124,0.2968,-62.13,1002.9000,-0.78
2025-12-15 11:10:00,995.2,995.5,995,995.4,43910,0.0698,0.2968,-76.48,1002.9000,-0.75
2025-12-15 11:15:00,995.3,995.4,995,995.2,42500,0.0342,0.2968,-88.48,1002.9000,-0.77
2025-12-15 11:20:00,995.2,995.2,994,994.3,80453,-0.0400,0.2968,-113.48,1002.9000,-0.86
2025-12-15 11:25:00,994.4,995.6,994.2,995.5,59305,-0.0003,0.2968,-100.10,1002.9000,-0.74
2025-12-15 11:30:00,995.5,995.6,993.5,994,72389,-0.0636,0.2968,-121.43,1002.9000,-0.89
2025-12-15 11:35:00,994,995.2,993.9,994.7,62680,-0.0477,0.2968,-116.07,1002.9000,-0.82
2025-12-15 11:40:00,994.6,994.9,994,994.7,44123,-0.0275,0.2968,-109.27,1002.9000,-0.82
2025-12-15 11:45:00,994.7,995.8,994.2,995.8,52126,0.0646,0.2968,-78.23,1002.9000,-0.71
2025-12-15 11:50:00,995.8,996.6,995.5,996.2,81280,0.1522,0.2968,-48.72,1002.9000,-0.67
2025-12-15 11:55:00,996.3,997.3,996,996.8,79000,0.2447,0.2968,-17.55,1002.9000,-0.61
2025-12-15 12:00:00,996.7,997.5,996.1,997.1,46818,0.3157,0.2968,6.37,1002.9000,-0.58
2025-12-15 12:05:00,997,999,996.8,998.4,109404,0.4327,0.2968,45.79,1002.9000,-0.45
2025-12-15 12:10:00,998,998.5,997.4,997.8,37256,0.4501,0.2968,51.65,1002.9000,-0.51
2025-12-15 12:15:00,997.8,997.8,997.3,997.4,30891,0.4159,0.2968,40.13,1002.9000,-0.55
2025-12-15 12:20:00,997.4,998.5,997.3,997.9,85972,0.4076,0.2968,37.33,1002.9000,-0.50
2025-12-15 12:25:00,998,998,996.9,997.5,65122,0.3577,0.2968,20.52,1002.9000,-0.54
2025-12-15 12:30:00,997.6,998.3,997.5,997.8,70812,0.3281,0.2968,10.55,1002.9000,-0.51
2025-12-15 12:35:00,997.9,997.9,997,997.1,51184,0.2483,0.2968,-16.34,1002.9000,-0.58
2025-12-15 12:40:00,997,997.2,995.8,996.6,57979,0.1534,0.2968,-48.32,1002.9000,-0.63
2025-12-15 12:45:00,996.6,996.8,996.1,996.8,32035,0.0982,0.2968,-66.91,1002.9000,-0.61
2025-12-15 12:50:00,996.7,997,996.5,996.6,39728,0.0452,0.2968,-84.77,1002.9000,-0.63
2025-12-15 12:55:00,996.6,997,996,996.7,66672,0.0153,0.2968,-94.85,1002.9000,-0.62
2025-12-15 13:00:00,996.7,997.1,996.2,996.7,69679,-0.0049,0.2968,-101.65,1002.9000,-0.62
2025-12-15 13:05:00,997.1,998,996.7,997.1,103440,0.0075,0.2968,-97.47,1002.9000,-0.58
2025-12-15 13:10:00,997.1,998.2,997,998,175117,0.0717,0.2968,-75.84,1002.9000,-0.49
2025-12-15 13:15:00,997.6,998,996.5,996.8,48025,0.0306,0.2968,-89.69,1002.9000,-0.61
2025-12-15 13:20:00,996.8,997.5,996.5,997.1,48268,0.0215,0.2968,-92.76,1002.9000,-0.58
2025-12-15 13:25:00,997.2,997.2,996.7,996.8,34474,-0.0054,0.2968,-101.82,1002.9000,-0.61
2025-12-15 13:30:00,996.8,996.9,996.5,996.9,25551,-0.0166,0.2968,-105.59,1002.9000,-0.60
2025-12-15 13:35:00,996.7,996.9,996.5,996.7,33678,-0.0365,0.2968,-112.30,1002.9000,-0.62
2025-12-15 13:40:00,996.7,997,996.6,996.7,39595,-0.0479,0.2968,-116.14,1002.9000,-0.62
2025-12-15 13:45:00,996.7,996.8,996.5,996.8,28711,-0.0468,0.2968,-115.77,1002.9000,-0.61
2025-12-15 13:50:00,996.7,996.8,995.9,996.7,57980,-0.0508,0.2968,-117.12,1002.9000,-0.62
2025-12-15 13:55:00,996.7,996.8,996.1,996.2,60448,-0.0830,0.2968,-127.96,1002.9000,-0.67
2025-12-15 14:00:00,996.1,997,996,996.9,45633,-0.0545,0.2968,-118.36,1002.9000,-0.60
2025-12-15 14:05:00,996.9,997,995.2,995.4,226164,-0.1297,0.2968,-143.70,1002.9000,-0.75
2025-12-15 14:10:00,995.3,996,994.8,995.7,319863,-0.1508,0.2968,-150.81,1002.9000,-0.72
2025-12-15 14:15:00,995.8,996.4,995.6,996,42277,-0.1366,0.2968,-146.02,1002.9000,-0.69
2025-12-15 14:20:00,996,996.1,995.2,995.5,53851,-0.1516,0.2968,-151.08,1002.9000,-0.74
2025-12-15 14:25:00,995.5,996.6,995.3,996.5,56270,-0.0882,0.2968,-129.72,1002.9000,-0.64
2025-12-15 14:30:00,996.4,996.5,996,996.4,67556,-0.0490,0.2968,-116.51,1002.9000,-0.65
2025-12-15 14:35:00,996.3,996.7,996,996.1,37903,-0.0395,0.2968,-113.31,1002.9000,-0.68
2025-12-15 14:40:00,996.5,997.4,996.1,997.3,142468,0.0466,0.2968,-84.30,1002.9000,-0.56
2025-12-15 14:45:00,997.2,997.9,997,997.1,600279,0.0867,0.2968,-70.79,1002.9000,-0.58
2025-12-15 14:50:00,997.1,997.7,997,997.3,133110,0.1212,0.2968,-59.16,1002.9000,-0.56
2025-12-15 14:55:00,997.4,997.5,997,997.3,87296,0.1375,0.2968,-53.67,1002.9000,-0.56
2025-12-15 15:00:00,997.4,997.4,996.8,996.9,356568,0.1155,0.2968,-61.08,1002.9000,-0.60
2025-12-15 15:05:00,996.8,996.9,995.7,996.3,255976,0.0577,0.2968,-80.56,1002.9000,-0.66
2025-12-15 15:10:00,996.2,996.8,996,996.1,199732,0.0059,0.2968,-98.01,1002.9000,-0.68
2025-12-15 15:15:00,996.1,996.3,995,995.6,308972,-0.0586,0.2968,-119.74,1002.9000,-0.73
2025-12-15 15:20:00,995.6,995.8,994.2,995.4,275452,-0.1084,0.2968,-136.52,1002.9000,-0.75
2025-12-15 15:25:00,995.4,996.5,994.9,995,225582,-0.1589,0.2968,-153.54,1002.9000,-0.79
2025-12-16 09:15:00,990.1,995.3,990.1,994.9,806662,-0.1876,-0.1589,18.06,995.0000,-0.01
2025-12-16 09:20:00,994.4,995.2,994,994.5,100096,-0.2200,-0.1589,38.45,995.0000,-0.05
2025-12-16 09:25:00,994.5,995.4,994.2,995.2,115932,-0.1822,-0.1589,14.66,995.0000,0.02
2025-12-16 09:30:00,995.2,996.8,994.5,995.8,199136,-0.1084,-0.1589,-31.78,995.0000,0.08
2025-12-16 09:35:00,995.7,996.9,995.5,996,201316,-0.0412,-0.1589,-74.07,995.0000,0.10
2025-12-16 09:40:00,995.8,996.9,995.7,996.5,125835,0.0377,-0.1589,-123.73,995.0000,0.15
2025-12-16 09:45:00,996.5,997,995.5,995.9,120684,0.0493,-0.1589,-131.03,995.0000,0.09
2025-12-16 09:50:00,995.8,996.5,995.7,996.5,75151,0.0948,-0.1589,-159.66,995.0000,0.15
2025-12-16 09:55:00,996.3,996.7,995.5,995.9,89798,0.0822,-0.1589,-151.73,995.0000,0.09
2025-12-16 10:00:00,996,996.4,995.7,996.4,106097,0.1039,-0.1589,-165.39,995.0000,0.14
2025-12-16 10:05:00,996.4,997.4,995.1,995.3,199691,0.0437,-0.1589,-127.50,995.0000,0.03
2025-12-16 10:10:00,995.1,995.9,994,994,119237,-0.0776,-0.1589,-51.16,995.0000,-0.10
2025-12-16 10:15:00,994.3,994.8,994,994.5,109781,-0.1158,-0.1589,-27.12,995.0000,-0.05
2025-12-16 10:20:00,994.5,995,994,995,85351,-0.0997,-0.1589,-37.26,995.0000,0.00
2025-12-16 10:25:00,994.9,995.6,994.4,994.5,67758,-0.1139,-0.1589,-28.32,995.0000,-0.05
2025-12-16 10:30:00,994.6,996.4,994.4,995.8,150727,-0.0313,-0.1589,-80.30,995.0000,0.08
2025-12-16 10:35:00,996.1,996.9,994.9,995.8,165530,0.0248,-0.1589,-115.61,995.0000,0.08
2025-12-16 10:40:00,995.9,995.9,994.8,995,80532,0.0103,-0.1589,-106.48,995.0000,0.00
2025-12-16 10:45:00,995,995.4,994.4,994.5,106955,-0.0287,-0.1589,-81.94,995.0000,-0.05
2025-12-16 10:50:00,994.4,994.7,994.3,994.4,67721,-0.0553,-0.1589,-65.20,995.0000,-0.06
2025-12-16 10:55:00,994.4,995,994,994.1,178789,-0.0855,-0.1589,-46.19,995.0000,-0.09
2025-12-16 11:00:00,994,994.1,992.9,993.8,275416,-0.1161,-0.1589,-26.94,995.0000,-0.12
2025-12-16 11:05:00,993.6,994.3,993,993.6,146187,-0.1387,-0.1589,-12.71,995.0000,-0.14
2025-12-16 11:10:00,993.6,994,993.3,993.5,90809,-0.1484,-0.1589,-6.61,995.0000,-0.15
2025-12-16 11:15:00,993.6,994.3,993,994.1,153032,-0.1045,-0.1589,-34.24,995.0000,-0.09
2025-12-16 11:20:00,994.1,994.9,993.4,993.6,228756,-0.0993,-0.1589,-37.51,995.0000,-0.14
2025-12-16 11:25:00,993.6,994.1,993.2,993.6,138315,-0.0864,-0.1589,-45.63,995.0000,-0.14
2025-12-16 11:30:00,993.7,993.7,992,992.3,249351,-0.1522,-0.1589,-4.22,995.0000,-0.27
2025-12-16 11:35:00,992.4,992.6,991.5,992,126974,-0.1997,-0.1589,25.68,995.0000,-0.30
2025-12-16 11:40:00,992.1,992.2,990.9,991.2,269507,-0.2647,-0.1589,66.58,995.0000,-0.38
2025-12-16 11:45:00,991.3,992.1,990.7,992,125888,-0.2346,-0.1589,47.64,995.0000,-0.30
2025-12-16 11:50:00,992.1,992.7,991.9,992.6,122433,-0.1586,-0.1589,-0.19,995.0000,-0.24
2025-12-16 11:55:00,992.4,993.4,992.2,993.4,185898,-0.0447,-0.1589,-71.87,995.0000,-0.16
2025-12-16 12:00:00,993.4,993.8,993.2,993.6,92349,0.0488,-0.1589,-130.71,995.0000,-0.14
2025-12-16 12:05:00,993.4,993.6,992,992.2,55455,0.0223,-0.1589,-114.03,995.0000,-0.28
2025-12-16 12:10:00,992,992.6,991.6,992.4,98957,0.0241,-0.1589,-115.17,995.0000,-0.26
2025-12-16 12:15:00,992.2,992.4,991.5,992.2,97757,0.0180,-0.1589,-111.33,995.0000,-0.28
2025-12-16 12:20:00,992.2,992.6,991.9,992.1,79354,0.0135,-0.1589,-108.50,995.0000,-0.29
2025-12-16 12:25:00,992.1,995.1,991.9,994,505912,0.1379,-0.1589,-186.78,995.0000,-0.10
2025-12-16 12:30:00,994,995,993.6,994.5,187023,0.2470,-0.1589,-255.44,995.0000,-0.05
2025-12-16 12:35:00,994.5,995,994.1,994.9,94366,0.3337,-0.1589,-310.01,995.0000,-0.01
2025-12-16 12:40:00,994.9,996.4,994.7,995.5,179725,0.4139,-0.1589,-360.48,995.0000,0.05
2025-12-16 12:45:00,995.8,995.8,994.8,995.6,136239,0.4529,-0.1589,-385.02,995.0000,0.06
2025-12-16 12:50:00,995.6,997,995.2,995.5,385252,0.4504,-0.1589,-383.45,995.0000,0.05
2025-12-16 12:55:00,995.5,996.6,994.7,996,595876,0.4591,-0.1589,-388.92,995.0000,0.10
2025-12-16 13:00:00,996,996.1,995.4,995.5,85248,0.4096,-0.1589,-357.77,995.0000,0.05
2025-12-16 13:05:00,995.4,995.6,994.8,994.9,87317,0.3188,-0.1589,-300.63,995.0000,-0.01
2025-12-16 13:10:00,995,996.1,994.7,995.7,128901,0.2956,-0.1589,-286.03,995.0000,0.07
2025-12-16 13:15:00,995.7,996.5,994.9,995.6,389478,0.2579,-0.1589,-262.30,995.0000,0.06
2025-12-16 13:20:00,995.6,996,995.4,995.9,49470,0.2379,-0.1589,-249.72,995.0000,0.09
2025-12-16 13:25:00,995.9,996.5,995.2,995.5,100345,0.1849,-0.1589,-216.36,995.0000,0.05
2025-12-16 13:30:00,995.6,996,995.5,995.9,55561,0.1647,-0.1589,-203.65,995.0000,0.09
2025-12-16 13:35:00,995.9,996.5,995.8,996.5,222383,0.1784,-0.1589,-212.27,995.0000,0.15
2025-12-16 13:40:00,996.4,997.3,995.5,996,1018745,0.1420,-0.1589,-189.36,995.0000,0.10
2025-12-16 13:45:00,995.8,998.7,995.7,997.2,591054,0.1844,-0.1589,-216.05,995.0000,0.22
2025-12-16 13:50:00,997.2,997.8,996.6,996.8,133422,0.1713,-0.1589,-207.80,995.0000,0.18
2025-12-16 13:55:00,996.6,996.9,995.2,996.5,312009,0.1302,-0.1589,-181.94,995.0000,0.15
2025-12-16 14:00:00,996.4,996.5,995.8,996.3,142645,0.0797,-0.1589,-150.16,995.0000,0.13
2025-12-16 14:05:00,996.1,996.7,994.5,995.8,423342,0.0067,-0.1589,-104.22,995.0000,0.08
2025-12-16 14:10:00,995.8,996,994.9,995.9,193698,-0.0383,-0.1589,-75.90,995.0000,0.09
2025-12-16 14:15:00,996,996.1,994.6,994.8,156876,-0.1399,-0.1589,-11.96,995.0000,-0.02
2025-12-16 14:20:00,994.8,996.1,994.5,996,597638,-0.1246,-0.1589,-21.59,995.0000,0.10
2025-12-16 14:25:00,995.9,996.3,994.4,995.9,405356,-0.1195,-0.1589,-24.80,995.0000,0.09
2025-12-16 14:30:00,995.9,996.2,994.7,995,203174,-0.1718,-0.1589,8.12,995.0000,0.00
2025-12-16 14:35:00,995,995.8,994.7,995.1,162522,-0.1931,-0.1589,21.52,995.0000,0.01
2025-12-16 14:40:00,995.1,995.8,995,995.6,102330,-0.1679,-0.1589,5.66,995.0000,0.06
2025-12-16 14:45:00,995.6,996.1,994.4,995,567671,-0.1848,-0.1589,16.30,995.0000,0.00
2025-12-16 14:50:00,995.1,996.1,994,995.3,728686,-0.1692,-0.1589,6.48,995.0000,0.03
2025-12-16 14:55:00,995.3,996.1,994.2,994.9,597881,-0.1784,-0.1589,12.27,995.0000,-0.01
2025-12-16 15:00:00,995,996,994.2,995.5,842918,-0.1385,-0.1589,-12.84,995.0000,0.05
2025-12-16 15:05:00,995.3,995.7,993.4,994,1177983,-0.2035,-0.1589,28.07,995.0000,-0.10
2025-12-16 15:10:00,994.1,994.7,993.5,993.8,602330,-0.2475,-0.1589,55.76,995.0000,-0.12
2025-12-16 15:15:00,993.7,994.1,993.6,993.7,403014,-0.2690,-0.1589,69.29,995.0000,-0.13
2025-12-16 15:20:00,993.8,994.7,993.6,994.4,751093,-0.2237,-0.1589,40.78,995.0000,-0.06
2025-12-16 15:25:00,994.4,995,993.8,994.2,424580,-0.1958,-0.1589,23.22,995.0000,-0.08
2025-12-17 09:15:00,996,996,989.4,989.7,865132,-0.4542,-0.1958,131.97,994.2000,-0.45
2025-12-17 09:20:00,989.7,991.4,988.7,990.9,381238,-0.5137,-0.1958,162.36,994.2000,-0.33
2025-12-17 09:25:00,991,991.3,989.2,989.8,294917,-0.5911,-0.1958,201.89,994.2000,-0.44
2025-12-17 09:30:00,989.8,991.6,989,990.9,290593,-0.5339,-0.1958,172.68,994.2000,-0.33
2025-12-17 09:35:00,991,991.5,989.9,990,222752,-0.5217,-0.1958,166.45,994.2000,-0.42
2025-12-17 09:40:00,990.1,990.5,989,989,128421,-0.5435,-0.1958,177.58,994.2000,-0.52
2025-12-17 09:45:00,989.1,990,988.1,988.9,242681,-0.5269,-0.1958,169.10,994.2000,-0.53
2025-12-17 09:50:00,989.2,989.8,988.9,989.7,84028,-0.4284,-0.1958,118.79,994.2000,-0.45
2025-12-17 09:55:00,989.8,989.8,989.4,989.5,87874,-0.3466,-0.1958,77.02,994.2000,-0.47
2025-12-17 10:00:00,989.6,989.6,987.5,988,206546,-0.3617,-0.1958,84.73,994.2000,-0.62
2025-12-17 10:05:00,988.1,988.2,987,987.5,158951,-0.3722,-0.1958,90.09,994.2000,-0.67
2025-12-17 10:10:00,987.5,988.3,987.2,987.8,115457,-0.3272,-0.1958,67.11,994.2000,-0.64
2025-12-17 10:15:00,987.9,988.6,987.2,988.2,121783,-0.2428,-0.1958,24.00,994.2000,-0.60
2025-12-17 10:20:00,988.4,988.4,987.3,987.7,150137,-0.1949,-0.1958,-0.46,994.2000,-0.65
2025-12-17 10:25:00,987.8,988.2,986.1,986.5,149501,-0.2167,-0.1958,10.67,994.2000,-0.77
2025-12-17 10:30:00,986.5,987,986.3,987,113992,-0.1720,-0.1958,-12.16,994.2000,-0.72
2025-12-17 10:35:00,986.8,987,986.1,986.9,107968,-0.1258,-0.1958,-35.75,994.2000,-0.73
2025-12-17 10:40:00,986.9,987.6,986.8,987.2,116284,-0.0554,-0.1958,-71.71,994.2000,-0.70
2025-12-17 10:45:00,987.2,987.5,986.8,987.3,104759,0.0139,-0.1958,-107.10,994.2000,-0.69
2025-12-17 10:50:00,987.3,987.3,986.2,986.7,124288,0.0341,-0.1958,-117.42,994.2000,-0.75
2025-12-17 10:55:00,986.8,987.6,986.4,987.3,170243,0.0991,-0.1958,-150.61,994.2000,-0.69
2025-12-17 11:00:00,987.4,987.8,986.5,986.8,172015,0.1183,-0.1958,-160.42,994.2000,-0.74
2025-12-17 11:05:00,986.8,988,986.6,986.7,157267,0.1330,-0.1958,-167.93,994.2000,-0.75
2025-12-17 11:10:00,986.8,987.3,986.4,987.2,205394,0.1821,-0.1958,-193.00,994.2000,-0.70
2025-12-17 11:15:00,987.3,987.4,986.2,986.5,137352,0.1733,-0.1958,-188.51,994.2000,-0.77
2025-12-17 11:20:00,986.6,986.6,985.3,985.7,224931,0.1217,-0.1958,-162.16,994.2000,-0.85
2025-12-17 11:25:00,985.9,985.9,985,985,113666,0.0523,-0.1958,-126.71,994.2000,-0.93
2025-12-17 11:30:00,985.1,985.7,984.5,985.1,273919,0.0261,-0.1958,-113.33,994.2000,-0.92
2025-12-17 11:35:00,985.1,985.3,984.2,985,140317,0.0157,-0.1958,-108.02,994.2000,-0.93
2025-12-17 11:40:00,985,985.3,984.8,985.1,115834,0.0284,-0.1958,-114.50,994.2000,-0.92
2025-12-17 11:45:00,985.1,986.2,984.9,986.1,188418,0.1123,-0.1958,-157.35,994.2000,-0.81
2025-12-17 11:50:00,986.1,986.5,984.7,985.5,338907,0.1341,-0.1958,-168.49,994.2000,-0.88
2025-12-17 11:55:00,985.5,985.6,984.2,984.2,107954,0.0708,-0.1958,-136.16,994.2000,-1.01
2025-12-17 12:00:00,984.2,984.5,983.2,983.6,197297,0.0020,-0.1958,-101.02,994.2000,-1.07
2025-12-17 12:05:00,983.7,984.5,982.9,983.2,343794,-0.0539,-0.1958,-72.47,994.2000,-1.11
2025-12-17 12:10:00,983.2,984.2,982.9,983.1,188776,-0.0795,-0.1958,-59.40,994.2000,-1.12
2025-12-17 12:15:00,983.2,983.9,982.8,983.5,146434,-0.0526,-0.1958,-73.14,994.2000,-1.08
2025-12-17 12:20:00,983.7,983.8,982.7,982.8,110213,-0.0644,-0.1958,-67.11,994.2000,-1.15
2025-12-17 12:25:00,982.8,982.9,982.1,982.2,147149,-0.0933,-0.1958,-52.35,994.2000,-1.21
2025-12-17 12:30:00,982.2,983.3,982.2,983.1,142048,-0.0353,-0.1958,-81.97,994.2000,-1.12
2025-12-17 12:35:00,983.2,983.8,983,983.1,185847,0.0165,-0.1958,-108.43,994.2000,-1.12
2025-12-17 12:40:00,983,983.5,983,983.5,118083,0.0874,-0.1958,-144.64,994.2000,-1.08
2025-12-17 12:45:00,983.5,984.4,983.2,984,154965,0.1727,-0.1958,-188.20,994.2000,-1.03
2025-12-17 12:50:00,984.1,984.5,982.4,982.7,321045,0.1472,-0.1958,-175.18,994.2000,-1.16
2025-12-17 12:55:00,982.7,982.8,981.7,981.7,265922,0.0725,-0.1958,-137.03,994.2000,-1.26
2025-12-17 13:00:00,981.8,982.4,981.5,982.3,133182,0.0728,-0.1958,-137.18,994.2000,-1.20
2025-12-17 13:05:00,982.4,982.9,981.6,981.6,138431,0.0369,-0.1958,-118.85,994.2000,-1.27
2025-12-17 13:10:00,981.6,982,981.1,981.2,139281,-0.0007,-0.1958,-99.64,994.2000,-1.31
2025-12-17 13:15:00,981.3,982.7,981.1,982.5,135865,0.0711,-0.1958,-136.31,994.2000,-1.18
2025-12-17 13:20:00,982.5,982.9,981.7,982.5,186014,0.1246,-0.1958,-163.64,994.2000,-1.18
2025-12-17 13:25:00,982.7,983.4,982.2,982.3,260933,0.1508,-0.1958,-177.02,994.2000,-1.20
2025-12-17 13:30:00,982.3,982.6,981.1,981.7,401501,0.1325,-0.1958,-167.67,994.2000,-1.26
2025-12-17 13:35:00,981.7,982,981.1,981.2,186679,0.0935,-0.1958,-147.75,994.2000,-1.31
2025-12-17 13:40:00,981.3,981.6,980.8,981.5,202288,0.0944,-0.1958,-148.21,994.2000,-1.28
2025-12-17 13:45:00,981.6,982,981.3,981.6,160876,0.1072,-0.1958,-154.75,994.2000,-1.27
2025-12-17 13:50:00,981.6,982,981.3,981.7,129757,0.1266,-0.1958,-164.66,994.2000,-1.26
2025-12-17 13:55:00,981.8,982.8,981.4,982.7,180546,0.2062,-0.1958,-205.31,994.2000,-1.16
2025-12-17 14:00:00,982.7,982.9,981.7,982.4,164234,0.2360,-0.1958,-220.53,994.2000,-1.19
2025-12-17 14:05:00,982.5,982.6,982,982.1,161104,0.2325,-0.1958,-218.74,994.2000,-1.22
2025-12-17 14:10:00,982.2,983.5,982.1,983.3,183700,0.3034,-0.1958,-254.95,994.2000,-1.10
2025-12-17 14:15:00,983.5,984.3,983.2,983.7,486705,0.3656,-0.1958,-286.72,994.2000,-1.06
2025-12-17 14:20:00,983.7,984,982.3,982.9,257970,0.3416,-0.1958,-274.46,994.2000,-1.14
2025-12-17 14:25:00,983,983.4,982.5,983.4,202611,0.3470,-0.1958,-277.22,994.2000,-1.09
2025-12-17 14:30:00,983.4,984.5,983.2,984,345894,0.3762,-0.1958,-292.13,994.2000,-1.03
2025-12-17 14:35:00,984.2,984.6,982.2,982.7,833507,0.2966,-0.1958,-251.48,994.2000,-1.16
2025-12-17 14:40:00,982.6,983.6,982.3,983.4,360542,0.2800,-0.1958,-243.00,994.2000,-1.09
2025-12-17 14:45:00,983.4,984.1,982.8,983.9,227228,0.2904,-0.1958,-248.31,994.2000,-1.04
2025-12-17 14:50:00,983.9,984.7,983.4,983.8,263821,0.2781,-0.1958,-242.03,994.2000,-1.05
2025-12-17 14:55:00,983.8,984.1,983.5,984,209142,0.2708,-0.1958,-238.30,994.2000,-1.03
2025-12-17 15:00:00,983.9,984.9,983.9,984.9,639007,0.3110,-0.1958,-258.84,994.2000,-0.94
2025-12-17 15:05:00,984.8,984.9,983.2,983.6,702483,0.2379,-0.1958,-221.50,994.2000,-1.07
2025-12-17 15:10:00,983.7,983.8,983.5,983.7,602030,0.1863,-0.1958,-195.15,994.2000,-1.06
2025-12-17 15:15:00,983.8,983.9,983.1,983.9,754150,0.1569,-0.1958,-180.13,994.2000,-1.04
2025-12-17 15:20:00,983.9,984.5,983.8,984.5,632016,0.1681,-0.1958,-185.85,994.2000,-0.98
2025-12-17 15:25:00,984.5,986,984.4,985.2,501441,0.2101,-0.1958,-207.30,994.2000,-0.91
2025-12-18 09:15:00,973.3,982.5,973.3,980.4,1262690,-0.0822,0.2101,-139.12,985.2000,-0.49
2025-12-18 09:20:00,980.3,983,980.2,982.3,187273,-0.1409,0.2101,-167.06,985.2000,-0.29
2025-12-18 09:25:00,982.3,983.4,982,982.1,118031,-0.1839,0.2101,-187.53,985.2000,-0.31
2025-12-18 09:30:00,982.5,983.9,981.8,982.8,101490,-0.1569,0.2101,-174.68,985.2000,-0.24
2025-12-18 09:35:00,982.8,982.9,981.5,982.3,77909,-0.1637,0.2101,-177.92,985.2000,-0.29
2025-12-18 09:40:00,982.3,983.1,981,982.6,162043,-0.1399,0.2101,-166.59,985.2000,-0.26
2025-12-18 09:45:00,982.6,983.4,981.7,982.8,125254,-0.1042,0.2101,-149.60,985.2000,-0.24
2025-12-18 09:50:00,982.8,983.7,982.2,983.1,101760,-0.0563,0.2101,-126.80,985.2000,-0.21
2025-12-18 09:55:00,983.1,983.6,982.7,983.4,68283,-0.0031,0.2101,-101.48,985.2000,-0.18
2025-12-18 10:00:00,983.4,983.6,982.1,983.3,124896,0.0251,0.2101,-88.05,985.2000,-0.19
2025-12-18 10:05:00,983.3,983.9,982.9,983.9,68901,0.0807,0.2101,-61.59,985.2000,-0.13
2025-12-18 10:10:00,983.9,984,983.2,983.9,64618,0.1121,0.2101,-46.64,985.2000,-0.13
2025-12-18 10:15:00,983.9,985.5,983.5,985.5,175185,0.2286,0.2101,8.81,985.2000,0.03
2025-12-18 10:20:00,985.2,985.5,984.4,984.8,54965,0.2450,0.2101,16.61,985.2000,-0.04
2025-12-18 10:25:00,984.8,986.5,984.7,986.2,79476,0.3312,0.2101,57.64,985.2000,0.10
2025-12-18 10:30:00,986.2,987.2,985.8,987.2,87908,0.4305,0.2101,104.90,985.2000,0.20
2025-12-18 10:35:00,987.2,987.4,986.4,986.8,79534,0.4423,0.2101,110.52,985.2000,0.16
2025-12-18 10:40:00,986.8,987.4,986,986.6,116345,0.4105,0.2101,95.38,985.2000,0.14
2025-12-18 10:45:00,986.6,986.9,985,985.2,66833,0.2755,0.2101,31.13,985.2000,0.00
2025-12-18 10:50:00,985.2,985.8,985,985.5,50799,0.1908,0.2101,-9.19,985.2000,0.03
2025-12-18 10:55:00,985.5,985.7,984.9,985.4,46675,0.1160,0.2101,-44.79,985.2000,0.02
2025-12-18 11:00:00,985.4,985.6,982.5,982.9,268661,-0.1020,0.2101,-148.55,985.2000,-0.23
2025-12-18 11:05:00,982.9,983.8,982.5,983.1,145670,-0.2259,0.2101,-207.52,985.2000,-0.21
2025-12-18 11:10:00,983.1,983.3,982.7,983.1,66537,-0.2964,0.2101,-241.08,985.2000,-0.21
2025-12-18 11:15:00,983.1,983.6,982.6,982.8,68532,-0.3484,0.2101,-265.83,985.2000,-0.24
2025-12-18 11:20:00,982.8,984.6,982.6,984,108221,-0.2894,0.2101,-237.74,985.2000,-0.12
2025-12-18 11:25:00,984,984.3,983.5,984,89184,-0.2399,0.2101,-214.18,985.2000,-0.12
2025-12-18 11:30:00,984,984.2,983.2,983.4,89571,-0.2368,0.2101,-212.71,985.2000,-0.18
2025-12-18 11:35:00,983.4,984.2,983,984,74317,-0.1856,0.2101,-188.34,985.2000,-0.12
2025-12-18 11:40:00,984,984,983.1,983.5,67185,-0.1769,0.2101,-184.20,985.2000,-0.17
2025-12-18 11:45:00,983.5,984,983.1,983.7,73507,-0.1501,0.2101,-171.44,985.2000,-0.15
2025-12-18 11:50:00,983.7,985,983.4,984.2,109738,-0.0940,0.2101,-144.74,985.2000,-0.10
2025-12-18 11:55:00,984.2,984.5,982.6,982.9,276042,-0.1370,0.2101,-165.21,985.2000,-0.23
2025-12-18 12:00:00,982.9,983.4,982,982.1,319232,-0.2077,0.2101,-198.86,985.2000,-0.31
2025-12-18 12:05:00,982.1,983.3,981.3,982.5,378029,-0.2150,0.2101,-202.33,985.2000,-0.27
2025-12-18 12:10:00,982.6,984.1,982.4,983.9,201916,-0.1179,0.2101,-156.12,985.2000,-0.13
2025-12-18 12:15:00,983.9,984.8,982.8,983.1,230626,-0.1006,0.2101,-147.88,985.2000,-0.21
2025-12-18 12:20:00,983.1,983.8,982.8,983.3,127063,-0.0701,0.2101,-133.37,985.2000,-0.19
2025-12-18 12:25:00,983.3,984,982.1,983.2,608941,-0.0519,0.2101,-124.70,985.2000,-0.20
2025-12-18 12:30:00,983.2,983.5,982.5,983.1,118996,-0.0423,0.2101,-120.13,985.2000,-0.21
2025-12-18 12:35:00,983.1,983.4,982.3,983.2,77716,-0.0258,0.2101,-112.28,985.2000,-0.20
2025-12-18 12:40:00,983.2,983.5,983,983.1,74315,-0.0184,0.2101,-108.76,985.2000,-0.21
2025-12-18 12:45:00,983.1,983.5,982.5,982.6,96337,-0.0426,0.2101,-120.28,985.2000,-0.26
2025-12-18 12:50:00,982.6,983,982.1,982.3,85801,-0.0726,0.2101,-134.55,985.2000,-0.29
2025-12-18 12:55:00,982.3,983.5,982,982.6,70600,-0.0661,0.2101,-131.46,985.2000,-0.26
2025-12-18 13:00:00,982.6,982.8,982,982.6,73497,-0.0561,0.2101,-126.70,985.2000,-0.26
2025-12-18 13:05:00,982.6,982.8,981.6,982.7,134388,-0.0379,0.2101,-118.04,985.2000,-0.25
2025-12-18 13:10:00,982.8,983.4,982.5,983.1,67576,0.0037,0.2101,-98.24,985.2000,-0.21
2025-12-18 13:15:00,983.1,983.3,982.2,982.4,71887,-0.0124,0.2101,-105.90,985.2000,-0.28
2025-12-18 13:20:00,982.4,983.2,982.2,983.2,146285,0.0319,0.2101,-84.82,985.2000,-0.20
2025-12-18 13:25:00,983.2,983.8,982.6,983,185814,0.0479,0.2101,-77.20,985.2000,-0.22
2025-12-18 13:30:00,983,983.5,982.5,982.9,84978,0.0515,0.2101,-75.49,985.2000,-0.23
2025-12-18 13:35:00,982.8,983.3,982.2,983,168844,0.0599,0.2101,-71.49,985.2000,-0.22
2025-12-18 13:40:00,983,983.5,982.7,982.8,79175,0.0515,0.2101,-75.49,985.2000,-0.24
2025-12-18 13:45:00,982.8,983.8,982.4,983.6,251267,0.0968,0.2101,-53.93,985.2000,-0.16
2025-12-18 13:50:00,983.6,984.1,983.1,983.7,177727,0.1284,0.2101,-38.89,985.2000,-0.15
2025-12-18 13:55:00,983.7,984.5,983.5,984.4,80612,0.1878,0.2101,-10.61,985.2000,-0.08
2025-12-18 14:00:00,984.4,984.4,983.1,983.6,128608,0.1653,0.2101,-21.32,985.2000,-0.16
2025-12-18 14:05:00,983.6,983.6,981.9,982.3,177535,0.0605,0.2101,-71.20,985.2000,-0.29
2025-12-18 14:10:00,982.3,982.4,981.4,981.9,135454,-0.0333,0.2101,-115.85,985.2000,-0.33
2025-12-18 14:15:00,981.8,983.1,981.7,982.8,144221,-0.0321,0.2101,-115.28,985.2000,-0.24
2025-12-18 14:20:00,982.8,983.2,981.1,981.3,348688,-0.1245,0.2101,-159.26,985.2000,-0.40
2025-12-18 14:25:00,981.3,982,981,981.9,102445,-0.1365,0.2101,-164.97,985.2000,-0.33
2025-12-18 14:30:00,981.9,982.7,981,981.1,700371,-0.1865,0.2101,-188.77,985.2000,-0.42
2025-12-18 14:35:00,981.1,981.6,980.3,981.2,142530,-0.1998,0.2101,-195.10,985.2000,-0.41
2025-12-18 14:40:00,981.2,981.7,980,981.4,280976,-0.1825,0.2101,-186.86,985.2000,-0.39
2025-12-18 14:45:00,981.4,981.9,980.8,981.7,111665,-0.1403,0.2101,-166.78,985.2000,-0.36
2025-12-18 14:50:00,981.7,981.7,980,980.9,691569,-0.1544,0.2101,-173.49,985.2000,-0.44
2025-12-18 14:55:00,980.9,981.9,979.5,980,271080,-0.2092,0.2101,-199.57,985.2000,-0.53
2025-12-18 15:00:00,980,980.8,979.3,980.7,299194,-0.1841,0.2101,-187.62,985.2000,-0.46
2025-12-18 15:05:00,980.6,980.8,978.6,979.9,647881,-0.2054,0.2101,-197.76,985.2000,-0.54
2025-12-18 15:10:00,979.9,980.4,979,979.9,448212,-0.2032,0.2101,-196.72,985.2000,-0.54
2025-12-18 15:15:00,979.9,980.2,979.1,979.8,293440,-0.1923,0.2101,-191.53,985.2000,-0.55
2025-12-18 15:20:00,979.8,980.1,979,980,361553,-0.1570,0.2101,-174.73,985.2000,-0.53
2025-12-18 15:25:00,979.9,981,979,980,314809,-0.1206,0.2101,-157.40,985.2000,-0.53
2025-12-19 09:15:00,987,987,978.7,979.6,960260,-0.1106,-0.1206,-8.29,980.0000,-0.04
2025-12-19 09:20:00,979.7,981.7,979.4,981.3,198344,0.0164,-0.1206,-113.60,980.0000,0.13
2025-12-19 09:25:00,981.2,981.9,980.6,981.8,123802,0.1336,-0.1206,-210.78,980.0000,0.18
2025-12-19 09:30:00,981.8,982.7,981.7,982.6,138727,0.2574,-0.1206,-313.43,980.0000,0.27
2025-12-19 09:35:00,982.5,983.8,982.4,983.5,139344,0.3845,-0.1206,-418.82,980.0000,0.36
2025-12-19 09:40:00,983.6,984,983.3,983.9,123755,0.4743,-0.1206,-493.28,980.0000,0.40
2025-12-19 09:45:00,983.8,984.5,982.4,982.7,216256,0.4329,-0.1206,-458.96,980.0000,0.28
2025-12-19 09:50:00,982.5,984.4,982.4,984.2,134579,0.4826,-0.1206,-500.17,980.0000,0.43
2025-12-19 09:55:00,984.2,985.5,984,985.2,188175,0.5539,-0.1206,-559.29,980.0000,0.53
2025-12-19 10:00:00,985.2,985.9,984.6,984.9,159703,0.5507,-0.1206,-556.63,980.0000,0.50
2025-12-19 10:05:00,984.8,985.9,983.6,985.6,197079,0.5636,-0.1206,-567.33,980.0000,0.57
2025-12-19 10:10:00,985.6,985.9,985,985.6,132972,0.5399,-0.1206,-547.68,980.0000,0.57
2025-12-19 10:15:00,985.6,986.7,985.3,986.2,130449,0.5316,-0.1206,-540.80,980.0000,0.63
2025-12-19 10:20:00,986.2,986.8,986,986.6,109389,0.5194,-0.1206,-530.68,980.0000,0.67
2025-12-19 10:25:00,986.7,987.4,986.6,987.1,112601,0.5106,-0.1206,-523.38,980.0000,0.72
2025-12-19 10:30:00,987.1,987.1,986,986.5,78875,0.4330,-0.1206,-459.04,980.0000,0.66
2025-12-19 10:35:00,986.5,986.5,985.6,986,109853,0.3218,-0.1206,-366.83,980.0000,0.61
2025-12-19 10:40:00,986.1,987.4,986,986.4,307580,0.2520,-0.1206,-308.96,980.0000,0.65
2025-12-19 10:45:00,986.4,987.4,986,986.2,156220,0.1730,-0.1206,-243.45,980.0000,0.63
2025-12-19 10:50:00,986.2,987,986.1,986.6,127983,0.1303,-0.1206,-208.04,980.0000,0.67
2025-12-19 10:55:00,986.6,987.1,986,986.4,128925,0.0739,-0.1206,-161.28,980.0000,0.65
2025-12-19 11:00:00,986.4,986.5,983.5,984,1857401,-0.1286,-0.1206,6.63,980.0000,0.41
2025-12-19 11:05:00,984,984.5,983.5,983.6,85671,-0.2842,-0.1206,135.66,980.0000,0.37
2025-12-19 11:10:00,983.7,984.5,983.2,984.1,73479,-0.3442,-0.1206,185.41,980.0000,0.42
2025-12-19 11:15:00,984.1,984.3,983.3,984.2,82340,-0.3657,-0.1206,203.23,980.0000,0.43
2025-12-19 11:20:00,984.2,984.4,983.5,983.6,67058,-0.4060,-0.1206,236.65,980.0000,0.37
2025-12-19 11:25:00,983.7,984,982.5,982.7,123942,-0.4740,-0.1206,293.03,980.0000,0.28
2025-12-19 11:30:00,982.8,983.6,982.7,982.9,112563,-0.4846,-0.1206,301.82,980.0000,0.30
2025-12-19 11:35:00,982.9,983.4,982.7,982.8,69147,-0.4768,-0.1206,295.36,980.0000,0.29
2025-12-19 11:40:00,983,983.9,982.7,983.1,96369,-0.4311,-0.1206,257.46,980.0000,0.32
2025-12-19 11:45:00,983.1,983.3,982.6,983,90066,-0.3887,-0.1206,222.31,980.0000,0.31
2025-12-19 11:50:00,983.1,984,982.9,983.1,119091,-0.3369,-0.1206,179.35,980.0000,0.32
2025-12-19 11:55:00,983.1,984,982.7,983.8,335988,-0.2428,-0.1206,101.33,980.0000,0.39
2025-12-19 12:00:00,983.9,985.9,983.7,984.6,494860,-0.1203,-0.1206,-0.25,980.0000,0.47
2025-12-19 12:05:00,984.4,985.3,983.7,984.2,159348,-0.0627,-0.1206,-48.01,980.0000,0.43
2025-12-19 12:10:00,984.3,985,983.3,983.7,131317,-0.0550,-0.1206,-54.39,980.0000,0.38
2025-12-19 12:15:00,983.7,984,983.1,983.2,83762,-0.0788,-0.1206,-34.66,980.0000,0.33
2025-12-19 12:20:00,983.3,983.3,982.5,982.5,83473,-0.1338,-0.1206,10.95,980.0000,0.26
2025-12-19 12:25:00,982.6,983.2,982.2,982.6,105920,-0.1541,-0.1206,27.78,980.0000,0.27
2025-12-19 12:30:00,982.7,983.3,982.2,983.3,79870,-0.1128,-0.1206,-6.47,980.0000,0.34
2025-12-19 12:35:00,983.2,983.6,983.1,983.6,75795,-0.0605,-0.1206,-49.83,980.0000,0.37
2025-12-19 12:40:00,983.4,983.9,983.2,983.2,77761,-0.0485,-0.1206,-59.78,980.0000,0.33
2025-12-19 12:45:00,983.4,983.8,982.5,983.2,749071,-0.0368,-0.1206,-69.49,980.0000,0.33
2025-12-19 12:50:00,983.2,985.2,982.7,983.5,409079,-0.0066,-0.1206,-94.53,980.0000,0.36
2025-12-19 12:55:00,983.5,984.9,983.3,984,141296,0.0463,-0.1206,-138.39,980.0000,0.41
2025-12-19 13:00:00,983.9,984,982.8,982.8,222694,0.0022,-0.1206,-101.82,980.0000,0.29
2025-12-19 13:05:00,982.9,983.4,982.6,983.2,155510,0.0016,-0.1206,-101.33,980.0000,0.33
2025-12-19 13:10:00,983.2,983.5,981.8,983.3,371872,0.0092,-0.1206,-107.63,980.0000,0.34
2025-12-19 13:15:00,983.3,985.4,982.8,985.2,279178,0.1363,-0.1206,-213.02,980.0000,0.53
2025-12-19 13:20:00,985.4,985.7,985,985.4,307352,0.2230,-0.1206,-284.91,980.0000,0.55
2025-12-19 13:25:00,985.4,985.6,984,985,288846,0.2409,-0.1206,-299.75,980.0000,0.51
2025-12-19 13:30:00,985,985.9,984.4,984.8,421742,0.2270,-0.1206,-288.23,980.0000,0.49
2025-12-19 13:35:00,984.9,985.8,984.5,985.6,194176,0.2572,-0.1206,-313.27,980.0000,0.57
2025-12-19 13:40:00,985.6,986.9,985.2,986.8,263555,0.3384,-0.1206,-380.60,980.0000,0.69
2025-12-19 13:45:00,986.9,987.1,986.5,987.1,254186,0.3891,-0.1206,-422.64,980.0000,0.72
2025-12-19 13:50:00,987.1,987.2,986.7,986.9,196077,0.3852,-0.1206,-419.40,980.0000,0.70
2025-12-19 13:55:00,986.9,987.2,986.7,987,222473,0.3656,-0.1206,-403.15,980.0000,0.71
2025-12-19 14:00:00,987.1,987.2,984.8,986.1,1399239,0.2725,-0.1206,-325.95,980.0000,0.62
2025-12-19 14:05:00,986.1,986.4,985,985.4,150845,0.1503,-0.1206,-224.63,980.0000,0.55
2025-12-19 14:10:00,985.4,985.8,985.2,985.3,85039,0.0544,-0.1206,-145.11,980.0000,0.54
2025-12-19 14:15:00,985.4,986.7,985,986.6,2114623,0.0690,-0.1206,-157.21,980.0000,0.67
2025-12-19 14:20:00,986.7,987.9,986.3,987.6,139882,0.1330,-0.1206,-210.28,980.0000,0.78
2025-12-19 14:25:00,987.8,988,987,987.2,96645,0.1348,-0.1206,-211.77,980.0000,0.73
2025-12-19 14:30:00,987,987.4,987,987.1,76835,0.1164,-0.1206,-196.52,980.0000,0.72
2025-12-19 14:35:00,987.1,987.4,987,987.2,78997,0.0989,-0.1206,-182.01,980.0000,0.73
2025-12-19 14:40:00,987.1,987.4,987.1,987.3,76584,0.0825,-0.1206,-168.41,980.0000,0.74
2025-12-19 14:45:00,987.2,987.7,987.1,987.6,112504,0.0804,-0.1206,-166.67,980.0000,0.78
2025-12-19 14:50:00,987.5,987.6,987.1,987.2,213921,0.0423,-0.1206,-135.07,980.0000,0.73
2025-12-19 14:55:00,987.1,987.4,987.1,987.2,174829,0.0093,-0.1206,-107.71,980.0000,0.73
2025-12-19 15:00:00,987.3,987.3,985.1,986.2,1807127,-0.0828,-0.1206,-31.34,980.0000,0.63
2025-12-19 15:05:00,986,986.5,985.2,986.2,1163589,-0.1430,-0.1206,18.57,980.0000,0.63
2025-12-19 15:10:00,986.2,986.3,985.7,986,1226685,-0.1926,-0.1206,59.70,980.0000,0.61
2025-12-19 15:15:00,986,986,985.6,985.6,1184402,-0.2451,-0.1206,103.23,980.0000,0.57
2025-12-19 15:20:00,985.6,985.7,984.3,985.2,1399973,-0.2963,-0.1206,145.69,980.0000,0.53
2025-12-19 15:25:00,985.3,986.2,981.8,985.2,1155100,-0.3176,-0.1206,163.35,980.0000,0.53
2025-12-22 09:15:00,988,991.6,986.6,990.6,720754,0.0261,-0.3176,-108.22,985.2000,0.55
2025-12-22 09:20:00,990.6,992.6,990.5,992.2,260135,0.3381,-0.3176,-206.45,985.2000,0.71
2025-12-22 09:25:00,992.2,992.9,991.9,992.2,92037,0.5110,-0.3176,-260.89,985.2000,0.71
2025-12-22 09:30:00,992.2,992.9,991.3,991.5,138008,0.5417,-0.3176,-270.56,985.2000,0.64
2025-12-22 09:35:00,991.5,992,990.2,990.4,202401,0.4551,-0.3176,-243.29,985.2000,0.53
2025-12-22 09:40:00,990.4,991.6,990.3,991.4,88962,0.4323,-0.3176,-236.11,985.2000,0.63
2025-12-22 09:45:00,991.4,992.8,989.9,990.3,382975,0.3158,-0.3176,-199.43,985.2000,0.52
2025-12-22 09:50:00,990.3,990.6,989.8,990,67717,0.1970,-0.3176,-162.03,985.2000,0.49
2025-12-22 09:55:00,990,990.8,989.8,990.5,79038,0.1336,-0.3176,-142.07,985.2000,0.54
2025-12-22 10:00:00,990.5,990.7,989.8,990,63820,0.0440,-0.3176,-113.85,985.2000,0.49
2025-12-22 10:05:00,990,990.3,988.9,989,82758,-0.0892,-0.3176,-71.91,985.2000,0.39
2025-12-22 10:10:00,989.1,989.1,988,988.2,76823,-0.2298,-0.3176,-27.64,985.2000,0.30
2025-12-22 10:15:00,988.3,988.4,987.5,988.3,82666,-0.3097,-0.3176,-2.49,985.2000,0.31
2025-12-22 10:20:00,988.3,988.5,987.6,988,69695,-0.3722,-0.3176,17.19,985.2000,0.28
2025-12-22 10:25:00,988.1,989,987.6,988.2,89139,-0.3878,-0.3176,22.10,985.2000,0.30
2025-12-22 10:30:00,988.2,989.4,988,988.3,162981,-0.3787,-0.3176,19.24,985.2000,0.31
2025-12-22 10:35:00,988.7,988.8,987.5,988,80536,-0.3791,-0.3176,19.36,985.2000,0.28
2025-12-22 10:40:00,988.2,988.9,988,988.5,85426,-0.3337,-0.3176,5.07,985.2000,0.33
2025-12-22 10:45:00,988.6,989.1,988.4,988.6,85296,-0.2867,-0.3176,-9.73,985.2000,0.35
2025-12-22 10:50:00,988.7,989.2,988.2,988.8,46275,-0.2340,-0.3176,-26.32,985.2000,0.37
2025-12-22 10:55:00,988.7,989,988.3,988.9,48845,-0.1865,-0.3176,-41.28,985.2000,0.38
2025-12-22 11:00:00,988.9,989.1,987.5,988,84501,-0.2081,-0.3176,-34.48,985.2000,0.28
2025-12-22 11:05:00,988,988,987.5,988,46413,-0.2139,-0.3176,-32.65,985.2000,0.28
2025-12-22 11:10:00,988,988,987.1,987.4,93780,-0.2473,-0.3176,-22.13,985.2000,0.22
2025-12-22 11:15:00,987.3,988,987.2,987.3,65651,-0.2639,-0.3176,-16.91,985.2000,0.21
2025-12-22 11:20:00,987.4,987.8,987.3,987.4,57617,-0.2556,-0.3176,-19.52,985.2000,0.22
2025-12-22 11:25:00,987.4,988.3,987.3,988.3,284142,-0.1806,-0.3176,-43.14,985.2000,0.31
2025-12-22 11:30:00,987.9,988.6,987.3,987.5,131370,-0.1757,-0.3176,-44.68,985.2000,0.23
2025-12-22 11:35:00,987.5,988,987.1,987.1,89429,-0.1891,-0.3176,-40.46,985.2000,0.19
2025-12-22 11:40:00,987.3,987.7,987.1,987.2,58546,-0.1809,-0.3176,-43.04,985.2000,0.20
2025-12-22 11:45:00,987.4,987.8,987.1,987.8,102522,-0.1274,-0.3176,-59.89,985.2000,0.26
2025-12-22 11:50:00,987.8,988.1,987.1,987.5,74061,-0.1053,-0.3176,-66.85,985.2000,0.23
2025-12-22 11:55:00,987.5,987.8,987.1,987.7,76211,-0.0720,-0.3176,-77.33,985.2000,0.25
2025-12-22 12:00:00,987.7,987.7,987.1,987.2,65456,-0.0779,-0.3176,-75.47,985.2000,0.20
2025-12-22 12:05:00,987.4,987.9,987.2,987.6,71597,-0.0504,-0.3176,-84.13,985.2000,0.24
2025-12-22 12:10:00,987.7,987.7,985.1,986,187050,-0.1310,-0.3176,-58.75,985.2000,0.08
2025-12-22 12:15:00,986,987.3,985.6,987.2,210443,-0.0961,-0.3176,-69.74,985.2000,0.20
2025-12-22 12:20:00,987.2,987.8,986.3,986.5,88680,-0.1117,-0.3176,-64.83,985.2000,0.13
2025-12-22 12:25:00,986.4,986.8,986,986.1,65239,-0.1387,-0.3176,-56.33,985.2000,0.09
2025-12-22 12:30:00,986.1,986.7,985.9,986,52760,-0.1519,-0.3176,-52.17,985.2000,0.08
2025-12-22 12:35:00,986.1,986.7,985.9,986.4,69846,-0.1237,-0.3176,-61.05,985.2000,0.12
2025-12-22 12:40:00,986.3,986.5,985.3,985.4,264835,-0.1599,-0.3176,-49.65,985.2000,0.02
2025-12-22 12:45:00,985.3,986.1,983.9,984.9,466400,-0.2024,-0.3176,-36.27,985.2000,-0.03
2025-12-22 12:50:00,984.9,986.5,984,986.4,468559,-0.1185,-0.3176,-62.69,985.2000,0.12
2025-12-22 12:55:00,986.4,986.5,985,985,337560,-0.1446,-0.3176,-54.47,985.2000,-0.02
2025-12-22 13:00:00,985.1,985.5,984.5,985,74794,-0.1485,-0.3176,-53.24,985.2000,-0.02
2025-12-22 13:05:00,985,985,984.1,984.6,95994,-0.1636,-0.3176,-48.49,985.2000,-0.06
2025-12-22 13:10:00,984.6,985.6,984.6,985.5,52935,-0.1015,-0.3176,-68.04,985.2000,0.03
2025-12-22 13:15:00,985.4,985.9,984.7,985.6,89034,-0.0452,-0.3176,-85.77,985.2000,0.04
2025-12-22 13:20:00,985.5,985.7,985.1,985.6,50008,-0.0016,-0.3176,-99.50,985.2000,0.04
2025-12-22 13:25:00,985.6,985.8,985,985.5,68534,0.0252,-0.3176,-107.93,985.2000,0.03
2025-12-22 13:30:00,985.5,986.9,985.1,986.4,110687,0.1040,-0.3176,-132.75,985.2000,0.12
2025-12-22 13:35:00,986.4,986.5,985.1,985.8,88267,0.1152,-0.3176,-136.27,985.2000,0.06
2025-12-22 13:40:00,985.8,986.8,985.5,986.3,68818,0.1533,-0.3176,-148.27,985.2000,0.11
2025-12-22 13:45:00,986.5,986.9,986.1,986.5,58806,0.1869,-0.3176,-158.85,985.2000,0.13
2025-12-22 13:50:00,986.6,987,986.3,986.5,84538,0.2027,-0.3176,-163.82,985.2000,0.13
2025-12-22 13:55:00,986.8,987,986.1,986.6,101396,0.2124,-0.3176,-166.88,985.2000,0.14
2025-12-22 14:00:00,986.8,987,986.5,986.6,93381,0.2109,-0.3176,-166.40,985.2000,0.14
2025-12-22 14:05:00,986.6,986.8,985.8,985.9,346356,0.1574,-0.3176,-149.56,985.2000,0.07
2025-12-22 14:10:00,985.8,986.8,985.5,986.7,387847,0.1694,-0.3176,-153.34,985.2000,0.15
2025-12-22 14:15:00,986.6,987,986.1,986.1,293994,0.1320,-0.3176,-141.56,985.2000,0.09
2025-12-22 14:20:00,986.1,987.4,985.9,987.3,411268,0.1804,-0.3176,-156.80,985.2000,0.21
2025-12-22 14:25:00,987.3,988.4,987.1,988.4,382570,0.2730,-0.3176,-185.96,985.2000,0.32
2025-12-22 14:30:00,988.4,988.6,987,987.7,356170,0.2731,-0.3176,-185.99,985.2000,0.25
2025-12-22 14:35:00,987.7,988.5,987.2,987.7,532994,0.2593,-0.3176,-181.64,985.2000,0.25
2025-12-22 14:40:00,987.7,987.9,986.1,986.9,233413,0.1858,-0.3176,-158.50,985.2000,0.17
2025-12-22 14:45:00,987,987,986.4,986.7,95793,0.1166,-0.3176,-136.71,985.2000,0.15
2025-12-22 14:50:00,986.8,987.2,986.5,987,106384,0.0853,-0.3176,-126.86,985.2000,0.18
2025-12-22 14:55:00,987,987.5,986.8,987.4,134609,0.0857,-0.3176,-126.98,985.2000,0.22
2025-12-22 15:00:00,987.3,987.9,986.9,987.8,461719,0.1057,-0.3176,-133.28,985.2000,0.26
2025-12-22 15:05:00,987.8,988.7,987.7,988,435832,0.1240,-0.3176,-139.04,985.2000,0.28
2025-12-22 15:10:00,987.9,988.4,987.7,988.1,323523,0.1335,-0.3176,-142.03,985.2000,0.29
2025-12-22 15:15:00,988,988.1,986.8,987.2,418194,0.0729,-0.3176,-122.95,985.2000,0.20
2025-12-22 15:20:00,987.2,987.8,987,987.3,304319,0.0352,-0.3176,-111.08,985.2000,0.21
2025-12-22 15:25:00,987.3,987.5,987,987.2,263589,0.0011,-0.3176,-100.35,985.2000,0.20
2025-12-23 09:15:00,990.5,992.3,987.7,990.2,788683,0.1687,0.0011,15236.36,987.2000,0.30
2025-12-23 09:20:00,990.2,990.9,989.3,989.6,219954,0.2239,0.0011,20254.55,987.2000,0.24
2025-12-23 09:25:00,989.6,990.3,989.3,989.7,126046,0.2498,0.0011,22609.09,987.2000,0.25
2025-12-23 09:30:00,989.8,990,989.1,989.5,97282,0.2365,0.0011,21400.00,987.2000,0.23
2025-12-23 09:35:00,989.5,990.3,989.4,989.8,76649,0.2305,0.0011,20854.55,987.2000,0.26
2025-12-23 09:40:00,989.6,990.5,989.6,990.4,70909,0.2480,0.0011,22445.45,987.2000,0.32
2025-12-23 09:45:00,990.4,991.4,990.3,990.9,136072,0.2725,0.0011,24672.73,987.2000,0.37
2025-12-23 09:50:00,990.5,991,990.1,990.2,90269,0.2228,0.0011,20154.55,987.2000,0.30
2025-12-23 09:55:00,990.4,991.5,990.2,991.4,93579,0.2500,0.0011,22627.27,987.2000,0.43
2025-12-23 10:00:00,991.4,992.8,991.3,992.6,170340,0.3234,0.0011,29300.00,987.2000,0.55
2025-12-23 10:05:00,992.7,993.8,992.4,993,320759,0.3700,0.0011,33536.36,987.2000,0.59
2025-12-23 10:10:00,993.1,994.2,993,994.1,252147,0.4414,0.0011,40027.27,987.2000,0.70
2025-12-23 10:15:00,994,994.1,993.3,993.4,168150,0.4085,0.0011,37036.36,987.2000,0.63
2025-12-23 10:20:00,993.4,993.6,992.8,993,286314,0.3304,0.0011,29936.36,987.2000,0.59
2025-12-23 10:25:00,993,993.2,992.4,993,101254,0.2526,0.0011,22863.64,987.2000,0.59
2025-12-23 10:30:00,993.1,994.2,992.9,993,141481,0.1787,0.0011,16145.45,987.2000,0.59
2025-12-23 10:35:00,993,993.1,992.2,993,135723,0.1105,0.0011,9945.45,987.2000,0.59
2025-12-23 10:40:00,993,993.4,992.8,993,48400,0.0494,0.0011,4390.91,987.2000,0.59
2025-12-23 10:45:00,993.1,993.5,992.7,993,51710,-0.0043,0.0011,-490.91,987.2000,0.59
2025-12-23 10:50:00,992.9,994.5,992.8,993.7,196001,-0.0058,0.0011,-627.27,987.2000,0.66
2025-12-23 10:55:00,993.7,993.7,992.9,993,58355,-0.0638,0.0011,-5900.00,987.2000,0.59
2025-12-23 11:00:00,993,993.5,992.6,992.9,62807,-0.1158,0.0011,-10627.27,987.2000,0.58
2025-12-23 11:05:00,993,993.4,992.9,993,29783,-0.1483,0.0011,-13581.82,987.2000,0.59
2025-12-23 11:10:00,993.1,994.8,992.9,993.4,563167,-0.1474,0.0011,-13500.00,987.2000,0.63
2025-12-23 11:15:00,993.5,993.5,993,993.4,46074,-0.1507,0.0011,-13800.00,987.2000,0.63
2025-12-23 11:20:00,993.4,993.8,992.9,993,52155,-0.1817,0.0011,-16618.18,987.2000,0.59
2025-12-23 11:25:00,992.9,993.7,992.8,993.5,59491,-0.1706,0.0011,-15609.09,987.2000,0.64
2025-12-23 11:30:00,993.5,993.5,992.9,993.1,79111,-0.1908,0.0011,-17445.45,987.2000,0.60
2025-12-23 11:35:00,993.1,993.1,992.7,993,94234,-0.2099,0.0011,-19181.82,987.2000,0.59
2025-12-23 11:40:00,993.1,993.1,992.9,993.1,45807,-0.2140,0.0011,-19554.55,987.2000,0.60
2025-12-23 11:45:00,993.1,993.8,992.8,993.2,253875,-0.2082,0.0011,-19027.27,987.2000,0.61
2025-12-23 11:50:00,993.3,994.7,993,993.6,164828,-0.1767,0.0011,-16163.64,987.2000,0.65
2025-12-23 11:55:00,993.8,994.4,993.2,993.2,102402,-0.1814,0.0011,-16590.91,987.2000,0.61
2025-12-23 12:00:00,993.3,994,993,993.2,81250,-0.1827,0.0011,-16709.09,987.2000,0.61
2025-12-23 12:05:00,993.2,993.7,992.9,993.1,81026,-0.1877,0.0011,-17163.64,987.2000,0.60
2025-12-23 12:10:00,993.1,993.3,992.9,993,87529,-0.1944,0.0011,-17772.73,987.2000,0.59
2025-12-23 12:15:00,993.1,993.4,992.6,993.2,101711,-0.1822,0.0011,-16663.64,987.2000,0.61
2025-12-23 12:20:00,993.2,993.7,992.8,993.2,59951,-0.1710,0.0011,-15645.45,987.2000,0.61
2025-12-23 12:25:00,993.2,993.5,992.8,993.1,73306,-0.1672,0.0011,-15300.00,987.2000,0.60
2025-12-23 12:30:00,993,993.3,992.5,992.6,458910,-0.1933,0.0011,-17672.73,987.2000,0.55
2025-12-23 12:35:00,992.7,994,992.4,992.8,183280,-0.1917,0.0011,-17527.27,987.2000,0.57
2025-12-23 12:40:00,992.7,993.7,992.7,993.3,92728,-0.1532,0.0011,-14027.27,987.2000,0.62
2025-12-23 12:45:00,993.3,995,993.1,994.5,398259,-0.0485,0.0011,-4509.09,987.2000,0.74
2025-12-23 12:50:00,994.5,994.8,993.1,993.7,263570,-0.0355,0.0011,-3327.27,987.2000,0.66
2025-12-23 12:55:00,993.7,994.3,993.5,994,117079,-0.0102,0.0011,-1027.27,987.2000,0.69
2025-12-23 13:00:00,994.1,994.6,994,994.2,113374,0.0150,0.0011,1263.64,987.2000,0.71
2025-12-23 13:05:00,994.2,994.5,994,994.4,51366,0.0389,0.0011,3436.36,987.2000,0.73
2025-12-23 13:10:00,994.4,994.5,994,994.1,53759,0.0286,0.0011,2500.00,987.2000,0.70
2025-12-23 13:15:00,994.1,995,994,994.6,81976,0.0485,0.0011,4309.09,987.2000,0.75
2025-12-23 13:20:00,994.6,995,994.5,994.8,66429,0.0670,0.0011,5990.91,987.2000,0.77
2025-12-23 13:25:00,994.8,995.5,994.7,995.3,189636,0.1026,0.0011,9227.27,987.2000,0.82
2025-12-23 13:30:00,995.2,995.5,994.7,995.1,114401,0.1022,0.0011,9190.91,987.2000,0.80
2025-12-23 13:35:00,995.1,995.4,994.8,995.1,115730,0.0918,0.0011,8245.45,987.2000,0.80
2025-12-23 13:40:00,995.1,995.4,994.2,994.5,245838,0.0371,0.0011,3272.73,987.2000,0.74
2025-12-23 13:45:00,994.5,995.2,994.1,994.6,139574,0.0022,0.0011,100.00,987.2000,0.75
2025-12-23 13:50:00,994.6,995,994.1,994.6,151950,-0.0250,0.0011,-2372.73,987.2000,0.75
2025-12-23 13:55:00,994.6,995.3,994.3,995.2,192974,-0.0074,0.0011,-772.73,987.2000,0.81
2025-12-23 14:00:00,995.3,996,994.6,995.1,134398,-0.0075,0.0011,-781.82,987.2000,0.80
2025-12-23 14:05:00,995.2,995.7,994.9,995.3,284920,0.0006,0.0011,-45.45,987.2000,0.82
2025-12-23 14:10:00,995.3,997,995.2,996.4,298168,0.0708,0.0011,6336.36,987.2000,0.93
2025-12-23 14:15:00,996.5,997.6,996.2,997.1,590857,0.1506,0.0011,13590.91,987.2000,1.00
2025-12-23 14:20:00,997.1,997.8,996.2,997.7,500988,0.2254,0.0011,20390.91,987.2000,1.06
2025-12-23 14:25:00,997.7,998.9,997.3,997.6,425692,0.2481,0.0011,22454.55,987.2000,1.05
2025-12-23 14:30:00,997.7,997.9,996.5,997.2,176484,0.2172,0.0011,19645.45,987.2000,1.01
2025-12-23 14:35:00,997.2,998.5,996.7,998.3,583418,0.2495,0.0011,22581.82,987.2000,1.12
2025-12-23 14:40:00,998.3,998.4,996.5,996.7,426603,0.1469,0.0011,13254.55,987.2000,0.96
2025-12-23 14:45:00,996.7,997.4,996.3,996.6,255498,0.0605,0.0011,5400.00,987.2000,0.95
2025-12-23 14:50:00,996.6,998.3,995.9,997.4,586313,0.0460,0.0011,4081.82,987.2000,1.03
2025-12-23 14:55:00,997.4,997.4,996.3,996.4,193117,-0.0375,0.0011,-3509.09,987.2000,0.93
2025-12-23 15:00:00,996.3,997.3,995.1,997.3,1016287,-0.0386,0.0011,-3609.09,987.2000,1.02
2025-12-23 15:05:00,997.2,997.6,995.7,996.8,1494747,-0.0773,0.0011,-7127.27,987.2000,0.97
2025-12-23 15:10:00,996.7,997.8,996.2,997.2,636828,-0.0799,0.0011,-7363.64,987.2000,1.01
2025-12-23 15:15:00,997.3,997.4,996.1,996.5,592578,-0.1297,0.0011,-11890.91,987.2000,0.94
2025-12-23 15:20:00,996.7,997.5,996.3,996.6,354983,-0.1551,0.0011,-14200.00,987.2000,0.95
2025-12-23 15:25:00,996.6,997.1,996.1,997,272094,-0.1445,0.0011,-13236.36,987.2000,0.99
2025-12-24 09:15:00,993,997,993,996.5,363833,-0.1690,-0.1445,16.96,997.0000,-0.05
2025-12-24 09:20:00,996.8,997.4,996,996.5,113017,-0.1818,-0.1445,25.81,997.0000,-0.05
2025-12-24 09:25:00,996.5,997.5,996,997,55097,-0.1543,-0.1445,6.78,997.0000,0.00
2025-12-24 09:30:00,996.9,999.1,996.9,999.1,133686,-0.0006,-0.1445,-99.58,997.0000,0.21
2025-12-24 09:35:00,999.1,999.4,997.8,997.8,81616,0.0072,-0.1445,-104.98,997.0000,0.08
2025-12-24 09:40:00,998,998.6,997.5,998.5,53010,0.0508,-0.1445,-135.16,997.0000,0.15
2025-12-24 09:45:00,998.4,998.8,997.3,997.5,106233,0.0059,-0.1445,-104.08,997.0000,0.05
2025-12-24 09:50:00,997.5,998.9,997.1,998.3,109151,0.0228,-0.1445,-115.78,997.0000,0.13
2025-12-24 09:55:00,998.6,999.4,997.9,999,131313,0.0711,-0.1445,-149.20,997.0000,0.20
2025-12-24 10:00:00,998.9,999.2,998.1,998.3,66438,0.0470,-0.1445,-132.53,997.0000,0.13
2025-12-24 10:05:00,998.6,998.6,997.5,997.9,63901,-0.0022,-0.1445,-98.48,997.0000,0.09
2025-12-24 10:10:00,997.8,998.1,997.1,997.8,83343,-0.0453,-0.1445,-68.65,997.0000,0.08
2025-12-24 10:15:00,997.8,998,997.2,997.4,51793,-0.1015,-0.1445,-29.76,997.0000,0.04
2025-12-24 10:20:00,997.5,997.8,996.8,996.8,47392,-0.1753,-0.1445,21.31,997.0000,-0.02
2025-12-24 10:25:00,996.9,997.4,996.3,997.1,95111,-0.1986,-0.1445,37.44,997.0000,0.01
2025-12-24 10:30:00,996.7,997.3,996,996.7,99309,-0.2332,-0.1445,61.38,997.0000,-0.03
2025-12-24 10:35:00,996.7,996.8,996,996.3,56160,-0.2725,-0.1445,88.58,997.0000,-0.07
2025-12-24 10:40:00,996.7,997,995.6,995.8,95567,-0.3185,-0.1445,120.42,997.0000,-0.12
2025-12-24 10:45:00,995.8,996.6,995.6,996,49435,-0.3209,-0.1445,122.08,997.0000,-0.10
2025-12-24 10:50:00,996.1,996.6,995.8,996.2,50032,-0.2950,-0.1445,104.15,997.0000,-0.08
2025-12-24 10:55:00,996.3,997,995.7,997,52347,-0.2139,-0.1445,48.03,997.0000,0.00
2025-12-24 11:00:00,996.6,997.5,996.3,997,97523,-0.1529,-0.1445,5.81,997.0000,0.00
2025-12-24 11:05:00,996.7,997.1,996.2,996.8,63170,-0.1202,-0.1445,-16.82,997.0000,-0.02
2025-12-24 11:10:00,996.9,997,996.3,996.9,50991,-0.0875,-0.1445,-39.45,997.0000,-0.01
2025-12-24 11:15:00,996.8,996.9,996.2,996.6,91800,-0.0818,-0.1445,-43.39,997.0000,-0.04
2025-12-24 11:20:00,996.8,996.9,996,996.8,174004,-0.0613,-0.1445,-57.58,997.0000,-0.02
2025-12-24 11:25:00,996.7,997.5,995.9,997.5,90018,-0.0005,-0.1445,-99.65,997.0000,0.05
2025-12-24 11:30:00,997.5,997.5,996.6,997.1,45001,0.0121,-0.1445,-108.37,997.0000,0.01
2025-12-24 11:35:00,997.1,998,997,998,51365,0.0769,-0.1445,-153.22,997.0000,0.10
2025-12-24 11:40:00,998,998.2,997.5,997.8,55451,0.1005,-0.1445,-169.55,997.0000,0.08
2025-12-24 11:45:00,997.8,997.8,997.1,997.6,28991,0.0969,-0.1445,-167.06,997.0000,0.06
2025-12-24 11:50:00,997.6,997.6,996.8,997.5,28168,0.0826,-0.1445,-157.16,997.0000,0.05
2025-12-24 11:55:00,997.4,997.8,997,997.4,41775,0.0621,-0.1445,-142.98,997.0000,0.04
2025-12-24 12:00:00,997.4,997.4,996.6,997.2,54397,0.0323,-0.1445,-122.35,997.0000,0.02
2025-12-24 12:05:00,997.2,998.1,996.7,997.5,152857,0.0301,-0.1445,-120.83,997.0000,0.05
2025-12-24 12:10:00,997.5,997.9,997,997.9,32213,0.0516,-0.1445,-135.71,997.0000,0.09
2025-12-24 12:15:00,997.9,998.4,997.4,998.2,52410,0.0803,-0.1445,-155.57,997.0000,0.12
2025-12-24 12:20:00,998.2,998.4,997.8,998.2,58841,0.0927,-0.1445,-164.15,997.0000,0.12
2025-12-24 12:25:00,998,999,997.9,998.7,84784,0.1260,-0.1445,-187.20,997.0000,0.17
2025-12-24 12:30:00,998.7,999.1,998.1,998.5,98687,0.1255,-0.1445,-186.85,997.0000,0.15
2025-12-24 12:35:00,998.5,998.8,998,998.1,159344,0.0910,-0.1445,-162.98,997.0000,0.11
2025-12-24 12:40:00,998.1,998.3,997.5,997.6,81052,0.0303,-0.1445,-120.97,997.0000,0.06
2025-12-24 12:45:00,998,998.4,997.6,998.2,56704,0.0266,-0.1445,-118.41,997.0000,0.12
2025-12-24 12:50:00,998.2,998.5,997.8,998.2,57811,0.0203,-0.1445,-114.05,997.0000,0.12
2025-12-24 12:55:00,998.1,998.4,997.9,998.3,25525,0.0192,-0.1445,-113.29,997.0000,0.13
2025-12-24 13:00:00,998.3,998.5,997.2,998.3,116715,0.0149,-0.1445,-110.31,997.0000,0.13
2025-12-24 13:05:00,998.3,998.3,996.8,997,180129,-0.0742,-0.1445,-48.65,997.0000,0.00
2025-12-24 13:10:00,997.2,997.3,996.3,996.8,271702,-0.1414,-0.1445,-2.15,997.0000,-0.02
2025-12-24 13:15:00,996.8,997.4,996.2,996.6,227759,-0.1909,-0.1445,32.11,997.0000,-0.04
2025-12-24 13:20:00,996.6,997.1,996.2,996.5,157832,-0.2201,-0.1445,52.32,997.0000,-0.05
2025-12-24 13:25:00,996.6,997.6,996,996.3,236288,-0.2408,-0.1445,66.64,997.0000,-0.07
2025-12-24 13:30:00,996.1,996.3,994.6,995,244960,-0.3247,-0.1445,124.71,997.0000,-0.20
2025-12-24 13:35:00,995,995.6,994.6,995.3,129816,-0.3411,-0.1445,136.06,997.0000,-0.17
2025-12-24 13:40:00,995.3,995.5,994.6,994.8,107953,-0.3645,-0.1445,152.25,997.0000,-0.22
2025-12-24 13:45:00,994.7,995.2,994.5,994.7,82143,-0.3647,-0.1445,152.39,997.0000,-0.23
2025-12-24 13:50:00,994.7,995,994.4,994.8,71718,-0.3368,-0.1445,133.08,997.0000,-0.22
2025-12-24 13:55:00,994.8,995,994,994.4,77393,-0.3239,-0.1445,124.15,997.0000,-0.26
2025-12-24 14:00:00,994.4,994.6,993.4,994.3,160395,-0.3012,-0.1445,108.44,997.0000,-0.27
2025-12-24 14:05:00,994.3,994.6,993.4,994.5,778147,-0.2537,-0.1445,75.57,997.0000,-0.25
2025-12-24 14:10:00,994.4,994.7,993.8,994.4,368662,-0.2117,-0.1445,46.51,997.0000,-0.26
2025-12-24 14:15:00,994.4,994.6,993.9,994.2,55359,-0.1812,-0.1445,25.40,997.0000,-0.28
2025-12-24 14:20:00,994.3,994.6,993.9,994.5,105378,-0.1273,-0.1445,-11.90,997.0000,-0.25
2025-12-24 14:25:00,994.5,995.3,993.7,994.8,626695,-0.0612,-0.1445,-57.65,997.0000,-0.22
2025-12-24 14:30:00,994.8,996.2,994.6,995.4,757720,0.0284,-0.1445,-119.65,997.0000,-0.16
2025-12-24 14:35:00,995.6,996.9,994.6,996.8,429546,0.1790,-0.1445,-223.88,997.0000,-0.02
2025-12-24 14:40:00,996.8,996.9,995.7,996.4,240261,0.2446,-0.1445,-269.27,997.0000,-0.06
2025-12-24 14:45:00,996.4,996.9,996,996.2,50441,0.2657,-0.1445,-283.88,997.0000,-0.08
2025-12-24 14:50:00,996.2,996.9,995.3,996.7,590367,0.3019,-0.1445,-308.93,997.0000,-0.03
2025-12-24 14:55:00,996.9,997.5,996.6,997,331167,0.3323,-0.1445,-329.97,997.0000,0.00
2025-12-24 15:00:00,997,998,995.5,997.4,724827,0.3629,-0.1445,-351.14,997.0000,0.04
2025-12-24 15:05:00,997.6,999,996.6,996.9,910801,0.3340,-0.1445,-331.14,997.0000,-0.01
2025-12-24 15:10:00,997,998.7,996.3,998,978412,0.3704,-0.1445,-356.33,997.0000,0.10
2025-12-24 15:15:00,998,998.2,996.6,996.8,318161,0.2984,-0.1445,-306.51,997.0000,-0.02
2025-12-24 15:20:00,996.8,997.6,995.4,996.5,278427,0.2189,-0.1445,-251.49,997.0000,-0.05
2025-12-24 15:25:00,996.5,997.1,995,995.3,204049,0.0810,-0.1445,-156.06,997.0000,-0.17
2025-12-26 09:15:00,996,997.2,995,995.3,170705,-0.0100,0.0810,-112.35,995.3000,0.00
2025-12-26 09:20:00,995.5,996.5,995,996.1,47051,-0.0156,0.0810,-119.26,995.3000,0.08
2025-12-26 09:25:00,996,997,994.8,995.8,58084,-0.0377,0.0810,-146.54,995.3000,0.05
2025-12-26 09:30:00,996,996,994.4,995.8,47384,-0.0496,0.0810,-161.23,995.3000,0.05
2025-12-26 09:35:00,995.6,995.8,994.2,994.2,73536,-0.1566,0.0810,-293.33,995.3000,-0.11
2025-12-26 09:40:00,994.4,995,994,994.3,135986,-0.2087,0.0810,-357.65,995.3000,-0.10
2025-12-26 09:45:00,994.3,995.8,994.1,995,110256,-0.1849,0.0810,-328.27,995.3000,-0.03
2025-12-26 09:50:00,995,995.5,993.8,994.1,72813,-0.2165,0.0810,-367.28,995.3000,-0.12
2025-12-26 09:55:00,994.1,994.7,993.7,993.9,70179,-0.2359,0.0810,-391.23,995.3000,-0.14
2025-12-26 10:00:00,994.1,994.8,993.6,994.3,49536,-0.2079,0.0810,-356.67,995.3000,-0.10
2025-12-26 10:05:00,994.4,995.7,994.4,995.2,45517,-0.1193,0.0810,-247.28,995.3000,-0.01
2025-12-26 10:10:00,995.2,995.5,994.8,995,28800,-0.0672,0.0810,-182.96,995.3000,-0.03
2025-12-26 10:15:00,994.8,996.5,994.6,995.6,212182,0.0105,0.0810,-87.04,995.3000,0.03
2025-12-26 10:20:00,996.1,996.1,994.7,996,351504,0.0873,0.0810,7.78,995.3000,0.07
2025-12-26 10:25:00,995.6,996.1,995.5,995.9,84832,0.1275,0.0810,57.41,995.3000,0.06
2025-12-26 10:30:00,995.9,996.7,995.5,995.8,87943,0.1423,0.0810,75.68,995.3000,0.05
2025-12-26 10:35:00,995.8,996.2,995.8,995.9,44487,0.1528,0.0810,88.64,995.3000,0.06
2025-12-26 10:40:00,995.9,997.1,995.8,996.3,71773,0.1790,0.0810,120.99,995.3000,0.10
2025-12-26 10:45:00,996,996.3,995.7,995.8,62314,0.1557,0.0810,92.22,995.3000,0.05
2025-12-26 10:50:00,996.1,996.2,995.1,995.8,243066,0.1341,0.0810,65.56,995.3000,0.05
2025-12-26 10:55:00,995.8,996.1,994.8,995,167470,0.0635,0.0810,-21.60,995.3000,-0.03
2025-12-26 11:00:00,995,995.5,994.7,995.1,24546,0.0231,0.0810,-71.48,995.3000,-0.02
2025-12-26 11:05:00,995.1,995.6,994.9,995.2,14122,0.0036,0.0810,-95.56,995.3000,-0.01
2025-12-26 11:10:00,995.2,995.6,994.5,994.8,39030,-0.0335,0.0810,-141.36,995.3000,-0.05
2025-12-26 11:15:00,994.8,995.2,993.9,994.7,119421,-0.0606,0.0810,-174.81,995.3000,-0.06
2025-12-26 11:20:00,994.7,995.2,994.5,994.7,75991,-0.0735,0.0810,-190.74,995.3000,-0.06
2025-12-26 11:25:00,994.7,995.2,994.3,994.4,85523,-0.0957,0.0810,-218.15,995.3000,-0.09
2025-12-26 11:30:00,994.4,994.9,993.1,993.4,294307,-0.1671,0.0810,-306.30,995.3000,-0.19
2025-12-26 11:35:00,993.4,993.8,993,993,137786,-0.2269,0.0810,-380.12,995.3000,-0.23
2025-12-26 11:40:00,993,993.6,992.1,992.1,173463,-0.3077,0.0810,-479.88,995.3000,-0.32
2025-12-26 11:45:00,992.1,992.8,991.8,992.3,119305,-0.3265,0.0810,-503.09,995.3000,-0.30
2025-12-26 11:50:00,992.3,993,992.2,992.2,64721,-0.3239,0.0810,-499.88,995.3000,-0.31
2025-12-26 11:55:00,992.2,992.8,992,992.2,95675,-0.3009,0.0810,-471.48,995.3000,-0.31
2025-12-26 12:00:00,992.2,992.6,991.5,991.5,208133,-0.3102,0.0810,-482.96,995.3000,-0.38
2025-12-26 12:05:00,991.5,992.3,991.2,991.3,88131,-0.3068,0.0810,-478.77,995.3000,-0.40
2025-12-26 12:10:00,991.3,992.3,990.9,991.3,191150,-0.2820,0.0810,-448.15,995.3000,-0.40
2025-12-26 12:15:00,991.3,991.7,990.9,991,244318,-0.2637,0.0810,-425.56,995.3000,-0.43
2025-12-26 12:20:00,991.1,991.5,990.7,990.9,203698,-0.2371,0.0810,-392.72,995.3000,-0.44
2025-12-26 12:25:00,990.8,991.2,990.1,990.2,101557,-0.2443,0.0810,-401.60,995.3000,-0.51
2025-12-26 12:30:00,990.2,990.5,989.2,989.5,163246,-0.2719,0.0810,-435.68,995.3000,-0.58
2025-12-26 12:35:00,989.5,989.9,989,989.2,71049,-0.2846,0.0810,-451.36,995.3000,-0.61
2025-12-26 12:40:00,989.3,989.7,988.9,989.1,64334,-0.2739,0.0810,-438.15,995.3000,-0.62
2025-12-26 12:45:00,989.1,989.6,988.4,988.8,63878,-0.2612,0.0810,-422.47,995.3000,-0.65
2025-12-26 12:50:00,988.8,990.3,987.7,989.7,197046,-0.1708,0.0810,-310.86,995.3000,-0.56
2025-12-26 12:55:00,989.7,990.4,989.4,990.3,155271,-0.0552,0.0810,-168.15,995.3000,-0.50
2025-12-26 13:00:00,990.3,990.7,990,990.1,87035,0.0193,0.0810,-76.17,995.3000,-0.52
2025-12-26 13:05:00,990.1,990.7,990,990.3,39191,0.0895,0.0810,10.49,995.3000,-0.50
2025-12-26 13:10:00,990.2,991,990,990.2,55296,0.1341,0.0810,65.56,995.3000,-0.51
2025-12-26 13:15:00,990.2,990.8,990,990.2,106268,0.1663,0.0810,105.31,995.3000,-0.51
2025-12-26 13:20:00,990.2,990.7,990,990,162773,0.1759,0.0810,117.16,995.3000,-0.53
2025-12-26 13:25:00,990.1,990.7,990,990.1,77710,0.1896,0.0810,134.07,995.3000,-0.52
2025-12-26 13:30:00,990.4,990.6,990,990,93172,0.1919,0.0810,136.91,995.3000,-0.53
2025-12-26 13:35:00,990.1,990.4,989.8,990,166960,0.1930,0.0810,138.27,995.3000,-0.53
2025-12-26 13:40:00,990.2,990.4,989.7,990,106232,0.1928,0.0810,138.02,995.3000,-0.53
2025-12-26 13:45:00,990.1,990.6,989.9,990,91993,0.1913,0.0810,136.17,995.3000,-0.53
2025-12-26 13:50:00,990.2,990.5,989.8,990,107710,0.1887,0.0810,132.96,995.3000,-0.53
2025-12-26 13:55:00,990.2,990.4,989.7,990.2,82742,0.1978,0.0810,144.20,995.3000,-0.51
2025-12-26 14:00:00,990.3,990.5,989.9,990,55022,0.1878,0.0810,131.85,995.3000,-0.53
2025-12-26 14:05:00,990.3,990.4,989.7,990,107479,0.1788,0.0810,120.74,995.3000,-0.53
2025-12-26 14:10:00,990,990.5,989.6,990,146008,0.1703,0.0810,110.25,995.3000,-0.53
2025-12-26 14:15:00,990.5,990.5,989.5,989.9,117711,0.1560,0.0810,92.59,995.3000,-0.54
2025-12-26 14:20:00,989.7,990.1,989.2,989.9,189636,0.1447,0.0810,78.64,995.3000,-0.54
2025-12-26 14:25:00,989.9,990.5,989.4,990.1,110563,0.1483,0.0810,83.09,995.3000,-0.52
2025-12-26 14:30:00,990.5,990.6,990,990,72741,0.1416,0.0810,74.81,995.3000,-0.53
2025-12-26 14:35:00,990.4,990.6,989.8,990.4,82464,0.1604,0.0810,98.02,995.3000,-0.49
2025-12-26 14:40:00,990.4,990.7,989.9,990,125544,0.1428,0.0810,76.30,995.3000,-0.53
2025-12-26 14:45:00,990.4,990.7,989,990.1,220790,0.1348,0.0810,66.42,995.3000,-0.52
2025-12-26 14:50:00,990.5,991.2,990,990.7,116584,0.1650,0.0810,103.70,995.3000,-0.46
2025-12-26 14:55:00,991,991.6,990.5,991.4,105936,0.2234,0.0810,175.80,995.3000,-0.39
2025-12-26 15:00:00,991.4,991.5,990.6,990.9,131478,0.2194,0.0810,170.86,995.3000,-0.44
2025-12-26 15:05:00,990.9,992.2,990.8,992.1,192847,0.2844,0.0810,251.11,995.3000,-0.32
2025-12-26 15:10:00,992.1,992.8,991.5,992.3,199898,0.3249,0.0810,301.11,995.3000,-0.30
2025-12-26 15:15:00,992.5,992.5,991,992,188826,0.3152,0.0810,289.14,995.3000,-0.33
2025-12-26 15:20:00,992,992.9,991.5,992.5,337130,0.3249,0.0810,301.11,995.3000,-0.28
2025-12-26 15:25:00,992.5,993.6,992,992,391877,0.2817,0.0810,247.78,995.3000,-0.33
2025-12-29 09:15:00,993.1,997.4,993.1,994,646173,0.3665,0.2817,30.10,992.0000,0.20
2025-12-29 09:20:00,994,995.5,993.7,995,274886,0.4624,0.2817,64.15,992.0000,0.30
2025-12-29 09:25:00,995,996,994.7,995.2,116496,0.5082,0.2817,80.40,992.0000,0.32
2025-12-29 09:30:00,995,995.5,994,995,125536,0.4935,0.2817,75.19,992.0000,0.30
2025-12-29 09:35:00,995.2,995.5,994.2,995.5,49315,0.4851,0.2817,72.20,992.0000,0.35
2025-12-29 09:40:00,995.5,995.5,994.8,995.3,70071,0.4354,0.2817,54.56,992.0000,0.33
2025-12-29 09:45:00,995.3,995.5,995,995,91299,0.3550,0.2817,26.02,992.0000,0.30
2025-12-29 09:50:00,995,995.4,994.2,994.4,141958,0.2396,0.2817,-14.94,992.0000,0.24
2025-12-29 09:55:00,994.4,994.7,993.4,993.9,232059,0.1143,0.2817,-59.42,992.0000,0.19
2025-12-29 10:00:00,993.7,995,993.3,993.5,160696,-0.0047,0.2817,-101.67,992.0000,0.15
2025-12-29 10:05:00,993.5,994,993.1,993.9,69402,-0.0624,0.2817,-122.15,992.0000,0.19
2025-12-29 10:10:00,993.9,993.9,993.2,993.5,41613,-0.1295,0.2817,-145.97,992.0000,0.15
2025-12-29 10:15:00,993.7,993.8,993.1,993.7,59770,-0.1605,0.2817,-156.98,992.0000,0.17
2025-12-29 10:20:00,993.7,993.7,993,993.7,106250,-0.1795,0.2817,-163.72,992.0000,0.17
2025-12-29 10:25:00,993.6,993.6,992.4,993,182912,-0.2344,0.2817,-183.21,992.0000,0.10
2025-12-29 10:30:00,993,993.1,991.7,992,146537,-0.3274,0.2817,-216.22,992.0000,0.00
2025-12-29 10:35:00,992,993.2,991.6,993,153664,-0.3111,0.2817,-210.44,992.0000,0.10
2025-12-29 10:40:00,993,993.1,991.5,992.2,62198,-0.3413,0.2817,-221.16,992.0000,0.02
2025-12-29 10:45:00,992.2,992.4,991.2,991.8,71535,-0.3727,0.2817,-232.30,992.0000,-0.02
2025-12-29 10:50:00,991.7,992.5,991.2,992.4,105897,-0.3387,0.2817,-220.23,992.0000,0.04
2025-12-29 10:55:00,992.4,992.5,991.7,992.2,57207,-0.3156,0.2817,-212.03,992.0000,0.02
2025-12-29 11:00:00,992.2,993.1,990.5,990.8,288151,-0.3764,0.2817,-233.62,992.0000,-0.12
2025-12-29 11:05:00,990.8,990.8,989.7,989.7,159620,-0.4668,0.2817,-265.71,992.0000,-0.23
2025-12-29 11:10:00,989.9,989.9,989,989.4,74891,-0.5187,0.2817,-284.13,992.0000,-0.26
2025-12-29 11:15:00,989.4,989.5,988.6,989.1,77181,-0.5426,0.2817,-292.62,992.0000,-0.29
2025-12-29 11:20:00,989.1,989.3,988.5,989.1,101331,-0.5273,0.2817,-287.18,992.0000,-0.29
2025-12-29 11:25:00,989.1,989.4,988.7,989,59269,-0.4935,0.2817,-275.19,992.0000,-0.30
2025-12-29 11:30:00,989.2,989.5,988.9,989.4,68812,-0.4168,0.2817,-247.96,992.0000,-0.26
2025-12-29 11:35:00,989.4,989.4,988.8,988.9,32617,-0.3737,0.2817,-232.66,992.0000,-0.31
2025-12-29 11:40:00,988.9,990,988.8,989.8,160793,-0.2638,0.2817,-193.65,992.0000,-0.22
2025-12-29 11:45:00,989.8,989.9,989,989.7,146084,-0.1809,0.2817,-164.22,992.0000,-0.23
2025-12-29 11:50:00,989.7,989.8,988.5,988.8,57507,-0.1699,0.2817,-160.31,992.0000,-0.32
2025-12-29 11:55:00,988.8,988.9,988,988,68557,-0.1979,0.2817,-170.25,992.0000,-0.40
2025-12-29 12:00:00,988.2,988.4,987.3,987.6,62841,-0.2228,0.2817,-179.09,992.0000,-0.44
2025-12-29 12:05:00,987.6,988.4,987.2,988.1,41997,-0.1865,0.2817,-166.21,992.0000,-0.39
2025-12-29 12:10:00,988.1,989,987.7,988.3,288113,-0.1326,0.2817,-147.07,992.0000,-0.37
2025-12-29 12:15:00,988.5,988.5,988,988.1,45880,-0.0955,0.2817,-133.90,992.0000,-0.39
2025-12-29 12:20:00,988.1,988.5,988,988.1,44750,-0.0581,0.2817,-120.62,992.0000,-0.39
2025-12-29 12:25:00,988.1,988.5,987.8,988.5,54944,0.0033,0.2817,-98.83,992.0000,-0.35
2025-12-29 12:30:00,988.5,989,988,988.5,46862,0.0510,0.2817,-81.90,992.0000,-0.35
2025-12-29 12:35:00,988.7,989.5,988.3,989.1,68740,0.1257,0.2817,-55.38,992.0000,-0.29
2025-12-29 12:40:00,989.4,989.5,988.7,989.4,51058,0.1941,0.2817,-31.10,992.0000,-0.26
2025-12-29 12:45:00,989.4,990.1,988.6,988.7,131790,0.1906,0.2817,-32.34,992.0000,-0.33
2025-12-29 12:50:00,988.9,989,988.2,988.6,98289,0.1801,0.2817,-36.07,992.0000,-0.34
2025-12-29 12:55:00,988.8,989.3,988.3,989.1,122607,0.2036,0.2817,-27.72,992.0000,-0.29
2025-12-29 13:00:00,989.2,990.3,988.9,990.2,270544,0.2851,0.2817,1.21,992.0000,-0.18
2025-12-29 13:05:00,990.2,990.9,989.7,990.2,465017,0.3278,0.2817,16.36,992.0000,-0.18
2025-12-29 13:10:00,990.2,990.6,988.9,989.4,521532,0.2921,0.2817,3.69,992.0000,-0.26
2025-12-29 13:15:00,989.4,989.6,987.9,989,373224,0.2340,0.2817,-16.93,992.0000,-0.30
2025-12-29 13:20:00,989,989.1,988.4,988.8,68155,0.1772,0.2817,-37.10,992.0000,-0.32
2025-12-29 13:25:00,988.8,989.2,988.5,989.1,65826,0.1557,0.2817,-44.73,992.0000,-0.29
2025-12-29 13:30:00,989.1,989.2,988.5,988.6,76702,0.1059,0.2817,-62.41,992.0000,-0.34
2025-12-29 13:35:00,988.6,989,988.1,988.4,69499,0.0600,0.2817,-78.70,992.0000,-0.36
2025-12-29 13:40:00,988.4,989.5,988.1,989.2,275302,0.0826,0.2817,-70.68,992.0000,-0.28
2025-12-29 13:45:00,989.2,989.7,988.8,989.6,100800,0.1213,0.2817,-56.94,992.0000,-0.24
2025-12-29 13:50:00,989.6,990,989.1,990,181512,0.1677,0.2817,-40.47,992.0000,-0.20
2025-12-29 13:55:00,990,990.2,989.3,989.9,280075,0.1842,0.2817,-34.61,992.0000,-0.21
2025-12-29 14:00:00,989.9,990.4,989.7,990,102024,0.1935,0.2817,-31.31,992.0000,-0.20
2025-12-29 14:05:00,990,990.9,989.6,990.8,228633,0.2420,0.2817,-14.09,992.0000,-0.12
2025-12-29 14:10:00,990.8,991.2,990.3,990.5,425425,0.2417,0.2817,-14.20,992.0000,-0.15
2025-12-29 14:15:00,990.5,990.9,989.7,990.5,198983,0.2296,0.2817,-18.49,992.0000,-0.15
2025-12-29 14:20:00,990.5,991.9,990,991.8,117846,0.2930,0.2817,4.01,992.0000,-0.02
2025-12-29 14:25:00,991.8,993,991.4,991.9,448897,0.3233,0.2817,14.77,992.0000,-0.01
2025-12-29 14:30:00,991.9,992.4,991.2,992.1,68023,0.3368,0.2817,19.56,992.0000,0.01
2025-12-29 14:35:00,992.1,992.1,991.2,992,85880,0.3192,0.2817,13.31,992.0000,0.00
2025-12-29 14:40:00,992,992.1,990.9,991.6,83970,0.2631,0.2817,-6.60,992.0000,-0.04
2025-12-29 14:45:00,991.6,992.5,991,992.5,162860,0.2682,0.2817,-4.79,992.0000,0.05
2025-12-29 14:50:00,992.5,992.7,991.5,992.2,205949,0.2343,0.2817,-16.83,992.0000,0.02
2025-12-29 14:55:00,992.1,992.6,991,991.7,691900,0.1643,0.2817,-41.68,992.0000,-0.03
2025-12-29 15:00:00,991.5,992.3,990.2,991,800696,0.0622,0.2817,-77.92,992.0000,-0.10
2025-12-29 15:05:00,991.1,992.5,990.8,991.7,733693,0.0347,0.2817,-87.68,992.0000,-0.03
2025-12-29 15:10:00,991.8,992.3,991.5,992.2,209657,0.0424,0.2817,-84.95,992.0000,0.02
2025-12-29 15:15:00,992.1,992.2,991.8,992,235690,0.0270,0.2817,-90.42,992.0000,0.00
2025-12-29 15:20:00,991.9,992.4,991.8,992.3,311918,0.0298,0.2817,-89.42,992.0000,0.03
2025-12-29 15:25:00,992.3,992.9,991,992.8,308885,0.0566,0.2817,-79.91,992.0000,0.08
2025-12-30 09:15:00,990.2,993.7,988,989.2,620000,-0.1647,0.0566,-390.99,992.8000,-0.36
2025-12-30 09:20:00,989.2,989.4,987.4,988.3,452715,-0.3574,0.0566,-731.45,992.8000,-0.45
2025-12-30 09:25:00,988,989.1,987.7,988.6,83188,-0.4445,0.0566,-885.34,992.8000,-0.42
2025-12-30 09:30:00,988.4,990.1,988.2,989,208171,-0.4536,0.0566,-901.41,992.8000,-0.38
2025-12-30 09:35:00,989,989.5,988.2,989.3,161789,-0.4186,0.0566,-839.58,992.8000,-0.35
2025-12-30 09:40:00,989.2,991,988.8,990.6,148735,-0.2930,0.0566,-617.67,992.8000,-0.22
2025-12-30 09:45:00,990.6,990.7,988.4,988.8,114261,-0.3144,0.0566,-655.48,992.8000,-0.40
2025-12-30 09:50:00,988.8,991,988.5,990.4,84760,-0.2091,0.0566,-469.43,992.8000,-0.24
2025-12-30 09:55:00,990.6,991.9,990,990.2,92044,-0.1443,0.0566,-354.95,992.8000,-0.26
2025-12-30 10:00:00,990.2,990.4,989,989.3,75447,-0.1527,0.0566,-369.79,992.8000,-0.35
2025-12-30 10:05:00,989.3,989.3,987.6,988.3,152727,-0.2124,0.0566,-475.27,992.8000,-0.45
2025-12-30 10:10:00,988.3,990.2,988.1,989.5,294162,-0.1604,0.0566,-383.39,992.8000,-0.33
2025-12-30 10:15:00,989.5,989.8,988.4,989,83279,-0.1492,0.0566,-363.60,992.8000,-0.38
2025-12-30 10:20:00,989,990.9,988.8,990.6,83190,-0.0298,0.0566,-152.65,992.8000,-0.22
2025-12-30 10:25:00,990.4,991,989.7,990,98454,0.0108,0.0566,-80.92,992.8000,-0.28
2025-12-30 10:30:00,990.1,991,989.9,991,76655,0.1020,0.0566,80.21,992.8000,-0.18
2025-12-30 10:35:00,991,991.1,989.6,990.2,101955,0.1051,0.0566,85.69,992.8000,-0.26
2025-12-30 10:40:00,990.2,990.3,989.4,989.5,76764,0.0588,0.0566,3.89,992.8000,-0.33
2025-12-30 10:45:00,989.6,989.7,988.8,989.5,73169,0.0287,0.0566,-49.29,992.8000,-0.33
2025-12-30 10:50:00,989.5,990,988.1,988.7,108026,-0.0410,0.0566,-172.44,992.8000,-0.41
2025-12-30 10:55:00,988.7,989.4,988.4,989.2,89135,-0.0487,0.0566,-186.04,992.8000,-0.36
2025-12-30 11:00:00,989.1,989.6,988.8,989,99764,-0.0616,0.0566,-208.83,992.8000,-0.38
2025-12-30 11:05:00,989,989.5,988.5,988.8,93517,-0.0771,0.0566,-236.22,992.8000,-0.40
2025-12-30 11:10:00,988.9,989.5,987.2,988,316804,-0.1315,0.0566,-332.33,992.8000,-0.48
2025-12-30 11:15:00,988,988.7,987.3,987.7,105286,-0.1752,0.0566,-409.54,992.8000,-0.51
2025-12-30 11:20:00,987.9,988.2,986.7,987.3,209487,-0.2159,0.0566,-481.45,992.8000,-0.55
2025-12-30 11:25:00,987.3,987.7,986.8,987.1,214260,-0.2393,0.0566,-522.79,992.8000,-0.57
2025-12-30 11:30:00,987.1,987.4,986.4,986.9,195555,-0.2501,0.0566,-541.87,992.8000,-0.59
2025-12-30 11:35:00,986.9,987.3,986.3,987.3,90269,-0.2136,0.0566,-477.39,992.8000,-0.55
2025-12-30 11:40:00,987.3,987.7,986.8,987.5,84666,-0.1616,0.0566,-385.51,992.8000,-0.53
2025-12-30 11:45:00,987.5,987.8,986.8,986.9,67104,-0.1533,0.0566,-370.85,992.8000,-0.59
2025-12-30 11:50:00,986.8,988,986.2,986.4,208280,-0.1661,0.0566,-393.46,992.8000,-0.64
2025-12-30 11:55:00,986.4,986.5,985.5,985.8,92528,-0.1975,0.0566,-448.94,992.8000,-0.71
2025-12-30 12:00:00,985.8,986.4,985,985,122847,-0.2512,0.0566,-543.82,992.8000,-0.79
2025-12-30 12:05:00,985.1,986,985,985.6,106176,-0.2261,0.0566,-499.47,992.8000,-0.73
2025-12-30 12:10:00,985.6,986.1,984.7,985,189893,-0.2291,0.0566,-504.77,992.8000,-0.79
2025-12-30 12:15:00,985.2,985.7,985,985.6,95964,-0.1723,0.0566,-404.42,992.8000,-0.73
2025-12-30 12:20:00,985.6,985.9,985,985.2,96056,-0.1445,0.0566,-355.30,992.8000,-0.77
2025-12-30 12:25:00,985.2,985.7,984.5,985,202757,-0.1233,0.0566,-317.84,992.8000,-0.79
2025-12-30 12:30:00,985.1,985.6,984.5,985.3,140093,-0.0751,0.0566,-232.69,992.8000,-0.76
2025-12-30 12:35:00,985.2,985.4,984.6,985,160011,-0.0506,0.0566,-189.40,992.8000,-0.79
2025-12-30 12:40:00,985.1,985.3,984.5,984.8,283236,-0.0358,0.0566,-163.25,992.8000,-0.81
2025-12-30 12:45:00,984.8,985.3,984,985.2,167361,0.0106,0.0566,-81.27,992.8000,-0.77
2025-12-30 12:50:00,985.2,985.3,983.6,984.2,346613,-0.0151,0.0566,-126.68,992.8000,-0.87
2025-12-30 12:55:00,984.2,984.4,983.3,983.5,163474,-0.0654,0.0566,-215.55,992.8000,-0.94
2025-12-30 13:00:00,983.5,983.6,982.8,983.3,108193,-0.0964,0.0566,-270.32,992.8000,-0.96
2025-12-30 13:05:00,983.3,984.5,982.9,983.2,89511,-0.1071,0.0566,-289.22,992.8000,-0.97
2025-12-30 13:10:00,983.2,983.7,983.1,983.1,89705,-0.1043,0.0566,-284.28,992.8000,-0.98
2025-12-30 13:15:00,983.1,984,982.6,983.1,143691,-0.0866,0.0566,-253.00,992.8000,-0.98
2025-12-30 13:20:00,983.2,983.5,982.4,982.4,268793,-0.1048,0.0566,-285.16,992.8000,-1.05
2025-12-30 13:25:00,982.4,983.7,982.2,982.9,228384,-0.0679,0.0566,-219.96,992.8000,-1.00
2025-12-30 13:30:00,982.9,984.6,982.7,984.3,276325,0.0592,0.0566,4.59,992.8000,-0.86
2025-12-30 13:35:00,984.3,985,984.1,984.6,199625,0.1660,0.0566,193.29,992.8000,-0.83
2025-12-30 13:40:00,984.6,985.3,984.4,985,511391,0.2603,0.0566,359.89,992.8000,-0.79
2025-12-30 13:45:00,985,986.4,984.8,985.9,756273,0.3732,0.0566,559.36,992.8000,-0.70
2025-12-30 13:50:00,985.9,986.3,985.2,985.4,362151,0.4017,0.0566,609.72,992.8000,-0.75
2025-12-30 13:55:00,985.4,985.8,984.9,985.1,263020,0.3876,0.0566,584.81,992.8000,-0.78
2025-12-30 14:00:00,985.1,986.8,985.1,986.4,328527,0.4488,0.0566,692.93,992.8000,-0.64
2025-12-30 14:05:00,986.4,986.6,986,986.2,146408,0.4572,0.0566,707.77,992.8000,-0.66
2025-12-30 14:10:00,986.2,987.7,986.1,987.4,175293,0.5203,0.0566,819.26,992.8000,-0.54
2025-12-30 14:15:00,987.2,987.7,986.5,987,216647,0.5112,0.0566,803.18,992.8000,-0.58
2025-12-30 14:20:00,986.5,987.3,986.2,986.3,371902,0.4370,0.0566,672.08,992.8000,-0.65
2025-12-30 14:25:00,986.2,986.4,985.7,985.9,515484,0.3440,0.0566,507.77,992.8000,-0.70
2025-12-30 14:30:00,986,987.8,985.8,987.2,221442,0.3518,0.0566,521.55,992.8000,-0.56
2025-12-30 14:35:00,987.2,987.8,986.5,987.6,392662,0.3642,0.0566,543.46,992.8000,-0.52
2025-12-30 14:40:00,987.5,989.3,987,989,293854,0.4417,0.0566,680.39,992.8000,-0.38
2025-12-30 14:45:00,989,989.3,988,989,264983,0.4657,0.0566,722.79,992.8000,-0.38
2025-12-30 14:50:00,989,989.2,987.8,988.5,298987,0.4218,0.0566,645.23,992.8000,-0.43
2025-12-30 14:55:00,988.1,988.9,987.6,987.6,383945,0.3113,0.0566,450.00,992.8000,-0.52
2025-12-30 15:00:00,988,991.2,987,990.7,3991815,0.4194,0.0566,640.99,992.8000,-0.21
2025-12-30 15:05:00,990.9,993.6,989.5,992.2,4024045,0.5557,0.0566,881.80,992.8000,-0.06
2025-12-30 15:10:00,991.8,992.1,989.2,991,3089288,0.5290,0.0566,834.63,992.8000,-0.18
2025-12-30 15:15:00,990.9,992,990.7,991.9,2710481,0.5343,0.0566,843.99,992.8000,-0.09
2025-12-30 15:20:00,991.7,991.9,990.3,991.4,2751909,0.4689,0.0566,728.45,992.8000,-0.14
2025-12-30 15:25:00,991.4,995,990.5,995,2344050,0.6231,0.0566,1000.88,992.8000,0.22
2025-12-31 09:15:00,991,995,991,992.7,193249,0.5290,0.6231,-15.10,995.0000,-0.23
2025-12-31 09:20:00,992.4,992.6,990.5,990.5,97011,0.2894,0.6231,-53.55,995.0000,-0.45
2025-12-31 09:25:00,990.5,992.5,989.4,992,70562,0.2065,0.6231,-66.86,995.0000,-0.30
2025-12-31 09:30:00,991.8,992.5,990.7,991.1,20619,0.0727,0.6231,-88.33,995.0000,-0.39
2025-12-31 09:35:00,990.8,991.3,990,990.5,30032,-0.0672,0.6231,-110.78,995.0000,-0.45
2025-12-31 09:40:00,990.5,990.8,989.1,989.2,47510,-0.2480,0.6231,-139.80,995.0000,-0.58
2025-12-31 09:45:00,989.1,989.8,988.9,989,43527,-0.3742,0.6231,-160.05,995.0000,-0.60
2025-12-31 09:50:00,989,990.2,988.8,990.1,50127,-0.3757,0.6231,-160.30,995.0000,-0.49
2025-12-31 09:55:00,989.9,990.3,989.5,990,34931,-0.3748,0.6231,-160.15,995.0000,-0.50
2025-12-31 10:00:00,990,990.1,988,988,75128,-0.4927,0.6231,-179.07,995.0000,-0.70
2025-12-31 10:05:00,988.3,989,987.6,989,68555,-0.4865,0.6231,-178.08,995.0000,-0.60
2025-12-31 10:10:00,989,990.2,988.5,989.6,52693,-0.4271,0.6231,-168.54,995.0000,-0.54
2025-12-31 10:15:00,989.6,990.5,989.6,990.2,48327,-0.3365,0.6231,-154.00,995.0000,-0.48
2025-12-31 10:20:00,989.8,990.3,989,989.3,34854,-0.3261,0.6231,-152.34,995.0000,-0.57
2025-12-31 10:25:00,989.2,989.5,988.6,989.5,38959,-0.2956,0.6231,-147.44,995.0000,-0.55
2025-12-31 10:30:00,989.2,989.9,988.7,989,35776,-0.2980,0.6231,-147.83,995.0000,-0.60
2025-12-31 10:35:00,988.9,989,988.4,988.5,36326,-0.3204,0.6231,-151.42,995.0000,-0.65
2025-12-31 10:40:00,988.6,989.9,988.3,989.2,56938,-0.2766,0.6231,-144.39,995.0000,-0.58
2025-12-31 10:45:00,989.2,989.6,988.7,989.2,52792,-0.2378,0.6231,-138.16,995.0000,-0.58
2025-12-31 10:50:00,989,990.3,988.8,990,106633,-0.1526,0.6231,-124.49,995.0000,-0.50
2025-12-31 10:55:00,990,990.1,989.1,989.3,46478,-0.1381,0.6231,-122.16,995.0000,-0.57
2025-12-31 11:00:00,989.3,990,988.6,989.6,142161,-0.1045,0.6231,-116.77,995.0000,-0.54
2025-12-31 11:05:00,989.4,990,989.1,989.6,42447,-0.0797,0.6231,-112.79,995.0000,-0.54
2025-12-31 11:10:00,989.9,991.1,989.5,990.6,170888,0.0024,0.6231,-99.61,995.0000,-0.44
2025-12-31 11:15:00,990.5,991.7,990,991.2,86448,0.0905,0.6231,-85.48,995.0000,-0.38
2025-12-31 11:20:00,990.9,991.3,989.1,989.3,79973,0.0180,0.6231,-97.11,995.0000,-0.57
2025-12-31 11:25:00,989.3,990,989,989.2,69802,-0.0366,0.6231,-105.87,995.0000,-0.58
2025-12-31 11:30:00,989.1,989.4,988.1,988.2,63271,-0.1343,0.6231,-121.55,995.0000,-0.68
2025-12-31 11:35:00,988.1,989.1,988,989.1,154086,-0.1325,0.6231,-121.26,995.0000,-0.59
2025-12-31 11:40:00,988.7,989.9,988.2,989.1,94282,-0.1254,0.6231,-120.13,995.0000,-0.59
2025-12-31 11:45:00,989,990.5,988.6,990.4,144741,-0.0323,0.6231,-105.18,995.0000,-0.46
2025-12-31 11:50:00,990.4,990.7,989.5,990.4,103087,0.0271,0.6231,-95.65,995.0000,-0.46
2025-12-31 11:55:00,990.4,990.6,989.6,990,69420,0.0366,0.6231,-94.13,995.0000,-0.50
2025-12-31 12:00:00,989.8,990.9,989.6,990.5,68147,0.0717,0.6231,-88.49,995.0000,-0.45
2025-12-31 12:05:00,990.5,991,990.1,990.9,55506,0.1145,0.6231,-81.62,995.0000,-0.41
2025-12-31 12:10:00,990.9,991,990.3,991,57128,0.1404,0.6231,-77.47,995.0000,-0.40
2025-12-31 12:15:00,991,991.9,990.6,991.9,149577,0.2051,0.6231,-67.08,995.0000,-0.31
2025-12-31 12:20:00,991.8,991.9,990.9,991.7,111583,0.2201,0.6231,-64.68,995.0000,-0.33
2025-12-31 12:25:00,991.7,992,991,992,147675,0.2345,0.6231,-62.37,995.0000,-0.30
2025-12-31 12:30:00,991.9,992,991,992,158882,0.2282,0.6231,-63.38,995.0000,-0.30
2025-12-31 12:35:00,991.8,993.1,991.4,992.2,237446,0.2214,0.6231,-64.47,995.0000,-0.28
2025-12-31 12:40:00,992.2,993.5,992.2,993.4,95045,0.2780,0.6231,-55.38,995.0000,-0.16
2025-12-31 12:45:00,993.4,994.1,993.1,994,78818,0.3324,0.6231,-46.65,995.0000,-0.10
2025-12-31 12:50:00,993.9,995.1,993.5,994.4,155181,0.3691,0.6231,-40.76,995.0000,-0.06
2025-12-31 12:55:00,994.1,994.5,993.7,994.1,60895,0.3473,0.6231,-44.26,995.0000,-0.09
2025-12-31 13:00:00,994.1,996.3,993.9,995,165043,0.3657,0.6231,-41.31,995.0000,0.00
2025-12-31 13:05:00,995,995.2,994.6,995.1,117057,0.3564,0.6231,-42.80,995.0000,0.01
2025-12-31 13:10:00,995,995.2,995,995.1,60714,0.3232,0.6231,-48.13,995.0000,0.01
2025-12-31 13:15:00,995,995.1,993.3,994.2,136553,0.2184,0.6231,-64.95,995.0000,-0.08
2025-12-31 13:20:00,994,995,994,994.7,98255,0.1632,0.6231,-73.81,995.0000,-0.03
2025-12-31 13:25:00,994.4,995.2,994.1,995,161043,0.1288,0.6231,-79.33,995.0000,0.00
2025-12-31 13:30:00,995,995.3,994.7,995,59243,0.0897,0.6231,-85.60,995.0000,0.00
2025-12-31 13:35:00,994.9,996.1,993.8,994.6,213616,0.0242,0.6231,-96.12,995.0000,-0.04
2025-12-31 13:40:00,994.6,995.7,994.2,995.3,71395,0.0155,0.6231,-97.51,995.0000,0.03
2025-12-31 13:45:00,995,995.9,995,995.7,74206,0.0238,0.6231,-96.18,995.0000,0.07
2025-12-31 13:50:00,995.5,996.3,995.4,996,116147,0.0359,0.6231,-94.24,995.0000,0.10
2025-12-31 13:55:00,996.1,997.6,995.8,996.8,305573,0.0815,0.6231,-86.92,995.0000,0.18
2025-12-31 14:00:00,996.9,996.9,995.4,996.3,357649,0.0626,0.6231,-89.95,995.0000,0.13
2025-12-31 14:05:00,996.1,997.1,996,996.6,83782,0.0551,0.6231,-91.16,995.0000,0.16
2025-12-31 14:10:00,996.6,996.9,996.4,996.4,85321,0.0233,0.6231,-96.26,995.0000,0.14
2025-12-31 14:15:00,996.5,996.6,996,996.3,98510,-0.0160,0.6231,-102.57,995.0000,0.13
2025-12-31 14:20:00,996.2,996.6,995.2,995.7,247565,-0.0896,0.6231,-114.38,995.0000,0.07
2025-12-31 14:25:00,995.9,996.7,995.6,996.3,205543,-0.1041,0.6231,-116.71,995.0000,0.13
2025-12-31 14:30:00,996.3,996.7,995.3,995.9,279612,-0.1445,0.6231,-123.19,995.0000,0.09
2025-12-31 14:35:00,995.4,996.8,995.2,996.7,142372,-0.1220,0.6231,-119.58,995.0000,0.17
2025-12-31 14:40:00,996.7,996.7,995.9,996.6,135710,-0.1184,0.6231,-119.00,995.0000,0.16
2025-12-31 14:45:00,996.6,996.6,996,996.2,181241,-0.1457,0.6231,-123.38,995.0000,0.12
2025-12-31 14:50:00,996.1,996.5,995,995.3,180892,-0.2226,0.6231,-135.72,995.0000,0.03
2025-12-31 14:55:00,995.4,995.5,994.3,994.7,161599,-0.3069,0.6231,-149.25,995.0000,-0.03
2025-12-31 15:00:00,994.7,994.7,990.9,991.1,526823,-0.5821,0.6231,-193.42,995.0000,-0.39
2025-12-31 15:05:00,991.1,992.1,990.7,991.2,686675,-0.7251,0.6231,-216.37,995.0000,-0.38
2025-12-31 15:10:00,991.2,991.2,990,990.9,604134,-0.8016,0.6231,-228.65,995.0000,-0.41
2025-12-31 15:15:00,990.9,991.5,990.5,991,579576,-0.8051,0.6231,-229.21,995.0000,-0.40
2025-12-31 15:20:00,991,991.4,990.4,991.2,541655,-0.7544,0.6231,-221.07,995.0000,-0.38
2025-12-31 15:25:00,991.2,994,990.9,992.9,410754,-0.5750,0.6231,-192.28,995.0000,-0.21
2026-01-01 09:15:00,993.5,996.4,993,993.7,134037,-0.3804,-0.5750,-33.84,992.9000,0.08
2026-01-01 09:20:00,993.7,995,993.25,993.55,87974,-0.2462,-0.5750,-57.18,992.9000,0.07
2026-01-01 09:25:00,993.55,995.9,993.3,995.65,51936,-0.0129,-0.5750,-97.76,992.9000,0.28
2026-01-01 09:30:00,995.5,995.9,994.55,995.6,28202,0.1333,-0.5750,-123.18,992.9000,0.27
2026-01-01 09:35:00,995.85,996.6,995.2,996.6,88094,0.2838,-0.5750,-149.36,992.9000,0.37
2026-01-01 09:40:00,996.5,997.55,996.05,997.3,80559,0.4094,-0.5750,-171.20,992.9000,0.44
2026-01-01 09:45:00,997,997.4,996.05,996.5,23682,0.4161,-0.5750,-172.37,992.9000,0.36
2026-01-01 09:50:00,996.45,996.5,995.8,995.95,20370,0.3629,-0.5750,-163.11,992.9000,0.31
2026-01-01 09:55:00,995.95,996,995,995,29730,0.2487,-0.5750,-143.25,992.9000,0.21
2026-01-01 10:00:00,995,995.3,994.4,994.95,44498,0.1590,-0.5750,-127.65,992.9000,0.21
2026-01-01 10:05:00,994.85,994.9,993.9,994.1,38392,0.0381,-0.5750,-106.63,992.9000,0.12
2026-01-01 10:10:00,994,994.2,993.8,994.1,18435,-0.0420,-0.5750,-92.70,992.9000,0.12
2026-01-01 10:15:00,994.1,994.1,993.4,994,24092,-0.0986,-0.5750,-82.85,992.9000,0.11
2026-01-01 10:20:00,994,994.2,993.35,993.85,37113,-0.1404,-0.5750,-75.58,992.9000,0.10
2026-01-01 10:25:00,993.65,993.85,993,993.25,19146,-0.1992,-0.5750,-65.36,992.9000,0.04
2026-01-01 10:30:00,993.4,993.85,993,993.7,26548,-0.1981,-0.5750,-65.55,992.9000,0.08
2026-01-01 10:35:00,993.8,994,993.55,993.95,15917,-0.1718,-0.5750,-70.12,992.9000,0.11
2026-01-01 10:40:00,993.95,994.25,993.5,994.1,36406,-0.1371,-0.5750,-76.16,992.9000,0.12
2026-01-01 10:45:00,994.1,994.8,994,994.8,21892,-0.0635,-0.5750,-88.96,992.9000,0.19
2026-01-01 10:50:00,994.75,994.9,994.15,994.4,34550,-0.0394,-0.5750,-93.15,992.9000,0.15
2026-01-01 10:55:00,994.3,994.45,993.7,994.3,44382,-0.0285,-0.5750,-95.04,992.9000,0.14
2026-01-01 11:00:00,994.25,995,993.5,993.5,39612,-0.0709,-0.5750,-87.67,992.9000,0.06
2026-01-01 11:05:00,993.7,993.95,993.1,993.5,34685,-0.0934,-0.5750,-83.76,992.9000,0.06
2026-01-01 11:10:00,993.5,994,993.35,993.8,46461,-0.0827,-0.5750,-85.62,992.9000,0.09
2026-01-01 11:15:00,993.8,993.85,992.8,993.45,87563,-0.0933,-0.5750,-83.77,992.9000,0.06
2026-01-01 11:20:00,993.4,993.5,992.8,993.45,20973,-0.0939,-0.5750,-83.67,992.9000,0.06
2026-01-01 11:25:00,993.2,993.55,992.9,993.1,24343,-0.1105,-0.5750,-80.78,992.9000,0.02
2026-01-01 11:30:00,992.9,993.3,992.5,992.5,47397,-0.1519,-0.5750,-73.58,992.9000,-0.04
2026-01-01 11:35:00,992.7,992.85,992.3,992.6,18194,-0.1616,-0.5750,-71.90,992.9000,-0.03
2026-01-01 11:40:00,992.8,993,992.3,992.45,18399,-0.1666,-0.5750,-71.03,992.9000,-0.05
2026-01-01 11:45:00,992.45,992.55,991.3,991.35,60463,-0.2286,-0.5750,-60.24,992.9000,-0.16
2026-01-01 11:50:00,991.35,991.9,991,991.5,42622,-0.2427,-0.5750,-57.79,992.9000,-0.14
2026-01-01 11:55:00,991.5,991.7,991.05,991.25,26800,-0.2512,-0.5750,-56.31,992.9000,-0.17
2026-01-01 12:00:00,991.25,991.75,990.8,991.05,68748,-0.2518,-0.5750,-56.21,992.9000,-0.19
2026-01-01 12:05:00,991.05,991.15,989.95,990.15,140553,-0.2916,-0.5750,-49.29,992.9000,-0.28
2026-01-01 12:10:00,990.2,990.75,989.55,990,233988,-0.3054,-0.5750,-46.89,992.9000,-0.29
2026-01-01 12:15:00,989.85,991.7,989.5,991.65,196648,-0.1865,-0.5750,-67.57,992.9000,-0.13
2026-01-01 12:20:00,991.65,992.2,991.05,991.5,119206,-0.1052,-0.5750,-81.70,992.9000,-0.14
2026-01-01 12:25:00,991.3,991.9,991.15,991.6,45695,-0.0355,-0.5750,-93.83,992.9000,-0.13
2026-01-01 12:30:00,991.6,991.9,990.75,991.55,40302,0.0138,-0.5750,-102.40,992.9000,-0.14
2026-01-01 12:35:00,991.8,991.9,989.8,990.05,246481,-0.0448,-0.5750,-92.21,992.9000,-0.29
2026-01-01 12:40:00,989.95,991.6,989.5,991.5,302303,0.0203,-0.5750,-103.53,992.9000,-0.14
2026-01-01 12:45:00,991.45,991.8,990.6,991.15,302011,0.0447,-0.5750,-107.77,992.9000,-0.18
2026-01-01 12:50:00,991.2,991.2,990.7,991,56923,0.0549,-0.5750,-109.55,992.9000,-0.19
2026-01-01 12:55:00,991,992,990.95,991.95,36265,0.1258,-0.5750,-121.88,992.9000,-0.10
2026-01-01 13:00:00,991.95,992.4,991.6,991.95,27426,0.1700,-0.5750,-129.57,992.9000,-0.10
2026-01-01 13:05:00,991.9,992.4,991.75,992.15,23151,0.2077,-0.5750,-136.12,992.9000,-0.08
2026-01-01 13:10:00,992.15,992.4,991.65,992.4,33067,0.2419,-0.5750,-142.07,992.9000,-0.05
2026-01-01 13:15:00,992.4,993.1,992,992.9,67397,0.2876,-0.5750,-150.02,992.9000,0.00
2026-01-01 13:20:00,993,993,990.1,990.2,232080,0.1333,-0.5750,-123.18,992.9000,-0.27
2026-01-01 13:25:00,990.2,992.45,990,992.25,340591,0.1645,-0.5750,-128.61,992.9000,-0.07
2026-01-01 13:30:00,992.25,992.5,991,991.45,145535,0.1280,-0.5750,-122.26,992.9000,-0.15
2026-01-01 13:35:00,991.45,992.25,991.25,991.8,33546,0.1242,-0.5750,-121.60,992.9000,-0.11
2026-01-01 13:40:00,991.8,992.2,991.35,991.8,24580,0.1184,-0.5750,-120.59,992.9000,-0.11
2026-01-01 13:45:00,991.8,992,991.35,991.65,24413,0.1018,-0.5750,-117.70,992.9000,-0.13
2026-01-01 13:50:00,991.65,992.6,991.35,992.35,186557,0.1334,-0.5750,-123.20,992.9000,-0.06
2026-01-01 13:55:00,992.45,992.6,991.95,992.1,28501,0.1326,-0.5750,-123.06,992.9000,-0.08
2026-01-01 14:00:00,992.3,992.6,991.85,992.05,50467,0.1239,-0.5750,-121.55,992.9000,-0.09
2026-01-01 14:05:00,992.3,992.7,991.85,992.1,41412,0.1169,-0.5750,-120.33,992.9000,-0.08
2026-01-01 14:10:00,992.35,992.95,992,992.85,41516,0.1557,-0.5750,-127.08,992.9000,-0.01
2026-01-01 14:15:00,992.9,993.55,992.5,992.65,61330,0.1602,-0.5750,-127.86,992.9000,-0.03
2026-01-01 14:20:00,992.95,993.3,991.65,992.4,209685,0.1394,-0.5750,-124.24,992.9000,-0.05
2026-01-01 14:25:00,992.4,992.9,992.1,992.35,36322,0.1163,-0.5750,-120.23,992.9000,-0.06
2026-01-01 14:30:00,992.55,992.8,992.1,992.45,39810,0.1023,-0.5750,-117.79,992.9000,-0.05
2026-01-01 14:35:00,992.6,992.75,991.85,992.4,56459,0.0849,-0.5750,-114.77,992.9000,-0.05
2026-01-01 14:40:00,992.4,992.6,991.85,992.1,51420,0.0501,-0.5750,-108.71,992.9000,-0.08
2026-01-01 14:45:00,992.1,992.5,991.8,991.9,78939,0.0125,-0.5750,-102.17,992.9000,-0.10
2026-01-01 14:50:00,991.95,992.65,991.75,992.2,103650,0.0070,-0.5750,-101.22,992.9000,-0.07
2026-01-01 14:55:00,992.2,992.45,991.6,991.65,76725,-0.0323,-0.5750,-94.38,992.9000,-0.13
2026-01-01 15:00:00,991.65,991.8,990,991.65,338121,-0.0556,-0.5750,-90.33,992.9000,-0.13
2026-01-01 15:05:00,991.65,992.5,990.75,990.8,698749,-0.1218,-0.5750,-78.82,992.9000,-0.21
2026-01-01 15:10:00,990.8,991.25,990,990.6,391381,-0.1696,-0.5750,-70.50,992.9000,-0.23
2026-01-01 15:15:00,990.6,991.25,990,991.15,249989,-0.1551,-0.5750,-73.03,992.9000,-0.18
2026-01-01 15:20:00,991.05,991.6,990.45,990.95,133850,-0.1499,-0.5750,-73.93,992.9000,-0.20
2026-01-01 15:25:00,991.45,991.5,990.2,991.15,112969,-0.1248,-0.5750,-78.30,992.9000,-0.18
2026-01-02 09:15:00,991.15,996.95,988.8,996.8,876292,0.2594,-0.1248,-307.85,991.1500,0.57
2026-01-02 09:20:00,996.8,996.9,995.2,995.45,298057,0.4013,-0.1248,-421.55,991.1500,0.43
2026-01-02 09:25:00,995.25,995.7,994.1,994.6,158440,0.4148,-0.1248,-432.37,991.1500,0.35
2026-01-02 09:30:00,994.6,995.9,994,994.85,147370,0.4165,-0.1248,-433.73,991.1500,0.37
2026-01-02 09:35:00,994.75,996.4,994.5,996.25,105303,0.4831,-0.1248,-487.10,991.1500,0.51
2026-01-02 09:40:00,996.2,998.35,995.8,998,358935,0.6081,-0.1248,-587.26,991.1500,0.69
2026-01-02 09:45:00,997.9,999.45,997.8,998.9,259233,0.7075,-0.1248,-666.91,991.1500,0.78
2026-01-02 09:50:00,998.9,1000.85,998.5,998.8,399698,0.7203,-0.1248,-677.16,991.1500,0.77
2026-01-02 09:55:00,998.6,998.85,997.45,997.5,227426,0.5999,-0.1248,-580.69,991.1500,0.64
2026-01-02 10:00:00,997.45,998.05,997.25,997.75,100334,0.4998,-0.1248,-500.48,991.1500,0.67
2026-01-02 10:05:00,997.75,998.3,997,997.05,178510,0.3560,-0.1248,-385.26,991.1500,0.60
2026-01-02 10:10:00,997,997.2,996.15,996.3,195683,0.1883,-0.1248,-250.88,991.1500,0.52
2026-01-02 10:15:00,996.15,997.6,996.1,996.75,114065,0.0905,-0.1248,-172.52,991.1500,0.57
2026-01-02 10:20:00,996.75,997.3,996.25,997,99060,0.0288,-0.1248,-123.08,991.1500,0.59
2026-01-02 10:25:00,996.95,997.5,996.5,996.75,53925,-0.0391,-0.1248,-68.67,991.1500,0.57
2026-01-02 10:30:00,996.75,997.75,996.25,997.3,79030,-0.0562,-0.1248,-54.97,991.1500,0.62
2026-01-02 10:35:00,997.3,997.8,996.5,997.35,324505,-0.0723,-0.1248,-42.07,991.1500,0.63
2026-01-02 10:40:00,997.35,997.35,996.5,996.9,90382,-0.1186,-0.1248,-4.97,991.1500,0.58
2026-01-02 10:45:00,996.9,996.95,995.8,996.05,364862,-0.2068,-0.1248,65.71,991.1500,0.49
2026-01-02 10:50:00,996.05,997.05,996,996.7,68647,-0.2204,-0.1248,76.60,991.1500,0.56
2026-01-02 10:55:00,996.6,997.05,996.5,996.9,55440,-0.2147,-0.1248,72.04,991.1500,0.58
2026-01-02 11:00:00,996.9,997.35,996.5,996.7,65932,-0.2223,-0.1248,78.13,991.1500,0.56
2026-01-02 11:05:00,996.65,997.1,995.75,996,186154,-0.2691,-0.1248,115.63,991.1500,0.49
2026-01-02 11:10:00,995.95,996.15,995.6,996.15,101052,-0.2834,-0.1248,127.08,991.1500,0.50
2026-01-02 11:15:00,996.1,996.8,995.95,996.55,34451,-0.2597,-0.1248,108.09,991.1500,0.54
2026-01-02 11:20:00,996.4,997,996.15,996.6,39248,-0.2354,-0.1248,88.62,991.1500,0.55
2026-01-02 11:25:00,996.5,997.4,996.2,996.9,94115,-0.1954,-0.1248,56.57,991.1500,0.58
2026-01-02 11:30:00,997,999.4,996.8,999.2,265026,-0.0196,-0.1248,-84.29,991.1500,0.81
2026-01-02 11:35:00,999.3,1000.3,998.35,999.3,284571,0.0918,-0.1248,-173.56,991.1500,0.82
2026-01-02 11:40:00,999.3,1000.85,999,1000.55,173892,0.2301,-0.1248,-284.38,991.1500,0.95
2026-01-02 11:45:00,1000.4,1000.65,999,1000.2,149928,0.2754,-0.1248,-320.67,991.1500,0.91
2026-01-02 11:50:00,1000.05,1000.25,999.9,1000.2,122527,0.2818,-0.1248,-325.80,991.1500,0.91
2026-01-02 11:55:00,1000.15,1000.2,998.5,998.6,110835,0.1606,-0.1248,-228.69,991.1500,0.75
2026-01-02 12:00:00,998.7,1000.1,998.45,999.65,168238,0.1347,-0.1248,-207.93,991.1500,0.86
2026-01-02 12:05:00,999.65,1000.05,998.9,999.45,180719,0.0897,-0.1248,-171.88,991.1500,0.84
2026-01-02 12:10:00,999.45,999.45,998.5,998.75,57018,0.0029,-0.1248,-102.32,991.1500,0.77
2026-01-02 12:15:00,998.65,999,998,998.3,72764,-0.0894,-0.1248,-28.37,991.1500,0.72
2026-01-02 12:20:00,998.3,999,998.3,998.9,47955,-0.1132,-0.1248,-9.29,991.1500,0.78
2026-01-02 12:25:00,999,999,998.6,998.7,67556,-0.1437,-0.1248,15.14,991.1500,0.76
2026-01-02 12:30:00,998.7,999.5,998.5,999.2,63209,-0.1316,-0.1248,5.45,991.1500,0.81
2026-01-02 12:35:00,999.25,1000,999.05,999.3,52849,-0.1189,-0.1248,-4.73,991.1500,0.82
2026-01-02 12:40:00,999.3,999.95,998.9,999.55,50075,-0.0964,-0.1248,-22.76,991.1500,0.85
2026-01-02 12:45:00,999.55,999.85,998.45,998.5,56439,-0.1519,-0.1248,21.71,991.1500,0.74
2026-01-02 12:50:00,998.8,999.2,998.45,998.55,41757,-0.1827,-0.1248,46.39,991.1500,0.75
2026-01-02 12:55:00,998.55,999,998.5,998.7,55802,-0.1896,-0.1248,51.92,991.1500,0.76
2026-01-02 13:00:00,998.75,999,998.5,998.9,58726,-0.1777,-0.1248,42.39,991.1500,0.78
2026-01-02 13:05:00,999,999.8,998.9,999.15,107375,-0.1508,-0.1248,20.83,991.1500,0.81
2026-01-02 13:10:00,999.15,999.7,999,999.35,139124,-0.1189,-0.1248,-4.73,991.1500,0.83
2026-01-02 13:15:00,999.35,999.8,999.1,999.8,56598,-0.0693,-0.1248,-44.47,991.1500,0.87
2026-01-02 13:20:00,999.75,1000,999.15,999.85,131268,-0.0366,-0.1248,-70.67,991.1500,0.88
2026-01-02 13:25:00,999.75,999.95,999,999,82382,-0.0735,-0.1248,-41.11,991.1500,0.79
2026-01-02 13:30:00,999.05,999.6,999,999.2,43899,-0.0849,-0.1248,-31.97,991.1500,0.81
2026-01-02 13:35:00,999.5,999.6,999,999.45,30197,-0.0764,-0.1248,-38.78,991.1500,0.84
2026-01-02 13:40:00,999.1,999.5,999,999.45,115456,-0.0717,-0.1248,-42.55,991.1500,0.84
2026-01-02 13:45:00,999.5,1000.85,999.4,1000.4,260381,-0.0087,-0.1248,-93.03,991.1500,0.93
2026-01-02 13:50:00,1000.4,1000.5,999.8,1000.2,32812,0.0141,-0.1248,-111.30,991.1500,0.91
2026-01-02 13:55:00,1000.1,1000.4,999.7,999.75,23931,-0.0055,-0.1248,-95.59,991.1500,0.87
2026-01-02 14:00:00,999.9,1000.1,999.5,999.75,36961,-0.0219,-0.1248,-82.45,991.1500,0.87
2026-01-02 14:05:00,999.75,1000,999.45,1000,35197,-0.0194,-0.1248,-84.46,991.1500,0.89
2026-01-02 14:10:00,999.75,1000.3,999.5,1000,69135,-0.0211,-0.1248,-83.09,991.1500,0.89
2026-01-02 14:15:00,1000.1,1000.35,999.65,999.8,57869,-0.0381,-0.1248,-69.47,991.1500,0.87
2026-01-02 14:20:00,1000,1001.6,999.7,1001.6,240882,0.0640,-0.1248,-151.28,991.1500,1.05
2026-01-02 14:25:00,1001.65,1002,1000.1,1000.4,89899,0.0437,-0.1248,-135.02,991.1500,0.93
2026-01-02 14:30:00,1000.4,1000.8,999,999.6,140001,-0.0268,-0.1248,-78.53,991.1500,0.85
2026-01-02 14:35:00,999.6,999.9,999,999.5,167884,-0.0803,-0.1248,-35.66,991.1500,0.84
2026-01-02 14:40:00,999.5,999.5,998.5,998.6,115498,-0.1712,-0.1248,37.18,991.1500,0.75
2026-01-02 14:45:00,998.6,999,998.25,998.8,100271,-0.2102,-0.1248,68.43,991.1500,0.77
2026-01-02 14:50:00,998.95,999.75,998.7,998.75,46485,-0.2302,-0.1248,84.46,991.1500,0.77
2026-01-02 14:55:00,998.8,999.15,998.55,998.7,42560,-0.2366,-0.1248,89.58,991.1500,0.76
2026-01-02 15:00:00,998.7,1000.9,998.7,1000.45,326799,-0.1187,-0.1248,-4.89,991.1500,0.94
2026-01-02 15:05:00,1000.45,1001.3,1000.35,1001.2,229156,0.0073,-0.1248,-105.85,991.1500,1.01
2026-01-02 15:10:00,1001.2,1003.2,1001.2,1001.95,653878,0.1317,-0.1248,-205.53,991.1500,1.09
2026-01-02 15:15:00,1001.95,1002.5,1001.8,1002.3,315103,0.2229,-0.1248,-278.61,991.1500,1.12
2026-01-02 15:20:00,1002.3,1002.5,1001.25,1001.5,422212,0.2145,-0.1248,-271.88,991.1500,1.04
2026-01-02 15:25:00,1001.45,1002,1000.15,1000.25,272069,0.1149,-0.1248,-192.07,991.1500,0.92
2026-01-05 09:15:00,1005.75,1006.4,993,995.75,2222495,-0.2442,0.1149,-312.53,1000.2500,-0.45
2026-01-05 09:20:00,995.75,995.9,988,988.15,849081,-0.9445,0.1149,-922.02,1000.2500,-1.21
2026-01-05 09:25:00,988.5,991.85,986.3,991.8,740281,-1.1018,0.1149,-1058.92,1000.2500,-0.84
2026-01-05 09:30:00,991.8,992,990,990.55,361873,-1.2208,0.1149,-1162.49,1000.2500,-0.97
2026-01-05 09:35:00,990.8,991.25,989,989.95,355997,-1.2651,0.1149,-1201.04,1000.2500,-1.03
2026-01-05 09:40:00,989.9,990.9,987.75,988.75,469532,-1.2959,0.1149,-1227.85,1000.2500,-1.15
2026-01-05 09:45:00,988.75,989.35,987.05,988,331858,-1.2848,0.1149,-1218.19,1000.2500,-1.22
2026-01-05 09:50:00,987.95,988.2,985.65,986.3,367392,-1.3057,0.1149,-1236.38,1000.2500,-1.39
2026-01-05 09:55:00,986.3,988,985.65,987.85,294535,-1.1353,0.1149,-1088.08,1000.2500,-1.24
2026-01-05 10:00:00,987.85,988.15,986.1,986.5,196764,-1.0363,0.1149,-1001.91,1000.2500,-1.37
2026-01-05 10:05:00,986.55,988.65,985.7,988.55,374189,-0.7680,0.1149,-768.41,1000.2500,-1.17
2026-01-05 10:10:00,988.5,990.3,988.25,990,341121,-0.4441,0.1149,-486.51,1000.2500,-1.02
2026-01-05 10:15:00,990.15,991.05,989.8,990.45,222692,-0.1651,0.1149,-243.69,1000.2500,-0.98
2026-01-05 10:20:00,990.45,990.65,989,989.85,168891,0.0043,0.1149,-96.26,1000.2500,-1.04
2026-01-05 10:25:00,989.9,990.3,989.6,989.8,99378,0.1314,0.1149,14.36,1000.2500,-1.04
2026-01-05 10:30:00,989.75,989.8,988.35,988.65,73693,0.1548,0.1149,34.73,1000.2500,-1.16
2026-01-05 10:35:00,988.6,989,987.5,988.85,179352,0.1977,0.1149,72.06,1000.2500,-1.14
2026-01-05 10:40:00,988.75,989.85,988.1,989.65,117769,0.2885,0.1149,151.09,1000.2500,-1.06
2026-01-05 10:45:00,989.7,990.05,988.5,989.25,368660,0.3272,0.1149,184.77,1000.2500,-1.10
2026-01-05 10:50:00,989.2,989.95,988.2,989,219646,0.3402,0.1149,196.08,1000.2500,-1.12
2026-01-05 10:55:00,988.85,989.2,987.5,987.8,303202,0.2749,0.1149,139.25,1000.2500,-1.24
2026-01-05 11:00:00,987.8,988.6,986.8,987.8,472052,0.2400,0.1149,108.88,1000.2500,-1.24
2026-01-05 11:05:00,987.8,988.7,987.5,988.05,329010,0.2413,0.1149,110.01,1000.2500,-1.22
2026-01-05 11:10:00,988.05,988.05,986.5,988,111346,0.2455,0.1149,113.66,1000.2500,-1.22
2026-01-05 11:15:00,988.05,988.2,984.6,985.3,409791,0.0817,0.1149,-28.89,1000.2500,-1.49
2026-01-05 11:20:00,985.4,986.5,984.95,985.45,197670,0.0029,0.1149,-97.48,1000.2500,-1.48
2026-01-05 11:25:00,985.55,986,985.1,985.3,159024,-0.0378,0.1149,-132.90,1000.2500,-1.49
2026-01-05 11:30:00,985.3,985.6,984.2,984.3,176121,-0.1064,0.1149,-192.60,1000.2500,-1.59
2026-01-05 11:35:00,984.65,985.25,984,985,275344,-0.0804,0.1149,-169.97,1000.2500,-1.52
2026-01-05 11:40:00,984.95,985.9,984.65,985,149719,-0.0408,0.1149,-135.51,1000.2500,-1.52
2026-01-05 11:45:00,984.95,985,984.5,984.95,186914,0.0021,0.1149,-98.17,1000.2500,-1.53
2026-01-05 11:50:00,984.9,985.35,983.2,984.2,293741,0.0001,0.1149,-99.91,1000.2500,-1.60
2026-01-05 11:55:00,984.2,984.35,982.7,983.15,236566,-0.0490,0.1149,-142.65,1000.2500,-1.71
2026-01-05 12:00:00,983,983.4,981.05,982.45,223731,-0.1027,0.1149,-189.38,1000.2500,-1.78
2026-01-05 12:05:00,982.45,983.65,982.15,983.05,257736,-0.0731,0.1149,-163.62,1000.2500,-1.72
2026-01-05 12:10:00,983.05,984.45,983,983.85,196774,0.0199,0.1149,-82.68,1000.2500,-1.64
2026-01-05 12:15:00,983.8,984.5,983.15,984.1,263127,0.1127,0.1149,-1.91,1000.2500,-1.61
2026-01-05 12:20:00,984.05,985.3,983.5,983.7,182956,0.1588,0.1149,38.21,1000.2500,-1.65
2026-01-05 12:25:00,983.7,983.7,983,983.35,171447,0.1760,0.1149,53.18,1000.2500,-1.69
2026-01-05 12:30:00,983.35,983.5,983,983,84658,0.1737,0.1149,51.17,1000.2500,-1.72
2026-01-05 12:35:00,983.1,983.2,982.55,982.6,216442,0.1559,0.1149,35.68,1000.2500,-1.76
2026-01-05 12:40:00,982.7,983.45,982.45,983.25,173691,0.1958,0.1149,70.41,1000.2500,-1.70
2026-01-05 12:45:00,983.25,983.65,982.8,983.55,255233,0.2471,0.1149,115.06,1000.2500,-1.67
2026-01-05 12:50:00,983.65,983.9,983,983.25,127152,0.2640,0.1149,129.77,1000.2500,-1.70
2026-01-05 12:55:00,983.25,984,983,983.4,168117,0.2865,0.1149,149.35,1000.2500,-1.68
2026-01-05 13:00:00,983.35,983.4,983,983.1,156134,0.2820,0.1149,145.43,1000.2500,-1.71
2026-01-05 13:05:00,983.1,983.1,982.4,982.45,332666,0.2378,0.1149,106.96,1000.2500,-1.78
2026-01-05 13:10:00,982.45,982.5,982,982.35,267070,0.2057,0.1149,79.03,1000.2500,-1.79
2026-01-05 13:15:00,982.1,983.1,981.5,982.85,299235,0.2205,0.1149,91.91,1000.2500,-1.74
2026-01-05 13:20:00,982.85,983,981.8,982.4,167419,0.2030,0.1149,76.68,1000.2500,-1.78
2026-01-05 13:25:00,982.35,983.65,982.2,982.25,238216,0.1847,0.1149,60.75,1000.2500,-1.80
2026-01-05 13:30:00,982.25,982.45,982.1,982.25,147878,0.1761,0.1149,53.26,1000.2500,-1.80
2026-01-05 13:35:00,982.25,982.25,980.6,980.9,386357,0.0874,0.1149,-23.93,1000.2500,-1.93
2026-01-05 13:40:00,980.9,981.65,980.7,981.55,162780,0.0806,0.1149,-29.85,1000.2500,-1.87
2026-01-05 13:45:00,981.55,981.55,980.5,980.55,255493,0.0201,0.1149,-82.51,1000.2500,-1.97
2026-01-05 13:50:00,980.55,980.55,979.3,979.7,411510,-0.0615,0.1149,-153.52,1000.2500,-2.05
2026-01-05 13:55:00,979.65,980,979.05,979.3,156356,-0.1231,0.1149,-207.14,1000.2500,-2.09
2026-01-05 14:00:00,979.3,979.7,978.5,979.05,298030,-0.1591,0.1149,-238.47,1000.2500,-2.12
2026-01-05 14:05:00,979.05,979.2,978.1,978.4,356799,-0.2023,0.1149,-276.07,1000.2500,-2.18
2026-01-05 14:10:00,978.4,978.9,977.55,978.15,278479,-0.2218,0.1149,-293.04,1000.2500,-2.21
2026-01-05 14:15:00,978.15,978.2,977.1,977.3,268789,-0.2633,0.1149,-329.16,1000.2500,-2.29
2026-01-05 14:20:00,977.3,977.35,976.4,976.95,255960,-0.2837,0.1149,-346.91,1000.2500,-2.33
2026-01-05 14:25:00,976.95,978.25,976.3,977.4,585332,-0.2383,0.1149,-307.40,1000.2500,-2.28
2026-01-05 14:30:00,977.35,979.4,977.3,978.75,317688,-0.0959,0.1149,-183.46,1000.2500,-2.15
2026-01-05 14:35:00,978.7,979.45,978.15,978.55,303538,0.0010,0.1149,-99.13,1000.2500,-2.17
2026-01-05 14:40:00,978.55,979.5,978.5,979.25,239513,0.1219,0.1149,6.09,1000.2500,-2.10
2026-01-05 14:45:00,979.25,979.75,979,979.3,429550,0.2095,0.1149,82.33,1000.2500,-2.09
2026-01-05 14:50:00,979.25,980,979,979.15,653423,0.2586,0.1149,125.07,1000.2500,-2.11
2026-01-05 14:55:00,979.15,979.2,978.05,978.25,320755,0.2325,0.1149,102.35,1000.2500,-2.20
2026-01-05 15:00:00,978.25,978.25,977.2,977.85,596700,0.1920,0.1149,67.10,1000.2500,-2.24
2026-01-05 15:05:00,977.85,979,977.35,978,968376,0.1792,0.1149,55.96,1000.2500,-2.22
2026-01-05 15:10:00,978,978.4,977,977.2,892439,0.1235,0.1149,7.48,1000.2500,-2.30
2026-01-05 15:15:00,977.2,977.4,976.5,976.75,876698,0.0658,0.1149,-42.73,1000.2500,-2.35
2026-01-05 15:20:00,976.75,978,976.7,977.55,1053023,0.0896,0.1149,-22.02,1000.2500,-2.27
2026-01-05 15:25:00,977.55,978.5,976.8,978.5,1449759,0.1725,0.1149,50.13,1000.2500,-2.17
2026-01-06 09:15:00,962.7,965,956,962.65,4394629,-0.7844,0.1725,-554.72,978.5000,-1.62
2026-01-06 09:20:00,962.65,964.9,962.3,964,976759,-1.2434,0.1725,-820.81,978.5000,-1.48
2026-01-06 09:25:00,964,964.45,961.1,962.85,428111,-1.5230,0.1725,-982.90,978.5000,-1.60
2026-01-06 09:30:00,963,965,961,962.45,645076,-1.6242,0.1725,-1041.57,978.5000,-1.64
2026-01-06 09:35:00,962.4,963.15,960.45,962.15,350107,-1.5981,0.1725,-1026.43,978.5000,-1.67
2026-01-06 09:40:00,962.1,962.85,961,961.6,285667,-1.5059,0.1725,-972.99,978.5000,-1.73
2026-01-06 09:45:00,961.6,963.5,961,962.4,309180,-1.2876,0.1725,-846.43,978.5000,-1.65
2026-01-06 09:50:00,962.4,963.2,961,961.4,424934,-1.1136,0.1725,-745.57,978.5000,-1.75
2026-01-06 09:55:00,961.4,964.5,961.1,963.9,427351,-0.7506,0.1725,-535.13,978.5000,-1.49
2026-01-06 10:00:00,964.2,965.8,963.85,964.25,647094,-0.4236,0.1725,-345.57,978.5000,-1.46
2026-01-06 10:05:00,964.25,964.75,962.8,963.25,590514,-0.2216,0.1725,-228.46,978.5000,-1.56
2026-01-06 10:10:00,963.25,963.85,962.5,963.2,264468,-0.0473,0.1725,-127.42,978.5000,-1.56
2026-01-06 10:15:00,963.2,964.2,962.75,963,264956,0.0910,0.1725,-47.25,978.5000,-1.58
2026-01-06 10:20:00,963,963.9,962.9,963.55,158319,0.2471,0.1725,43.25,978.5000,-1.53
2026-01-06 10:25:00,963.55,964.95,962.6,964.7,240456,0.4439,0.1725,157.33,978.5000,-1.41
2026-01-06 10:30:00,964.8,966,964.2,965,374808,0.6007,0.1725,248.23,978.5000,-1.38
2026-01-06 10:35:00,965,965,963.05,963.45,897843,0.6048,0.1725,250.61,978.5000,-1.54
2026-01-06 10:40:00,963.45,963.6,962.6,963.15,216151,0.5912,0.1725,242.72,978.5000,-1.57
2026-01-06 10:45:00,963.1,963.85,962.45,963.35,283643,0.5980,0.1725,246.67,978.5000,-1.55
2026-01-06 10:50:00,963.35,964,963,963.75,340779,0.6285,0.1725,264.35,978.5000,-1.51
2026-01-06 10:55:00,963.7,963.9,963,963.45,191891,0.6261,0.1725,262.96,978.5000,-1.54
2026-01-06 11:00:00,963.45,964.5,963,964.4,301796,0.6817,0.1725,295.19,978.5000,-1.44
2026-01-06 11:05:00,964.4,965,963.9,964.75,163633,0.7308,0.1725,323.65,978.5000,-1.41
2026-01-06 11:10:00,964.75,965,963.6,964.3,290502,0.7206,0.1725,317.74,978.5000,-1.45
2026-01-06 11:15:00,964.3,964.45,960.2,961.25,678694,0.5061,0.1725,193.39,978.5000,-1.76
2026-01-06 11:20:00,961.2,961.5,960.35,961.05,382639,0.3556,0.1725,106.14,978.5000,-1.78
2026-01-06 11:25:00,961,963.4,960.7,962.25,297870,0.3416,0.1725,98.03,978.5000,-1.66
2026-01-06 11:30:00,962.2,963.4,961.6,961.7,167055,0.3014,0.1725,74.72,978.5000,-1.72
2026-01-06 11:35:00,961.7,962.5,961,962.5,130081,0.3324,0.1725,92.70,978.5000,-1.64
2026-01-06 11:40:00,962.45,963,962.2,962.75,154910,0.3706,0.1725,114.84,978.5000,-1.61
2026-01-06 11:45:00,962.6,963.8,962.1,963.75,362133,0.4582,0.1725,165.62,978.5000,-1.51
2026-01-06 11:50:00,963.75,965,963.1,964.75,325388,0.5712,0.1725,231.13,978.5000,-1.41
2026-01-06 11:55:00,964.65,965.05,963.8,964.45,268107,0.6099,0.1725,253.57,978.5000,-1.44
2026-01-06 12:00:00,964.45,965,963.75,965,220733,0.6529,0.1725,278.49,978.5000,-1.38
2026-01-06 12:05:00,965,965.1,964,964.5,170158,0.6279,0.1725,264.00,978.5000,-1.43
2026-01-06 12:10:00,964.25,964.8,963.75,963.95,210370,0.5568,0.1725,222.78,978.5000,-1.49
2026-01-06 12:15:00,964,964.85,963.75,964.8,254420,0.5487,0.1725,218.09,978.5000,-1.40
2026-01-06 12:20:00,964.6,964.8,963.35,963.4,298721,0.4357,0.1725,152.58,978.5000,-1.54
2026-01-06 12:25:00,963.5,966.7,963.3,965.55,338357,0.4884,0.1725,183.13,978.5000,-1.32
2026-01-06 12:30:00,965.55,966.5,965,965.05,176225,0.4720,0.1725,173.62,978.5000,-1.37
2026-01-06 12:35:00,965.3,965.5,964.3,964.75,160721,0.4248,0.1725,146.26,978.5000,-1.41
2026-01-06 12:40:00,964.8,965,963.85,964.5,431922,0.3629,0.1725,110.38,978.5000,-1.43
2026-01-06 12:45:00,964.45,964.5,962.1,962.3,199484,0.1700,0.1725,-1.45,978.5000,-1.66
2026-01-06 12:50:00,962.3,963,962.1,962.7,169227,0.0704,0.1725,-59.19,978.5000,-1.61
2026-01-06 12:55:00,962.85,963.5,962.6,963.35,157955,0.0504,0.1725,-70.78,978.5000,-1.55
2026-01-06 13:00:00,963.4,963.5,962.95,963.4,134464,0.0430,0.1725,-75.07,978.5000,-1.54
2026-01-06 13:05:00,963.4,964,963.3,963.5,166145,0.0468,0.1725,-72.87,978.5000,-1.53
2026-01-06 13:10:00,963.5,964.05,962.85,962.95,370488,0.0160,0.1725,-90.72,978.5000,-1.59
2026-01-06 13:15:00,962.9,963.05,962.75,963.05,216510,0.0065,0.1725,-96.23,978.5000,-1.58
2026-01-06 13:20:00,963.05,963.05,962.75,963,206731,0.0013,0.1725,-99.25,978.5000,-1.58
2026-01-06 13:25:00,963,963.55,962.85,963.45,521175,0.0309,0.1725,-82.09,978.5000,-1.54
2026-01-06 13:30:00,963.15,963.8,962.8,963.6,182425,0.0616,0.1725,-64.29,978.5000,-1.52
2026-01-06 13:35:00,963.6,963.6,962.85,963,250229,0.0434,0.1725,-74.84,978.5000,-1.58
2026-01-06 13:40:00,963,963.45,962.6,963,389953,0.0337,0.1725,-80.46,978.5000,-1.58
2026-01-06 13:45:00,962.9,963.35,962.8,963,246688,0.0296,0.1725,-82.84,978.5000,-1.58
2026-01-06 13:50:00,962.85,963.85,962.85,963.25,273238,0.0453,0.1725,-73.74,978.5000,-1.56
2026-01-06 13:55:00,963.2,963.8,963,963.15,182000,0.0501,0.1725,-70.96,978.5000,-1.57
2026-01-06 14:00:00,963.15,964.6,963.05,964,278755,0.1083,0.1725,-37.22,978.5000,-1.48
2026-01-06 14:05:00,964.05,964.3,963.8,964,189610,0.1424,0.1725,-17.45,978.5000,-1.48
2026-01-06 14:10:00,964,964,962.8,962.95,446556,0.0924,0.1725,-46.43,978.5000,-1.59
2026-01-06 14:15:00,963,963.5,962.8,963.2,161608,0.0749,0.1725,-56.58,978.5000,-1.56
2026-01-06 14:20:00,963.2,963.5,962.55,962.9,489161,0.0435,0.1725,-74.78,978.5000,-1.59
2026-01-06 14:25:00,962.8,963.05,961.8,962,412477,-0.0333,0.1725,-119.30,978.5000,-1.69
2026-01-06 14:30:00,961.95,962.05,961.2,961.6,223137,-0.1027,0.1725,-159.54,978.5000,-1.73
2026-01-06 14:35:00,961.6,961.65,960.35,961,623464,-0.1762,0.1725,-202.14,978.5000,-1.79
2026-01-06 14:40:00,961.1,961.95,961,961.1,160970,-0.2034,0.1725,-217.91,978.5000,-1.78
2026-01-06 14:45:00,961.15,961.65,960.7,961.5,449026,-0.1806,0.1725,-204.70,978.5000,-1.74
2026-01-06 14:50:00,961.5,962,961.3,961.75,177508,-0.1367,0.1725,-179.25,978.5000,-1.71
2026-01-06 14:55:00,961.75,961.9,961.35,961.55,172322,-0.1104,0.1725,-164.00,978.5000,-1.73
2026-01-06 15:00:00,961.55,962.55,961.4,962.4,844267,-0.0292,0.1725,-116.93,978.5000,-1.65
2026-01-06 15:05:00,962.4,962.5,961.2,962,897707,0.0025,0.1725,-98.55,978.5000,-1.69
2026-01-06 15:10:00,962,962.7,961.4,962.55,620491,0.0620,0.1725,-64.06,978.5000,-1.63
2026-01-06 15:15:00,962.6,962.85,962.15,962.3,635464,0.0847,0.1725,-50.90,978.5000,-1.66
2026-01-06 15:20:00,962.4,962.9,961.8,962.8,578700,0.1309,0.1725,-24.12,978.5000,-1.60
2026-01-06 15:25:00,962.8,963.2,962.5,962.95,485331,0.1666,0.1725,-3.42,978.5000,-1.59
2026-01-07 09:15:00,956,956.45,947.3,950.85,3194828,-0.5882,0.1666,-453.06,962.9500,-1.26
2026-01-07 09:20:00,950.85,953.5,950.1,952.7,983173,-0.9073,0.1666,-644.60,962.9500,-1.06
2026-01-07 09:25:00,952.7,952.7,950.2,950.95,451657,-1.1643,0.1666,-798.86,962.9500,-1.25
2026-01-07 09:30:00,950.95,951.9,950.55,951.2,274475,-1.2386,0.1666,-843.46,962.9500,-1.22
2026-01-07 09:35:00,951.2,952,951.1,951.75,306501,-1.1725,0.1666,-803.78,962.9500,-1.16
2026-01-07 09:40:00,951.75,952.1,950.5,950.8,386912,-1.1150,0.1666,-769.27,962.9500,-1.26
2026-01-07 09:45:00,950.7,951.65,949.6,951.1,549538,-0.9835,0.1666,-690.34,962.9500,-1.23
2026-01-07 09:50:00,951.1,951.85,950.3,950.3,394652,-0.8805,0.1666,-628.51,962.9500,-1.31
2026-01-07 09:55:00,950.3,951.5,949.5,951.35,4454301,-0.6807,0.1666,-508.58,962.9500,-1.20
2026-01-07 10:00:00,951.35,951.8,951,951.55,304123,-0.4834,0.1666,-390.16,962.9500,-1.18
2026-01-07 10:05:00,951.5,952.5,951.3,952.15,491867,-0.2714,0.1666,-262.91,962.9500,-1.12
2026-01-07 10:10:00,952.05,952.15,951.3,951.5,311024,-0.1404,0.1666,-184.27,962.9500,-1.19
2026-01-07 10:15:00,951.45,954.75,951.45,954.65,823842,0.1758,0.1666,5.52,962.9500,-0.86
2026-01-07 10:20:00,954.6,955.25,953.1,953.3,456079,0.3038,0.1666,82.35,962.9500,-1.00
2026-01-07 10:25:00,953.35,953.75,950.95,951.45,582545,0.2747,0.1666,64.89,962.9500,-1.19
2026-01-07 10:30:00,951.4,952,950.95,950.95,435571,0.2341,0.1666,40.52,962.9500,-1.25
2026-01-07 10:35:00,951,951.25,949.6,950.15,392147,0.1687,0.1666,1.26,962.9500,-1.33
2026-01-07 10:40:00,950.1,950.9,949.9,950,213700,0.1324,0.1666,-20.53,962.9500,-1.34
2026-01-07 10:45:00,949.95,950.3,949.6,949.85,257756,0.1158,0.1666,-30.49,962.9500,-1.36
2026-01-07 10:50:00,949.8,951.55,949.6,951.25,257559,0.2111,0.1666,26.71,962.9500,-1.22
2026-01-07 10:55:00,951.2,952.45,950.9,951.5,578235,0.2978,0.1666,78.75,962.9500,-1.19
2026-01-07 11:00:00,951.5,952.05,951,952,383681,0.3897,0.1666,133.91,962.9500,-1.14
2026-01-07 11:05:00,952,952.2,951.3,951.9,386042,0.4409,0.1666,164.65,962.9500,-1.15
2026-01-07 11:10:00,951.75,951.95,951.3,951.35,258950,0.4342,0.1666,160.62,962.9500,-1.20
2026-01-07 11:15:00,951.3,951.8,951.2,951.35,304381,0.4257,0.1666,155.52,962.9500,-1.20
2026-01-07 11:20:00,951.3,951.7,951,951.1,249325,0.3995,0.1666,139.80,962.9500,-1.23
2026-01-07 11:25:00,951.05,951.55,949.9,950.85,12252638,0.3628,0.1666,117.77,962.9500,-1.26
2026-01-07 11:30:00,950.85,953.4,950.6,953.05,366369,0.4768,0.1666,186.19,962.9500,-1.03
2026-01-07 11:35:00,952.85,953.05,951.05,951.45,504760,0.4359,0.1666,161.64,962.9500,-1.19
2026-01-07 11:40:00,951.45,951.7,950.1,950.7,1704629,0.3531,0.1666,111.94,962.9500,-1.27
2026-01-07 11:45:00,950.65,951.75,950.15,951.45,304181,0.3434,0.1666,106.12,962.9500,-1.19
2026-01-07 11:50:00,951.5,952.1,950,950.15,424459,0.2484,0.1666,49.10,962.9500,-1.33
2026-01-07 11:55:00,950.15,950.8,948.65,949,308211,0.1140,0.1666,-31.57,962.9500,-1.45
2026-01-07 12:00:00,948.9,949.3,948.1,948.1,279346,-0.0225,0.1666,-113.51,962.9500,-1.54
2026-01-07 12:05:00,948.1,948.35,947.1,947.9,408372,-0.1084,0.1666,-165.07,962.9500,-1.56
2026-01-07 12:10:00,947.8,948.65,947.5,948.1,292726,-0.1322,0.1666,-179.35,962.9500,-1.54
2026-01-07 12:15:00,948.1,948.95,947.8,947.9,249833,-0.1411,0.1666,-184.69,962.9500,-1.56
2026-01-07 12:20:00,947.9,948.75,947.85,948.4,555082,-0.0953,0.1666,-157.20,962.9500,-1.51
2026-01-07 12:25:00,948.35,948.75,947.6,947.85,261674,-0.0843,0.1666,-150.60,962.9500,-1.57
2026-01-07 12:30:00,947.85,948.55,947.3,948.1,267297,-0.0445,0.1666,-126.71,962.9500,-1.54
2026-01-07 12:35:00,948.1,948.35,947.3,947.8,163990,-0.0237,0.1666,-114.23,962.9500,-1.57
2026-01-07 12:40:00,947.7,947.95,946.25,946.4,301679,-0.0860,0.1666,-151.62,962.9500,-1.72
2026-01-07 12:45:00,946.4,947.65,946,947,253362,-0.0694,0.1666,-141.66,962.9500,-1.66
2026-01-07 12:50:00,947,947.3,946,946.85,251768,-0.0519,0.1666,-131.15,962.9500,-1.67
2026-01-07 12:55:00,946.9,947.55,946.85,947.2,201461,-0.0026,0.1666,-101.56,962.9500,-1.64
2026-01-07 13:00:00,947.15,948,947,947.95,247914,0.0894,0.1666,-46.34,962.9500,-1.56
2026-01-07 13:05:00,947.9,948,947.25,947.95,430159,0.1554,0.1666,-6.72,962.9500,-1.56
2026-01-07 13:10:00,947.9,948.9,947.55,948.6,361911,0.2427,0.1666,45.68,962.9500,-1.49
2026-01-07 13:15:00,948.6,948.8,947.8,947.85,277243,0.2490,0.1666,49.46,962.9500,-1.57
2026-01-07 13:20:00,947.85,948.7,947.8,948.55,241388,0.2960,0.1666,77.67,962.9500,-1.50
2026-01-07 13:25:00,948.55,948.75,947.8,947.95,283251,0.2825,0.1666,69.57,962.9500,-1.56
2026-01-07 13:30:00,947.9,948.45,947.8,948.25,210285,0.2886,0.1666,73.23,962.9500,-1.53
2026-01-07 13:35:00,948.2,949.8,948.05,949.5,278308,0.3666,0.1666,120.05,962.9500,-1.40
2026-01-07 13:40:00,949.45,951.1,948.75,950.45,2318086,0.4655,0.1666,179.41,962.9500,-1.30
2026-01-07 13:45:00,950.5,950.55,949.8,950.25,220744,0.4981,0.1666,198.98,962.9500,-1.32
2026-01-07 13:50:00,950.25,951,949.4,950.3,1311197,0.5020,0.1666,201.32,962.9500,-1.31
2026-01-07 13:55:00,950.25,950.45,949.2,950.2,273857,0.4772,0.1666,186.43,962.9500,-1.32
2026-01-07 14:00:00,950.1,950.45,949.5,950.45,203914,0.4568,0.1666,174.19,962.9500,-1.30
2026-01-07 14:05:00,950.25,950.45,949.6,949.65,159414,0.3723,0.1666,123.47,962.9500,-1.38
2026-01-07 14:10:00,949.65,949.95,949.15,949.2,190196,0.2734,0.1666,64.11,962.9500,-1.43
2026-01-07 14:15:00,949.25,949.4,947.4,948.3,292008,0.1415,0.1666,-15.07,962.9500,-1.52
2026-01-07 14:20:00,948.25,949.2,948,948.35,248861,0.0560,0.1666,-66.39,962.9500,-1.52
2026-01-07 14:25:00,948.3,948.6,947.95,948.5,199286,0.0103,0.1666,-93.82,962.9500,-1.50
2026-01-07 14:30:00,948.45,948.5,947.25,947.6,255033,-0.0750,0.1666,-145.02,962.9500,-1.59
2026-01-07 14:35:00,947.6,947.95,947.3,947.85,177138,-0.1071,0.1666,-164.29,962.9500,-1.57
2026-01-07 14:40:00,947.8,947.9,947.2,947.85,200379,-0.1199,0.1666,-171.97,962.9500,-1.57
2026-01-07 14:45:00,947.85,948.5,947.35,947.95,393283,-0.1133,0.1666,-168.01,962.9500,-1.56
2026-01-07 14:50:00,947.9,948.15,947.35,947.9,238620,-0.1042,0.1666,-162.55,962.9500,-1.56
2026-01-07 14:55:00,947.9,948.1,946.9,947,500245,-0.1480,0.1666,-188.84,962.9500,-1.66
2026-01-07 15:00:00,946.95,948.15,946.95,948.1,1144554,-0.0947,0.1666,-156.84,962.9500,-1.54
2026-01-07 15:05:00,948.1,949.4,948.05,949.1,1031998,0.0105,0.1666,-93.70,962.9500,-1.44
2026-01-07 15:10:00,949.1,949.5,949,949.2,922695,0.0853,0.1666,-48.80,962.9500,-1.43
2026-01-07 15:15:00,949.15,950,949.15,949.5,961603,0.1497,0.1666,-10.14,962.9500,-1.40
2026-01-07 15:20:00,949.5,950,949.35,949.95,860900,0.2133,0.1666,28.03,962.9500,-1.35
2026-01-07 15:25:00,949.95,950.5,949.2,950.25,697093,0.2632,0.1666,57.98,962.9500,-1.32
2026-01-08 09:15:00,944.7,950.55,941.4,949.3,2348395,0.2214,0.2632,-15.88,950.2500,-0.10
2026-01-08 09:20:00,949.3,949.3,946.95,948.1,499044,0.1078,0.2632,-59.04,950.2500,-0.23
2026-01-08 09:25:00,948.05,948.55,947,947.75,401717,0.0093,0.2632,-96.47,950.2500,-0.26
2026-01-08 09:30:00,947.75,948.8,946.4,948.55,308244,-0.0013,0.2632,-100.49,950.2500,-0.18
2026-01-08 09:35:00,948.5,953,948.3,952.25,742094,0.2289,0.2632,-13.03,950.2500,0.21
2026-01-08 09:40:00,952.2,952.85,949.25,949.65,342573,0.1953,0.2632,-25.80,950.2500,-0.06
2026-01-08 09:45:00,949.65,950.85,948.95,949.05,215842,0.1254,0.2632,-52.36,950.2500,-0.13
2026-01-08 09:50:00,949,949.05,947.2,948.85,181792,0.0616,0.2632,-76.60,950.2500,-0.15
2026-01-08 09:55:00,948.85,949.15,947.8,948.1,249850,-0.0303,0.2632,-111.51,950.2500,-0.23
2026-01-08 10:00:00,948.25,948.25,946.5,946.7,183361,-0.1764,0.2632,-167.02,950.2500,-0.37
2026-01-08 10:05:00,946.6,947.55,946.05,946.25,167668,-0.2877,0.2632,-209.31,950.2500,-0.42
2026-01-08 10:10:00,946.25,946.75,944.8,945.6,423898,-0.3835,0.2632,-245.71,950.2500,-0.49
2026-01-08 10:15:00,945.7,946.35,945.4,945.55,126986,-0.4255,0.2632,-261.66,950.2500,-0.49
2026-01-08 10:20:00,945.5,946.3,945.15,945.6,96369,-0.4241,0.2632,-261.13,950.2500,-0.49
2026-01-08 10:25:00,945.75,945.75,944.7,945.35,116069,-0.4138,0.2632,-257.22,950.2500,-0.52
2026-01-08 10:30:00,945.3,946.9,945.1,946.7,127273,-0.2954,0.2632,-212.23,950.2500,-0.37
2026-01-08 10:35:00,946.7,947,946.25,947,159672,-0.1818,0.2632,-169.07,950.2500,-0.34
2026-01-08 10:40:00,947,948.3,946.65,948.05,153239,-0.0289,0.2632,-110.98,950.2500,-0.23
2026-01-08 10:45:00,948,949.5,947.85,949.2,397871,0.1471,0.2632,-44.11,950.2500,-0.11
2026-01-08 10:50:00,949.2,949.45,948.05,948.9,177944,0.2355,0.2632,-10.52,950.2500,-0.14
2026-01-08 10:55:00,948.8,949,948.05,948.4,291320,0.2510,0.2632,-4.64,950.2500,-0.19
2026-01-08 11:00:00,948.2,949.35,947.95,948.5,274323,0.2578,0.2632,-2.05,950.2500,-0.18
2026-01-08 11:05:00,948.35,948.8,947.5,948.35,232671,0.2421,0.2632,-8.02,950.2500,-0.20
2026-01-08 11:10:00,948.35,948.35,947.1,948,228646,0.2000,0.2632,-24.01,950.2500,-0.24
2026-01-08 11:15:00,947.85,949.5,947.7,949,276768,0.2291,0.2632,-12.96,950.2500,-0.13
2026-01-08 11:20:00,949,949.15,947.7,947.95,187434,0.1700,0.2632,-35.41,950.2500,-0.24
2026-01-08 11:25:00,947.95,948.75,947.5,948.55,241225,0.1636,0.2632,-37.84,950.2500,-0.18
2026-01-08 11:30:00,948.55,949.2,948.1,948.65,290903,0.1584,0.2632,-39.82,950.2500,-0.17
2026-01-08 11:35:00,948.75,949.35,947.6,947.75,354896,0.0899,0.2632,-65.84,950.2500,-0.26
2026-01-08 11:40:00,947.8,948.05,946.6,947,164034,-0.0052,0.2632,-101.98,950.2500,-0.34
2026-01-08 11:45:00,947,947.75,946.75,947.6,113015,-0.0259,0.2632,-109.84,950.2500,-0.28
2026-01-08 11:50:00,947.6,947.9,946.9,947.1,182068,-0.0690,0.2632,-126.22,950.2500,-0.33
2026-01-08 11:55:00,947.1,948.1,946.9,948,192906,-0.0344,0.2632,-113.07,950.2500,-0.24
2026-01-08 12:00:00,948,948.95,947.5,947.7,293871,-0.0293,0.2632,-111.13,950.2500,-0.27
2026-01-08 12:05:00,947.7,947.8,945.7,945.75,244488,-0.1484,0.2632,-156.38,950.2500,-0.47
2026-01-08 12:10:00,945.75,945.9,945.15,945.3,164697,-0.2428,0.2632,-192.25,950.2500,-0.52
2026-01-08 12:15:00,945.3,945.5,944.6,944.75,217489,-0.3228,0.2632,-222.64,950.2500,-0.58
2026-01-08 12:20:00,944.75,945.4,944.65,945,115636,-0.3377,0.2632,-228.31,950.2500,-0.55
2026-01-08 12:25:00,945,945.5,944.95,945,120934,-0.3262,0.2632,-223.94,950.2500,-0.55
2026-01-08 12:30:00,945.05,945.9,944.45,945.45,155893,-0.2693,0.2632,-202.32,950.2500,-0.51
2026-01-08 12:35:00,945.45,947.4,945,946.75,281735,-0.1320,0.2632,-150.15,950.2500,-0.37
2026-01-08 12:40:00,946.6,946.8,945.25,945.65,129285,-0.1045,0.2632,-139.70,950.2500,-0.48
2026-01-08 12:45:00,945.7,946.15,945.05,945.9,211288,-0.0608,0.2632,-123.10,950.2500,-0.46
2026-01-08 12:50:00,945.8,946.75,945.55,946.55,171641,0.0164,0.2632,-93.77,950.2500,-0.39
2026-01-08 12:55:00,946.55,946.95,946.45,946.75,147319,0.0819,0.2632,-68.88,950.2500,-0.37
2026-01-08 13:00:00,946.8,946.95,946.5,946.75,106399,0.1235,0.2632,-53.08,950.2500,-0.37
2026-01-08 13:05:00,946.75,946.85,946.1,946.45,114295,0.1287,0.2632,-51.10,950.2500,-0.40
2026-01-08 13:10:00,946.45,946.5,945.95,946.35,119912,0.1231,0.2632,-53.23,950.2500,-0.41
2026-01-08 13:15:00,946.35,946.65,945.6,946.15,114035,0.1045,0.2632,-60.30,950.2500,-0.43
2026-01-08 13:20:00,946.25,946.35,945.95,946.05,102094,0.0849,0.2632,-67.74,950.2500,-0.44
2026-01-08 13:25:00,946,946.45,946,946.4,123122,0.0941,0.2632,-64.25,950.2500,-0.41
2026-01-08 13:30:00,946.4,947.35,946.15,947.05,163035,0.1398,0.2632,-46.88,950.2500,-0.34
2026-01-08 13:35:00,947,947.6,946.85,947.35,150938,0.1835,0.2632,-30.28,950.2500,-0.31
2026-01-08 13:40:00,947.35,947.8,947.25,947.55,142673,0.2166,0.2632,-17.71,950.2500,-0.28
2026-01-08 13:45:00,947.55,947.55,946.4,946.55,115568,0.1645,0.2632,-37.50,950.2500,-0.39
2026-01-08 13:50:00,946.55,947.7,946.3,947.4,130827,0.1792,0.2632,-31.91,950.2500,-0.30
2026-01-08 13:55:00,947.35,948.75,947.35,948.2,159015,0.2316,0.2632,-12.01,950.2500,-0.22
2026-01-08 14:00:00,948.1,949.2,947.9,948.9,397565,0.2978,0.2632,13.15,950.2500,-0.14
2026-01-08 14:05:00,948.85,949.8,948.1,948.25,426325,0.2824,0.2632,7.29,950.2500,-0.21
2026-01-08 14:10:00,948.35,949.8,948.15,949.05,215672,0.3086,0.2632,17.25,950.2500,-0.13
2026-01-08 14:15:00,949.1,949.55,948.9,949.35,124362,0.3269,0.2632,24.20,950.2500,-0.09
2026-01-08 14:20:00,949.35,950,949.1,949.55,258577,0.3321,0.2632,26.18,950.2500,-0.07
2026-01-08 14:25:00,949.8,949.95,949.2,949.75,226401,0.3281,0.2632,24.66,950.2500,-0.05
2026-01-08 14:30:00,949.75,950,949.4,949.9,357017,0.3145,0.2632,19.49,950.2500,-0.04
2026-01-08 14:35:00,949.9,950,949.7,949.85,111174,0.2823,0.2632,7.26,950.2500,-0.04
2026-01-08 14:40:00,949.8,949.85,948,948.35,184615,0.1468,0.2632,-44.22,950.2500,-0.20
2026-01-08 14:45:00,948.35,949.2,948.3,949.1,178200,0.0970,0.2632,-63.15,950.2500,-0.12
2026-01-08 14:50:00,949,949.35,948.45,948.55,267598,0.0203,0.2632,-92.29,950.2500,-0.18
2026-01-08 14:55:00,948.45,948.55,946.5,946.55,257872,-0.1618,0.2632,-161.47,950.2500,-0.39
2026-01-08 15:00:00,946.55,948.5,946.55,946.65,714839,-0.2661,0.2632,-201.10,950.2500,-0.38
2026-01-08 15:05:00,946.6,946.95,946.1,946.7,762895,-0.3187,0.2632,-221.09,950.2500,-0.37
2026-01-08 15:10:00,946.65,947.15,946.15,946.25,757709,-0.3673,0.2632,-239.55,950.2500,-0.42
2026-01-08 15:15:00,946.25,947,946.05,946.95,632480,-0.3366,0.2632,-227.89,950.2500,-0.35
2026-01-08 15:20:00,946.95,947.05,946.2,946.35,647360,-0.3401,0.2632,-229.22,950.2500,-0.41
2026-01-08 15:25:00,946.3,948.3,946,948,610080,-0.2204,0.2632,-183.74,950.2500,-0.24
2026-01-09 09:15:00,945,950.6,945,945.8,2581995,-0.2749,-0.2204,24.73,948.0000,-0.23
2026-01-09 09:20:00,945.75,945.9,941.35,942.4,795908,-0.5119,-0.2204,132.26,948.0000,-0.59
2026-01-09 09:25:00,942.35,943.05,941.6,942.4,475482,-0.6325,-0.2204,186.98,948.0000,-0.59
2026-01-09 09:30:00,942.4,943.25,941.55,942,287324,-0.6980,-0.2204,216.70,948.0000,-0.63
2026-01-09 09:35:00,942,944.3,941.65,943.7,262550,-0.5899,-0.2204,167.65,948.0000,-0.45
2026-01-09 09:40:00,943.75,944,941.8,942.95,176514,-0.5337,-0.2204,142.15,948.0000,-0.53
2026-01-09 09:45:00,942.85,943.6,941.8,942.75,99311,-0.4766,-0.2204,116.24,948.0000,-0.55
2026-01-09 09:50:00,942.75,943.2,941.9,942.3,156623,-0.4368,-0.2204,98.19,948.0000,-0.60
2026-01-09 09:55:00,942.25,943.4,942.25,943.3,75256,-0.3165,-0.2204,43.60,948.0000,-0.50
2026-01-09 10:00:00,943.3,943.6,942.3,942.85,150089,-0.2437,-0.2204,10.57,948.0000,-0.54
2026-01-09 10:05:00,943,943.45,941,941.4,15934527,-0.2679,-0.2204,21.55,948.0000,-0.70
2026-01-09 10:10:00,941.55,941.85,940.6,940.95,241901,-0.2872,-0.2204,30.31,948.0000,-0.74
2026-01-09 10:15:00,941,941.55,940.1,940.65,156156,-0.2920,-0.2204,32.49,948.0000,-0.78
2026-01-09 10:20:00,940.65,941.35,940.1,941.35,76437,-0.2232,-0.2204,1.27,948.0000,-0.70
2026-01-09 10:25:00,941.35,941.9,940.8,941.75,123907,-0.1304,-0.2204,-40.83,948.0000,-0.66
2026-01-09 10:30:00,941.8,942.45,941.3,941.85,90073,-0.0463,-0.2204,-78.99,948.0000,-0.65
2026-01-09 10:35:00,941.85,942.45,941.55,942.1,94546,0.0376,-0.2204,-117.06,948.0000,-0.62
2026-01-09 10:40:00,942.1,942.2,941.05,941.35,66719,0.0531,-0.2204,-124.09,948.0000,-0.70
2026-01-09 10:45:00,941.35,941.55,941.2,941.35,37968,0.0727,-0.2204,-132.99,948.0000,-0.70
2026-01-09 10:50:00,941.55,941.65,940.5,940.85,184828,0.0617,-0.2204,-127.99,948.0000,-0.75
2026-01-09 10:55:00,940.9,941,939.4,940.75,351182,0.0575,-0.2204,-126.09,948.0000,-0.76
2026-01-09 11:00:00,940.75,941.7,940.55,941,271100,0.0800,-0.2204,-136.30,948.0000,-0.74
2026-01-09 11:05:00,941.05,941.9,940.8,941.8,201181,0.1530,-0.2204,-169.42,948.0000,-0.65
2026-01-09 11:10:00,941.8,942.2,941,941.25,151870,0.1672,-0.2204,-175.86,948.0000,-0.71
2026-01-09 11:15:00,941.35,941.9,941.25,941.75,64812,0.2106,-0.2204,-195.55,948.0000,-0.66
2026-01-09 11:20:00,941.75,942.45,941.3,942.3,192840,0.2726,-0.2204,-223.68,948.0000,-0.60
2026-01-09 11:25:00,942.3,942.9,941.6,941.9,203694,0.2819,-0.2204,-227.90,948.0000,-0.64
2026-01-09 11:30:00,942.1,942.2,940.5,940.7,132071,0.2058,-0.2204,-193.38,948.0000,-0.77
2026-01-09 11:35:00,940.7,940.7,939.7,939.95,253543,0.1086,-0.2204,-149.27,948.0000,-0.85
2026-01-09 11:40:00,940,940,939.45,939.75,256654,0.0380,-0.2204,-117.24,948.0000,-0.87
2026-01-09 11:45:00,939.7,939.95,938.3,938.4,138964,-0.0857,-0.2204,-61.12,948.0000,-1.01
2026-01-09 11:50:00,938.4,939.5,938.25,939.5,87033,-0.0796,-0.2204,-63.88,948.0000,-0.90
2026-01-09 11:55:00,939.5,940.35,939.45,940.35,103839,-0.0083,-0.2204,-96.23,948.0000,-0.81
2026-01-09 12:00:00,940.35,940.55,940,940.05,77466,0.0269,-0.2204,-112.21,948.0000,-0.84
2026-01-09 12:05:00,940.05,940.05,939.1,939.1,85842,-0.0041,-0.2204,-98.14,948.0000,-0.94
2026-01-09 12:10:00,939.2,939.9,939.1,939.5,75055,0.0113,-0.2204,-105.13,948.0000,-0.90
2026-01-09 12:15:00,939.5,939.55,938.5,938.5,89043,-0.0344,-0.2204,-84.39,948.0000,-1.00
2026-01-09 12:20:00,938.65,938.9,937.8,938.15,198433,-0.0744,-0.2204,-66.24,948.0000,-1.04
2026-01-09 12:25:00,938.15,938.25,936.45,936.8,162642,-0.1725,-0.2204,-21.73,948.0000,-1.18
2026-01-09 12:30:00,936.85,936.95,936,936.25,204414,-0.2503,-0.2204,13.57,948.0000,-1.24
2026-01-09 12:35:00,936.25,936.25,934.1,934.3,352166,-0.4002,-0.2204,81.58,948.0000,-1.45
2026-01-09 12:40:00,934.2,934.65,933.6,934.4,317985,-0.4556,-0.2204,106.72,948.0000,-1.43
2026-01-09 12:45:00,934.4,935.05,933.65,934.35,295188,-0.4574,-0.2204,107.53,948.0000,-1.44
2026-01-09 12:50:00,934.35,935.95,934.15,934.7,191512,-0.3990,-0.2204,81.03,948.0000,-1.40
2026-01-09 12:55:00,934.8,936,933.3,933.9,396130,-0.3784,-0.2204,71.69,948.0000,-1.49
2026-01-09 13:00:00,933.9,935.2,933.8,934.7,289719,-0.2795,-0.2204,26.81,948.0000,-1.40
2026-01-09 13:05:00,934.9,936.55,934.45,935.6,187354,-0.1298,-0.2204,-41.11,948.0000,-1.31
2026-01-09 13:10:00,935.5,936.2,935.2,935.8,125716,-0.0005,-0.2204,-99.77,948.0000,-1.29
2026-01-09 13:15:00,935.8,937.2,935,936.9,272965,0.1668,-0.2204,-175.68,948.0000,-1.17
2026-01-09 13:20:00,936.95,938.3,936.8,936.8,186587,0.2721,-0.2204,-223.46,948.0000,-1.18
2026-01-09 13:25:00,936.8,937,936.3,936.8,183519,0.3388,-0.2204,-253.72,948.0000,-1.18
2026-01-09 13:30:00,936.85,937.2,936.1,936.3,171045,0.3451,-0.2204,-256.58,948.0000,-1.23
2026-01-09 13:35:00,936.4,936.95,936,936.05,254731,0.3284,-0.2204,-249.00,948.0000,-1.26
2026-01-09 13:40:00,936.05,936.7,935.7,936.2,184306,0.3229,-0.2204,-246.51,948.0000,-1.24
2026-01-09 13:45:00,936.3,938.8,936.1,938.7,332624,0.4740,-0.2204,-315.06,948.0000,-0.98
2026-01-09 13:50:00,938.55,939.2,937.55,937.95,884684,0.5069,-0.2204,-329.99,948.0000,-1.06
2026-01-09 13:55:00,938,938.2,937.2,937.6,186387,0.4882,-0.2204,-321.51,948.0000,-1.10
2026-01-09 14:00:00,937.6,938.4,937.2,938.25,156120,0.5010,-0.2204,-327.31,948.0000,-1.03
2026-01-09 14:05:00,938.25,939.25,937.95,938.65,214933,0.5157,-0.2204,-333.98,948.0000,-0.99
2026-01-09 14:10:00,938.75,939,937.85,938.2,350779,0.4754,-0.2204,-315.70,948.0000,-1.03
2026-01-09 14:15:00,938.3,939.35,938.3,939.2,156613,0.4942,-0.2204,-324.23,948.0000,-0.93
2026-01-09 14:20:00,939.3,939.8,939,939.55,163086,0.5064,-0.2204,-329.76,948.0000,-0.89
2026-01-09 14:25:00,939.65,940.1,939.45,939.85,170895,0.5096,-0.2204,-331.22,948.0000,-0.86
2026-01-09 14:30:00,939.9,940.15,939.1,939.55,236392,0.4674,-0.2204,-312.07,948.0000,-0.89
2026-01-09 14:35:00,939.6,939.9,939,939.55,161271,0.4171,-0.2204,-289.25,948.0000,-0.89
2026-01-09 14:40:00,939.65,939.65,937.55,938,437302,0.2646,-0.2204,-220.05,948.0000,-1.05
2026-01-09 14:45:00,938.1,938.9,937.25,937.4,1218887,0.1159,-0.2204,-152.59,948.0000,-1.12
2026-01-09 14:50:00,937.4,937.95,936.1,936.4,364160,-0.0484,-0.2204,-78.04,948.0000,-1.22
2026-01-09 14:55:00,936.4,937,935.9,936.1,413459,-0.1690,-0.2204,-23.32,948.0000,-1.26
2026-01-09 15:00:00,936.1,939.3,936.1,938.75,701465,-0.0673,-0.2204,-69.46,948.0000,-0.98
2026-01-09 15:05:00,938.75,939.9,938.6,939.5,579322,0.0473,-0.2204,-121.46,948.0000,-0.90
2026-01-09 15:10:00,939.45,940,938.8,939.2,524583,0.0969,-0.2204,-143.97,948.0000,-0.93
2026-01-09 15:15:00,939.2,940,938.9,939.2,629411,0.1221,-0.2204,-155.40,948.0000,-0.93
2026-01-09 15:20:00,939.1,939.75,938.35,938.7,574789,0.0984,-0.2204,-144.65,948.0000,-0.98
2026-01-09 15:25:00,938.7,939.5,938,939,489593,0.0963,-0.2204,-143.69,948.0000,-0.95
2026-01-12 09:15:00,937.5,940.35,936.45,938.05,909601,0.0276,0.0963,-71.34,939.0000,-0.10
2026-01-12 09:20:00,938.05,938.15,936.45,938,514318,-0.0216,0.0963,-122.43,939.0000,-0.11
2026-01-12 09:25:00,938,940,937.5,939,796726,0.0109,0.0963,-88.68,939.0000,0.00
2026-01-12 09:30:00,938.95,939.05,937,937.75,427750,-0.0507,0.0963,-152.65,939.0000,-0.13
2026-01-12 09:35:00,937.75,938,935.35,937.05,295120,-0.1328,0.0963,-237.90,939.0000,-0.21
2026-01-12 09:40:00,936.9,937.5,936.5,937.5,152185,-0.1498,0.0963,-255.56,939.0000,-0.16
2026-01-12 09:45:00,937.5,938.4,937.4,938.2,354811,-0.1087,0.0963,-212.88,939.0000,-0.09
2026-01-12 09:50:00,938.1,938.35,935.2,935.5,118395,-0.2502,0.0963,-359.81,939.0000,-0.37
2026-01-12 09:55:00,935.4,936.05,935.05,935.85,141918,-0.3034,0.0963,-415.06,939.0000,-0.34
2026-01-12 10:00:00,935.8,936.2,934.3,934.6,156577,-0.4000,0.0963,-515.37,939.0000,-0.47
2026-01-12 10:05:00,934.5,934.7,934,934.3,98647,-0.4571,0.0963,-574.66,939.0000,-0.50
2026-01-12 10:10:00,934.2,935.85,934.2,935.55,89761,-0.3866,0.0963,-501.45,939.0000,-0.37
2026-01-12 10:15:00,935.5,935.55,934.1,934.3,127963,-0.3984,0.0963,-513.71,939.0000,-0.50
2026-01-12 10:20:00,934.3,934.65,932.55,933.9,229952,-0.4060,0.0963,-521.60,939.0000,-0.54
2026-01-12 10:25:00,933.9,934,933.1,933.55,106428,-0.4065,0.0963,-522.12,939.0000,-0.58
2026-01-12 10:30:00,933.5,934,932.9,933.75,123539,-0.3665,0.0963,-480.58,939.0000,-0.56
2026-01-12 10:35:00,933.75,934.1,933.5,933.8,87814,-0.3119,0.0963,-423.88,939.0000,-0.55
2026-01-12 10:40:00,933.75,933.9,933,933.5,76329,-0.2727,0.0963,-383.18,939.0000,-0.59
2026-01-12 10:45:00,933.5,933.5,932,932.2,206950,-0.3083,0.0963,-420.15,939.0000,-0.72
2026-01-12 10:50:00,932.1,932.55,931.75,932.1,110823,-0.3118,0.0963,-423.78,939.0000,-0.73
2026-01-12 10:55:00,931.9,932.4,931.25,932.2,160023,-0.2813,0.0963,-392.11,939.0000,-0.72
2026-01-12 11:00:00,932.2,933.2,931.9,933.2,179957,-0.1732,0.0963,-279.85,939.0000,-0.62
2026-01-12 11:05:00,933.15,933.7,931.45,931.65,219096,-0.1844,0.0963,-291.48,939.0000,-0.78
2026-01-12 11:10:00,931.5,932.1,931.1,931.6,187687,-0.1737,0.0963,-280.37,939.0000,-0.79
2026-01-12 11:15:00,931.55,931.85,930.55,930.65,215278,-0.2068,0.0963,-314.75,939.0000,-0.89
2026-01-12 11:20:00,930.65,931.55,930.55,931.2,312923,-0.1694,0.0963,-275.91,939.0000,-0.83
2026-01-12 11:25:00,931.1,931.2,930.05,930.35,176883,-0.1788,0.0963,-285.67,939.0000,-0.92
2026-01-12 11:30:00,930.3,930.4,929.6,929.95,227753,-0.1879,0.0963,-295.12,939.0000,-0.96
2026-01-12 11:35:00,929.95,930.65,929.8,929.95,196970,-0.1703,0.0963,-276.84,939.0000,-0.96
2026-01-12 11:40:00,929.9,930.9,929.9,930.4,151975,-0.1079,0.0963,-212.05,939.0000,-0.92
2026-01-12 11:45:00,930.4,931.2,930.15,930.4,204471,-0.0491,0.0963,-150.99,939.0000,-0.92
2026-01-12 11:50:00,930.35,931.25,929.7,929.75,166328,-0.0370,0.0963,-138.42,939.0000,-0.99
2026-01-12 11:55:00,929.7,931.45,929.65,931.45,211935,0.0952,0.0963,-1.14,939.0000,-0.80
2026-01-12 12:00:00,931.45,932.4,930.5,930.85,177394,0.1488,0.0963,54.52,939.0000,-0.87
2026-01-12 12:05:00,930.8,931.25,930.5,930.75,127884,0.1819,0.0963,88.89,939.0000,-0.88
2026-01-12 12:10:00,930.75,933.4,930.45,933.4,166482,0.3754,0.0963,289.82,939.0000,-0.60
2026-01-12 12:15:00,933.4,934.9,933.2,933.8,288326,0.5150,0.0963,434.79,939.0000,-0.55
2026-01-12 12:20:00,933.8,938.2,933.75,937.55,354202,0.8260,0.0963,757.74,939.0000,-0.15
2026-01-12 12:25:00,937.3,939.7,937.3,938.9,340451,1.0731,0.0963,1014.33,939.0000,-0.01
2026-01-12 12:30:00,938.8,941.3,938.45,940.85,450972,1.3031,0.0963,1253.17,939.0000,0.20
2026-01-12 12:35:00,940.85,940.85,939.45,940.3,268634,1.3477,0.0963,1299.48,939.0000,0.14
2026-01-12 12:40:00,940.25,941.95,939.35,940.5,290175,1.3187,0.0963,1269.37,939.0000,0.16
2026-01-12 12:45:00,940.4,941.4,939.05,939.2,1368160,1.1462,0.0963,1090.24,939.0000,0.02
2026-01-12 12:50:00,939.2,939.5,938.85,939.3,109184,0.9797,0.0963,917.34,939.0000,0.03
2026-01-12 12:55:00,939.2,939.35,937.4,937.55,160737,0.7052,0.0963,632.29,939.0000,-0.15
2026-01-12 13:00:00,937.55,938.25,936.85,937.95,138168,0.5131,0.0963,432.81,939.0000,-0.11
2026-01-12 13:05:00,937.95,939.95,937.9,939.65,180006,0.4646,0.0963,382.45,939.0000,0.07
2026-01-12 13:10:00,939.6,940.6,938.75,940.35,249772,0.4436,0.0963,360.64,939.0000,0.14
2026-01-12 13:15:00,940.15,940.8,939.55,940.05,155230,0.3762,0.0963,290.65,939.0000,0.11
2026-01-12 13:20:00,940,941.6,939.45,941.5,241082,0.3941,0.0963,309.24,939.0000,0.27
2026-01-12 13:25:00,941.4,941.45,939.75,939.8,193654,0.2625,0.0963,172.59,939.0000,0.09
2026-01-12 13:30:00,939.75,942,939.65,941.4,138906,0.2542,0.0963,163.97,939.0000,0.26
2026-01-12 13:35:00,941.3,941.45,940,940.4,206620,0.1571,0.0963,63.14,939.0000,0.15
2026-01-12 13:40:00,940.4,940.75,940,940.05,139129,0.0505,0.0963,-47.56,939.0000,0.11
2026-01-12 13:45:00,940.05,940.75,939.4,940.65,207692,0.0041,0.0963,-95.74,939.0000,0.18
2026-01-12 13:50:00,940.45,940.65,939.4,940.35,196230,-0.0597,0.0963,-161.99,939.0000,0.14
2026-01-12 13:55:00,940.2,940.8,939.45,939.65,169310,-0.1563,0.0963,-262.31,939.0000,0.07
2026-01-12 14:00:00,939.6,939.7,938,938.5,403807,-0.2968,0.0963,-408.20,939.0000,-0.05
2026-01-12 14:05:00,938.7,939.15,937.4,937.95,315315,-0.4185,0.0963,-534.58,939.0000,-0.11
2026-01-12 14:10:00,937.95,938,937.05,937.6,299765,-0.5084,0.0963,-627.93,939.0000,-0.15
2026-01-12 14:15:00,937.6,937.95,936.85,937.65,288738,-0.5468,0.0963,-667.81,939.0000,-0.14
2026-01-12 14:20:00,937.65,938.95,937.05,938.65,302565,-0.4892,0.0963,-608.00,939.0000,-0.04
2026-01-12 14:25:00,938.65,939.55,938.2,939,208566,-0.4147,0.0963,-530.63,939.0000,0.00
2026-01-12 14:30:00,938.95,939.15,937.4,937.7,253358,-0.4379,0.0963,-554.72,939.0000,-0.14
2026-01-12 14:35:00,937.65,938,936.9,937.25,301334,-0.4659,0.0963,-583.80,939.0000,-0.19
2026-01-12 14:40:00,937.1,937.75,936.9,936.95,266424,-0.4848,0.0963,-603.43,939.0000,-0.22
2026-01-12 14:45:00,936.85,938.35,936.85,937.4,422933,-0.4480,0.0963,-565.21,939.0000,-0.17
2026-01-12 14:50:00,937.05,938,937.05,937.6,397712,-0.3932,0.0963,-508.31,939.0000,-0.15
2026-01-12 14:55:00,937.35,938,937,937.85,282669,-0.3259,0.0963,-438.42,939.0000,-0.12
2026-01-12 15:00:00,937.85,938.45,937.65,937.8,569317,-0.2726,0.0963,-383.07,939.0000,-0.13
2026-01-12 15:05:00,937.75,937.85,936.2,937,595840,-0.2783,0.0963,-388.99,939.0000,-0.21
2026-01-12 15:10:00,936.95,937.25,936.8,936.9,415286,-0.2752,0.0963,-385.77,939.0000,-0.22
2026-01-12 15:15:00,936.85,937.15,936.85,937,390025,-0.2534,0.0963,-363.14,939.0000,-0.21
2026-01-12 15:20:00,937,937.15,935.4,935.9,550082,-0.2971,0.0963,-408.52,939.0000,-0.33
2026-01-12 15:25:00,935.9,937,935.2,936.4,334654,-0.2767,0.0963,-387.33,939.0000,-0.28
2026-01-13 09:15:00,947.7,947.7,942.65,943.6,1670199,0.2110,-0.2767,-176.26,936.4000,0.77
2026-01-13 09:20:00,943.6,945.15,942.5,944.85,450111,0.5858,-0.2767,-311.71,936.4000,0.90
2026-01-13 09:25:00,944.85,945.6,944,944.7,434205,0.7796,-0.2767,-381.75,936.4000,0.89
2026-01-13 09:30:00,944.7,945.7,943.6,944.5,412102,0.8447,-0.2767,-405.28,936.4000,0.87
2026-01-13 09:35:00,944.5,944.6,943.2,944.05,155157,0.8079,-0.2767,-391.98,936.4000,0.82
2026-01-13 09:40:00,943.95,944.25,942.1,942.3,244896,0.6244,-0.2767,-325.66,936.4000,0.63
2026-01-13 09:45:00,942.35,943.85,941.75,942.05,1328695,0.4528,-0.2767,-263.64,936.4000,0.60
2026-01-13 09:50:00,942.05,943.2,941.8,942.35,1010267,0.3318,-0.2767,-219.91,936.4000,0.64
2026-01-13 09:55:00,942.5,942.55,941.3,941.85,550406,0.1969,-0.2767,-171.16,936.4000,0.58
2026-01-13 10:00:00,941.85,943.05,941.85,943.05,276818,0.1686,-0.2767,-160.93,936.4000,0.71
2026-01-13 10:05:00,943.05,944.2,942.85,944,423358,0.1921,-0.2767,-169.43,936.4000,0.81
2026-01-13 10:10:00,944,944,942.6,942.9,85554,0.1157,-0.2767,-141.81,936.4000,0.69
2026-01-13 10:15:00,942.9,943.35,942.3,942.35,86593,0.0154,-0.2767,-105.57,936.4000,0.64
2026-01-13 10:20:00,942.5,943.15,941.55,942.85,235942,-0.0276,-0.2767,-90.03,936.4000,0.69
2026-01-13 10:25:00,942.85,943.5,942.05,943.15,408521,-0.0451,-0.2767,-83.70,936.4000,0.72
2026-01-13 10:30:00,943.15,944.1,942.9,943.85,274778,-0.0201,-0.2767,-92.74,936.4000,0.80
2026-01-13 10:35:00,944,944.1,942.7,943.8,102491,-0.0176,-0.2767,-93.64,936.4000,0.79
2026-01-13 10:40:00,943.8,943.9,942.75,943.15,129705,-0.0675,-0.2767,-75.61,936.4000,0.72
2026-01-13 10:45:00,943.05,943.6,942.7,943.25,153445,-0.0997,-0.2767,-63.97,936.4000,0.73
2026-01-13 10:50:00,943.5,944.85,942.95,944.3,1528592,-0.0583,-0.2767,-78.93,936.4000,0.84
2026-01-13 10:55:00,944,945,943.25,944.75,484967,-0.0110,-0.2767,-96.02,936.4000,0.89
2026-01-13 11:00:00,944.75,946.15,943.4,944.65,1038157,0.0024,-0.2767,-100.87,936.4000,0.88
2026-01-13 11:05:00,944.65,945.05,943.95,944.6,787992,-0.0029,-0.2767,-98.95,936.4000,0.88
2026-01-13 11:10:00,944.65,944.75,942.5,943,246198,-0.1187,-0.2767,-57.10,936.4000,0.70
2026-01-13 11:15:00,943,943.15,942.6,942.8,78495,-0.2079,-0.2767,-24.86,936.4000,0.68
2026-01-13 11:20:00,942.8,943.35,942.15,942.2,93968,-0.3010,-0.2767,8.78,936.4000,0.62
2026-01-13 11:25:00,942.4,942.5,942.05,942.2,80356,-0.3525,-0.2767,27.39,936.4000,0.62
2026-01-13 11:30:00,942.1,943.3,942.05,942.9,64495,-0.3298,-0.2767,19.19,936.4000,0.69
2026-01-13 11:35:00,942.9,943.55,942.8,943.15,67699,-0.2898,-0.2767,4.73,936.4000,0.72
2026-01-13 11:40:00,943.1,943.5,942.5,942.6,88429,-0.2915,-0.2767,5.35,936.4000,0.66
2026-01-13 11:45:00,942.65,942.9,942.15,942.2,92237,-0.3089,-0.2767,11.64,936.4000,0.62
2026-01-13 11:50:00,942.2,942.7,940.65,941.4,248282,-0.3600,-0.2767,30.10,936.4000,0.53
2026-01-13 11:55:00,941.4,941.85,940.15,940.65,137350,-0.4257,-0.2767,53.85,936.4000,0.45
2026-01-13 12:00:00,940.55,941.6,940,941.4,85698,-0.4003,-0.2767,44.67,936.4000,0.53
2026-01-13 12:05:00,941.45,941.9,940.6,941.9,79710,-0.3342,-0.2767,20.78,936.4000,0.59
2026-01-13 12:10:00,941.85,942,941.3,941.6,76926,-0.2964,-0.2767,7.12,936.4000,0.56
2026-01-13 12:15:00,941.6,941.95,940.65,941.35,127948,-0.2744,-0.2767,-0.83,936.4000,0.53
2026-01-13 12:20:00,941.4,941.75,940.55,940.6,73569,-0.2947,-0.2767,6.51,936.4000,0.45
2026-01-13 12:25:00,940.85,940.9,940.15,940.3,107825,-0.3111,-0.2767,12.43,936.4000,0.42
2026-01-13 12:30:00,940.35,940.55,938.6,938.6,172622,-0.4129,-0.2767,49.22,936.4000,0.23
2026-01-13 12:35:00,938.9,939.7,938.3,939.15,321518,-0.4182,-0.2767,51.14,936.4000,0.29
2026-01-13 12:40:00,939.15,939.15,938.1,938.4,84539,-0.4449,-0.2767,60.79,936.4000,0.21
2026-01-13 12:45:00,938.3,938.75,936.6,937.15,210557,-0.5144,-0.2767,85.91,936.4000,0.08
2026-01-13 12:50:00,937.15,937.35,935.4,936.7,170201,-0.5550,-0.2767,100.58,936.4000,0.03
2026-01-13 12:55:00,936.7,937,936.1,936.65,81672,-0.5484,-0.2767,98.19,936.4000,0.03
2026-01-13 13:00:00,936.65,936.65,935,935.95,96719,-0.5529,-0.2767,99.82,936.4000,-0.05
2026-01-13 13:05:00,935.95,936.6,935.45,936.25,267510,-0.4990,-0.2767,80.34,936.4000,-0.02
2026-01-13 13:10:00,936.15,937,935.05,935.55,279630,-0.4740,-0.2767,71.30,936.4000,-0.09
2026-01-13 13:15:00,935.55,936.55,935.2,936.5,81314,-0.3621,-0.2767,30.86,936.4000,0.01
2026-01-13 13:20:00,936.45,936.85,936,936.8,190748,-0.2421,-0.2767,-12.50,936.4000,0.04
2026-01-13 13:25:00,936.85,937.05,935.6,936.05,429043,-0.1900,-0.2767,-31.33,936.4000,-0.04
2026-01-13 13:30:00,936.2,937.4,936,937.4,71362,-0.0486,-0.2767,-82.44,936.4000,0.11
2026-01-13 13:35:00,937.25,938,936.9,937.2,502981,0.0426,-0.2767,-115.40,936.4000,0.09
2026-01-13 13:40:00,937.25,937.3,935.4,936.45,272617,0.0622,-0.2767,-122.48,936.4000,0.01
2026-01-13 13:45:00,936.6,936.9,935.85,936.5,113979,0.0870,-0.2767,-131.44,936.4000,0.01
2026-01-13 13:50:00,936.5,936.9,935.7,936.6,312245,0.1166,-0.2767,-142.14,936.4000,0.02
2026-01-13 13:55:00,936.7,937.1,936.3,936.85,68984,0.1570,-0.2767,-156.74,936.4000,0.05
2026-01-13 14:00:00,936.8,936.95,935.8,935.95,169139,0.1283,-0.2767,-146.37,936.4000,-0.05
2026-01-13 14:05:00,936,936.6,934.65,935,619607,0.0544,-0.2767,-119.66,936.4000,-0.15
2026-01-13 14:10:00,935,935.6,934.6,935.4,113076,0.0419,-0.2767,-115.14,936.4000,-0.11
2026-01-13 14:15:00,935.45,936,935.1,935.95,91900,0.0782,-0.2767,-128.26,936.4000,-0.05
2026-01-13 14:20:00,935.85,936.55,935.5,935.85,230335,0.1014,-0.2767,-136.65,936.4000,-0.06
2026-01-13 14:25:00,935.9,936.55,935.8,935.95,447308,0.1278,-0.2767,-146.19,936.4000,-0.05
2026-01-13 14:30:00,935.95,936.9,934.6,935.7,571666,0.1321,-0.2767,-147.74,936.4000,-0.07
2026-01-13 14:35:00,935.9,936.65,934.85,935.3,500744,0.1125,-0.2767,-140.66,936.4000,-0.12
2026-01-13 14:40:00,935.65,937.45,935.3,936.3,899903,0.1680,-0.2767,-160.72,936.4000,-0.01
2026-01-13 14:45:00,936.3,936.35,935,935.2,915927,0.1333,-0.2767,-148.17,936.4000,-0.13
2026-01-13 14:50:00,935.1,936.8,935,936.05,660890,0.1680,-0.2767,-160.72,936.4000,-0.04
2026-01-13 14:55:00,936.05,936.5,934.45,935.5,754243,0.1547,-0.2767,-155.91,936.4000,-0.10
2026-01-13 15:00:00,935.85,938.55,935.35,935.7,1723736,0.1595,-0.2767,-157.64,936.4000,-0.07
2026-01-13 15:05:00,935.7,939.8,935.45,939.25,1412265,0.3887,-0.2767,-240.48,936.4000,0.30
2026-01-13 15:10:00,939,939.5,937.95,938.4,726515,0.4651,-0.2767,-268.09,936.4000,0.21
2026-01-13 15:15:00,938.35,938.8,936.6,936.75,665208,0.3894,-0.2767,-240.73,936.4000,0.04
2026-01-13 15:20:00,937,938.25,935.4,937.15,1193884,0.3523,-0.2767,-227.32,936.4000,0.08
2026-01-13 15:25:00,937.15,937.8,932.6,934.75,962329,0.1619,-0.2767,-158.51,936.4000,-0.18
2026-01-14 09:15:00,930,938.35,930,936.95,2133478,0.1786,0.1619,10.32,934.7500,0.24
2026-01-14 09:20:00,936.95,939.75,936.65,938.25,682989,0.2663,0.1619,64.48,934.7500,0.37
2026-01-14 09:25:00,938.35,940.05,937.9,938.75,851404,0.3424,0.1619,111.49,934.7500,0.43
2026-01-14 09:30:00,939,939.45,937.5,938.15,321361,0.3361,0.1619,107.60,934.7500,0.36
2026-01-14 09:35:00,938.15,938.85,936.95,937.95,1125724,0.3033,0.1619,87.34,934.7500,0.34
2026-01-14 09:40:00,937.95,939,937.15,937.75,167910,0.2550,0.1619,57.50,934.7500,0.32
2026-01-14 09:45:00,937.8,938,936.1,937,211182,0.1637,0.1619,1.11,934.7500,0.24
2026-01-14 09:50:00,937,939.1,936.95,939.1,306457,0.2318,0.1619,43.17,934.7500,0.47
2026-01-14 09:55:00,939.1,939.1,937.4,938.1,242816,0.1979,0.1619,22.24,934.7500,0.36
2026-01-14 10:00:00,938.1,938.1,936.35,937.65,389027,0.1365,0.1619,-15.69,934.7500,0.31
2026-01-14 10:05:00,937.45,937.7,936.6,937.35,154926,0.0703,0.1619,-56.58,934.7500,0.28
2026-01-14 10:10:00,937.45,938.2,936.8,937.95,328749,0.0618,0.1619,-61.83,934.7500,0.34
2026-01-14 10:15:00,938.1,938.15,936.3,937,187542,-0.0090,0.1619,-105.56,934.7500,0.24
2026-01-14 10:20:00,937,937,935.1,935.6,186310,-0.1440,0.1619,-188.94,934.7500,0.09
2026-01-14 10:25:00,935.6,935.95,934.5,935,176109,-0.2607,0.1619,-261.03,934.7500,0.03
2026-01-14 10:30:00,935,935.25,933.5,935.15,145082,-0.3113,0.1619,-292.28,934.7500,0.04
2026-01-14 10:35:00,935.15,935.55,934.15,934.6,169964,-0.3619,0.1619,-323.53,934.7500,-0.02
2026-01-14 10:40:00,934.6,934.75,932.3,932.4,815652,-0.5142,0.1619,-417.60,934.7500,-0.25
2026-01-14 10:45:00,932.55,933,932,932.65,252846,-0.5649,0.1619,-448.92,934.7500,-0.22
2026-01-14 10:50:00,932.8,933,932.1,932.4,327262,-0.5797,0.1619,-458.06,934.7500,-0.25
2026-01-14 10:55:00,932.4,933.4,932.35,932.75,416480,-0.5317,0.1619,-428.41,934.7500,-0.21
2026-01-14 11:00:00,932.6,934,932.2,933.55,306359,-0.4169,0.1619,-357.50,934.7500,-0.13
2026-01-14 11:05:00,933.55,934,932.4,932.85,173614,-0.3611,0.1619,-323.04,934.7500,-0.20
2026-01-14 11:10:00,933.1,933.9,932.5,933,126948,-0.2900,0.1619,-279.12,934.7500,-0.19
2026-01-14 11:15:00,932.85,933.25,932.15,932.85,207981,-0.2317,0.1619,-243.11,934.7500,-0.20
2026-01-14 11:20:00,932.9,933.1,932.55,932.8,158257,-0.1774,0.1619,-209.57,934.7500,-0.21
2026-01-14 11:25:00,932.8,933.5,932.2,933.15,289462,-0.1026,0.1619,-163.37,934.7500,-0.17
2026-01-14 11:30:00,933.15,933.9,933,933.75,280891,-0.0027,0.1619,-101.67,934.7500,-0.11
2026-01-14 11:35:00,933.7,933.95,933.25,933.9,185719,0.0790,0.1619,-51.20,934.7500,-0.09
2026-01-14 11:40:00,933.9,934,933.25,933.3,166260,0.0970,0.1619,-40.09,934.7500,-0.16
2026-01-14 11:45:00,933.3,934,933.1,934,154038,0.1569,0.1619,-3.09,934.7500,-0.08
2026-01-14 11:50:00,934,934.35,933,934.2,204124,0.2075,0.1619,28.17,934.7500,-0.06
2026-01-14 11:55:00,934.3,934.4,933.25,933.5,153438,0.1919,0.1619,18.53,934.7500,-0.13
2026-01-14 12:00:00,933.5,933.8,933.1,933.3,132374,0.1670,0.1619,3.15,934.7500,-0.16
2026-01-14 12:05:00,933.3,933.35,932.4,932.5,226349,0.0989,0.1619,-38.91,934.7500,-0.24
2026-01-14 12:10:00,932.6,932.7,931.05,931.65,361629,0.0039,0.1619,-97.59,934.7500,-0.33
2026-01-14 12:15:00,931.6,933,931.25,932.5,449552,0.0054,0.1619,-96.66,934.7500,-0.24
2026-01-14 12:20:00,932.6,933.6,932.2,933.05,286707,0.0483,0.1619,-70.17,934.7500,-0.18
2026-01-14 12:25:00,933.05,933.15,932,932.3,176411,0.0318,0.1619,-80.36,934.7500,-0.26
2026-01-14 12:30:00,932.3,932.8,932,932.35,212399,0.0299,0.1619,-81.53,934.7500,-0.26
2026-01-14 12:35:00,932.35,933.9,932.2,933.25,325709,0.0913,0.1619,-43.61,934.7500,-0.16
2026-01-14 12:40:00,933.25,933.85,932,932.1,244460,0.0583,0.1619,-63.99,934.7500,-0.28
2026-01-14 12:45:00,932.1,933.35,932,932.2,247308,0.0474,0.1619,-70.72,934.7500,-0.27
2026-01-14 12:50:00,932.2,932.25,931.35,931.75,175148,0.0158,0.1619,-90.24,934.7500,-0.32
2026-01-14 12:55:00,931.75,931.75,931.3,931.75,155354,0.0015,0.1619,-99.07,934.7500,-0.32
2026-01-14 13:00:00,931.75,931.8,931,931.2,187164,-0.0363,0.1619,-122.42,934.7500,-0.38
2026-01-14 13:05:00,931.2,931.95,931.05,931.9,163018,-0.0070,0.1619,-104.32,934.7500,-0.30
2026-01-14 13:10:00,931.9,932.8,931.75,932.15,136850,0.0341,0.1619,-78.94,934.7500,-0.28
2026-01-14 13:15:00,932.15,932.65,931.95,932.4,105567,0.0804,0.1619,-50.34,934.7500,-0.25
2026-01-14 13:20:00,932.4,932.65,931.65,931.7,154370,0.0667,0.1619,-58.80,934.7500,-0.33
2026-01-14 13:25:00,931.75,931.75,930.5,930.5,340325,-0.0159,0.1619,-109.82,934.7500,-0.45
2026-01-14 13:30:00,930.55,930.65,929.3,929.85,508048,-0.1022,0.1619,-163.13,934.7500,-0.52
2026-01-14 13:35:00,929.85,930,928.65,928.9,369103,-0.2054,0.1619,-226.87,934.7500,-0.63
2026-01-14 13:40:00,928.9,929.75,928.05,928.6,259379,-0.2716,0.1619,-267.76,934.7500,-0.66
2026-01-14 13:45:00,928.5,929.4,928.05,928.65,206737,-0.2883,0.1619,-278.07,934.7500,-0.65
2026-01-14 13:50:00,928.65,929.4,927.5,927.5,280468,-0.3490,0.1619,-315.57,934.7500,-0.78
2026-01-14 13:55:00,927.65,929,927.45,928.1,322548,-0.3216,0.1619,-298.64,934.7500,-0.71
2026-01-14 14:00:00,928.05,928.9,927.9,927.9,211902,-0.2908,0.1619,-279.62,934.7500,-0.73
2026-01-14 14:05:00,927.9,928.05,926.6,927,520052,-0.3034,0.1619,-287.40,934.7500,-0.83
2026-01-14 14:10:00,927,927.5,926.45,926.95,514793,-0.2877,0.1619,-277.70,934.7500,-0.83
2026-01-14 14:15:00,927,927.6,924,924.5,1300565,-0.4076,0.1619,-351.76,934.7500,-1.10
2026-01-14 14:20:00,924.55,924.65,921.4,921.8,1402197,-0.6211,0.1619,-483.63,934.7500,-1.39
2026-01-14 14:25:00,921.8,922.5,920.2,922,895576,-0.6957,0.1619,-529.71,934.7500,-1.36
2026-01-14 14:30:00,922,923.05,921.85,923,571558,-0.6267,0.1619,-487.09,934.7500,-1.26
2026-01-14 14:35:00,923,924,922.5,923.5,927778,-0.5017,0.1619,-409.88,934.7500,-1.20
2026-01-14 14:40:00,923.5,927.4,923.15,926.8,1156800,-0.1684,0.1619,-204.01,934.7500,-0.85
2026-01-14 14:45:00,926.75,930,926.75,928.1,901005,0.1508,0.1619,-6.86,934.7500,-0.71
2026-01-14 14:50:00,928.1,928.5,926.9,927.05,399385,0.2941,0.1619,81.66,934.7500,-0.82
2026-01-14 14:55:00,927.1,927.45,925.4,925.7,475491,0.2997,0.1619,85.11,934.7500,-0.97
2026-01-14 15:00:00,925.7,926.55,924.2,926.55,1500533,0.3586,0.1619,121.49,934.7500,-0.88
2026-01-14 15:05:00,926.55,927.8,924.65,926,1529604,0.3575,0.1619,120.82,934.7500,-0.94
2026-01-14 15:10:00,925.95,926.4,924.05,925,1426050,0.2895,0.1619,78.81,934.7500,-1.04
2026-01-14 15:15:00,925,926.8,924.35,926.45,1210188,0.3386,0.1619,109.14,934.7500,-0.89
2026-01-14 15:20:00,926.45,926.75,925.15,925.5,1097516,0.3048,0.1619,88.26,934.7500,-0.99
2026-01-14 15:25:00,925.65,925.75,923.95,925,1346506,0.2487,0.1619,53.61,934.7500,-1.04
2026-01-16 09:15:00,922,926.1,919.2,926,3589151,0.2767,0.2487,11.26,925.0000,0.11
2026-01-16 09:20:00,926.05,926.4,923.8,924.85,1286947,0.2182,0.2487,-12.26,925.0000,-0.02
2026-01-16 09:25:00,925,925.55,924.1,925.2,349183,0.2038,0.2487,-18.05,925.0000,0.02
2026-01-16 09:30:00,925.1,925.3,923.7,924.65,424494,0.1598,0.2487,-35.75,925.0000,-0.04
2026-01-16 09:35:00,924.65,924.7,923.5,923.95,392103,0.0897,0.2487,-63.93,925.0000,-0.11
2026-01-16 09:40:00,924,925.9,923.55,925.9,466276,0.1757,0.2487,-29.35,925.0000,0.10
2026-01-16 09:45:00,925.9,927.4,925.85,927,482332,0.3006,0.2487,20.87,925.0000,0.22
2026-01-16 09:50:00,927,930,927,929.6,617136,0.5382,0.2487,116.41,925.0000,0.50
2026-01-16 09:55:00,929.75,930.95,928.8,929.1,657634,0.6349,0.2487,155.29,925.0000,0.44
2026-01-16 10:00:00,929,929.2,927.55,928.35,185083,0.6210,0.2487,149.70,925.0000,0.36
2026-01-16 10:05:00,928.3,930.5,927.5,929.95,384104,0.6869,0.2487,176.20,925.0000,0.54
2026-01-16 10:10:00,930.1,932.2,929.2,931.9,492951,0.8202,0.2487,229.79,925.0000,0.75
2026-01-16 10:15:00,931.9,935.5,931.85,935.4,1446099,1.0858,0.2487,336.59,925.0000,1.12
2026-01-16 10:20:00,935.2,935.95,933.85,934.3,415551,1.1243,0.2487,352.07,925.0000,1.01
2026-01-16 10:25:00,934.3,934.8,933.15,934,308183,1.0670,0.2487,329.03,925.0000,0.97
2026-01-16 10:30:00,934,934.5,932,932.1,280046,0.8481,0.2487,241.01,925.0000,0.77
2026-01-16 10:35:00,932.2,932.95,932,932.75,219635,0.7002,0.2487,181.54,925.0000,0.84
2026-01-16 10:40:00,932.7,933.05,931.25,932.7,272704,0.5583,0.2487,124.49,925.0000,0.83
2026-01-16 10:45:00,932.75,932.9,931.85,932,158509,0.3848,0.2487,54.72,925.0000,0.76
2026-01-16 10:50:00,932,932.65,931.85,932,148048,0.2444,0.2487,-1.73,925.0000,0.76
2026-01-16 10:55:00,931.95,932.05,930.4,930.4,127955,0.0295,0.2487,-88.14,925.0000,0.58
2026-01-16 11:00:00,930.35,931.85,930.1,931.6,1193072,-0.0423,0.2487,-117.01,925.0000,0.71
2026-01-16 11:05:00,931.55,931.7,930.95,931.05,116230,-0.1322,0.2487,-153.16,925.0000,0.65
2026-01-16 11:10:00,930.95,932,930.1,930.5,211532,-0.2284,0.2487,-191.84,925.0000,0.59
2026-01-16 11:15:00,930.5,931.45,930.3,931,365329,-0.2560,0.2487,-202.94,925.0000,0.65
2026-01-16 11:20:00,930.95,931.8,930.2,930.65,177525,-0.2928,0.2487,-217.73,925.0000,0.61
2026-01-16 11:25:00,930.55,933,930.5,931.9,438323,-0.2307,0.2487,-192.76,925.0000,0.75
2026-01-16 11:30:00,931.9,932.15,930.5,931.15,214505,-0.2369,0.2487,-195.26,925.0000,0.66
2026-01-16 11:35:00,931.15,931.4,929.45,929.5,189383,-0.3426,0.2487,-237.76,925.0000,0.49
2026-01-16 11:40:00,929.5,930,928.6,929,175839,-0.4308,0.2487,-273.22,925.0000,0.43
2026-01-16 11:45:00,929,929.4,928.2,929.3,163022,-0.4515,0.2487,-281.54,925.0000,0.46
2026-01-16 11:50:00,929.3,930.1,929,929.55,406013,-0.4309,0.2487,-273.26,925.0000,0.49
2026-01-16 11:55:00,929.55,930.4,929.15,929.4,138848,-0.4101,0.2487,-264.90,925.0000,0.48
2026-01-16 12:00:00,929.2,930.45,929,929.9,145965,-0.3478,0.2487,-239.85,925.0000,0.53
2026-01-16 12:05:00,929.9,931.95,929.8,931.9,175512,-0.1662,0.2487,-166.83,925.0000,0.75
2026-01-16 12:10:00,931.9,935,931.65,934.5,553240,0.1192,0.2487,-52.07,925.0000,1.03
2026-01-16 12:15:00,934.25,935.5,933,933.65,316334,0.2344,0.2487,-5.75,925.0000,0.94
2026-01-16 12:20:00,933.6,933.95,932.3,933,216273,0.2490,0.2487,0.12,925.0000,0.86
2026-01-16 12:25:00,932.85,933,930.75,931.6,210694,0.1514,0.2487,-39.12,925.0000,0.71
2026-01-16 12:30:00,931.75,932.75,930.65,932.7,272381,0.1478,0.2487,-40.57,925.0000,0.83
2026-01-16 12:35:00,932.6,932.9,931.9,932.5,186056,0.1200,0.2487,-51.75,925.0000,0.81
2026-01-16 12:40:00,932.35,932.5,931.7,931.9,147260,0.0527,0.2487,-78.81,925.0000,0.75
2026-01-16 12:45:00,931.9,932.6,931.85,932,221752,0.0087,0.2487,-96.50,925.0000,0.76
2026-01-16 12:50:00,932,933.7,930.8,933.5,366605,0.0709,0.2487,-71.49,925.0000,0.92
2026-01-16 12:55:00,933.5,934.1,932.25,932.85,1496643,0.0591,0.2487,-76.24,925.0000,0.85
2026-01-16 13:00:00,932.85,933.3,931.85,932.4,167809,0.0141,0.2487,-94.33,925.0000,0.80
2026-01-16 13:05:00,932.15,932.45,930.6,931.6,174787,-0.0716,0.2487,-128.79,925.0000,0.71
2026-01-16 13:10:00,931.6,932.2,930.9,932.15,214097,-0.0921,0.2487,-137.03,925.0000,0.77
2026-01-16 13:15:00,932.05,932.5,931.05,931.85,280538,-0.1247,0.2487,-150.14,925.0000,0.74
2026-01-16 13:20:00,931.85,932.5,931.7,932.45,162995,-0.1054,0.2487,-142.38,925.0000,0.81
2026-01-16 13:25:00,932.45,932.6,931,932.55,246788,-0.0863,0.2487,-134.70,925.0000,0.82
2026-01-16 13:30:00,932.5,933.35,932.15,932.25,357460,-0.0936,0.2487,-137.64,925.0000,0.78
2026-01-16 13:35:00,932.25,932.8,931.35,932.7,168550,-0.0691,0.2487,-127.78,925.0000,0.83
2026-01-16 13:40:00,932.75,932.95,931.25,931.7,220924,-0.1182,0.2487,-147.53,925.0000,0.72
2026-01-16 13:45:00,931.7,932.55,931.7,932.05,285031,-0.1245,0.2487,-150.06,925.0000,0.76
2026-01-16 13:50:00,932.05,932.65,931.4,932.5,193398,-0.0970,0.2487,-139.00,925.0000,0.81
2026-01-16 13:55:00,932.45,933.3,931.55,932.1,227620,-0.1037,0.2487,-141.70,925.0000,0.77
2026-01-16 14:00:00,932.1,932.25,930.8,931.4,265567,-0.1505,0.2487,-160.51,925.0000,0.69
2026-01-16 14:05:00,931.4,931.75,930.2,930.3,254000,-0.2450,0.2487,-198.51,925.0000,0.57
2026-01-16 14:10:00,930.2,932,929.9,931.35,515021,-0.2269,0.2487,-191.23,925.0000,0.69
2026-01-16 14:15:00,931.3,931.5,930.2,931.25,241970,-0.2119,0.2487,-185.20,925.0000,0.68
2026-01-16 14:20:00,931.3,932.4,930.65,932.1,241899,-0.1385,0.2487,-155.69,925.0000,0.77
2026-01-16 14:25:00,932.1,933.8,932.05,933.45,246124,-0.0002,0.2487,-100.08,925.0000,0.91
2026-01-16 14:30:00,933.55,934.3,933.2,934.15,251330,0.1301,0.2487,-47.69,925.0000,0.99
2026-01-16 14:35:00,934.1,934.4,932.3,932.45,417381,0.0951,0.2487,-61.76,925.0000,0.81
2026-01-16 14:40:00,932.4,933,932.05,932.75,179523,0.0857,0.2487,-65.54,925.0000,0.84
2026-01-16 14:45:00,932.65,932.85,931.65,931.9,206240,0.0192,0.2487,-92.28,925.0000,0.75
2026-01-16 14:50:00,931.85,932.4,930.65,930.8,197482,-0.0954,0.2487,-138.36,925.0000,0.63
2026-01-16 14:55:00,930.85,931.55,930.55,931.2,192568,-0.1384,0.2487,-155.65,925.0000,0.67
2026-01-16 15:00:00,931.25,931.85,930.55,931,1126776,-0.1722,0.2487,-169.24,925.0000,0.65
2026-01-16 15:05:00,930.95,931.05,930,930.45,980410,-0.2203,0.2487,-188.58,925.0000,0.59
2026-01-16 15:10:00,930.45,931.9,930.05,931,1047562,-0.2042,0.2487,-182.11,925.0000,0.65
2026-01-16 15:15:00,931,932.9,930.95,931.45,1036869,-0.1547,0.2487,-162.20,925.0000,0.70
2026-01-16 15:20:00,931.45,932.3,930.6,930.95,1562062,-0.1470,0.2487,-159.11,925.0000,0.64
2026-01-16 15:25:00,930.95,933,928,930.55,1496662,-0.1593,0.2487,-164.05,925.0000,0.60
2026-01-19 09:15:00,935.9,935.9,924.55,928.2,3264619,-0.3075,-0.1593,93.03,930.5500,-0.25
2026-01-19 09:20:00,928.15,928.5,923.85,928.1,1323412,-0.3889,-0.1593,144.13,930.5500,-0.26
2026-01-19 09:25:00,928.1,933.4,927.9,933.05,771681,-0.1009,-0.1593,-36.66,930.5500,0.27
2026-01-19 09:30:00,933.05,936.15,931.5,935.3,856464,0.2314,-0.1593,-245.26,930.5500,0.51
2026-01-19 09:35:00,935.55,935.9,927.85,929.3,722279,0.0471,-0.1593,-129.57,930.5500,-0.13
2026-01-19 09:40:00,929.25,931.4,928.3,928.45,429988,-0.1229,-0.1593,-22.85,930.5500,-0.23
2026-01-19 09:45:00,928.8,930.35,928,929.95,375926,-0.1247,-0.1593,-21.72,930.5500,-0.06
2026-01-19 09:50:00,929.95,930.55,927.6,927.85,550654,-0.2505,-0.1593,57.25,930.5500,-0.29
2026-01-19 09:55:00,927.85,928.6,926,926.9,373759,-0.3734,-0.1593,134.40,930.5500,-0.39
2026-01-19 10:00:00,926.9,927,924.6,925.05,735241,-0.5446,-0.1593,241.87,930.5500,-0.59
2026-01-19 10:05:00,925.15,925.45,922.6,923.05,394087,-0.7455,-0.1593,367.98,930.5500,-0.81
2026-01-19 10:10:00,923.3,923.9,921.05,922.8,402950,-0.8411,-0.1593,428.00,930.5500,-0.83
2026-01-19 10:15:00,922.8,923.15,920.25,920.35,314423,-1.0042,-0.1593,530.38,930.5500,-1.10
2026-01-19 10:20:00,920.35,922.6,919.5,922.6,430568,-0.8987,-0.1593,464.16,930.5500,-0.85
2026-01-19 10:25:00,922.6,922.9,920.75,921.9,214258,-0.8167,-0.1593,412.68,930.5500,-0.93
2026-01-19 10:30:00,921.9,923.3,921.3,923.1,226617,-0.6306,-0.1593,295.86,930.5500,-0.80
2026-01-19 10:35:00,923.1,924.3,922.95,924.15,198123,-0.3971,-0.1593,149.28,930.5500,-0.69
2026-01-19 10:40:00,924.05,924.25,922.65,924,121399,-0.2218,-0.1593,39.23,930.5500,-0.70
2026-01-19 10:45:00,924.1,924.2,922.45,923.3,211004,-0.1268,-0.1593,-20.40,930.5500,-0.78
2026-01-19 10:50:00,923.25,924.55,922.85,923.95,301439,-0.0007,-0.1593,-99.56,930.5500,-0.71
2026-01-19 10:55:00,923.85,925.9,923.55,925.9,185785,0.2213,-0.1593,-238.92,930.5500,-0.50
2026-01-19 11:00:00,925.85,925.9,924.2,925.2,210068,0.3221,-0.1593,-302.20,930.5500,-0.57
2026-01-19 11:05:00,925.15,925.75,924.15,924.7,280018,0.3538,-0.1593,-322.10,930.5500,-0.63
2026-01-19 11:10:00,924.45,924.7,922,924.15,699124,0.3364,-0.1593,-311.17,930.5500,-0.69
2026-01-19 11:15:00,924.1,924.9,923.55,923.9,445651,0.3075,-0.1593,-293.03,930.5500,-0.71
2026-01-19 11:20:00,923.9,924.45,921.95,922.65,245025,0.2085,-0.1593,-230.89,930.5500,-0.85
2026-01-19 11:25:00,922.65,923.35,921.9,922.7,271119,0.1532,-0.1593,-196.17,930.5500,-0.84
2026-01-19 11:30:00,922.7,923.1,922.45,923.1,138668,0.1502,-0.1593,-194.29,930.5500,-0.80
2026-01-19 11:35:00,923.1,923.75,922.8,923.75,248175,0.1957,-0.1593,-222.85,930.5500,-0.73
2026-01-19 11:40:00,923.75,925.5,923.7,925.5,215747,0.3389,-0.1593,-312.74,930.5500,-0.54
2026-01-19 11:45:00,925.5,925.75,925.2,925.55,98111,0.4267,-0.1593,-367.86,930.5500,-0.54
2026-01-19 11:50:00,925.55,925.65,924.5,925.25,99838,0.4518,-0.1593,-383.62,930.5500,-0.57
2026-01-19 11:55:00,925.25,925.4,924.05,924.6,329310,0.4130,-0.1593,-359.26,930.5500,-0.64
2026-01-19 12:00:00,924.6,924.6,924,924.4,134402,0.3638,-0.1593,-328.37,930.5500,-0.66
2026-01-19 12:05:00,924.45,925.05,924.3,924.4,161549,0.3228,-0.1593,-302.64,930.5500,-0.66
2026-01-19 12:10:00,924.3,925.5,924.25,925.2,139925,0.3392,-0.1593,-312.93,930.5500,-0.57
2026-01-19 12:15:00,925.2,926.4,924.95,925.8,195020,0.3773,-0.1593,-336.85,930.5500,-0.51
2026-01-19 12:20:00,925.8,927.05,925.75,925.85,598112,0.3910,-0.1593,-345.45,930.5500,-0.51
2026-01-19 12:25:00,925.8,926.1,925.25,925.8,139079,0.3815,-0.1593,-339.49,930.5500,-0.51
2026-01-19 12:30:00,925.8,925.8,925.4,925.65,99349,0.3506,-0.1593,-320.09,930.5500,-0.53
2026-01-19 12:35:00,925.7,925.7,925.05,925.45,114238,0.3040,-0.1593,-290.83,930.5500,-0.55
2026-01-19 12:40:00,925.45,926.65,925.1,926.5,174216,0.3290,-0.1593,-306.53,930.5500,-0.44
2026-01-19 12:45:00,926.5,927.55,926.3,927.1,288212,0.3681,-0.1593,-331.07,930.5500,-0.37
2026-01-19 12:50:00,927.1,930,926.9,929.4,5308577,0.5217,-0.1593,-427.50,930.5500,-0.12
2026-01-19 12:55:00,929.4,930,928.7,929.75,2342888,0.6134,-0.1593,-485.06,930.5500,-0.09
2026-01-19 13:00:00,929.75,929.8,928.05,928.6,205069,0.5643,-0.1593,-454.24,930.5500,-0.21
2026-01-19 13:05:00,928.6,929.25,927.4,928.65,468066,0.5049,-0.1593,-416.95,930.5500,-0.20
2026-01-19 13:10:00,928.5,929.7,926.55,927.9,481200,0.3898,-0.1593,-344.70,930.5500,-0.28
2026-01-19 13:15:00,927.9,928.1,926.95,927.95,222461,0.2962,-0.1593,-285.94,930.5500,-0.28
2026-01-19 13:20:00,927.9,929.15,927.9,928.3,147301,0.2393,-0.1593,-250.22,930.5500,-0.24
2026-01-19 13:25:00,928.25,928.3,927.45,927.9,72329,0.1600,-0.1593,-200.44,930.5500,-0.28
2026-01-19 13:30:00,927.9,928.15,927.3,927.55,140455,0.0737,-0.1593,-146.26,930.5500,-0.32
2026-01-19 13:35:00,927.5,927.75,926.65,927.35,523505,-0.0031,-0.1593,-98.05,930.5500,-0.34
2026-01-19 13:40:00,927.35,928.3,926.15,926.6,723465,-0.1051,-0.1593,-34.02,930.5500,-0.42
2026-01-19 13:45:00,926.6,927.45,925.5,927.45,826170,-0.1150,-0.1593,-27.81,930.5500,-0.33
2026-01-19 13:50:00,927.4,928.95,927.3,928.95,442329,-0.0251,-0.1593,-84.24,930.5500,-0.17
2026-01-19 13:55:00,928.95,929.8,928.1,928.85,236607,0.0207,-0.1593,-112.99,930.5500,-0.18
2026-01-19 14:00:00,928.85,929.25,928.4,928.8,161972,0.0396,-0.1593,-124.86,930.5500,-0.19
2026-01-19 14:05:00,928.8,929.35,928,928.2,202645,0.0054,-0.1593,-103.39,930.5500,-0.25
2026-01-19 14:10:00,928.2,928.65,927.1,927.5,206595,-0.0667,-0.1593,-58.13,930.5500,-0.33
2026-01-19 14:15:00,927.5,928.55,927,928.25,182541,-0.0660,-0.1593,-58.57,930.5500,-0.25
2026-01-19 14:20:00,928.25,928.6,927.85,928.15,109842,-0.0738,-0.1593,-53.67,930.5500,-0.26
2026-01-19 14:25:00,928.15,928.65,927.2,927.3,169491,-0.1343,-0.1593,-15.69,930.5500,-0.35
2026-01-19 14:30:00,927.35,928.85,927.3,928.8,149589,-0.0743,-0.1593,-53.36,930.5500,-0.19
2026-01-19 14:35:00,928.75,929.25,928.3,929.15,1107108,-0.0152,-0.1593,-90.46,930.5500,-0.15
2026-01-19 14:40:00,929.15,929.35,927.3,927.6,140079,-0.0810,-0.1593,-49.15,930.5500,-0.32
2026-01-19 14:45:00,927.55,929.25,927.55,929.1,835600,-0.0267,-0.1593,-83.24,930.5500,-0.16
2026-01-19 14:50:00,929.05,929.2,927.75,928.2,759349,-0.0532,-0.1593,-66.60,930.5500,-0.25
2026-01-19 14:55:00,928.1,928.45,927.65,928.2,378435,-0.0713,-0.1593,-55.24,930.5500,-0.25
2026-01-19 15:00:00,928.3,929.3,927.8,929.2,548962,-0.0193,-0.1593,-87.88,930.5500,-0.15
2026-01-19 15:05:00,929.15,929.2,928.2,928.7,582150,-0.0216,-0.1593,-86.44,930.5500,-0.20
2026-01-19 15:10:00,928.7,928.9,928.15,928.4,468552,-0.0452,-0.1593,-71.63,930.5500,-0.23
2026-01-19 15:15:00,928.35,928.7,927.3,927.5,511819,-0.1190,-0.1593,-25.30,930.5500,-0.33
2026-01-19 15:20:00,927.6,927.75,926.85,927.1,563644,-0.1882,-0.1593,18.14,930.5500,-0.37
2026-01-19 15:25:00,927.15,927.25,925,925.95,505314,-0.2984,-0.1593,87.32,930.5500,-0.49
2026-01-20 09:15:00,929.3,929.3,924.75,926.55,561428,-0.3161,-0.2984,5.93,925.9500,0.06
2026-01-20 09:20:00,926.25,926.6,923,924,336047,-0.4752,-0.2984,59.25,925.9500,-0.21
2026-01-20 09:25:00,924.25,924.5,919.6,921.9,516168,-0.6848,-0.2984,129.49,925.9500,-0.44
2026-01-20 09:30:00,921.9,922.85,921.15,922.2,220761,-0.7604,-0.2984,154.83,925.9500,-0.40
2026-01-20 09:35:00,922.2,922.2,920.45,921.3,287182,-0.8228,-0.2984,175.74,925.9500,-0.50
2026-01-20 09:40:00,921.25,922.9,921,922.45,206854,-0.7410,-0.2984,148.32,925.9500,-0.38
2026-01-20 09:45:00,922.6,924,922.1,924,191280,-0.5458,-0.2984,82.91,925.9500,-0.21
2026-01-20 09:50:00,924,924.05,922.6,923.4,181566,-0.4259,-0.2984,42.73,925.9500,-0.28
2026-01-20 09:55:00,923.2,924.95,922.8,924.7,1253712,-0.2371,-0.2984,-20.54,925.9500,-0.13
2026-01-20 10:00:00,924.7,925.5,923.9,925.1,329664,-0.0720,-0.2984,-75.87,925.9500,-0.09
2026-01-20 10:05:00,925.1,925.65,924,925.4,478514,0.0634,-0.2984,-121.25,925.9500,-0.06
2026-01-20 10:10:00,925.4,926,924.95,925.4,299295,0.1538,-0.2984,-151.54,925.9500,-0.06
2026-01-20 10:15:00,925.65,926.75,925.1,926.65,367517,0.2907,-0.2984,-197.42,925.9500,0.08
2026-01-20 10:20:00,926.65,930.1,926.5,928.8,688246,0.5063,-0.2984,-269.67,925.9500,0.31
2026-01-20 10:25:00,928.8,930.1,928.05,929.8,373977,0.6854,-0.2984,-329.69,925.9500,0.42
2026-01-20 10:30:00,929.8,929.9,927.55,928.5,193785,0.6839,-0.2984,-329.19,925.9500,0.28
2026-01-20 10:35:00,928.5,928.7,928,928.05,125304,0.6220,-0.2984,-308.45,925.9500,0.23
2026-01-20 10:40:00,928.25,928.3,925,926.05,300312,0.4251,-0.2984,-242.46,925.9500,0.01
2026-01-20 10:45:00,926.05,926.8,925.65,926.65,150947,0.3189,-0.2984,-206.87,925.9500,0.08
2026-01-20 10:50:00,926.65,926.8,925.95,926.75,119226,0.2424,-0.2984,-181.23,925.9500,0.09
2026-01-20 10:55:00,926.75,927.5,926.5,927.35,116079,0.2200,-0.2984,-173.73,925.9500,0.15
2026-01-20 11:00:00,927.35,928.5,926.6,928.35,218393,0.2576,-0.2984,-186.33,925.9500,0.26
2026-01-20 11:05:00,928.15,929.35,928,929.3,209336,0.3271,-0.2984,-209.62,925.9500,0.36
2026-01-20 11:10:00,929.25,930.25,928.95,930.1,251918,0.4027,-0.2984,-234.95,925.9500,0.45
2026-01-20 11:15:00,930.1,930.15,928.75,928.9,239408,0.3495,-0.2984,-217.12,925.9500,0.32
2026-01-20 11:20:00,928.9,930,927.5,929.25,1883212,0.3165,-0.2984,-206.07,925.9500,0.36
2026-01-20 11:25:00,929.25,929.95,928.65,929.45,255281,0.2877,-0.2984,-196.41,925.9500,0.38
2026-01-20 11:30:00,929.55,930.2,928.8,929.1,195548,0.2272,-0.2984,-176.14,925.9500,0.34
2026-01-20 11:35:00,929.1,929.7,928.95,929.7,121599,0.2101,-0.2984,-170.41,925.9500,0.40
2026-01-20 11:40:00,929.7,931.4,929.45,931.3,215105,0.2845,-0.2984,-195.34,925.9500,0.58
2026-01-20 11:45:00,931.4,932.75,930.95,932.2,234401,0.3669,-0.2984,-222.96,925.9500,0.67
2026-01-20 11:50:00,932.4,933.9,932,933.15,265171,0.4525,-0.2984,-251.64,925.9500,0.78
2026-01-20 11:55:00,933.6,933.65,932.65,932.75,165387,0.4484,-0.2984,-250.27,925.9500,0.73
2026-01-20 12:00:00,932.65,934.2,932.5,933.45,156940,0.4574,-0.2984,-253.28,925.9500,0.81
2026-01-20 12:05:00,933.2,933.5,932.6,932.6,226185,0.3742,-0.2984,-225.40,925.9500,0.72
2026-01-20 12:10:00,932.7,932.8,930.7,931.3,388478,0.2081,-0.2984,-169.74,925.9500,0.58
2026-01-20 12:15:00,931.3,931.85,931.1,931.3,143420,0.0811,-0.2984,-127.18,925.9500,0.58
2026-01-20 12:20:00,931.2,932.25,930.95,931.85,4671911,0.0202,-0.2984,-106.77,925.9500,0.64
2026-01-20 12:25:00,931.8,932.3,931.5,932.15,161843,-0.0120,-0.2984,-95.98,925.9500,0.67
2026-01-20 12:30:00,932.15,932.2,931.4,932,126535,-0.0532,-0.2984,-82.17,925.9500,0.65
2026-01-20 12:35:00,932,933.15,931.6,932.25,213870,-0.0723,-0.2984,-75.77,925.9500,0.68
2026-01-20 12:40:00,932.25,932.7,931.5,931.5,232055,-0.1402,-0.2984,-53.02,925.9500,0.60
2026-01-20 12:45:00,931.6,932.6,931.5,932.4,220092,-0.1295,-0.2984,-56.60,925.9500,0.70
2026-01-20 12:50:00,932.4,932.6,931.75,932.4,130626,-0.1273,-0.2984,-57.34,925.9500,0.70
2026-01-20 12:55:00,932.35,932.8,932.3,932.8,149148,-0.1046,-0.2984,-64.95,925.9500,0.74
2026-01-20 13:00:00,932.8,932.85,932.2,932.4,140417,-0.1211,-0.2984,-59.42,925.9500,0.70
2026-01-20 13:05:00,932.45,932.95,931.85,932.8,216265,-0.1100,-0.2984,-63.14,925.9500,0.74
2026-01-20 13:10:00,932.95,933.55,932.65,933.05,142839,-0.0915,-0.2984,-69.34,925.9500,0.77
2026-01-20 13:15:00,933.05,933.55,932.55,933.5,86527,-0.0563,-0.2984,-81.13,925.9500,0.82
2026-01-20 13:20:00,933.5,933.75,932.5,932.85,118554,-0.0827,-0.2984,-72.29,925.9500,0.75
2026-01-20 13:25:00,932.85,933.05,932.5,932.95,164673,-0.0981,-0.2984,-67.12,925.9500,0.76
2026-01-20 13:30:00,932.95,933.05,932.5,932.9,195566,-0.1153,-0.2984,-61.36,925.9500,0.75
2026-01-20 13:35:00,932.9,933,930.9,931,867814,-0.2504,-0.2984,-16.09,925.9500,0.55
2026-01-20 13:40:00,931,932.15,930.8,931.85,382325,-0.2763,-0.2984,-7.41,925.9500,0.64
2026-01-20 13:45:00,932,932.65,931.8,932.2,230731,-0.2637,-0.2984,-11.63,925.9500,0.67
2026-01-20 13:50:00,932.2,932.7,931.3,932.7,180977,-0.2174,-0.2984,-27.14,925.9500,0.73
2026-01-20 13:55:00,932.7,933.3,932.45,932.9,313902,-0.1711,-0.2984,-42.66,925.9500,0.75
2026-01-20 14:00:00,932.9,934,932.75,933.6,466077,-0.0949,-0.2984,-68.20,925.9500,0.83
2026-01-20 14:05:00,933.6,934.5,932.7,934.15,400169,-0.0133,-0.2984,-95.54,925.9500,0.89
2026-01-20 14:10:00,934.15,934.2,932.35,932.5,532119,-0.0730,-0.2984,-75.54,925.9500,0.71
2026-01-20 14:15:00,932.55,933.45,932.25,932.75,431731,-0.0967,-0.2984,-67.59,925.9500,0.73
2026-01-20 14:20:00,932.7,933.25,932.15,932.4,212425,-0.1347,-0.2984,-54.86,925.9500,0.70
2026-01-20 14:25:00,932.4,933,931.25,933,329200,-0.1186,-0.2984,-60.25,925.9500,0.76
2026-01-20 14:30:00,933,934,932.4,933.8,246907,-0.0566,-0.2984,-81.03,925.9500,0.85
2026-01-20 14:35:00,933.7,933.85,932.7,932.8,165738,-0.0837,-0.2984,-71.95,925.9500,0.74
2026-01-20 14:40:00,932.8,933.2,931.6,931.65,411992,-0.1746,-0.2984,-41.49,925.9500,0.62
2026-01-20 14:45:00,931.65,932,930,930,253817,-0.3323,-0.2984,11.36,925.9500,0.44
2026-01-20 14:50:00,930.15,930.4,929.3,930.25,483598,-0.4015,-0.2984,34.55,925.9500,0.46
2026-01-20 14:55:00,930.3,932,930.15,931.35,803321,-0.3566,-0.2984,19.50,925.9500,0.58
2026-01-20 15:00:00,931.35,931.5,930.35,930.95,2162842,-0.3373,-0.2984,13.04,925.9500,0.54
2026-01-20 15:05:00,930.95,932.35,930.7,931.7,1880858,-0.2609,-0.2984,-12.57,925.9500,0.62
2026-01-20 15:10:00,931.7,931.85,929.75,930.75,1766508,-0.2607,-0.2984,-12.63,925.9500,0.52
2026-01-20 15:15:00,930.65,933,930.35,931,1295125,-0.2311,-0.2984,-22.55,925.9500,0.55
2026-01-20 15:20:00,931.15,933,929.8,929.9,1383244,-0.2701,-0.2984,-9.48,925.9500,0.43
2026-01-20 15:25:00,929.85,933.5,929,930.5,957912,-0.2411,-0.2984,-19.20,925.9500,0.49
2026-01-21 09:15:00,925,932.15,925,928.95,1680894,-0.3077,-0.2411,27.62,930.5000,-0.17
2026-01-21 09:20:00,929.15,929.45,926.6,926.75,479874,-0.4713,-0.2411,95.48,930.5000,-0.40
2026-01-21 09:25:00,926.95,928.95,926.4,928.4,634711,-0.4405,-0.2411,82.70,930.5000,-0.23
2026-01-21 09:30:00,928.4,931,928.2,930.9,2049592,-0.2342,-0.2411,-2.86,930.5000,0.04
2026-01-21 09:35:00,930.85,931,928.2,928.4,339950,-0.2473,-0.2411,2.57,930.5000,-0.23
2026-01-21 09:40:00,928.45,929.8,928,928.65,449612,-0.2211,-0.2411,-8.30,930.5000,-0.20
2026-01-21 09:45:00,928.65,928.8,927.2,927.85,205417,-0.2382,-0.2411,-1.20,930.5000,-0.28
2026-01-21 09:50:00,927.8,928,926.75,927.75,794746,-0.2362,-0.2411,-2.03,930.5000,-0.30
2026-01-21 09:55:00,927.9,927.95,926,926.3,137093,-0.3081,-0.2411,27.79,930.5000,-0.45
2026-01-21 10:00:00,926.25,926.55,924.3,926.5,199771,-0.3165,-0.2411,31.27,930.5000,-0.43
2026-01-21 10:05:00,926.55,927.65,926.4,926.85,109017,-0.2744,-0.2411,13.81,930.5000,-0.39
2026-01-21 10:10:00,926.95,928,926.15,927.95,640282,-0.1543,-0.2411,-36.00,930.5000,-0.27
2026-01-21 10:15:00,927.95,927.95,926.35,927.2,84736,-0.1093,-0.2411,-54.67,930.5000,-0.35
2026-01-21 10:20:00,927.4,927.4,924.5,924.9,140749,-0.2125,-0.2411,-11.86,930.5000,-0.60
2026-01-21 10:25:00,924.85,925.75,924,925.25,132497,-0.2335,-0.2411,-3.15,930.5000,-0.56
2026-01-21 10:30:00,925.25,925.5,924.05,925.25,112658,-0.2237,-0.2411,-7.22,930.5000,-0.56
2026-01-21 10:35:00,925.25,926.8,924.6,926.2,137191,-0.1340,-0.2411,-44.42,930.5000,-0.46
2026-01-21 10:40:00,926.25,926.85,923.6,923.7,508836,-0.2187,-0.2411,-9.29,930.5000,-0.73
2026-01-21 10:45:00,923.9,923.9,922.5,922.75,278126,-0.3090,-0.2411,28.16,930.5000,-0.83
2026-01-21 10:50:00,922.75,922.9,919.75,920.1,530651,-0.5057,-0.2411,109.75,930.5000,-1.12
2026-01-21 10:55:00,920.15,921.1,915.5,919.5,652305,-0.6269,-0.2411,160.02,930.5000,-1.18
2026-01-21 11:00:00,919.45,920,916.1,917.3,239286,-0.7951,-0.2411,229.78,930.5000,-1.42
2026-01-21 11:05:00,917.3,920.55,916.2,919.5,226066,-0.7013,-0.2411,190.88,930.5000,-1.18
2026-01-21 11:10:00,919.85,923.65,919.65,923.5,396691,-0.3318,-0.2411,37.62,930.5000,-0.75
2026-01-21 11:15:00,923.5,924,922.65,923.75,216728,-0.0473,-0.2411,-80.38,930.5000,-0.73
2026-01-21 11:20:00,923.5,924.75,922.5,924.15,161854,0.1786,-0.2411,-174.08,930.5000,-0.68
2026-01-21 11:25:00,924.25,925.6,923.65,925.2,362670,0.3970,-0.2411,-264.66,930.5000,-0.57
2026-01-21 11:30:00,925.2,926.45,924.75,925.05,250180,0.5218,-0.2411,-316.42,930.5000,-0.59
2026-01-21 11:35:00,925.05,925.45,924.35,924.9,104635,0.5802,-0.2411,-340.65,930.5000,-0.60
2026-01-21 11:40:00,924.9,925.45,924.75,925.25,99816,0.6245,-0.2411,-359.02,930.5000,-0.56
2026-01-21 11:45:00,925.25,926,925.1,925.95,177491,0.6785,-0.2411,-381.42,930.5000,-0.49
2026-01-21 11:50:00,925.95,928,925.7,926.5,175002,0.7247,-0.2411,-400.58,930.5000,-0.43
2026-01-21 11:55:00,926.5,926.95,925.75,926.15,106918,0.7045,-0.2411,-392.20,930.5000,-0.47
2026-01-21 12:00:00,926.15,928,926.1,927.25,183473,0.7346,-0.2411,-404.69,930.5000,-0.35
2026-01-21 12:05:00,927.5,927.8,926.1,926.55,115466,0.6782,-0.2411,-381.29,930.5000,-0.42
2026-01-21 12:10:00,926.55,926.65,925.25,925.5,608244,0.5466,-0.2411,-326.71,930.5000,-0.54
2026-01-21 12:15:00,925.5,926.9,925,926.65,141921,0.5139,-0.2411,-313.15,930.5000,-0.41
2026-01-21 12:20:00,926.65,926.65,925,925.8,128414,0.4162,-0.2411,-272.63,930.5000,-0.51
2026-01-21 12:25:00,926,926,922.5,922.95,290077,0.1542,-0.2411,-163.96,930.5000,-0.81
2026-01-21 12:30:00,922.85,925.15,922.85,924.55,314818,0.0866,-0.2411,-135.92,930.5000,-0.64
2026-01-21 12:35:00,924.5,926.9,924.3,926.5,395853,0.1665,-0.2411,-169.06,930.5000,-0.43
2026-01-21 12:40:00,926.45,928,926.4,926.75,967377,0.2259,-0.2411,-193.70,930.5000,-0.40
2026-01-21 12:45:00,926.85,928.15,926.6,927.85,370116,0.3230,-0.2411,-233.97,930.5000,-0.28
2026-01-21 12:50:00,927.85,928,926.3,927.45,160597,0.3421,-0.2411,-241.89,930.5000,-0.33
2026-01-21 12:55:00,927.45,927.5,926.4,926.9,162721,0.3011,-0.2411,-224.89,930.5000,-0.39
2026-01-21 13:00:00,926.95,929.1,926.9,927.9,528520,0.3227,-0.2411,-233.84,930.5000,-0.28
2026-01-21 13:05:00,927.9,928.8,926.4,926.5,687000,0.2286,-0.2411,-194.82,930.5000,-0.43
2026-01-21 13:10:00,926.5,926.95,924.3,925.3,333317,0.0791,-0.2411,-132.81,930.5000,-0.56
2026-01-21 13:15:00,925.4,926.1,924,924.35,681672,-0.0815,-0.2411,-66.20,930.5000,-0.66
2026-01-21 13:20:00,924.35,925.15,923.6,924.65,212764,-0.1607,-0.2411,-33.35,930.5000,-0.63
2026-01-21 13:25:00,924.7,926.15,924.3,925.4,108234,-0.1556,-0.2411,-35.46,930.5000,-0.55
2026-01-21 13:30:00,925.4,925.7,923.75,924.5,223756,-0.2029,-0.2411,-15.84,930.5000,-0.64
2026-01-21 13:35:00,924.5,926.15,923.8,924.85,697336,-0.2004,-0.2411,-16.88,930.5000,-0.61
2026-01-21 13:40:00,924.85,924.9,922.6,924.05,1050412,-0.2396,-0.2411,-0.62,930.5000,-0.69
2026-01-21 13:45:00,924.1,924.85,923.15,923.8,638928,-0.2674,-0.2411,10.91,930.5000,-0.72
2026-01-21 13:50:00,923.8,924.2,921.55,922.4,131133,-0.3592,-0.2411,48.98,930.5000,-0.87
2026-01-21 13:55:00,922.3,922.5,921.2,921.95,183496,-0.4250,-0.2411,76.28,930.5000,-0.92
2026-01-21 14:00:00,921.8,922.4,920.65,922.25,223668,-0.4222,-0.2411,75.11,930.5000,-0.89
2026-01-21 14:05:00,922.1,922.6,921.8,922.1,107058,-0.4042,-0.2411,67.65,930.5000,-0.90
2026-01-21 14:10:00,922.1,922.95,921.8,922.05,150514,-0.3705,-0.2411,53.67,930.5000,-0.91
2026-01-21 14:15:00,922.1,923.4,920.85,922.45,405976,-0.2990,-0.2411,24.01,930.5000,-0.87
2026-01-21 14:20:00,922.45,923.05,920.1,920.85,339574,-0.3346,-0.2411,38.78,930.5000,-1.04
2026-01-21 14:25:00,920.75,921,920,920.15,121011,-0.3772,-0.2411,56.45,930.5000,-1.11
2026-01-21 14:30:00,920.1,922.35,920,922.35,338164,-0.2360,-0.2411,-2.12,930.5000,-0.88
2026-01-21 14:35:00,922.3,922.45,920.85,921.25,458884,-0.1972,-0.2411,-18.21,930.5000,-0.99
2026-01-21 14:40:00,921.2,921.8,920.85,921.25,124884,-0.1538,-0.2411,-36.21,930.5000,-0.99
2026-01-21 14:45:00,921.15,921.75,920.85,921.5,183831,-0.0936,-0.2411,-61.18,930.5000,-0.97
2026-01-21 14:50:00,921.45,921.5,920.05,920.2,165144,-0.1247,-0.2411,-48.28,930.5000,-1.11
2026-01-21 14:55:00,920.2,920.7,918.6,918.85,272804,-0.2143,-0.2411,-11.12,930.5000,-1.25
2026-01-21 15:00:00,918.9,921,918.65,921,1297098,-0.1120,-0.2411,-53.55,930.5000,-1.02
2026-01-21 15:05:00,921,921.95,919.6,921,1459908,-0.0318,-0.2411,-86.81,930.5000,-1.02
2026-01-21 15:10:00,921.25,921.3,919.65,920.15,785007,-0.0238,-0.2411,-90.13,930.5000,-1.11
2026-01-21 15:15:00,920.15,920.5,919.2,919.8,639093,-0.0294,-0.2411,-87.81,930.5000,-1.15
2026-01-21 15:20:00,919.8,921.4,919.05,921,759372,0.0556,-0.2411,-123.06,930.5000,-1.02
2026-01-21 15:25:00,921.05,922.85,919.15,921,890324,0.1163,-0.2411,-148.24,930.5000,-1.02
2026-01-22 09:15:00,928,928.3,924.05,926.85,1085727,0.5316,0.1163,357.09,921.0000,0.64
2026-01-22 09:20:00,926.7,926.85,924.05,924.85,611321,0.6453,0.1163,454.86,921.0000,0.42
2026-01-22 09:25:00,924.75,925.4,922.6,925.2,401684,0.7124,0.1163,512.55,921.0000,0.46
2026-01-22 09:30:00,925.2,926.6,924.8,926,348513,0.7739,0.1163,565.43,921.0000,0.54
2026-01-22 09:35:00,925.95,927,925.3,927,319793,0.8397,0.1163,622.01,921.0000,0.65
2026-01-22 09:40:00,926.95,927,925.05,925.8,237671,0.7625,0.1163,555.63,921.0000,0.52
2026-01-22 09:45:00,925.85,926.8,925.05,925.8,282882,0.6744,0.1163,479.88,921.0000,0.52
2026-01-22 09:50:00,925.85,926.3,923.5,923.85,223710,0.4582,0.1163,293.98,921.0000,0.31
2026-01-22 09:55:00,923.85,925.7,922.65,924.75,224578,0.3538,0.1163,204.21,921.0000,0.41
2026-01-22 10:00:00,925.15,926.25,923.45,923.85,750163,0.2094,0.1163,80.05,921.0000,0.31
2026-01-22 10:05:00,923.8,924.3,923,923.25,210620,0.0661,0.1163,-43.16,921.0000,0.24
2026-01-22 10:10:00,923,923.75,922,922.55,332641,-0.0756,0.1163,-165.00,921.0000,0.17
2026-01-22 10:15:00,922.55,922.8,921.1,921.3,209385,-0.2437,0.1163,-309.54,921.0000,0.03
2026-01-22 10:20:00,921.3,921.9,920.35,921.5,284912,-0.3265,0.1163,-380.74,921.0000,0.05
2026-01-22 10:25:00,921.55,921.6,919.55,920.05,310803,-0.4560,0.1163,-492.09,921.0000,-0.10
2026-01-22 10:30:00,919.8,920.2,916.5,920.1,290504,-0.5112,0.1163,-539.55,921.0000,-0.10
2026-01-22 10:35:00,920.1,921.45,919.5,920,267542,-0.5255,0.1163,-551.85,921.0000,-0.11
2026-01-22 10:40:00,920.2,920.45,919.75,919.9,169917,-0.5120,0.1163,-540.24,921.0000,-0.12
2026-01-22 10:45:00,920,920.2,918.6,919.2,355083,-0.5191,0.1163,-546.35,921.0000,-0.20
2026-01-22 10:50:00,919.2,919.3,917.1,918.5,323188,-0.5374,0.1163,-562.08,921.0000,-0.27
2026-01-22 10:55:00,918.5,919,916.5,916.5,213332,-0.6436,0.1163,-653.40,921.0000,-0.49
2026-01-22 11:00:00,916.55,917.85,916.2,916.65,195306,-0.6606,0.1163,-668.01,921.0000,-0.47
2026-01-22 11:05:00,916.6,916.75,915,915.1,284431,-0.7278,0.1163,-725.80,921.0000,-0.64
2026-01-22 11:10:00,915.1,915.5,914,914.7,331467,-0.7479,0.1163,-743.08,921.0000,-0.68
2026-01-22 11:15:00,914.65,916,914.35,915.45,229791,-0.6623,0.1163,-669.48,921.0000,-0.60
2026-01-22 11:20:00,915.45,917.5,915,917.2,213572,-0.4497,0.1163,-486.67,921.0000,-0.41
2026-01-22 11:25:00,917.1,918.35,916.45,917,334503,-0.2919,0.1163,-350.99,921.0000,-0.43
2026-01-22 11:30:00,917,918.45,916.35,918,329216,-0.0997,0.1163,-185.73,921.0000,-0.33
2026-01-22 11:35:00,918,918.8,915.9,916.6,662709,-0.0487,0.1163,-141.87,921.0000,-0.48
2026-01-22 11:40:00,916.6,916.65,914.8,915.35,293654,-0.0794,0.1163,-168.27,921.0000,-0.61
2026-01-22 11:45:00,915.35,915.6,913.2,915.5,350311,-0.0700,0.1163,-160.19,921.0000,-0.60
2026-01-22 11:50:00,915.5,916.2,914.05,914.8,450163,-0.0902,0.1163,-177.56,921.0000,-0.67
2026-01-22 11:55:00,914.85,915.9,914.3,915.05,291725,-0.0670,0.1163,-157.61,921.0000,-0.65
2026-01-22 12:00:00,915.05,915.7,914.4,915.45,274280,-0.0080,0.1163,-106.88,921.0000,-0.60
2026-01-22 12:05:00,915.7,917.1,915.6,916.8,296203,0.1309,0.1163,12.55,921.0000,-0.46
2026-01-22 12:10:00,916.5,917.25,915.95,917,270625,0.2389,0.1163,105.42,921.0000,-0.43
2026-01-22 12:15:00,917.05,917.6,915.6,917.25,432676,0.3245,0.1163,179.02,921.0000,-0.41
2026-01-22 12:20:00,917,919,916.9,917.25,393852,0.3750,0.1163,222.44,921.0000,-0.41
2026-01-22 12:25:00,917.05,918.7,916.5,918.55,169868,0.4828,0.1163,315.13,921.0000,-0.27
2026-01-22 12:30:00,918.5,919.35,917.65,918.8,536499,0.5529,0.1163,375.41,921.0000,-0.24
2026-01-22 12:35:00,918.8,919.45,916.75,918.6,900407,0.5656,0.1163,386.33,921.0000,-0.26
2026-01-22 12:40:00,918.3,918.65,916.45,918.35,1233069,0.5372,0.1163,361.91,921.0000,-0.29
2026-01-22 12:45:00,918.05,918.65,916.05,918.2,716148,0.4898,0.1163,321.15,921.0000,-0.30
2026-01-22 12:50:00,918.2,918.85,915.65,915.95,1595430,0.2977,0.1163,155.98,921.0000,-0.55
2026-01-22 12:55:00,915.8,916.25,915.3,915.9,245694,0.1648,0.1163,41.70,921.0000,-0.55
2026-01-22 13:00:00,915.9,916.05,914.35,915.25,291897,0.0372,0.1163,-68.01,921.0000,-0.62
2026-01-22 13:05:00,915.25,915.75,914,914.05,615944,-0.1155,0.1163,-199.31,921.0000,-0.75
2026-01-22 13:10:00,914.45,915.5,914,914.6,236352,-0.1640,0.1163,-241.01,921.0000,-0.69
2026-01-22 13:15:00,914.55,915.5,914,915.5,248109,-0.1219,0.1163,-204.82,921.0000,-0.60
2026-01-22 13:20:00,915.5,915.8,914.6,915.25,202557,-0.0984,0.1163,-184.61,921.0000,-0.62
2026-01-22 13:25:00,914.9,916.8,914.7,916.1,322617,-0.0173,0.1163,-114.88,921.0000,-0.53
2026-01-22 13:30:00,916.25,918.25,915.7,918.25,1044294,0.1786,0.1163,53.57,921.0000,-0.30
2026-01-22 13:35:00,918.2,918.5,915.25,915.45,1132116,0.1199,0.1163,3.10,921.0000,-0.60
2026-01-22 13:40:00,915.5,917.5,915.15,916.5,550496,0.1501,0.1163,29.06,921.0000,-0.49
2026-01-22 13:45:00,916.5,917.8,915.8,917.7,439862,0.2437,0.1163,109.54,921.0000,-0.36
2026-01-22 13:50:00,917.65,918.8,916.55,917.25,703259,0.2663,0.1163,128.98,921.0000,-0.41
2026-01-22 13:55:00,917.35,918,916.65,917.75,2598243,0.3032,0.1163,160.71,921.0000,-0.35
2026-01-22 14:00:00,917.85,918.85,917.25,917.5,404087,0.2985,0.1163,156.66,921.0000,-0.38
2026-01-22 14:05:00,917.6,917.75,916.35,916.95,251880,0.2483,0.1163,113.50,921.0000,-0.44
2026-01-22 14:10:00,916.95,917,915,915.25,338555,0.0981,0.1163,-15.65,921.0000,-0.62
2026-01-22 14:15:00,915.25,916,914.65,915.55,583435,0.0207,0.1163,-82.20,921.0000,-0.59
2026-01-22 14:20:00,915.55,916,914.8,915.35,666413,-0.0392,0.1163,-133.71,921.0000,-0.61
2026-01-22 14:25:00,915.7,917.95,915.3,917.85,372665,0.0876,0.1163,-24.68,921.0000,-0.34
2026-01-22 14:30:00,917.85,919.9,916.85,919.7,715868,0.2830,0.1163,143.34,921.0000,-0.14
2026-01-22 14:35:00,919.45,920,918.25,919.3,1077371,0.3669,0.1163,215.48,921.0000,-0.18
2026-01-22 14:40:00,919.6,919.9,918,919.45,579735,0.4108,0.1163,253.22,921.0000,-0.17
2026-01-22 14:45:00,919.5,920.7,919.15,920.25,658417,0.4679,0.1163,302.32,921.0000,-0.08
2026-01-22 14:50:00,920.25,921,919.2,919.3,843075,0.4176,0.1163,259.07,921.0000,-0.18
2026-01-22 14:55:00,919.45,920.05,919,919.6,777927,0.3813,0.1163,227.86,921.0000,-0.15
2026-01-22 15:00:00,919.5,919.6,916.15,917.2,3505315,0.1825,0.1163,56.92,921.0000,-0.41
2026-01-22 15:05:00,917.15,917.6,916.1,916.9,2115143,0.0260,0.1163,-77.64,921.0000,-0.45
2026-01-22 15:10:00,916.9,919.25,916.65,919,1060928,0.0572,0.1163,-50.82,921.0000,-0.22
2026-01-22 15:15:00,919.15,921.5,918.9,921.05,1208851,0.2012,0.1163,73.00,921.0000,0.01
2026-01-22 15:20:00,921,921.9,920.6,921.05,1173239,0.2770,0.1163,138.18,921.0000,0.01
2026-01-22 15:25:00,920.9,921.75,920.6,921,981732,0.3022,0.1163,159.85,921.0000,0.00
2026-01-23 09:15:00,920,926.1,917,921.15,1846076,0.3066,0.3022,1.46,921.0000,0.02
2026-01-23 09:20:00,921.15,923.4,920.15,923,741799,0.4054,0.3022,34.15,921.0000,0.22
2026-01-23 09:25:00,923,923.3,921,923.1,527347,0.4456,0.3022,47.45,921.0000,0.23
2026-01-23 09:30:00,923,923.2,922,922.3,369671,0.3885,0.3022,28.56,921.0000,0.14
2026-01-23 09:35:00,922.45,923,921.2,922.2,296942,0.3172,0.3022,4.96,921.0000,0.13
2026-01-23 09:40:00,922,922.55,921,921.3,207732,0.1890,0.3022,-37.46,921.0000,0.03
2026-01-23 09:45:00,921.4,922.45,921,922,302772,0.1336,0.3022,-55.79,921.0000,0.11
2026-01-23 09:50:00,922.1,922.1,920.1,920.5,114428,-0.0142,0.3022,-104.70,921.0000,-0.05
2026-01-23 09:55:00,920.5,921,919.1,920.15,206661,-0.1385,0.3022,-145.83,921.0000,-0.09
2026-01-23 10:00:00,920.15,920.65,918.2,919,184078,-0.2924,0.3022,-196.76,921.0000,-0.22
2026-01-23 10:05:00,919,919.35,917.35,917.95,236135,-0.4498,0.3022,-248.84,921.0000,-0.33
2026-01-23 10:10:00,917.95,918.05,917.45,917.55,169111,-0.5585,0.3022,-284.81,921.0000,-0.37
2026-01-23 10:15:00,917.75,917.75,915.55,916.5,483643,-0.6713,0.3022,-322.14,921.0000,-0.49
2026-01-23 10:20:00,916.5,916.9,916,916.4,194457,-0.7185,0.3022,-337.76,921.0000,-0.50
2026-01-23 10:25:00,916.3,917.55,916.1,917.1,123444,-0.6695,0.3022,-321.54,921.0000,-0.42
2026-01-23 10:30:00,917.1,918.05,916.3,917,209244,-0.6123,0.3022,-302.61,921.0000,-0.43
2026-01-23 10:35:00,917.2,917.95,917,917.2,132029,-0.5323,0.3022,-276.14,921.0000,-0.41
2026-01-23 10:40:00,917.35,917.85,916.5,916.85,154872,-0.4763,0.3022,-257.61,921.0000,-0.45
2026-01-23 10:45:00,916.95,916.95,915.8,916.2,140182,-0.4561,0.3022,-250.93,921.0000,-0.52
2026-01-23 10:50:00,916.1,917.45,916,916.95,158538,-0.3692,0.3022,-222.17,921.0000,-0.44
2026-01-23 10:55:00,917.05,917.35,916,916.9,234608,-0.2952,0.3022,-197.68,921.0000,-0.45
2026-01-23 11:00:00,917.05,917.55,916.9,917.35,145105,-0.2005,0.3022,-166.35,921.0000,-0.40
2026-01-23 11:05:00,917.35,918.7,916.9,918.4,193722,-0.0592,0.3022,-119.59,921.0000,-0.28
2026-01-23 11:10:00,918.45,920.15,918.3,920,206095,0.1393,0.3022,-53.90,921.0000,-0.11
2026-01-23 11:15:00,920,920.15,917.4,917.45,152319,0.0979,0.3022,-67.60,921.0000,-0.39
2026-01-23 11:20:00,917.45,918,916.75,917.45,168249,0.0710,0.3022,-76.51,921.0000,-0.39
2026-01-23 11:25:00,917.55,918.4,917.25,918.25,142346,0.1054,0.3022,-65.12,921.0000,-0.30
2026-01-23 11:30:00,918.25,918.35,917.5,917.5,125123,0.0773,0.3022,-74.42,921.0000,-0.38
2026-01-23 11:35:00,917.5,918,917.1,917.1,118854,0.0336,0.3022,-88.88,921.0000,-0.42
2026-01-23 11:40:00,917.15,917.15,915.6,916.35,484257,-0.0400,0.3022,-113.24,921.0000,-0.50
2026-01-23 11:45:00,916.3,916.6,915.55,915.55,254280,-0.1315,0.3022,-143.51,921.0000,-0.59
2026-01-23 11:50:00,915.6,917,915.3,916.35,152556,-0.1271,0.3022,-142.06,921.0000,-0.50
2026-01-23 11:55:00,916.4,916.95,915.9,916.7,217279,-0.0912,0.3022,-130.18,921.0000,-0.47
2026-01-23 12:00:00,916.65,917,915.25,916.15,172273,-0.0947,0.3022,-131.34,921.0000,-0.53
2026-01-23 12:05:00,916.1,916.1,914.2,914.95,343341,-0.1639,0.3022,-154.24,921.0000,-0.66
2026-01-23 12:10:00,914.9,916,914.75,915.8,322934,-0.1396,0.3022,-146.19,921.0000,-0.56
2026-01-23 12:15:00,915.8,917.3,915.7,917.2,405256,-0.0224,0.3022,-107.41,921.0000,-0.41
2026-01-23 12:20:00,917.05,918,916.85,917.15,279573,0.0543,0.3022,-82.03,921.0000,-0.42
2026-01-23 12:25:00,917.35,918.3,916.8,917.8,304665,0.1462,0.3022,-51.62,921.0000,-0.35
2026-01-23 12:30:00,917.8,919.4,917.55,918.6,280857,0.2520,0.3022,-16.61,921.0000,-0.26
2026-01-23 12:35:00,918.6,919.25,918.35,918.85,388023,0.3254,0.3022,7.68,921.0000,-0.23
2026-01-23 12:40:00,919,919.25,918.05,918.4,578915,0.3291,0.3022,8.90,921.0000,-0.28
2026-01-23 12:45:00,918.35,919.75,918,918.05,745140,0.2946,0.3022,-2.51,921.0000,-0.32
2026-01-23 12:50:00,918.25,918.6,916.35,918.5,711648,0.2883,0.3022,-4.60,921.0000,-0.27
2026-01-23 12:55:00,918.5,919.05,917.65,918.15,354525,0.2484,0.3022,-17.80,921.0000,-0.31
2026-01-23 13:00:00,917.95,918.35,917.2,917.25,193956,0.1538,0.3022,-49.11,921.0000,-0.41
2026-01-23 13:05:00,917.25,917.8,916.65,917.45,622616,0.0997,0.3022,-67.01,921.0000,-0.39
2026-01-23 13:10:00,917.25,918.15,916.8,917.95,913893,0.0928,0.3022,-69.29,921.0000,-0.33
2026-01-23 13:15:00,917.85,918,915.55,915.9,630291,-0.0471,0.3022,-115.59,921.0000,-0.55
2026-01-23 13:20:00,915.9,916.5,915.05,915.65,320599,-0.1481,0.3022,-149.01,921.0000,-0.58
2026-01-23 13:25:00,915.5,916.4,914.35,914.85,212312,-0.2542,0.3022,-184.12,921.0000,-0.67
2026-01-23 13:30:00,914.8,914.8,910.45,911.15,405684,-0.5423,0.3022,-279.45,921.0000,-1.07
2026-01-23 13:35:00,911.15,911.5,909.25,910.95,321668,-0.7049,0.3022,-333.26,921.0000,-1.09
2026-01-23 13:40:00,910.8,911.7,910.5,910.55,253608,-0.7915,0.3022,-361.91,921.0000,-1.13
2026-01-23 13:45:00,910.5,911.55,910,911,276971,-0.7698,0.3022,-354.73,921.0000,-1.09
2026-01-23 13:50:00,911,911.5,910,910.15,401060,-0.7625,0.3022,-352.32,921.0000,-1.18
2026-01-23 13:55:00,910.15,910.6,909.6,910,363634,-0.7183,0.3022,-337.69,921.0000,-1.19
2026-01-23 14:00:00,910.05,910.05,909.4,909.7,193797,-0.6612,0.3022,-318.80,921.0000,-1.23
2026-01-23 14:05:00,909.65,910.7,909.45,910.2,456808,-0.5465,0.3022,-280.84,921.0000,-1.17
2026-01-23 14:10:00,910.25,911.3,909.6,910,344215,-0.4450,0.3022,-247.25,921.0000,-1.19
2026-01-23 14:15:00,910.1,911.45,909.8,910.25,452014,-0.3275,0.3022,-208.37,921.0000,-1.17
2026-01-23 14:20:00,910.25,910.85,909.5,910.45,323469,-0.2085,0.3022,-168.99,921.0000,-1.15
2026-01-23 14:25:00,910.3,912.7,910,911.3,541833,-0.0529,0.3022,-117.50,921.0000,-1.05
2026-01-23 14:30:00,911.35,912.95,911.1,911.8,1140041,0.0953,0.3022,-68.46,921.0000,-1.00
2026-01-23 14:35:00,911.8,912.6,910.5,912.1,997373,0.2182,0.3022,-27.80,921.0000,-0.97
2026-01-23 14:40:00,911.8,914,911.75,913.7,599750,0.4011,0.3022,32.73,921.0000,-0.79
2026-01-23 14:45:00,913.85,914.95,913.3,914.5,438204,0.5602,0.3022,85.37,921.0000,-0.71
2026-01-23 14:50:00,914.55,915.95,914.4,915.65,361461,0.7170,0.3022,137.26,921.0000,-0.58
2026-01-23 14:55:00,915.7,917,915.5,916.6,393752,0.8498,0.3022,181.20,921.0000,-0.48
2026-01-23 15:00:00,916.35,916.95,915.7,916.5,815681,0.8916,0.3022,195.04,921.0000,-0.49
2026-01-23 15:05:00,916.45,916.95,915.5,916,883786,0.8466,0.3022,180.15,921.0000,-0.54
2026-01-23 15:10:00,916,916.65,915.7,916.5,748428,0.8116,0.3022,168.56,921.0000,-0.49
2026-01-23 15:15:00,916.5,916.95,912.85,915.1,925764,0.6614,0.3022,118.86,921.0000,-0.64
2026-01-23 15:20:00,915.1,916.6,914.45,916.4,809831,0.6178,0.3022,104.43,921.0000,-0.50
2026-01-23 15:25:00,916.2,917,915,915.8,609144,0.5205,0.3022,72.24,921.0000,-0.56
2026-01-27 09:15:00,906,914.2,906,909.2,5264176,0.0107,0.5205,-97.94,915.8000,-0.72
2026-01-27 09:20:00,909.2,909.8,905.35,906.85,2352643,-0.4598,0.5205,-188.34,915.8000,-0.98
2026-01-27 09:25:00,907,908.1,905,906.45,661696,-0.7555,0.5205,-245.15,915.8000,-1.02
2026-01-27 09:30:00,906.35,909.7,905.65,909.25,430210,-0.7202,0.5205,-238.37,915.8000,-0.72
2026-01-27 09:35:00,909.25,916,908.35,915.95,906770,-0.2287,0.5205,-143.94,915.8000,0.02
2026-01-27 09:40:00,915.8,920.9,914.35,920.85,644631,0.4085,0.5205,-21.52,915.8000,0.55
2026-01-27 09:45:00,920.85,920.9,917.95,920,356637,0.7359,0.5205,41.38,915.8000,0.46
2026-01-27 09:50:00,920,920.8,918.8,919,240977,0.8406,0.5205,61.50,915.8000,0.35
2026-01-27 09:55:00,919,919.55,916.75,917.4,307321,0.7600,0.5205,46.01,915.8000,0.17
2026-01-27 10:00:00,917.55,920.45,917.5,919.95,188927,0.8306,0.5205,59.58,915.8000,0.45
2026-01-27 10:05:00,919.95,920.35,917.6,918.7,158182,0.7480,0.5205,43.71,915.8000,0.32
2026-01-27 10:10:00,918.7,919.6,917,918.6,331091,0.6452,0.5205,23.96,915.8000,0.31
2026-01-27 10:15:00,918.6,920.3,917.65,919.9,261480,0.6232,0.5205,19.73,915.8000,0.45
2026-01-27 10:20:00,919.85,920.15,918,918.55,156236,0.4823,0.5205,-7.34,915.8000,0.30
2026-01-27 10:25:00,918.55,919,916.15,916.35,197008,0.2190,0.5205,-57.93,915.8000,0.06
2026-01-27 10:30:00,916.3,918.5,916.3,918.4,154340,0.1634,0.5205,-68.61,915.8000,0.28
2026-01-27 10:35:00,918.4,918.5,916.55,916.65,133948,-0.0018,0.5205,-100.35,915.8000,0.09
2026-01-27 10:40:00,916.65,916.95,912.45,912.8,308982,-0.3612,0.5205,-169.39,915.8000,-0.33
2026-01-27 10:45:00,912.75,914,911.6,913.9,186242,-0.5067,0.5205,-197.35,915.8000,-0.21
2026-01-27 10:50:00,913.9,913.9,910.3,911.45,301171,-0.7359,0.5205,-241.38,915.8000,-0.47
2026-01-27 10:55:00,911.45,913.8,910.65,912.2,230600,-0.7996,0.5205,-253.62,915.8000,-0.39
2026-01-27 11:00:00,912.2,913.75,911.7,913.15,338444,-0.7418,0.5205,-242.52,915.8000,-0.29
2026-01-27 11:05:00,912.9,914.7,912.05,913.15,1077319,-0.6697,0.5205,-228.66,915.8000,-0.29
2026-01-27 11:10:00,913.3,913.3,912.1,912.65,204362,-0.6228,0.5205,-219.65,915.8000,-0.34
2026-01-27 11:15:00,912.65,913.35,912,912.75,156714,-0.5544,0.5205,-206.51,915.8000,-0.33
2026-01-27 11:20:00,912.75,913.2,911.7,912,1026404,-0.5292,0.5205,-201.67,915.8000,-0.41
2026-01-27 11:25:00,912,914.15,911.8,913.1,363044,-0.4131,0.5205,-179.37,915.8000,-0.29
2026-01-27 11:30:00,913.1,914.15,912.05,913.25,391679,-0.3057,0.5205,-158.73,915.8000,-0.28
2026-01-27 11:35:00,913.2,914.15,912.65,914.15,246167,-0.1610,0.5205,-130.93,915.8000,-0.18
2026-01-27 11:40:00,914,918,913.65,917.95,489852,0.1851,0.5205,-64.44,915.8000,0.23
2026-01-27 11:45:00,917.95,918.45,915.05,915.45,378650,0.2368,0.5205,-54.51,915.8000,-0.04
2026-01-27 11:50:00,915.45,916,914.05,914.9,136055,0.2250,0.5205,-56.77,915.8000,-0.10
2026-01-27 11:55:00,914.9,916.35,914.5,915.25,174099,0.2312,0.5205,-55.58,915.8000,-0.06
2026-01-27 12:00:00,915.25,917.75,914.6,916.35,298746,0.2955,0.5205,-43.23,915.8000,0.06
2026-01-27 12:05:00,916.55,918,916.35,917.9,187064,0.4209,0.5205,-19.14,915.8000,0.23
2026-01-27 12:10:00,917.9,919.45,917.7,918.2,235234,0.4974,0.5205,-4.44,915.8000,0.26
2026-01-27 12:15:00,918.2,918.5,916.5,916.7,142326,0.4231,0.5205,-18.71,915.8000,0.10
2026-01-27 12:20:00,916.7,918.65,916.55,918.15,303860,0.4456,0.5205,-14.39,915.8000,0.26
2026-01-27 12:25:00,918.15,918.65,915.95,916.35,210120,0.3191,0.5205,-38.69,915.8000,0.06
2026-01-27 12:30:00,916.3,917.2,915.6,916.55,209432,0.2328,0.5205,-55.27,915.8000,0.08
2026-01-27 12:35:00,916.55,916.9,914.95,916.2,252349,0.1405,0.5205,-73.01,915.8000,0.04
2026-01-27 12:40:00,916.2,916.85,915.6,915.9,168842,0.0522,0.5205,-89.97,915.8000,0.01
2026-01-27 12:45:00,915.85,916.7,914.5,915.05,217295,-0.0641,0.5205,-112.32,915.8000,-0.08
2026-01-27 12:50:00,915.05,918.45,914.5,917.75,828638,0.0347,0.5205,-93.33,915.8000,0.21
2026-01-27 12:55:00,917.75,918,916.95,917.85,158795,0.0972,0.5205,-81.33,915.8000,0.22
2026-01-27 13:00:00,917.85,918.15,916.55,917.4,193368,0.0984,0.5205,-81.10,915.8000,0.17
2026-01-27 13:05:00,917.4,918.1,916.55,917.9,279562,0.1214,0.5205,-76.68,915.8000,0.23
2026-01-27 13:10:00,917.9,918.65,917.15,917.95,194863,0.1280,0.5205,-75.41,915.8000,0.23
2026-01-27 13:15:00,917.95,918.9,917.25,918.75,199764,0.1715,0.5205,-67.05,915.8000,0.32
2026-01-27 13:20:00,918.75,919.65,918.35,918.75,390486,0.1843,0.5205,-64.59,915.8000,0.32
2026-01-27 13:25:00,918.75,921.6,918,920.35,680474,0.2790,0.5205,-46.40,915.8000,0.50
2026-01-27 13:30:00,920.35,920.6,919.15,919.65,304104,0.2726,0.5205,-47.63,915.8000,0.42
2026-01-27 13:35:00,919.65,919.85,915.5,916.15,525200,0.0239,0.5205,-95.41,915.8000,0.04
2026-01-27 13:40:00,916.15,918.1,915.55,917.15,475476,-0.0766,0.5205,-114.72,915.8000,0.15
2026-01-27 13:45:00,917.15,918.2,916.85,918.15,243319,-0.0786,0.5205,-115.10,915.8000,0.26
2026-01-27 13:50:00,918.15,918.5,916.65,917,368220,-0.1560,0.5205,-129.97,915.8000,0.13
2026-01-27 13:55:00,917,918,916.6,917.25,232819,-0.1867,0.5205,-135.87,915.8000,0.16
2026-01-27 14:00:00,917.2,918.05,916.5,916.8,226433,-0.2309,0.5205,-144.36,915.8000,0.11
2026-01-27 14:05:00,916.8,917.65,916,917.5,426567,-0.2073,0.5205,-139.83,915.8000,0.19
2026-01-27 14:10:00,917.5,918.9,917.2,918.1,784535,-0.1483,0.5205,-128.49,915.8000,0.25
2026-01-27 14:15:00,918.15,919.4,918,919.3,389580,-0.0317,0.5205,-106.09,915.8000,0.38
2026-01-27 14:20:00,919.25,920.5,918.25,919.3,448982,0.0385,0.5205,-92.60,915.8000,0.38
2026-01-27 14:25:00,919.3,920.2,919,919.45,338257,0.0854,0.5205,-83.59,915.8000,0.40
2026-01-27 14:30:00,919.5,920,918.65,919.55,452066,0.1119,0.5205,-78.50,915.8000,0.41
2026-01-27 14:35:00,919.55,920.65,918.8,920.65,967198,0.1876,0.5205,-63.96,915.8000,0.53
2026-01-27 14:40:00,920.65,920.95,918.6,919.05,689441,0.1177,0.5205,-77.39,915.8000,0.35
2026-01-27 14:45:00,919,920.45,919,920.3,606889,0.1416,0.5205,-72.80,915.8000,0.49
2026-01-27 14:50:00,920.35,925.05,920.35,922.25,1144757,0.2675,0.5205,-48.61,915.8000,0.70
2026-01-27 14:55:00,922.25,923.15,920.85,922.3,735434,0.3288,0.5205,-36.83,915.8000,0.71
2026-01-27 15:00:00,922.3,923.85,921.35,923.55,1661824,0.4223,0.5205,-18.87,915.8000,0.85
2026-01-27 15:05:00,923.55,926.3,923.25,925.25,1851601,0.5588,0.5205,7.36,915.8000,1.03
2026-01-27 15:10:00,925.25,927.35,924.6,925.35,1710275,0.6117,0.5205,17.52,915.8000,1.04
2026-01-27 15:15:00,925.3,929.4,925.3,929,1174851,0.8346,0.5205,60.35,915.8000,1.44
2026-01-27 15:20:00,929.05,931,926.15,930.7,1703268,1.0260,0.5205,97.12,915.8000,1.63
2026-01-27 15:25:00,930.85,931.2,927.15,928,1231270,0.9045,0.5205,73.78,915.8000,1.33
2026-01-28 09:15:00,932.5,939,928.95,938.85,5115094,1.4560,0.9045,60.97,928.0000,1.17
2026-01-28 09:20:00,938.85,941.45,935.8,940.6,1735776,1.8162,0.9045,100.80,928.0000,1.36
2026-01-28 09:25:00,940.75,941.45,936.25,937.4,920034,1.7177,0.9045,89.91,928.0000,1.01
2026-01-28 09:30:00,937.4,937.95,932.25,932.9,759333,1.2499,0.9045,38.19,928.0000,0.53
2026-01-28 09:35:00,932.9,933.75,930.6,932.4,460271,0.8277,0.9045,-8.49,928.0000,0.47
2026-01-28 09:40:00,932.4,933.5,931.7,933.2,531626,0.5371,0.9045,-40.62,928.0000,0.56
2026-01-28 09:45:00,933,933.5,932.55,933.4,262443,0.3049,0.9045,-66.29,928.0000,0.58
2026-01-28 09:50:00,933.35,933.9,932.8,932.95,362686,0.0791,0.9045,-91.25,928.0000,0.53
2026-01-28 09:55:00,932.95,936,932.95,935.95,300008,0.0893,0.9045,-90.13,928.0000,0.86
2026-01-28 10:00:00,935.95,937,934.65,935.25,339223,0.0105,0.9045,-98.84,928.0000,0.78
2026-01-28 10:05:00,935.45,937.7,935.25,936.3,780151,-0.0083,0.9045,-100.92,928.0000,0.89
2026-01-28 10:10:00,936.3,937.35,935.5,936.25,399954,-0.0587,0.9045,-106.49,928.0000,0.89
2026-01-28 10:15:00,936.25,937.8,935.6,937.7,452126,-0.0303,0.9045,-103.35,928.0000,1.05
2026-01-28 10:20:00,937.45,938.5,936.2,937.1,400757,-0.0849,0.9045,-109.39,928.0000,0.98
2026-01-28 10:25:00,937,937.5,936,936.15,369490,-0.2108,0.9045,-123.31,928.0000,0.88
2026-01-28 10:30:00,936.1,941.35,935.8,939.5,2086460,-0.0998,0.9045,-111.03,928.0000,1.24
2026-01-28 10:35:00,939.5,940.45,939,940.25,346405,-0.0118,0.9045,-101.30,928.0000,1.32
2026-01-28 10:40:00,940.25,940.25,938.8,939.55,447938,-0.0355,0.9045,-103.92,928.0000,1.24
2026-01-28 10:45:00,939.55,940.3,939.1,939.7,204407,-0.0735,0.9045,-108.13,928.0000,1.26
2026-01-28 10:50:00,939.75,940.15,938.75,939.25,378740,-0.1567,0.9045,-117.32,928.0000,1.21
2026-01-28 10:55:00,939.25,939.7,938.5,939.1,296632,-0.2443,0.9045,-127.01,928.0000,1.20
2026-01-28 11:00:00,939.1,939.25,937.7,938.3,297656,-0.3710,0.9045,-141.02,928.0000,1.11
2026-01-28 11:05:00,938.35,938.4,937,937,180759,-0.5466,0.9045,-160.43,928.0000,0.97
2026-01-28 11:10:00,937,937.4,936.2,937.05,282972,-0.6563,0.9045,-172.56,928.0000,0.98
2026-01-28 11:15:00,937,937.75,936.8,937.35,348321,-0.7015,0.9045,-177.56,928.0000,1.01
2026-01-28 11:20:00,937.4,939.5,937.2,939.5,485028,-0.5841,0.9045,-164.58,928.0000,1.24
2026-01-28 11:25:00,939.5,940.05,938.7,939.3,352606,-0.5198,0.9045,-157.47,928.0000,1.22
2026-01-28 11:30:00,939.25,939.85,938.65,939.5,202107,-0.4653,0.9045,-151.44,928.0000,1.24
2026-01-28 11:35:00,939.5,939.6,937.8,938.2,293592,-0.5145,0.9045,-156.88,928.0000,1.10
2026-01-28 11:40:00,938.2,938.25,937,937.05,175409,-0.6154,0.9045,-168.04,928.0000,0.98
2026-01-28 11:45:00,937.1,937.65,936.6,937.35,216130,-0.6494,0.9045,-171.80,928.0000,1.01
2026-01-28 11:50:00,937.35,937.35,936.6,937.05,268040,-0.6766,0.9045,-174.80,928.0000,0.98
2026-01-28 11:55:00,937,937.35,936.5,937.3,314956,-0.6614,0.9045,-173.12,928.0000,1.00
2026-01-28 12:00:00,937.3,938.05,937,937.3,147277,-0.6348,0.9045,-170.18,928.0000,1.00
2026-01-28 12:05:00,937.3,937.35,936.3,936.35,368634,-0.6618,0.9045,-173.17,928.0000,0.90
2026-01-28 12:10:00,936.45,937.05,935.85,936,216577,-0.6811,0.9045,-175.30,928.0000,0.86
2026-01-28 12:15:00,936,936.2,934.8,935.45,277202,-0.7057,0.9045,-178.02,928.0000,0.80
2026-01-28 12:20:00,935.45,936,934.4,934.55,224007,-0.7532,0.9045,-183.27,928.0000,0.71
2026-01-28 12:25:00,934.55,935.3,933.8,933.85,239021,-0.7980,0.9045,-188.23,928.0000,0.63
2026-01-28 12:30:00,933.85,934.3,933.4,934,270343,-0.7827,0.9045,-186.53,928.0000,0.65
2026-01-28 12:35:00,934,934.35,933.2,933.95,202014,-0.7415,0.9045,-181.98,928.0000,0.64
2026-01-28 12:40:00,934,934.95,933.75,934.85,267421,-0.6239,0.9045,-168.98,928.0000,0.74
2026-01-28 12:45:00,934.85,935.3,934.15,934.8,242657,-0.5239,0.9045,-157.92,928.0000,0.73
2026-01-28 12:50:00,934.8,936.3,934.25,935.6,316311,-0.3846,0.9045,-142.52,928.0000,0.82
2026-01-28 12:55:00,935.55,935.6,933.85,933.85,169649,-0.3898,0.9045,-143.10,928.0000,0.63
2026-01-28 13:00:00,933.9,933.9,932.85,933,238179,-0.4271,0.9045,-147.22,928.0000,0.54
2026-01-28 13:05:00,933,933.45,932.8,933,258255,-0.4273,0.9045,-147.24,928.0000,0.54
2026-01-28 13:10:00,933,933.35,932.5,932.9,270926,-0.4096,0.9045,-145.28,928.0000,0.53
2026-01-28 13:15:00,932.85,934,932.3,932.75,387973,-0.3840,0.9045,-142.45,928.0000,0.51
2026-01-28 13:20:00,932.65,934.05,929.7,930.85,507300,-0.4654,0.9045,-151.45,928.0000,0.31
2026-01-28 13:25:00,930.85,932,930.15,931.15,171826,-0.4683,0.9045,-151.77,928.0000,0.34
2026-01-28 13:30:00,931.2,932.5,931,931.4,257517,-0.4239,0.9045,-146.87,928.0000,0.37
2026-01-28 13:35:00,931.4,931.85,930.7,931.6,317211,-0.3544,0.9045,-139.18,928.0000,0.39
2026-01-28 13:40:00,931.6,932,930.35,930.45,176181,-0.3581,0.9045,-139.59,928.0000,0.26
2026-01-28 13:45:00,930.4,930.65,928.7,929.25,236942,-0.4100,0.9045,-145.33,928.0000,0.13
2026-01-28 13:50:00,929.3,930.3,928.85,930.05,144417,-0.3607,0.9045,-139.88,928.0000,0.22
2026-01-28 13:55:00,930.05,930.5,929.95,930.45,144280,-0.2754,0.9045,-130.45,928.0000,0.26
2026-01-28 14:00:00,930.45,931,930,930.65,281956,-0.1840,0.9045,-120.34,928.0000,0.29
2026-01-28 14:05:00,930.65,930.65,929.3,929.7,195212,-0.1666,0.9045,-118.42,928.0000,0.18
2026-01-28 14:10:00,929.7,930.4,929.2,929.5,221384,-0.1482,0.9045,-116.38,928.0000,0.16
2026-01-28 14:15:00,929.5,930.2,929.05,929.25,240088,-0.1331,0.9045,-114.72,928.0000,0.13
2026-01-28 14:20:00,929.25,929.75,928.4,929.5,266663,-0.0885,0.9045,-109.78,928.0000,0.16
2026-01-28 14:25:00,929.5,929.75,929,929.5,179391,-0.0436,0.9045,-104.82,928.0000,0.16
2026-01-28 14:30:00,929.5,931.4,929.4,930.25,243008,0.0471,0.9045,-94.79,928.0000,0.24
2026-01-28 14:35:00,930.2,931.05,929.55,930.65,366574,0.1393,0.9045,-84.60,928.0000,0.29
2026-01-28 14:40:00,930.65,931.25,930.2,930.9,201061,0.2178,0.9045,-75.92,928.0000,0.31
2026-01-28 14:45:00,930.9,931.95,930.85,931.9,268969,0.3308,0.9045,-63.43,928.0000,0.42
2026-01-28 14:50:00,931.95,933.8,931.4,932.95,541477,0.4621,0.9045,-48.91,928.0000,0.53
2026-01-28 14:55:00,932.95,933.5,932.35,932.85,250388,0.5235,0.9045,-42.12,928.0000,0.52
2026-01-28 15:00:00,932.95,933.5,932.6,932.85,775210,0.5430,0.9045,-39.97,928.0000,0.52
2026-01-28 15:05:00,932.9,933.75,932.8,933.35,1037395,0.5660,0.9045,-37.42,928.0000,0.58
2026-01-28 15:10:00,933.4,933.5,931.4,931.4,785556,0.4322,0.9045,-52.22,928.0000,0.37
2026-01-28 15:15:00,931.5,932.75,931.4,932.45,529489,0.3977,0.9045,-56.03,928.0000,0.48
2026-01-28 15:20:00,932.5,933,932.1,932.1,726471,0.3370,0.9045,-62.74,928.0000,0.44
2026-01-28 15:25:00,932.1,932.8,931.75,932.4,564137,0.3037,0.9045,-66.42,928.0000,0.47
2026-01-29 09:15:00,930.1,932.7,927.25,930.4,1704569,0.1420,0.3037,-53.24,932.4000,-0.21
2026-01-29 09:20:00,930.35,930.7,929.05,930,646727,0.0099,0.3037,-96.74,932.4000,-0.26
2026-01-29 09:25:00,930,930.3,929,929,361826,-0.1350,0.3037,-144.45,932.4000,-0.36
2026-01-29 09:30:00,929,929.05,927.6,928.95,338899,-0.2193,0.3037,-172.21,932.4000,-0.37
2026-01-29 09:35:00,928.95,929.05,927.75,928.75,201672,-0.2703,0.3037,-189.00,932.4000,-0.39
2026-01-29 09:40:00,928.8,929.2,927.1,927.95,328999,-0.3355,0.3037,-210.47,932.4000,-0.48
2026-01-29 09:45:00,927.95,929,927.55,928.65,244452,-0.3096,0.3037,-201.94,932.4000,-0.40
2026-01-29 09:50:00,928.5,929.55,926.6,926.95,553545,-0.3805,0.3037,-225.29,932.4000,-0.58
2026-01-29 09:55:00,926.95,927.5,925.45,926.25,525998,-0.4436,0.3037,-246.07,932.4000,-0.66
2026-01-29 10:00:00,926.3,926.4,925.2,926,310481,-0.4688,0.3037,-254.36,932.4000,-0.69
2026-01-29 10:05:00,926,926,925.05,925.85,279417,-0.4615,0.3037,-251.96,932.4000,-0.70
2026-01-29 10:10:00,925.85,926.8,924.35,926,475947,-0.4140,0.3037,-236.32,932.4000,-0.69
2026-01-29 10:15:00,926,927.4,925.7,926.3,345635,-0.3332,0.3037,-209.71,932.4000,-0.65
2026-01-29 10:20:00,926.35,927.75,925.5,926.85,297999,-0.2192,0.3037,-172.18,932.4000,-0.60
2026-01-29 10:25:00,926.85,927.5,925.65,926.1,263661,-0.1727,0.3037,-156.87,932.4000,-0.68
2026-01-29 10:30:00,926.1,927.5,925.2,927.15,258833,-0.0557,0.3037,-118.34,932.4000,-0.56
2026-01-29 10:35:00,927.1,928.7,926.8,926.8,215541,0.0101,0.3037,-96.67,932.4000,-0.60
2026-01-29 10:40:00,926.85,927.6,926.15,926.3,172872,0.0307,0.3037,-89.89,932.4000,-0.65
2026-01-29 10:45:00,926.3,926.85,926.15,926.55,138466,0.0698,0.3037,-77.02,932.4000,-0.63
2026-01-29 10:50:00,926.55,928.2,926.5,927.6,194401,0.1693,0.3037,-44.25,932.4000,-0.51
2026-01-29 10:55:00,927.45,928.75,927.2,928.35,211269,0.2819,0.3037,-7.18,932.4000,-0.43
2026-01-29 11:00:00,928.2,928.5,927.8,928,208806,0.3260,0.3037,7.34,932.4000,-0.47
2026-01-29 11:05:00,928,929.2,927.8,929.2,230889,0.4230,0.3037,39.28,932.4000,-0.34
2026-01-29 11:10:00,929.2,930.6,929.15,930.2,287297,0.5343,0.3037,75.93,932.4000,-0.24
2026-01-29 11:15:00,930.1,931.3,929.65,930.8,185919,0.6221,0.3037,104.84,932.4000,-0.17
2026-01-29 11:20:00,930.75,931.8,930.3,931.65,308783,0.7050,0.3037,132.14,932.4000,-0.08
2026-01-29 11:25:00,931.6,931.65,930.1,931.3,399802,0.7023,0.3037,131.25,932.4000,-0.12
2026-01-29 11:30:00,931.2,932.3,929.75,929.75,495658,0.5680,0.3037,87.03,932.4000,-0.28
2026-01-29 11:35:00,929.75,929.85,928.75,929,249999,0.4079,0.3037,34.31,932.4000,-0.36
2026-01-29 11:40:00,928.9,930.8,928.9,930.3,331447,0.3700,0.3037,21.83,932.4000,-0.23
2026-01-29 11:45:00,930.2,930.3,928.95,929.95,441436,0.3045,0.3037,0.26,932.4000,-0.26
2026-01-29 11:50:00,929.95,930.05,928.3,928.3,590282,0.1415,0.3037,-53.41,932.4000,-0.44
2026-01-29 11:55:00,928.35,929.6,927.95,929.3,470843,0.0947,0.3037,-68.82,932.4000,-0.33
2026-01-29 12:00:00,929.25,930.85,929.1,930.85,1038254,0.1581,0.3037,-47.94,932.4000,-0.17
2026-01-29 12:05:00,930.85,934.4,930.65,933.95,263570,0.3857,0.3037,27.00,932.4000,0.17
2026-01-29 12:10:00,933.95,934.35,933.25,933.85,188712,0.4994,0.3037,64.44,932.4000,0.16
2026-01-29 12:15:00,933.85,934.95,933.2,933.75,315896,0.5344,0.3037,75.96,932.4000,0.14
2026-01-29 12:20:00,933.75,934.75,932.95,934.75,413922,0.5873,0.3037,93.38,932.4000,0.25
2026-01-29 12:25:00,934.75,934.75,933.15,934.15,211161,0.5453,0.3037,79.55,932.4000,0.19
2026-01-29 12:30:00,934.2,936,934.15,936,309817,0.6010,0.3037,97.89,932.4000,0.39
2026-01-29 12:35:00,936,936,935.05,935.05,252490,0.5349,0.3037,76.13,932.4000,0.28
2026-01-29 12:40:00,935.2,935.75,934.75,935.05,230162,0.4555,0.3037,49.98,932.4000,0.28
2026-01-29 12:45:00,935.1,936.4,934.85,935.35,267358,0.3900,0.3037,28.42,932.4000,0.32
2026-01-29 12:50:00,935.4,937.2,935.35,936.4,199282,0.3835,0.3037,26.28,932.4000,0.43
2026-01-29 12:55:00,936.4,937.35,935,935.5,262574,0.2891,0.3037,-4.81,932.4000,0.33
2026-01-29 13:00:00,935.5,937.05,935.5,937,245782,0.2971,0.3037,-2.17,932.4000,0.49
2026-01-29 13:05:00,937,937.8,936.6,936.75,200421,0.2564,0.3037,-15.57,932.4000,0.47
2026-01-29 13:10:00,936.75,936.8,936.05,936.55,166645,0.1899,0.3037,-37.47,932.4000,0.45
2026-01-29 13:15:00,936.55,937,935.7,936.05,228889,0.0913,0.3037,-69.94,932.4000,0.39
2026-01-29 13:20:00,936.05,936.75,935.95,936.45,159966,0.0348,0.3037,-88.54,932.4000,0.43
2026-01-29 13:25:00,936.4,936.55,935.3,936.05,190074,-0.0434,0.3037,-114.29,932.4000,0.39
2026-01-29 13:30:00,936.05,937.55,935.55,937,272883,-0.0448,0.3037,-114.75,932.4000,0.49
2026-01-29 13:35:00,937,938.35,936.75,938.2,478404,0.0179,0.3037,-94.11,932.4000,0.62
2026-01-29 13:40:00,938.15,939,938,939,212547,0.0921,0.3037,-69.67,932.4000,0.71
2026-01-29 13:45:00,938.95,939.3,938,938.15,426307,0.0640,0.3037,-78.93,932.4000,0.62
2026-01-29 13:50:00,938.15,938.75,938,938,446051,0.0179,0.3037,-94.11,932.4000,0.60
2026-01-29 13:55:00,938.05,938.5,937.9,938.1,331291,-0.0213,0.3037,-107.01,932.4000,0.61
2026-01-29 14:00:00,938.1,938.5,937.95,938.05,287964,-0.0636,0.3037,-120.94,932.4000,0.61
2026-01-29 14:05:00,938.05,938.2,936.55,936.6,845776,-0.1948,0.3037,-164.14,932.4000,0.45
2026-01-29 14:10:00,936.55,938.25,936.45,937.95,277226,-0.1957,0.3037,-164.44,932.4000,0.60
2026-01-29 14:15:00,937.95,938.5,937.55,937.65,241551,-0.2197,0.3037,-172.34,932.4000,0.56
2026-01-29 14:20:00,937.65,938.35,937.55,937.9,216418,-0.2214,0.3037,-172.90,932.4000,0.59
2026-01-29 14:25:00,937.9,939,937.8,938.2,236787,-0.2053,0.3037,-167.60,932.4000,0.62
2026-01-29 14:30:00,938.2,939.05,937.65,938.2,764338,-0.1976,0.3037,-165.06,932.4000,0.62
2026-01-29 14:35:00,938.2,938.75,937.25,937.7,324056,-0.2270,0.3037,-174.74,932.4000,0.57
2026-01-29 14:40:00,937.65,937.7,936.45,937.1,204391,-0.2840,0.3037,-193.51,932.4000,0.50
2026-01-29 14:45:00,937.1,938.55,937.05,938.15,376699,-0.2493,0.3037,-182.09,932.4000,0.62
2026-01-29 14:50:00,938.15,938.2,937.55,938.1,333468,-0.2286,0.3037,-175.27,932.4000,0.61
2026-01-29 14:55:00,938.1,938.35,936.6,937.2,375899,-0.2715,0.3037,-189.40,932.4000,0.51
2026-01-29 15:00:00,937,937.2,933.75,935.2,2874786,-0.4216,0.3037,-238.82,932.4000,0.30
2026-01-29 15:05:00,935.2,936,934.15,935.65,1880163,-0.4737,0.3037,-255.98,932.4000,0.35
2026-01-29 15:10:00,935.6,935.7,934.05,934.65,1649429,-0.5531,0.3037,-282.12,932.4000,0.24
2026-01-29 15:15:00,934.7,937.2,933.6,935.85,2371966,-0.5038,0.3037,-265.89,932.4000,0.37
2026-01-29 15:20:00,935.85,937.25,935.3,936.35,1713609,-0.4200,0.3037,-238.29,932.4000,0.42
2026-01-29 15:25:00,936.3,936.6,933.65,935,1099076,-0.4359,0.3037,-243.53,932.4000,0.28
2026-01-30 09:15:00,930,937.5,929.5,934.65,1016348,-0.4488,-0.4359,2.96,935.0000,-0.04
2026-01-30 09:20:00,934.7,935.65,933.25,933.4,273751,-0.5155,-0.4359,18.26,935.0000,-0.17
2026-01-30 09:25:00,933.25,933.75,931.15,931.6,310732,-0.6464,-0.4359,48.29,935.0000,-0.36
2026-01-30 09:30:00,931.6,932.5,930.5,932.3,366956,-0.6496,-0.4359,49.03,935.0000,-0.29
2026-01-30 09:35:00,932.3,936.8,932.3,935.2,544198,-0.4307,-0.4359,-1.19,935.0000,0.02
2026-01-30 09:40:00,935.1,935.65,934,935.5,847183,-0.2491,-0.4359,-42.85,935.0000,0.05
2026-01-30 09:45:00,935.45,936.2,935.2,935.7,109633,-0.1061,-0.4359,-75.66,935.0000,0.07
2026-01-30 09:50:00,935.7,937.9,935.5,937.5,199418,0.1075,-0.4359,-124.66,935.0000,0.27
2026-01-30 09:55:00,937.3,937.55,935.8,935.8,106139,0.1305,-0.4359,-129.94,935.0000,0.09
2026-01-30 10:00:00,935.85,936.35,935.05,935.1,101768,0.0964,-0.4359,-122.12,935.0000,0.01
2026-01-30 10:05:00,935.05,935.1,933.75,933.85,116183,-0.0070,-0.4359,-98.39,935.0000,-0.12
2026-01-30 10:10:00,933.85,936.7,933.6,936.65,237782,0.1101,-0.4359,-125.26,935.0000,0.18
2026-01-30 10:15:00,936.65,937.45,936.1,937.1,100425,0.2089,-0.4359,-147.92,935.0000,0.22
2026-01-30 10:20:00,937.05,937.3,935.55,937.1,163441,0.2620,-0.4359,-160.11,935.0000,0.22
2026-01-30 10:25:00,937.1,937.35,936.55,937.35,144906,0.2989,-0.4359,-168.57,935.0000,0.25
2026-01-30 10:30:00,937.35,938.9,937.15,937.85,178181,0.3391,-0.4359,-177.79,935.0000,0.30
2026-01-30 10:35:00,937.85,938,936.6,937.1,83002,0.2987,-0.4359,-168.52,935.0000,0.22
2026-01-30 10:40:00,937.1,937.9,936.3,936.45,135022,0.2155,-0.4359,-149.44,935.0000,0.16
2026-01-30 10:45:00,936.35,937,936,936.2,118503,0.1350,-0.4359,-130.97,935.0000,0.13
2026-01-30 10:50:00,936.15,936.5,935.55,935.8,70228,0.0505,-0.4359,-111.59,935.0000,0.09
2026-01-30 10:55:00,935.8,936,935.25,935.95,108029,0.0028,-0.4359,-100.64,935.0000,0.10
2026-01-30 11:00:00,936,937.15,935.9,936.8,94278,0.0255,-0.4359,-105.85,935.0000,0.19
2026-01-30 11:05:00,936.6,936.9,935.3,935.75,103560,-0.0303,-0.4359,-93.05,935.0000,0.08
2026-01-30 11:10:00,935.4,936,934.3,934.4,244117,-0.1514,-0.4359,-65.27,935.0000,-0.06
2026-01-30 11:15:00,934.4,934.55,933.45,933.6,93015,-0.2717,-0.4359,-37.67,935.0000,-0.15
2026-01-30 11:20:00,933.7,935.5,933.5,935.35,958201,-0.2217,-0.4359,-49.14,935.0000,0.04
2026-01-30 11:25:00,935.4,935.55,934.1,934.1,152963,-0.2587,-0.4359,-40.65,935.0000,-0.10
2026-01-30 11:30:00,934.1,934.65,933,933,121812,-0.3380,-0.4359,-22.46,935.0000,-0.21
2026-01-30 11:35:00,933.15,934.15,932.7,934.15,129606,-0.2954,-0.4359,-32.23,935.0000,-0.09
2026-01-30 11:40:00,934.1,934.4,933.2,933.6,229887,-0.2863,-0.4359,-34.32,935.0000,-0.15
2026-01-30 11:45:00,933.55,934.2,933.35,934.1,153222,-0.2311,-0.4359,-46.98,935.0000,-0.10
2026-01-30 11:50:00,934.1,935.2,933.6,934.65,415367,-0.1462,-0.4359,-66.46,935.0000,-0.04
2026-01-30 11:55:00,934.65,934.95,933.4,933.5,186768,-0.1553,-0.4359,-64.37,935.0000,-0.16
2026-01-30 12:00:00,933.5,933.8,931.9,933.1,249420,-0.1746,-0.4359,-59.94,935.0000,-0.20
2026-01-30 12:05:00,933,934.25,932.95,933.95,279423,-0.1191,-0.4359,-72.68,935.0000,-0.11
2026-01-30 12:10:00,933.9,935.8,933.9,935.6,144695,0.0317,-0.4359,-107.27,935.0000,0.06
2026-01-30 12:15:00,935.7,936.4,934.65,934.7,139333,0.0715,-0.4359,-116.40,935.0000,-0.03
2026-01-30 12:20:00,934.75,935.2,934,934.15,530224,0.0619,-0.4359,-114.20,935.0000,-0.09
2026-01-30 12:25:00,934,934.75,932.7,932.95,139427,-0.0199,-0.4359,-95.43,935.0000,-0.22
2026-01-30 12:30:00,933,933.5,932.05,933,295341,-0.0628,-0.4359,-85.59,935.0000,-0.21
2026-01-30 12:35:00,933.05,933.5,932.2,933.1,154904,-0.0758,-0.4359,-82.61,935.0000,-0.20
2026-01-30 12:40:00,933.15,934.2,933,933.5,535764,-0.0499,-0.4359,-88.55,935.0000,-0.16
2026-01-30 12:45:00,933.5,933.6,932.65,933.15,374258,-0.0489,-0.4359,-88.78,935.0000,-0.20
2026-01-30 12:50:00,933.1,933.35,932.9,933,82580,-0.0506,-0.4359,-88.39,935.0000,-0.21
2026-01-30 12:55:00,933.05,933.65,932,933.55,189125,-0.0091,-0.4359,-97.91,935.0000,-0.16
2026-01-30 13:00:00,933.55,933.75,932.6,932.8,209556,-0.0257,-0.4359,-94.10,935.0000,-0.24
2026-01-30 13:05:00,932.75,932.85,931.5,931.5,652089,-0.1128,-0.4359,-74.12,935.0000,-0.37
2026-01-30 13:10:00,931.5,932.35,931.15,931.55,79892,-0.1532,-0.4359,-64.85,935.0000,-0.37
2026-01-30 13:15:00,931.55,931.75,930.1,931.1,114565,-0.1937,-0.4359,-55.56,935.0000,-0.42
2026-01-30 13:20:00,931.15,932.1,930.85,931.8,157725,-0.1584,-0.4359,-63.66,935.0000,-0.34
2026-01-30 13:25:00,931.7,932.05,931.3,931.3,85744,-0.1535,-0.4359,-64.79,935.0000,-0.40
2026-01-30 13:30:00,931.3,932.15,931.05,931.6,129052,-0.1167,-0.4359,-73.23,935.0000,-0.36
2026-01-30 13:35:00,931.6,932,931.3,931.55,205245,-0.0838,-0.4359,-80.78,935.0000,-0.37
2026-01-30 13:40:00,931.55,932.9,931.55,932.4,155680,0.0026,-0.4359,-100.60,935.0000,-0.28
2026-01-30 13:45:00,932.45,932.75,931.2,931.6,304394,0.0126,-0.4359,-102.89,935.0000,-0.36
2026-01-30 13:50:00,931.55,933.9,931,933.6,217232,0.1529,-0.4359,-135.08,935.0000,-0.15
2026-01-30 13:55:00,933.75,934,933.05,933.65,196329,0.2427,-0.4359,-155.68,935.0000,-0.14
2026-01-30 14:00:00,933.7,934.05,932.95,933.45,327434,0.2797,-0.4359,-164.17,935.0000,-0.17
2026-01-30 14:05:00,933.55,934.6,933.45,934.45,178158,0.3575,-0.4359,-182.01,935.0000,-0.06
2026-01-30 14:10:00,934.7,934.8,933.25,934.2,267243,0.3763,-0.4359,-186.33,935.0000,-0.09
2026-01-30 14:15:00,934.2,934.6,933.8,934.1,151740,0.3658,-0.4359,-183.92,935.0000,-0.10
2026-01-30 14:20:00,934.15,934.45,933.1,933.8,126631,0.3239,-0.4359,-174.31,935.0000,-0.13
2026-01-30 14:25:00,933.6,933.8,932.5,932.8,462091,0.2191,-0.4359,-150.26,935.0000,-0.24
2026-01-30 14:30:00,932.75,933,932.05,932.25,128673,0.1086,-0.4359,-124.91,935.0000,-0.29
2026-01-30 14:35:00,932.15,933,932,932.4,137254,0.0447,-0.4359,-110.25,935.0000,-0.28
2026-01-30 14:40:00,932.7,933,932,932.4,117904,0.0038,-0.4359,-100.87,935.0000,-0.28
2026-01-30 14:45:00,932.4,933.4,932.15,933.25,146627,0.0336,-0.4359,-107.71,935.0000,-0.19
2026-01-30 14:50:00,933.25,933.4,932.2,932.35,163572,-0.0056,-0.4359,-98.72,935.0000,-0.28
2026-01-30 14:55:00,932.35,932.45,931.4,931.95,164796,-0.0541,-0.4359,-87.59,935.0000,-0.33
2026-01-30 15:00:00,931.95,932.35,928.75,929.9,2820508,-0.2110,-0.4359,-51.59,935.0000,-0.55
2026-01-30 15:05:00,929.9,929.9,927.75,929.05,2428135,-0.3505,-0.4359,-19.59,935.0000,-0.64
2026-01-30 15:10:00,929.05,929.65,928.6,928.75,1966680,-0.4360,-0.4359,0.02,935.0000,-0.67
2026-01-30 15:15:00,928.75,930.2,928.2,929.5,2231865,-0.4152,-0.4359,-4.75,935.0000,-0.59
2026-01-30 15:20:00,929.5,930,928,929.25,1950764,-0.3916,-0.4359,-10.16,935.0000,-0.61
2026-01-30 15:25:00,929.25,932.3,928.15,929,1252140,-0.3667,-0.4359,-15.88,935.0000,-0.64
2026-02-01 09:15:00,932,936.8,931,935.8,134928,0.1086,-0.3667,-129.62,929.0000,0.73
2026-02-01 09:20:00,936.15,936.4,933.9,935,51631,0.3559,-0.3667,-197.05,929.0000,0.65
2026-02-01 09:25:00,935,935.5,932.4,933.7,92654,0.4146,-0.3667,-213.06,929.0000,0.51
2026-02-01 09:30:00,933.75,935,933.3,934.4,49649,0.4788,-0.3667,-230.57,929.0000,0.58
2026-02-01 09:35:00,934.4,934.8,933.55,934.2,70973,0.4844,-0.3667,-232.10,929.0000,0.56
2026-02-01 09:40:00,934.6,935.95,934.1,935.75,29906,0.5637,-0.3667,-253.72,929.0000,0.73
2026-02-01 09:45:00,935.75,936,934.5,935.1,39341,0.5433,-0.3667,-248.16,929.0000,0.66
2026-02-01 09:50:00,935,936.25,925.05,934.5,307732,0.4635,-0.3667,-226.40,929.0000,0.59
2026-02-01 09:55:00,934.45,935.65,933.5,934.15,54437,0.3654,-0.3667,-199.65,929.0000,0.55
2026-02-01 10:00:00,934.15,935.35,934.05,934.3,47738,0.2922,-0.3667,-179.68,929.0000,0.57
2026-02-01 10:05:00,934.3,935.5,934.15,935.4,29691,0.2983,-0.3667,-181.35,929.0000,0.69
2026-02-01 10:10:00,935.35,935.4,933.65,935.4,63652,0.2830,-0.3667,-177.17,929.0000,0.69
2026-02-01 10:15:00,935.2,935.6,933.9,934.55,24922,0.2001,-0.3667,-154.57,929.0000,0.60
2026-02-01 10:20:00,934.55,935.75,934.55,935.15,35515,0.1713,-0.3667,-146.71,929.0000,0.66
2026-02-01 10:25:00,935.15,935.45,934.5,935.2,24429,0.1424,-0.3667,-138.83,929.0000,0.67
2026-02-01 10:30:00,935.2,935.35,934.2,935.3,31233,0.1179,-0.3667,-132.15,929.0000,0.68
2026-02-01 10:35:00,935.3,936.5,935.05,935.2,139934,0.0843,-0.3667,-122.99,929.0000,0.67
2026-02-01 10:40:00,935.1,935.7,934.7,935.35,77095,0.0626,-0.3667,-117.07,929.0000,0.68
2026-02-01 10:45:00,935.35,936,934.6,934.9,68482,0.0111,-0.3667,-103.03,929.0000,0.64
2026-02-01 10:50:00,935.1,935.25,933.9,934.7,27655,-0.0406,-0.3667,-88.93,929.0000,0.61
2026-02-01 10:55:00,934.3,934.7,933.5,933.6,33992,-0.1469,-0.3667,-59.94,929.0000,0.50
2026-02-01 11:00:00,933.6,934.15,932.4,933.65,28315,-0.2082,-0.3667,-43.22,929.0000,0.50
2026-02-01 11:05:00,933.65,936.25,933.4,934.5,71545,-0.1866,-0.3667,-49.11,929.0000,0.59
2026-02-01 11:10:00,934.3,935.6,934.1,934.7,14544,-0.1551,-0.3667,-57.70,929.0000,0.61
2026-02-01 11:15:00,934.7,935.2,933.15,933.2,35501,-0.2273,-0.3667,-38.01,929.0000,0.45
2026-02-01 11:20:00,933.55,934.15,932.35,933.6,43605,-0.2389,-0.3667,-34.85,929.0000,0.50
2026-02-01 11:25:00,933.3,938.5,933.2,936.5,217505,-0.0518,-0.3667,-85.87,929.0000,0.81
2026-02-01 11:30:00,936.5,937.65,936,937.1,47060,0.1033,-0.3667,-128.17,929.0000,0.87
2026-02-01 11:35:00,937.1,937.45,935.5,935.95,21989,0.1184,-0.3667,-132.29,929.0000,0.75
2026-02-01 11:40:00,935.9,937.1,935,935.15,144450,0.0670,-0.3667,-118.27,929.0000,0.66
2026-02-01 11:45:00,935.15,935.3,933.05,934.55,67727,-0.0109,-0.3667,-97.03,929.0000,0.60
2026-02-01 11:50:00,934.45,936.9,933.8,935.15,378482,-0.0245,-0.3667,-93.32,929.0000,0.66
2026-02-01 11:55:00,934.75,936.8,933.5,935.55,108767,-0.0100,-0.3667,-97.27,929.0000,0.71
2026-02-01 12:00:00,935.55,937.2,935,936.75,70091,0.0725,-0.3667,-119.77,929.0000,0.83
2026-02-01 12:05:00,936.8,939.65,936,936.7,160311,0.1134,-0.3667,-130.92,929.0000,0.83
2026-02-01 12:10:00,936.8,938.45,933,934.65,140460,-0.0018,-0.3667,-99.51,929.0000,0.61
2026-02-01 12:15:00,934.5,935.95,933.05,934,79548,-0.1195,-0.3667,-67.41,929.0000,0.54
2026-02-01 12:20:00,933.5,934.15,926,928.6,367267,-0.5355,-0.3667,46.03,929.0000,-0.04
2026-02-01 12:25:00,928.45,931,923.8,926.5,262304,-0.9047,-0.3667,146.71,929.0000,-0.27
2026-02-01 12:30:00,926.55,927.8,912.65,918.15,379635,-1.6222,-0.3667,342.38,929.0000,-1.17
2026-02-01 12:35:00,918.4,929.7,917.45,929.25,207147,-1.2753,-0.3667,247.78,929.0000,0.03
2026-02-01 12:40:00,929.25,933.3,927,930.9,322408,-0.8797,-0.3667,139.90,929.0000,0.20
2026-02-01 12:45:00,930.9,933,929.5,930.6,205345,-0.5966,-0.3667,62.69,929.0000,0.17
2026-02-01 12:50:00,930.25,931.85,928.15,930.95,191623,-0.3562,-0.3667,-2.86,929.0000,0.21
2026-02-01 12:55:00,930.95,932.7,930.2,931.75,297585,-0.1256,-0.3667,-65.75,929.0000,0.30
2026-02-01 13:00:00,932.2,932.7,930.15,932.45,99693,0.0808,-0.3667,-122.03,929.0000,0.37
2026-02-01 13:05:00,932.3,932.7,928.05,930.65,406264,0.1014,-0.3667,-127.65,929.0000,0.18
2026-02-01 13:10:00,930.45,932.45,926.2,931.5,221315,0.1733,-0.3667,-147.26,929.0000,0.27
2026-02-01 13:15:00,931.9,931.9,929.3,930.6,275680,0.1616,-0.3667,-144.07,929.0000,0.17
2026-02-01 13:20:00,930.9,931.9,930,930.05,53968,0.1200,-0.3667,-132.72,929.0000,0.11
2026-02-01 13:25:00,930.4,931.8,929.1,929.1,208445,0.0361,-0.3667,-109.84,929.0000,0.01
2026-02-01 13:30:00,929.2,929.9,927,928.35,62160,-0.0573,-0.3667,-84.37,929.0000,-0.07
2026-02-01 13:35:00,928.2,929.75,927.5,928.3,26312,-0.1068,-0.3667,-70.88,929.0000,-0.08
2026-02-01 13:40:00,928.3,929.4,927.2,927.9,136797,-0.1485,-0.3667,-59.50,929.0000,-0.12
2026-02-01 13:45:00,927.7,928.45,926.1,926.35,39471,-0.2560,-0.3667,-30.19,929.0000,-0.29
2026-02-01 13:50:00,926.3,927.6,925.25,925.55,94776,-0.3508,-0.3667,-4.34,929.0000,-0.37
2026-02-01 13:55:00,925.5,928.45,925.5,926.55,80167,-0.3169,-0.3667,-13.58,929.0000,-0.26
2026-02-01 14:00:00,926.55,928.2,926.5,926.6,49383,-0.2640,-0.3667,-28.01,929.0000,-0.26
2026-02-01 14:05:00,926.6,927.45,926.3,926.85,49592,-0.1887,-0.3667,-48.54,929.0000,-0.23
2026-02-01 14:10:00,926.8,927.4,924.25,925.2,259658,-0.2240,-0.3667,-38.91,929.0000,-0.41
2026-02-01 14:15:00,925,926.45,924.05,925.25,106874,-0.2179,-0.3667,-40.58,929.0000,-0.40
2026-02-01 14:20:00,925.5,927.7,925.25,927.25,92980,-0.0611,-0.3667,-83.34,929.0000,-0.19
2026-02-01 14:25:00,927.15,928.2,926.8,927.1,49654,0.0447,-0.3667,-112.19,929.0000,-0.20
2026-02-01 14:30:00,927.05,927.1,925.1,925.25,44947,0.0045,-0.3667,-101.23,929.0000,-0.40
2026-02-01 14:35:00,925.4,927.1,925.15,926.05,56732,0.0441,-0.3667,-112.03,929.0000,-0.32
2026-02-01 14:40:00,926.15,926.7,924.8,924.9,54454,0.0069,-0.3667,-101.88,929.0000,-0.44
2026-02-01 14:45:00,924.9,926.1,923.25,923.5,118929,-0.0924,-0.3667,-74.80,929.0000,-0.59
2026-02-01 14:50:00,923.5,925.85,923,924.85,142226,-0.0496,-0.3667,-86.47,929.0000,-0.45
2026-02-01 14:55:00,924.45,926.8,924.25,924.45,243249,-0.0316,-0.3667,-91.38,929.0000,-0.49
2026-02-01 15:00:00,924.5,926.8,923.85,925.8,307015,0.0816,-0.3667,-122.25,929.0000,-0.34
2026-02-01 15:05:00,925.75,926.4,923.2,923.85,161726,0.0378,-0.3667,-110.31,929.0000,-0.55
2026-02-01 15:10:00,923.6,924.25,921.65,923.55,143735,0.0031,-0.3667,-100.85,929.0000,-0.59
2026-02-01 15:15:00,923.55,924.55,920,923.75,195716,0.0078,-0.3667,-102.13,929.0000,-0.57
2026-02-01 15:20:00,923.75,924.05,918.1,918.35,422468,-0.3204,-0.3667,-12.63,929.0000,-1.15
2026-02-01 15:25:00,918.35,920,916.2,918.05,321345,-0.5139,-0.3667,40.14,929.0000,-1.18
2026-02-02 09:15:00,915,922.45,909.3,920.95,1708632,-0.4074,-0.5139,-20.72,918.0500,0.32
2026-02-02 09:20:00,920.9,924.45,920,923.7,632082,-0.1271,-0.5139,-75.27,918.0500,0.62
2026-02-02 09:25:00,923.75,924.85,921.1,923.1,1367558,0.0340,-0.5139,-106.62,918.0500,0.55
2026-02-02 09:30:00,923.1,927.9,923,923.75,579818,0.1915,-0.5139,-137.26,918.0500,0.62
2026-02-02 09:35:00,923.75,926.4,921.85,925.8,490551,0.4275,-0.5139,-183.19,918.0500,0.84
2026-02-02 09:40:00,925.85,928.15,925.6,926.95,415773,0.6418,-0.5139,-224.89,918.0500,0.97
2026-02-02 09:45:00,926.95,929.3,926.1,928.2,324140,0.8364,-0.5139,-262.76,918.0500,1.11
2026-02-02 09:50:00,928.3,929.8,926.75,929.1,298516,0.9840,-0.5139,-291.48,918.0500,1.20
2026-02-02 09:55:00,929.15,929.15,925.25,926,326423,0.8370,-0.5139,-262.87,918.0500,0.87
2026-02-02 10:00:00,925.8,926.3,923.75,924,572846,0.5813,-0.5139,-213.12,918.0500,0.65
2026-02-02 10:05:00,923.85,924.55,922.75,923.6,394304,0.3717,-0.5139,-172.33,918.0500,0.60
2026-02-02 10:10:00,923.55,926.5,922.9,924.85,303098,0.3064,-0.5139,-159.62,918.0500,0.74
2026-02-02 10:15:00,924.85,927.9,924.4,927.45,362183,0.4204,-0.5139,-181.81,918.0500,1.02
2026-02-02 10:20:00,927.45,928,924.6,925.2,269867,0.3304,-0.5139,-164.29,918.0500,0.78
2026-02-02 10:25:00,925.4,928.75,925.3,927.5,267514,0.4068,-0.5139,-179.16,918.0500,1.03
2026-02-02 10:30:00,927.6,928.8,926.65,928.05,215589,0.4710,-0.5139,-191.65,918.0500,1.09
2026-02-02 10:35:00,928.05,929.3,927.45,929,236884,0.5485,-0.5139,-206.73,918.0500,1.19
2026-02-02 10:40:00,929,929.75,926.45,926.7,299388,0.4217,-0.5139,-182.06,918.0500,0.94
2026-02-02 10:45:00,926.7,928,926.5,927.5,244247,0.3703,-0.5139,-172.06,918.0500,1.03
2026-02-02 10:50:00,927.4,928.2,925.3,925.5,238508,0.1894,-0.5139,-136.86,918.0500,0.81
2026-02-02 10:55:00,925.65,925.65,923,923.5,655090,-0.0636,-0.5139,-87.62,918.0500,0.59
2026-02-02 11:00:00,923.7,924,922.05,922.3,600863,-0.2975,-0.5139,-42.11,918.0500,0.46
2026-02-02 11:05:00,922.55,922.8,920.1,921.1,632606,-0.5063,-0.5139,-1.48,918.0500,0.33
2026-02-02 11:10:00,921.3,922.2,920.05,921.75,361514,-0.5693,-0.5139,10.78,918.0500,0.40
2026-02-02 11:15:00,921.6,921.7,920,920.5,341346,-0.6575,-0.5139,27.94,918.0500,0.27
2026-02-02 11:20:00,920.55,921.25,919.8,920.35,340239,-0.6852,-0.5139,33.33,918.0500,0.25
2026-02-02 11:25:00,920.25,921.85,920.05,920.8,317275,-0.6337,-0.5139,23.31,918.0500,0.30
2026-02-02 11:30:00,920.95,924.3,920.75,923.6,393633,-0.3839,-0.5139,-25.30,918.0500,0.60
2026-02-02 11:35:00,923.6,924.7,921.65,923.6,491930,-0.2006,-0.5139,-60.97,918.0500,0.60
2026-02-02 11:40:00,923.65,926.45,922.8,926.25,269100,0.1009,-0.5139,-119.63,918.0500,0.89
2026-02-02 11:45:00,926.25,927.6,926.1,927.45,141129,0.3680,-0.5139,-171.61,918.0500,1.02
2026-02-02 11:50:00,927.6,927.6,924.85,925.75,301847,0.4135,-0.5139,-180.46,918.0500,0.84
2026-02-02 11:55:00,926,926.1,924.1,925.3,239351,0.3967,-0.5139,-177.19,918.0500,0.79
2026-02-02 12:00:00,925.3,926.1,924.1,924.65,109912,0.3279,-0.5139,-163.81,918.0500,0.72
2026-02-02 12:05:00,924.65,925.4,924.2,924.65,118056,0.2710,-0.5139,-152.73,918.0500,0.72
2026-02-02 12:10:00,924.6,926.9,923.75,926.45,124696,0.3387,-0.5139,-165.91,918.0500,0.91
2026-02-02 12:15:00,926.35,927.4,925,925.35,128084,0.2952,-0.5139,-157.44,918.0500,0.80
2026-02-02 12:20:00,925.25,925.9,925,925.6,112497,0.2696,-0.5139,-152.46,918.0500,0.82
2026-02-02 12:25:00,925.6,926,924.95,925.35,106030,0.2242,-0.5139,-143.63,918.0500,0.80
2026-02-02 12:30:00,925.35,925.75,924.15,924.85,119470,0.1522,-0.5139,-129.62,918.0500,0.74
2026-02-02 12:35:00,924.85,924.9,923.3,924,199036,0.0447,-0.5139,-108.70,918.0500,0.65
2026-02-02 12:40:00,924,924.3,922.5,922.95,148254,-0.0923,-0.5139,-82.04,918.0500,0.53
2026-02-02 12:45:00,922.95,923.5,922.5,923.4,272967,-0.1447,-0.5139,-71.84,918.0500,0.58
2026-02-02 12:50:00,923.35,923.95,922.55,923.85,152553,-0.1410,-0.5139,-72.56,918.0500,0.63
2026-02-02 12:55:00,923.75,924.85,923.5,923.85,173342,-0.1308,-0.5139,-74.55,918.0500,0.63
2026-02-02 13:00:00,923.85,924.75,923.4,924,234629,-0.1070,-0.5139,-79.18,918.0500,0.65
2026-02-02 13:05:00,924,925,923.85,924.75,136114,-0.0375,-0.5139,-92.70,918.0500,0.73
2026-02-02 13:10:00,924.75,925,923.85,923.9,199885,-0.0451,-0.5139,-91.22,918.0500,0.64
2026-02-02 13:15:00,923.85,923.9,921.7,922,184382,-0.1674,-0.5139,-67.43,918.0500,0.43
2026-02-02 13:20:00,922,922.2,920.55,921.5,139829,-0.2655,-0.5139,-48.34,918.0500,0.38
2026-02-02 13:25:00,921.5,922.65,921.3,921.95,487917,-0.2821,-0.5139,-45.11,918.0500,0.42
2026-02-02 13:30:00,921.9,922.2,921,921.4,230830,-0.3098,-0.5139,-39.72,918.0500,0.36
2026-02-02 13:35:00,921.5,921.75,920.4,921.6,336845,-0.2946,-0.5139,-42.67,918.0500,0.39
2026-02-02 13:40:00,921.6,923.5,920.95,923.4,436029,-0.1504,-0.5139,-70.73,918.0500,0.58
2026-02-02 13:45:00,923.35,923.95,922.55,923.45,144479,-0.0443,-0.5139,-91.38,918.0500,0.59
2026-02-02 13:50:00,923.45,924,922.9,923.2,292928,0.0133,-0.5139,-102.59,918.0500,0.56
2026-02-02 13:55:00,923.15,923.75,923,923.05,112966,0.0439,-0.5139,-108.54,918.0500,0.54
2026-02-02 14:00:00,923,923.5,921.95,923.15,186282,0.0717,-0.5139,-113.95,918.0500,0.56
2026-02-02 14:05:00,923.15,923.4,922.4,922.5,91348,0.0484,-0.5139,-109.42,918.0500,0.48
2026-02-02 14:10:00,922.5,923.1,921.9,923.1,125087,0.0739,-0.5139,-114.38,918.0500,0.55
2026-02-02 14:15:00,923,923.75,921.5,923,422641,0.0838,-0.5139,-116.31,918.0500,0.54
2026-02-02 14:20:00,923,925.3,922.85,924.15,445066,0.1630,-0.5139,-131.72,918.0500,0.66
2026-02-02 14:25:00,924.15,924.9,923.7,924.1,92168,0.2045,-0.5139,-139.79,918.0500,0.66
2026-02-02 14:30:00,924.05,924.4,922.3,922.9,213444,0.1464,-0.5139,-128.49,918.0500,0.53
2026-02-02 14:35:00,922.9,924.4,922.5,924.3,216794,0.1944,-0.5139,-137.83,918.0500,0.68
2026-02-02 14:40:00,924.35,924.75,923.7,924,186585,0.1976,-0.5139,-138.45,918.0500,0.65
2026-02-02 14:45:00,923.95,925.45,923.7,925,207149,0.2550,-0.5139,-149.62,918.0500,0.76
2026-02-02 14:50:00,924.95,926.9,924.85,926.7,253406,0.3874,-0.5139,-175.38,918.0500,0.94
2026-02-02 14:55:00,926.75,927.1,926,926.85,233499,0.4601,-0.5139,-189.53,918.0500,0.96
2026-02-02 15:00:00,926.85,929,926.8,928.1,987041,0.5608,-0.5139,-209.13,918.0500,1.09
2026-02-02 15:05:00,928.1,929.5,928,929.5,1104243,0.6819,-0.5139,-232.69,918.0500,1.25
2026-02-02 15:10:00,929.5,929.65,927.25,927.6,864446,0.5974,-0.5139,-216.25,918.0500,1.04
2026-02-02 15:15:00,927.6,929,927.05,927.2,749389,0.4829,-0.5139,-193.97,918.0500,1.00
2026-02-02 15:20:00,927.2,928.15,926.4,927.15,884304,0.3767,-0.5139,-173.30,918.0500,0.99
2026-02-02 15:25:00,927.1,928.55,924,928.1,661982,0.3442,-0.5139,-166.98,918.0500,1.09
2026-02-03 09:15:00,983.75,994,945,949.5,13731597,1.6641,0.3442,383.47,928.1000,2.31
2026-02-03 09:20:00,949.3,955.5,946.9,954.85,2223838,2.7342,0.3442,694.36,928.1000,2.88
2026-02-03 09:25:00,954.75,955.1,951.1,953.25,1184383,3.1419,0.3442,812.81,928.1000,2.71
2026-02-03 09:30:00,953.2,953.2,947.5,947.85,1242666,2.8634,0.3442,731.90,928.1000,2.13
2026-02-03 09:35:00,947.85,950.25,946.7,948.85,494989,2.5713,0.3442,647.04,928.1000,2.24
2026-02-03 09:40:00,948.85,949.85,946.5,947.6,331448,2.1366,0.3442,520.74,928.1000,2.10
2026-02-03 09:45:00,947.6,949.9,945,949.8,614617,1.8506,0.3442,437.65,928.1000,2.34
2026-02-03 09:50:00,949.7,951.45,947.35,947.95,897168,1.4100,0.3442,309.65,928.1000,2.14
2026-02-03 09:55:00,947.95,949.6,947.2,947.75,1167559,0.9978,0.3442,189.89,928.1000,2.12
2026-02-03 10:00:00,947.75,949.45,947.3,948.65,197977,0.6929,0.3442,101.31,928.1000,2.21
2026-02-03 10:05:00,948.85,950.55,946.8,950.4,1187264,0.5239,0.3442,52.21,928.1000,2.40
2026-02-03 10:10:00,950.2,950.55,947.2,947.6,274725,0.1574,0.3442,-54.27,928.1000,2.10
2026-02-03 10:15:00,947.6,951,947.5,950.8,392534,0.0688,0.3442,-80.01,928.1000,2.45
2026-02-03 10:20:00,950.8,952.25,950.5,952.2,566162,0.0441,0.3442,-87.19,928.1000,2.60
2026-02-03 10:25:00,952.15,952.6,950.6,951.45,267388,-0.0767,0.3442,-122.28,928.1000,2.52
2026-02-03 10:30:00,951.4,952.9,950.5,952.7,262365,-0.1235,0.3442,-135.88,928.1000,2.65
2026-02-03 10:35:00,952.7,953.05,951.3,951.85,204225,-0.2552,0.3442,-174.14,928.1000,2.56
2026-02-03 10:40:00,951.8,952.75,950.45,950.5,206062,-0.4645,0.3442,-234.95,928.1000,2.41
2026-02-03 10:45:00,950.6,951.25,949.5,950.15,277939,-0.6467,0.3442,-287.88,928.1000,2.38
2026-02-03 10:50:00,950.15,951.3,949.75,951.2,118427,-0.7114,0.3442,-306.68,928.1000,2.49
2026-02-03 10:55:00,951.2,952.8,951.2,951.9,178367,-0.7199,0.3442,-309.15,928.1000,2.56
2026-02-03 11:00:00,951.95,952.85,950.8,951,274446,-0.7932,0.3442,-330.45,928.1000,2.47
2026-02-03 11:05:00,951,951.5,950.7,950.8,117295,-0.8567,0.3442,-348.90,928.1000,2.45
2026-02-03 11:10:00,950.8,951.3,949.8,950.75,214129,-0.8993,0.3442,-361.27,928.1000,2.44
2026-02-03 11:15:00,950.8,951.2,949.9,950.25,219828,-0.9531,0.3442,-376.90,928.1000,2.39
2026-02-03 11:20:00,950.25,951.3,950.25,951.25,115515,-0.9134,0.3442,-365.37,928.1000,2.49
2026-02-03 11:25:00,951.3,952,950,950.75,515618,-0.9106,0.3442,-364.56,928.1000,2.44
2026-02-03 11:30:00,950.75,953.8,950.05,953.7,400618,-0.7090,0.3442,-305.98,928.1000,2.76
2026-02-03 11:35:00,953.8,953.9,952,953.1,205093,-0.6182,0.3442,-279.60,928.1000,2.69
2026-02-03 11:40:00,953.05,953.7,952.9,953.5,103101,-0.5365,0.3442,-255.87,928.1000,2.74
2026-02-03 11:45:00,953.55,953.65,952.4,952.95,104814,-0.5240,0.3442,-252.24,928.1000,2.68
2026-02-03 11:50:00,953,953.65,952.5,952.95,161521,-0.5194,0.3442,-250.90,928.1000,2.68
2026-02-03 11:55:00,953,953.15,952.2,952.65,183608,-0.5379,0.3442,-256.28,928.1000,2.65
2026-02-03 12:00:00,952.8,953,952.2,952.4,98246,-0.5655,0.3442,-264.29,928.1000,2.62
2026-02-03 12:05:00,952.4,953.95,951.9,952.95,453386,-0.5450,0.3442,-258.34,928.1000,2.68
2026-02-03 12:10:00,953.15,954,952.95,953.7,294401,-0.4814,0.3442,-239.86,928.1000,2.76
2026-02-03 12:15:00,953.8,954,952.65,952.95,153703,-0.4888,0.3442,-242.01,928.1000,2.68
2026-02-03 12:20:00,953,953.6,952.1,952.25,215887,-0.5360,0.3442,-255.72,928.1000,2.60
2026-02-03 12:25:00,952.3,952.35,950.05,950.5,274832,-0.6714,0.3442,-295.06,928.1000,2.41
2026-02-03 12:30:00,950.55,951.75,950.25,950.9,246684,-0.7163,0.3442,-308.11,928.1000,2.46
2026-02-03 12:35:00,950.85,951.6,949.7,951.3,982918,-0.7005,0.3442,-303.52,928.1000,2.50
2026-02-03 12:40:00,951.3,951.8,949.7,950.45,273456,-0.7256,0.3442,-310.81,928.1000,2.41
2026-02-03 12:45:00,950.45,950.45,949.5,949.95,157081,-0.7511,0.3442,-318.22,928.1000,2.35
2026-02-03 12:50:00,950,950.95,949.8,950.45,1002166,-0.7099,0.3442,-306.25,928.1000,2.41
2026-02-03 12:55:00,950.45,951,950.25,950.3,288955,-0.6690,0.3442,-294.36,928.1000,2.39
2026-02-03 13:00:00,950.3,951,950.05,950.5,138607,-0.6065,0.3442,-276.21,928.1000,2.41
2026-02-03 13:05:00,950.5,950.75,949.7,950.05,111768,-0.5739,0.3442,-266.73,928.1000,2.37
2026-02-03 13:10:00,950.05,950.55,950,950.5,156697,-0.5030,0.3442,-246.14,928.1000,2.41
2026-02-03 13:15:00,950.5,950.5,950.1,950.45,141209,-0.4425,0.3442,-228.56,928.1000,2.41
2026-02-03 13:20:00,950.45,951.45,950,951.3,955596,-0.3334,0.3442,-196.86,928.1000,2.50
2026-02-03 13:25:00,951.3,951.5,949.25,950.35,262174,-0.3135,0.3442,-191.08,928.1000,2.40
2026-02-03 13:30:00,950.45,950.65,949.25,949.55,147875,-0.3403,0.3442,-198.87,928.1000,2.31
2026-02-03 13:35:00,949.65,950,948.55,949.8,221606,-0.3273,0.3442,-195.09,928.1000,2.34
2026-02-03 13:40:00,949.75,951.45,949.75,950.2,502901,-0.2796,0.3442,-181.23,928.1000,2.38
2026-02-03 13:45:00,950.2,950.2,948.55,948.65,129044,-0.3365,0.3442,-197.76,928.1000,2.21
2026-02-03 13:50:00,948.6,949.3,948.05,949,139469,-0.3339,0.3442,-197.01,928.1000,2.25
2026-02-03 13:55:00,948.95,949,947.1,947.75,973525,-0.3956,0.3442,-214.93,928.1000,2.12
2026-02-03 14:00:00,947.75,948.1,947.05,947.3,116320,-0.4423,0.3442,-228.50,928.1000,2.07
2026-02-03 14:05:00,947.25,949.05,947.05,949.05,478543,-0.3358,0.3442,-197.56,928.1000,2.26
2026-02-03 14:10:00,949.05,950.05,948.5,949.9,321288,-0.1955,0.3442,-156.80,928.1000,2.35
2026-02-03 14:15:00,949.9,950.15,949.15,949.7,235365,-0.1080,0.3442,-131.38,928.1000,2.33
2026-02-03 14:20:00,949.75,950.05,949.5,949.9,197139,-0.0324,0.3442,-109.41,928.1000,2.35
2026-02-03 14:25:00,949.9,950.05,949.4,949.45,332999,-0.0095,0.3442,-102.76,928.1000,2.30
2026-02-03 14:30:00,949.45,950.05,948.2,949.7,262525,0.0237,0.3442,-93.11,928.1000,2.33
2026-02-03 14:35:00,949.4,950,949.4,950,288155,0.0648,0.3442,-81.17,928.1000,2.36
2026-02-03 14:40:00,950,950,948.8,949.45,535044,0.0544,0.3442,-84.20,928.1000,2.30
2026-02-03 14:45:00,949.45,950.3,949.25,949.8,330666,0.0695,0.3442,-79.81,928.1000,2.34
2026-02-03 14:50:00,949.8,950,949.2,949.35,149353,0.0485,0.3442,-85.91,928.1000,2.29
2026-02-03 14:55:00,949.35,950.9,949.3,950,376379,0.0762,0.3442,-77.86,928.1000,2.36
2026-02-03 15:00:00,950,950.55,947.9,947.95,884732,-0.0396,0.3442,-111.50,928.1000,2.14
2026-02-03 15:05:00,947.95,950,947.3,948.4,1478682,-0.0796,0.3442,-123.13,928.1000,2.19
2026-02-03 15:10:00,948.8,950,947.85,948.1,1455497,-0.1176,0.3442,-134.17,928.1000,2.15
2026-02-03 15:15:00,948.55,950.1,947.4,949,1556676,-0.0757,0.3442,-121.99,928.1000,2.25
2026-02-03 15:20:00,949,949.1,947.75,948.4,891386,-0.0813,0.3442,-123.62,928.1000,2.19
2026-02-03 15:25:00,948.55,949,947.1,947.65,743419,-0.1258,0.3442,-136.55,928.1000,2.11
2026-02-04 09:15:00,952.5,954.2,950.1,953.35,1343916,0.2195,-0.1258,-274.48,947.6500,0.60
2026-02-04 09:20:00,953.35,954.75,951.8,953.05,1004114,0.4077,-0.1258,-424.09,947.6500,0.57
2026-02-04 09:25:00,953,953.45,950,950.3,681788,0.3302,-0.1258,-362.48,947.6500,0.28
2026-02-04 09:30:00,950.25,951.95,949.3,951.75,545212,0.3576,-0.1258,-384.26,947.6500,0.43
2026-02-04 09:35:00,951.7,952.45,950.4,950.5,511655,0.2761,-0.1258,-319.48,947.6500,0.30
2026-02-04 09:40:00,950.45,952.5,950.3,952,659804,0.3055,-0.1258,-342.85,947.6500,0.46
2026-02-04 09:45:00,952.05,952.85,951,951.15,331820,0.2523,-0.1258,-300.56,947.6500,0.37
2026-02-04 09:50:00,951.05,951.3,950,950.6,291846,0.1685,-0.1258,-233.94,947.6500,0.31
2026-02-04 09:55:00,950.6,951,950,950.5,198033,0.0984,-0.1258,-178.22,947.6500,0.30
2026-02-04 10:00:00,950.5,950.95,949.65,950.5,281324,0.0467,-0.1258,-137.12,947.6500,0.30
2026-02-04 10:05:00,950.5,952.75,950.35,952.7,360039,0.1495,-0.1258,-218.84,947.6500,0.53
2026-02-04 10:10:00,952.7,953.5,952.65,953,138341,0.2222,-0.1258,-276.63,947.6500,0.56
2026-02-04 10:15:00,953,953,950.75,951.1,220066,0.1312,-0.1258,-204.29,947.6500,0.36
2026-02-04 10:20:00,951.1,951.8,950.95,951.55,148130,0.0922,-0.1258,-173.29,947.6500,0.41
2026-02-04 10:25:00,951.55,951.95,950.95,951.2,184349,0.0365,-0.1258,-129.01,947.6500,0.37
2026-02-04 10:30:00,951.2,951.85,950.45,951,203688,-0.0173,-0.1258,-86.25,947.6500,0.35
2026-02-04 10:35:00,951,951.3,949.65,950.2,263765,-0.1053,-0.1258,-16.30,947.6500,0.27
2026-02-04 10:40:00,950.3,950.75,949.85,950.45,309041,-0.1429,-0.1258,13.59,947.6500,0.30
2026-02-04 10:45:00,950.45,951,950.15,950.65,230479,-0.1497,-0.1258,19.00,947.6500,0.32
2026-02-04 10:50:00,950.6,950.85,949.95,950.7,221066,-0.1462,-0.1258,16.22,947.6500,0.32
2026-02-04 10:55:00,950.65,951.55,950.55,951.4,202810,-0.0946,-0.1258,-24.80,947.6500,0.40
2026-02-04 11:00:00,951.35,951.95,951.1,951.55,285024,-0.0504,-0.1258,-59.94,947.6500,0.41
2026-02-04 11:05:00,951.6,952,951,951.05,318569,-0.0545,-0.1258,-56.68,947.6500,0.36
2026-02-04 11:10:00,951,951.95,951,951.95,132610,0.0008,-0.1258,-100.64,947.6500,0.45
2026-02-04 11:15:00,951.85,952,951.1,951.9,241973,0.0298,-0.1258,-123.69,947.6500,0.45
2026-02-04 11:20:00,951.85,952.4,951.55,951.6,275285,0.0247,-0.1258,-119.63,947.6500,0.42
2026-02-04 11:25:00,951.75,952.85,951.6,952.75,207805,0.0911,-0.1258,-172.42,947.6500,0.54
2026-02-04 11:30:00,952.75,953.4,951.65,952,272871,0.0773,-0.1258,-161.45,947.6500,0.46
2026-02-04 11:35:00,951.85,952.6,951.65,952.2,166315,0.0744,-0.1258,-159.14,947.6500,0.48
2026-02-04 11:40:00,952.2,952.6,951.8,951.85,205169,0.0432,-0.1258,-134.34,947.6500,0.44
2026-02-04 11:45:00,951.8,952.3,951.6,952,156683,0.0277,-0.1258,-122.02,947.6500,0.46
2026-02-04 11:50:00,952,952.05,951.6,952.05,165548,0.0165,-0.1258,-113.12,947.6500,0.46
2026-02-04 11:55:00,952.05,952.75,951.1,951.5,173934,-0.0298,-0.1258,-76.31,947.6500,0.41
2026-02-04 12:00:00,951.5,951.55,950.5,951.3,172011,-0.0733,-0.1258,-41.73,947.6500,0.39
2026-02-04 12:05:00,951.3,952.8,950.85,952.8,185805,-0.0041,-0.1258,-96.74,947.6500,0.54
2026-02-04 12:10:00,952.8,953.8,952.75,953.8,209535,0.1003,-0.1258,-179.73,947.6500,0.65
2026-02-04 12:15:00,953.7,954.65,953.65,954.45,362826,0.1986,-0.1258,-257.87,947.6500,0.72
2026-02-04 12:20:00,954.4,954.55,953.2,953.5,231016,0.1855,-0.1258,-247.46,947.6500,0.62
2026-02-04 12:25:00,953.5,954.25,953.2,954,166678,0.1952,-0.1258,-255.17,947.6500,0.67
2026-02-04 12:30:00,953.95,954.05,953.55,953.9,306938,0.1801,-0.1258,-243.16,947.6500,0.66
2026-02-04 12:35:00,953.95,954.2,953.6,954,209905,0.1625,-0.1258,-229.17,947.6500,0.67
2026-02-04 12:40:00,954,954.5,953.8,953.95,187663,0.1344,-0.1258,-206.84,947.6500,0.66
2026-02-04 12:45:00,953.95,954.1,953.6,953.75,179336,0.0912,-0.1258,-172.50,947.6500,0.64
2026-02-04 12:50:00,953.75,954.3,953.65,954.15,245072,0.0790,-0.1258,-162.80,947.6500,0.69
2026-02-04 12:55:00,954.1,954.15,953.35,953.6,226882,0.0260,-0.1258,-120.67,947.6500,0.63
2026-02-04 13:00:00,953.65,954,953.45,953.7,136429,-0.0083,-0.1258,-93.40,947.6500,0.64
2026-02-04 13:05:00,953.75,954,953.4,953.8,210129,-0.0292,-0.1258,-76.79,947.6500,0.65
2026-02-04 13:10:00,953.8,954.05,953.7,953.95,150045,-0.0372,-0.1258,-70.43,947.6500,0.66
2026-02-04 13:15:00,953.9,954.3,953.9,954.2,212860,-0.0303,-0.1258,-75.91,947.6500,0.69
2026-02-04 13:20:00,954.2,954.35,954.1,954.3,175003,-0.0240,-0.1258,-80.92,947.6500,0.70
2026-02-04 13:25:00,954.25,954.4,954.25,954.3,180710,-0.0246,-0.1258,-80.45,947.6500,0.70
2026-02-04 13:30:00,954.25,954.3,953.2,953.95,214284,-0.0518,-0.1258,-58.82,947.6500,0.66
2026-02-04 13:35:00,953.9,954.3,953.75,954.25,212022,-0.0527,-0.1258,-58.11,947.6500,0.70
2026-02-04 13:40:00,954.2,954.3,953.75,953.95,179294,-0.0753,-0.1258,-40.14,947.6500,0.66
2026-02-04 13:45:00,953.9,954,953.25,953.55,201520,-0.1163,-0.1258,-7.55,947.6500,0.62
2026-02-04 13:50:00,953.55,954,953.5,954,216039,-0.1124,-0.1258,-10.65,947.6500,0.67
2026-02-04 13:55:00,954,954.3,953.75,954,227919,-0.1089,-0.1258,-13.43,947.6500,0.67
2026-02-04 14:00:00,954,954,953.25,953.95,222357,-0.1089,-0.1258,-13.43,947.6500,0.66
2026-02-04 14:05:00,953.9,954.4,953.8,954,201283,-0.1043,-0.1258,-17.09,947.6500,0.67
2026-02-04 14:10:00,954,954.7,953.85,954.2,256448,-0.0873,-0.1258,-30.60,947.6500,0.69
2026-02-04 14:15:00,954.2,956,954.15,955.8,414761,0.0260,-0.1258,-120.67,947.6500,0.86
2026-02-04 14:20:00,955.75,957,955.75,956,254860,0.1045,-0.1258,-183.07,947.6500,0.88
2026-02-04 14:25:00,956,956,955,955.2,273622,0.0929,-0.1258,-173.85,947.6500,0.80
2026-02-04 14:30:00,955.15,955.5,954.95,955.2,287529,0.0763,-0.1258,-160.65,947.6500,0.80
2026-02-04 14:35:00,955.25,957.05,954.85,956.25,542966,0.1243,-0.1258,-198.81,947.6500,0.91
2026-02-04 14:40:00,956.2,957.2,955.9,956.6,461374,0.1653,-0.1258,-231.40,947.6500,0.94
2026-02-04 14:45:00,956.35,956.6,955,955.75,294497,0.1228,-0.1258,-197.62,947.6500,0.85
2026-02-04 14:50:00,955.75,955.75,954.55,954.75,299093,0.0203,-0.1258,-116.14,947.6500,0.75
2026-02-04 14:55:00,954.8,954.8,953.95,954.05,231108,-0.0953,-0.1258,-24.24,947.6500,0.68
2026-02-04 15:00:00,954,955,953.5,953.95,654831,-0.1745,-0.1258,38.71,947.6500,0.66
2026-02-04 15:05:00,953.9,954.45,953.7,953.8,575976,-0.2296,-0.1258,82.51,947.6500,0.65
2026-02-04 15:10:00,953.75,954.1,953.45,953.55,621839,-0.2725,-0.1258,116.61,947.6500,0.62
2026-02-04 15:15:00,953.55,953.9,953,953.2,647552,-0.3113,-0.1258,147.46,947.6500,0.59
2026-02-04 15:20:00,953.2,953.2,952.2,952.65,609451,-0.3575,-0.1258,184.18,947.6500,0.53
2026-02-04 15:25:00,952.65,953,947.95,949,994578,-0.6030,-0.1258,379.33,947.6500,0.14
2026-02-05 09:15:00,956,956.05,949.5,949.95,1950481,-0.6656,-0.6030,10.38,949.0000,0.10
2026-02-05 09:20:00,949.85,950.3,948.1,949.8,513582,-0.6790,-0.6030,12.60,949.0000,0.08
2026-02-05 09:25:00,949.75,950.9,949.4,950.4,463799,-0.6113,-0.6030,1.38,949.0000,0.15
2026-02-05 09:30:00,950.25,950.9,949.95,950.15,292438,-0.5494,-0.6030,-8.89,949.0000,0.12
2026-02-05 09:35:00,950.15,950.7,948.6,949.4,389558,-0.5248,-0.6030,-12.97,949.0000,0.04
2026-02-05 09:40:00,949.35,950,948.75,949.3,349209,-0.4824,-0.6030,-20.00,949.0000,0.03
2026-02-05 09:45:00,949.35,949.65,948.7,949.4,198031,-0.4170,-0.6030,-30.85,949.0000,0.04
2026-02-05 09:50:00,949.4,950.1,948.05,948.5,296062,-0.4036,-0.6030,-33.07,949.0000,-0.05
2026-02-05 09:55:00,948.5,949.6,948.2,949.15,165646,-0.3237,-0.6030,-46.32,949.0000,0.02
2026-02-05 10:00:00,949.15,949.65,949.1,949.5,173242,-0.2246,-0.6030,-62.75,949.0000,0.05
2026-02-05 10:05:00,949.5,950.2,949.1,949.25,188374,-0.1565,-0.6030,-74.05,949.0000,0.03
2026-02-05 10:10:00,949.5,951.35,949.3,951,1162746,0.0166,-0.6030,-102.75,949.0000,0.21
2026-02-05 10:15:00,950.95,951.2,950.1,950.25,186028,0.0868,-0.6030,-114.39,949.0000,0.13
2026-02-05 10:20:00,950.25,950.7,949.3,950,158783,0.1206,-0.6030,-120.00,949.0000,0.11
2026-02-05 10:25:00,950,950.2,949.25,949.55,187321,0.1168,-0.6030,-119.37,949.0000,0.06
2026-02-05 10:30:00,949.5,949.65,949.05,949.2,157851,0.0957,-0.6030,-115.87,949.0000,0.02
2026-02-05 10:35:00,949.25,950,949.1,949.25,151319,0.0902,-0.6030,-114.96,949.0000,0.03
2026-02-05 10:40:00,949.25,950,949.1,949.95,113118,0.1360,-0.6030,-122.55,949.0000,0.10
2026-02-05 10:45:00,949.9,950.55,949.45,950.4,169442,0.1953,-0.6030,-132.39,949.0000,0.15
2026-02-05 10:50:00,950.35,951.5,950.1,951.15,122748,0.2787,-0.6030,-146.22,949.0000,0.23
2026-02-05 10:55:00,951.15,951.5,950.2,950.85,221108,0.3051,-0.6030,-150.60,949.0000,0.19
2026-02-05 11:00:00,950.9,950.9,949.5,950,1387636,0.2587,-0.6030,-142.90,949.0000,0.11
2026-02-05 11:05:00,950,951.45,949.5,951.35,358347,0.3089,-0.6030,-151.23,949.0000,0.25
2026-02-05 11:10:00,951.35,951.7,950.7,951.7,133089,0.3524,-0.6030,-158.44,949.0000,0.28
2026-02-05 11:15:00,951.65,951.75,951,951.05,132071,0.3249,-0.6030,-153.88,949.0000,0.22
2026-02-05 11:20:00,951.1,951.35,950.6,951.2,152838,0.3046,-0.6030,-150.51,949.0000,0.23
2026-02-05 11:25:00,951.2,951.95,950.8,951.85,144485,0.3211,-0.6030,-153.25,949.0000,0.30
2026-02-05 11:30:00,951.85,952.9,951,951.05,249543,0.2665,-0.6030,-144.20,949.0000,0.22
2026-02-05 11:35:00,951.05,952.4,950.7,952.05,160663,0.2845,-0.6030,-147.18,949.0000,0.32
2026-02-05 11:40:00,952.05,952.1,950.55,950.55,166108,0.1869,-0.6030,-131.00,949.0000,0.16
2026-02-05 11:45:00,950.55,950.6,949.1,949.35,250419,0.0406,-0.6030,-106.73,949.0000,0.04
2026-02-05 11:50:00,949.35,949.6,949,949.4,148281,-0.0488,-0.6030,-91.91,949.0000,0.04
2026-02-05 11:55:00,949.4,949.7,949.1,949.65,102451,-0.0850,-0.6030,-85.90,949.0000,0.07
2026-02-05 12:00:00,949.6,949.95,949.1,949.85,97521,-0.0890,-0.6030,-85.24,949.0000,0.09
2026-02-05 12:05:00,949.8,949.95,949.15,949.35,132083,-0.1170,-0.6030,-80.60,949.0000,0.04
2026-02-05 12:10:00,949.35,949.75,949.25,949.6,224160,-0.1105,-0.6030,-81.67,949.0000,0.06
2026-02-05 12:15:00,949.55,949.6,949.15,949.3,167771,-0.1175,-0.6030,-80.51,949.0000,0.03
2026-02-05 12:20:00,949.3,949.35,948.5,949.3,252945,-0.1133,-0.6030,-81.21,949.0000,0.03
2026-02-05 12:25:00,949.3,950.3,949.25,950.15,186048,-0.0477,-0.6030,-92.09,949.0000,0.12
2026-02-05 12:30:00,950.2,950.7,949.8,950.35,196202,0.0116,-0.6030,-101.92,949.0000,0.14
2026-02-05 12:35:00,950.4,951.05,949.75,950.05,144617,0.0318,-0.6030,-105.27,949.0000,0.11
2026-02-05 12:40:00,950,950.1,949.65,950.05,143610,0.0456,-0.6030,-107.56,949.0000,0.11
2026-02-05 12:45:00,950.05,950.2,949.85,950.1,187268,0.0577,-0.6030,-109.57,949.0000,0.12
2026-02-05 12:50:00,950.1,950.6,949.4,949.65,301872,0.0360,-0.6030,-105.97,949.0000,0.07
2026-02-05 12:55:00,949.65,950.75,949.05,950.1,457512,0.0518,-0.6030,-108.59,949.0000,0.12
2026-02-05 13:00:00,950,950.35,949.6,950,251058,0.0549,-0.6030,-109.10,949.0000,0.11
2026-02-05 13:05:00,949.9,950.2,949.8,950,91226,0.0561,-0.6030,-109.30,949.0000,0.11
2026-02-05 13:10:00,949.95,950.15,949.35,949.6,132538,0.0305,-0.6030,-105.06,949.0000,0.06
2026-02-05 13:15:00,949.6,950.2,949.6,949.95,158459,0.0372,-0.6030,-106.17,949.0000,0.10
2026-02-05 13:20:00,949.9,950.15,949.8,949.95,116942,0.0414,-0.6030,-106.87,949.0000,0.10
2026-02-05 13:25:00,949.95,950.05,948.55,948.7,253794,-0.0361,-0.6030,-94.01,949.0000,-0.03
2026-02-05 13:30:00,948.6,949.7,948.55,949.7,342269,-0.0170,-0.6030,-97.18,949.0000,0.07
2026-02-05 13:35:00,949.65,950.05,948.9,950.05,389500,0.0201,-0.6030,-103.33,949.0000,0.11
2026-02-05 13:40:00,950,950.7,949.75,950.65,223211,0.0825,-0.6030,-113.68,949.0000,0.17
2026-02-05 13:45:00,950.6,951.85,950.35,950.7,235757,0.1222,-0.6030,-120.27,949.0000,0.18
2026-02-05 13:50:00,950.7,950.75,949.45,950.05,230535,0.1006,-0.6030,-116.68,949.0000,0.11
2026-02-05 13:55:00,950.05,950.95,949.45,950.9,531212,0.1373,-0.6030,-122.77,949.0000,0.20
2026-02-05 14:00:00,950.75,951.35,950,950.7,510488,0.1412,-0.6030,-123.42,949.0000,0.18
2026-02-05 14:05:00,950.7,950.7,949.85,949.95,415414,0.0890,-0.6030,-114.76,949.0000,0.10
2026-02-05 14:10:00,949.95,950.4,949.65,950.1,366625,0.0615,-0.6030,-110.20,949.0000,0.12
2026-02-05 14:15:00,950.1,951,949.85,950.4,253765,0.0605,-0.6030,-110.03,949.0000,0.15
2026-02-05 14:20:00,950.4,951.15,949.85,950,217142,0.0312,-0.6030,-105.17,949.0000,0.11
2026-02-05 14:25:00,950,950.4,949.8,949.9,269971,0.0048,-0.6030,-100.80,949.0000,0.09
2026-02-05 14:30:00,949.95,950,949.8,950,197298,-0.0055,-0.6030,-99.09,949.0000,0.11
2026-02-05 14:35:00,949.95,950,949.85,949.95,456402,-0.0149,-0.6030,-97.53,949.0000,0.10
2026-02-05 14:40:00,949.95,950.05,949.4,949.95,281180,-0.0199,-0.6030,-96.70,949.0000,0.10
2026-02-05 14:45:00,949.95,950,949.35,949.9,270856,-0.0251,-0.6030,-95.84,949.0000,0.09
2026-02-05 14:50:00,949.9,950,949.75,949.85,292043,-0.0301,-0.6030,-95.01,949.0000,0.09
2026-02-05 14:55:00,949.8,949.95,949.65,949.8,167522,-0.0346,-0.6030,-94.26,949.0000,0.08
2026-02-05 15:00:00,949.8,950.1,949.65,949.95,998083,-0.0257,-0.6030,-95.74,949.0000,0.10
2026-02-05 15:05:00,949.95,950.1,948.75,950,1870887,-0.0153,-0.6030,-97.46,949.0000,0.11
2026-02-05 15:10:00,950,950,949,950,1379280,-0.0075,-0.6030,-98.76,949.0000,0.11
2026-02-05 15:15:00,950,950,946.7,949.1,1220357,-0.0593,-0.6030,-90.17,949.0000,0.01
2026-02-05 15:20:00,949.15,951,948.65,951,982260,0.0332,-0.6030,-105.51,949.0000,0.21
2026-02-05 15:25:00,950.85,951.8,948.2,949.7,715299,0.0070,-0.6030,-101.16,949.0000,0.07
2026-02-06 09:15:00,945,948.1,940.3,943.1,1290344,-0.4306,0.0070,-6251.43,949.7000,-0.69
2026-02-06 09:20:00,942.95,945,941.75,944.65,407023,-0.5819,0.0070,-8412.86,949.7000,-0.53
2026-02-06 09:25:00,944.65,945.95,944.45,944.9,207335,-0.6275,0.0070,-9064.29,949.7000,-0.51
2026-02-06 09:30:00,944.85,945.9,944.75,945.25,167042,-0.5967,0.0070,-8624.29,949.7000,-0.47
2026-02-06 09:35:00,945.25,945.95,944.5,944.9,245147,-0.5629,0.0070,-8141.43,949.7000,-0.51
2026-02-06 09:40:00,944.8,945.7,944.6,945.7,219016,-0.4542,0.0070,-6588.57,949.7000,-0.42
2026-02-06 09:45:00,945.7,946.5,945.05,946.3,170945,-0.3162,0.0070,-4617.14,949.7000,-0.36
2026-02-06 09:50:00,946.25,946.65,945.8,946.25,162490,-0.2077,0.0070,-3067.14,949.7000,-0.36
2026-02-06 09:55:00,946.2,946.65,945.5,945.7,208793,-0.1548,0.0070,-2311.43,949.7000,-0.42
2026-02-06 10:00:00,945.7,946.25,944.8,944.95,281490,-0.1520,0.0070,-2271.43,949.7000,-0.50
2026-02-06 10:05:00,945,945.15,943.8,944.85,181217,-0.1389,0.0070,-2084.29,949.7000,-0.51
2026-02-06 10:10:00,944.85,944.9,944.05,944.15,87711,-0.1579,0.0070,-2355.71,949.7000,-0.58
2026-02-06 10:15:00,944.15,944.6,943.5,943.55,201463,-0.1895,0.0070,-2807.14,949.7000,-0.65
2026-02-06 10:20:00,943.55,944.95,943.2,944.6,65822,-0.1214,0.0070,-1834.29,949.7000,-0.54
2026-02-06 10:25:00,944.55,944.6,943.05,943.05,124982,-0.1601,0.0070,-2387.14,949.7000,-0.70
2026-02-06 10:30:00,943,943.7,942.4,943.35,129567,-0.1453,0.0070,-2175.71,949.7000,-0.67
2026-02-06 10:35:00,943.35,943.6,942.75,943.05,82974,-0.1358,0.0070,-2040.00,949.7000,-0.70
2026-02-06 10:40:00,943.05,943.1,941,941.35,179502,-0.2190,0.0070,-3228.57,949.7000,-0.88
2026-02-06 10:45:00,941.35,942.75,941.1,942.45,95550,-0.1768,0.0070,-2625.71,949.7000,-0.76
2026-02-06 10:50:00,942.25,942.8,941.45,941.85,112077,-0.1663,0.0070,-2475.71,949.7000,-0.83
2026-02-06 10:55:00,941.8,942.75,941.6,942.4,76848,-0.1024,0.0070,-1562.86,949.7000,-0.77
2026-02-06 11:00:00,942.4,943.25,942.2,942.65,63338,-0.0274,0.0070,-491.43,949.7000,-0.74
2026-02-06 11:05:00,942.65,943.15,942.45,942.95,76229,0.0539,0.0070,670.00,949.7000,-0.71
2026-02-06 11:10:00,942.95,943.25,942.05,942.45,79193,0.0838,0.0070,1097.14,949.7000,-0.76
2026-02-06 11:15:00,942.5,942.8,942.05,942.3,58474,0.1019,0.0070,1355.71,949.7000,-0.78
2026-02-06 11:20:00,942.3,943.25,942,942.55,109858,0.1371,0.0070,1858.57,949.7000,-0.75
2026-02-06 11:25:00,942.5,943.1,941.3,941.45,145026,0.0947,0.0070,1252.86,949.7000,-0.87
2026-02-06 11:30:00,941.4,942.5,941.1,942.1,112680,0.1173,0.0070,1575.71,949.7000,-0.80
2026-02-06 11:35:00,942.1,942.9,941.6,942.35,101540,0.1536,0.0070,2094.29,949.7000,-0.77
2026-02-06 11:40:00,942.3,943,941.6,941.85,146120,0.1485,0.0070,2021.43,949.7000,-0.83
2026-02-06 11:45:00,941.85,942.05,941.2,941.75,69408,0.1428,0.0070,1940.00,949.7000,-0.84
2026-02-06 11:50:00,941.75,941.8,941,941,72880,0.0953,0.0070,1261.43,949.7000,-0.92
2026-02-06 11:55:00,941.05,941.65,940.7,940.95,131343,0.0685,0.0070,878.57,949.7000,-0.92
2026-02-06 12:00:00,940.85,942.3,940.7,941.05,86760,0.0655,0.0070,835.71,949.7000,-0.91
2026-02-06 12:05:00,941.05,941.15,940,940.25,128815,0.0200,0.0070,185.71,949.7000,-1.00
2026-02-06 12:10:00,940.2,941.35,940,941,87773,0.0491,0.0070,601.43,949.7000,-0.92
2026-02-06 12:15:00,941,941.25,940.3,940.75,110548,0.0595,0.0070,750.00,949.7000,-0.94
2026-02-06 12:20:00,940.75,940.8,939.3,939.95,100717,0.0224,0.0070,220.00,949.7000,-1.03
2026-02-06 12:25:00,939.95,940.4,939.5,939.8,60130,-0.0010,0.0070,-114.29,949.7000,-1.04
2026-02-06 12:30:00,939.8,939.85,938,938.55,128607,-0.0849,0.0070,-1312.86,949.7000,-1.17
2026-02-06 12:35:00,938.5,939.1,938.1,938.55,61629,-0.1224,0.0070,-1848.57,949.7000,-1.17
2026-02-06 12:40:00,938.55,939.15,937.65,938.15,564814,-0.1539,0.0070,-2298.57,949.7000,-1.22
2026-02-06 12:45:00,938.2,939.9,937.9,938.75,291927,-0.1160,0.0070,-1757.14,949.7000,-1.15
2026-02-06 12:50:00,938.8,939.95,938.1,938.7,259711,-0.0778,0.0070,-1211.43,949.7000,-1.16
2026-02-06 12:55:00,938.8,939.5,937.6,938.6,725714,-0.0443,0.0070,-732.86,949.7000,-1.17
2026-02-06 13:00:00,938.45,938.85,937.8,938.55,406394,-0.0123,0.0070,-275.71,949.7000,-1.17
2026-02-06 13:05:00,938.55,939.55,937.8,938.3,589573,0.0043,0.0070,-38.57,949.7000,-1.20
2026-02-06 13:10:00,938.3,940.35,938.3,939.8,216182,0.1222,0.0070,1645.71,949.7000,-1.04
2026-02-06 13:15:00,939.95,941,939.8,940.6,80815,0.2523,0.0070,3504.29,949.7000,-0.96
2026-02-06 13:20:00,940.6,941.45,940,941.3,157592,0.3764,0.0070,5277.14,949.7000,-0.88
2026-02-06 13:25:00,941.15,941.7,941,941.1,79765,0.4318,0.0070,6068.57,949.7000,-0.91
2026-02-06 13:30:00,941.1,941.6,940.7,941.3,192865,0.4659,0.0070,6555.71,949.7000,-0.88
2026-02-06 13:35:00,941.25,942.6,941.25,941.95,361760,0.5125,0.0070,7221.43,949.7000,-0.82
2026-02-06 13:40:00,941.9,942.7,940.7,940.8,698983,0.4484,0.0070,6305.71,949.7000,-0.94
2026-02-06 13:45:00,940.85,941.25,940.2,941,881983,0.4035,0.0070,5664.29,949.7000,-0.92
2026-02-06 13:50:00,941,942.35,940.65,941.6,421729,0.3975,0.0070,5578.57,949.7000,-0.85
2026-02-06 13:55:00,941.6,942.1,940.7,941.5,172326,0.3706,0.0070,5194.29,949.7000,-0.86
2026-02-06 14:00:00,941.55,942.1,941.1,941.45,118461,0.3344,0.0070,4677.14,949.7000,-0.87
2026-02-06 14:05:00,941.45,942.15,941.15,941.65,67062,0.3095,0.0070,4321.43,949.7000,-0.85
2026-02-06 14:10:00,941.65,941.7,941,941.25,96087,0.2540,0.0070,3528.57,949.7000,-0.89
2026-02-06 14:15:00,941.25,942,941.05,941.9,157487,0.2486,0.0070,3451.43,949.7000,-0.82
2026-02-06 14:20:00,941.9,942.5,941.7,941.75,59516,0.2233,0.0070,3090.00,949.7000,-0.84
2026-02-06 14:25:00,941.75,942,941.4,941.75,65019,0.1958,0.0070,2697.14,949.7000,-0.84
2026-02-06 14:30:00,941.75,942,941.65,942,73529,0.1841,0.0070,2530.00,949.7000,-0.81
2026-02-06 14:35:00,941.95,942.4,941.35,941.45,115655,0.1312,0.0070,1774.29,949.7000,-0.87
2026-02-06 14:40:00,941.45,942.45,941.45,942.1,100194,0.1317,0.0070,1781.43,949.7000,-0.80
2026-02-06 14:45:00,942.05,942.3,941,941.15,130273,0.0632,0.0070,802.86,949.7000,-0.90
2026-02-06 14:50:00,941.2,942,941.1,941.8,121271,0.0570,0.0070,714.29,949.7000,-0.83
2026-02-06 14:55:00,941.8,942.15,941.05,941.35,99318,0.0198,0.0070,182.86,949.7000,-0.88
2026-02-06 15:00:00,941.35,942.1,941.1,941.8,469587,0.0225,0.0070,221.43,949.7000,-0.83
2026-02-06 15:05:00,941.75,941.95,940.5,941.2,639869,-0.0169,0.0070,-341.43,949.7000,-0.90
2026-02-06 15:10:00,941.25,941.5,940.6,941.05,550486,-0.0519,0.0070,-841.43,949.7000,-0.91
2026-02-06 15:15:00,941.05,941.2,940.45,940.75,469752,-0.0918,0.0070,-1411.43,949.7000,-0.94
2026-02-06 15:20:00,940.75,940.95,940.55,940.9,463467,-0.1037,0.0070,-1581.43,949.7000,-0.93
2026-02-06 15:25:00,940.8,941.8,940.65,941,402820,-0.1005,0.0070,-1535.71,949.7000,-0.92
2026-02-09 09:15:00,945,950,940,940.9,1317232,-0.1004,-0.1005,-0.10,941.0000,-0.01
2026-02-09 09:20:00,940.9,941.9,940.15,940.9,387963,-0.0956,-0.1005,-4.88,941.0000,-0.01
2026-02-09 09:25:00,940.9,941.2,939.35,940.9,1046897,-0.0881,-0.1005,-12.34,941.0000,-0.01
2026-02-09 09:30:00,940.8,941,940.05,941,187372,-0.0725,-0.1005,-27.86,941.0000,0.00
2026-02-09 09:35:00,941,941,939.7,940.15,559556,-0.1132,-0.1005,12.64,941.0000,-0.09
2026-02-09 09:40:00,940.15,940.7,939.15,940.65,170604,-0.1007,-0.1005,0.20,941.0000,-0.04
2026-02-09 09:45:00,940.55,941.35,939.85,940.75,373431,-0.0807,-0.1005,-19.70,941.0000,-0.03
2026-02-09 09:50:00,940.65,941.1,940.35,940.8,254213,-0.0601,-0.1005,-40.20,941.0000,-0.02
2026-02-09 09:55:00,940.8,940.9,939.7,940.7,214099,-0.0497,-0.1005,-50.55,941.0000,-0.03
2026-02-09 10:00:00,940.7,940.9,939.4,939.85,153624,-0.0939,-0.1005,-6.57,941.0000,-0.12
2026-02-09 10:05:00,939.85,939.95,938.25,938.55,152194,-0.1985,-0.1005,97.51,941.0000,-0.26
2026-02-09 10:10:00,938.75,939.6,938,938.45,101620,-0.2585,-0.1005,157.21,941.0000,-0.27
2026-02-09 10:15:00,938.35,938.45,937.25,938,137547,-0.3091,-0.1005,207.56,941.0000,-0.32
2026-02-09 10:20:00,938,938.05,936.1,936.65,221629,-0.4079,-0.1005,305.87,941.0000,-0.46
2026-02-09 10:25:00,936.65,937,935.55,935.65,131814,-0.5085,-0.1005,405.97,941.0000,-0.57
2026-02-09 10:30:00,935.85,937.7,935.35,936.25,113032,-0.5017,-0.1005,399.20,941.0000,-0.50
2026-02-09 10:35:00,936.2,937.7,935.8,937.55,123546,-0.3820,-0.1005,280.10,941.0000,-0.37
2026-02-09 10:40:00,937.5,939.35,937.2,939.35,237760,-0.1652,-0.1005,64.38,941.0000,-0.18
2026-02-09 10:45:00,939.35,939.5,938.6,939.4,144972,-0.0101,-0.1005,-89.95,941.0000,-0.17
2026-02-09 10:50:00,939.3,939.35,938.25,938.5,105032,0.0376,-0.1005,-137.41,941.0000,-0.27
2026-02-09 10:55:00,938.75,939.5,938.45,939.5,234758,0.1365,-0.1005,-235.82,941.0000,-0.16
2026-02-09 11:00:00,939.45,939.9,938.9,939.15,145511,0.1761,-0.1005,-275.22,941.0000,-0.20
2026-02-09 11:05:00,939.15,939.8,938.75,939.5,130705,0.2205,-0.1005,-319.40,941.0000,-0.16
2026-02-09 11:10:00,939.5,940,939.3,939.9,153256,0.2684,-0.1005,-367.06,941.0000,-0.12
2026-02-09 11:15:00,939.9,940,939.2,939.9,182964,0.2897,-0.1005,-388.26,941.0000,-0.12
2026-02-09 11:20:00,939.9,940,938.4,938.65,265389,0.2130,-0.1005,-311.94,941.0000,-0.25
2026-02-09 11:25:00,938.65,939.45,937.9,939.2,233926,0.1931,-0.1005,-292.14,941.0000,-0.19
2026-02-09 11:30:00,939.25,939.8,938.6,939,225201,0.1616,-0.1005,-260.80,941.0000,-0.21
2026-02-09 11:35:00,939.15,939.15,938.35,939,90342,0.1369,-0.1005,-236.22,941.0000,-0.21
2026-02-09 11:40:00,939,939.05,937.8,938.35,170865,0.0759,-0.1005,-175.52,941.0000,-0.28
2026-02-09 11:45:00,938.35,938.4,937.35,938.25,204900,0.0303,-0.1005,-130.15,941.0000,-0.29
2026-02-09 11:50:00,938.25,939.3,937.6,938.85,165346,0.0414,-0.1005,-141.19,941.0000,-0.23
2026-02-09 11:55:00,939.15,939.3,938.2,938.8,132786,0.0458,-0.1005,-145.57,941.0000,-0.23
2026-02-09 12:00:00,938.8,939.2,938.25,938.7,279808,0.0425,-0.1005,-142.29,941.0000,-0.24
2026-02-09 12:05:00,939,939.45,938.1,939,141114,0.0600,-0.1005,-159.70,941.0000,-0.21
2026-02-09 12:10:00,939,939.25,937.35,938,1846173,0.0066,-0.1005,-106.57,941.0000,-0.32
2026-02-09 12:15:00,938,938.15,937.25,937.75,206414,-0.0408,-0.1005,-59.40,941.0000,-0.35
2026-02-09 12:20:00,937.95,938.4,937.4,937.95,216449,-0.0530,-0.1005,-47.26,941.0000,-0.32
2026-02-09 12:25:00,938.1,938.4,937.75,938.15,89782,-0.0424,-0.1005,-57.81,941.0000,-0.30
2026-02-09 12:30:00,938.15,938.45,937.2,937.45,278696,-0.0754,-0.1005,-24.98,941.0000,-0.38
2026-02-09 12:35:00,937.75,937.95,937.1,937.65,196276,-0.0764,-0.1005,-23.98,941.0000,-0.36
2026-02-09 12:40:00,937.65,938,937.05,937.5,220263,-0.0794,-0.1005,-21.00,941.0000,-0.37
2026-02-09 12:45:00,937.15,937.6,936.65,936.75,279111,-0.1217,-0.1005,21.09,941.0000,-0.45
2026-02-09 12:50:00,937.05,937.3,936,936,224339,-0.1861,-0.1005,85.17,941.0000,-0.53
2026-02-09 12:55:00,936,937.2,935.95,937.2,182358,-0.1361,-0.1005,35.42,941.0000,-0.40
2026-02-09 13:00:00,937.2,937.2,936.5,936.85,217031,-0.1156,-0.1005,15.02,941.0000,-0.44
2026-02-09 13:05:00,936.85,937.4,936.55,936.9,155772,-0.0889,-0.1005,-11.54,941.0000,-0.44
2026-02-09 13:10:00,936.6,937,936.3,936.6,135279,-0.0819,-0.1005,-18.51,941.0000,-0.47
2026-02-09 13:15:00,936.6,936.85,935.75,936.45,293557,-0.0777,-0.1005,-22.69,941.0000,-0.48
2026-02-09 13:20:00,936.45,936.7,935.85,936.1,249641,-0.0883,-0.1005,-12.14,941.0000,-0.52
2026-02-09 13:25:00,936,936.6,935.6,936.2,184414,-0.0785,-0.1005,-21.89,941.0000,-0.51
2026-02-09 13:30:00,935.9,937.5,935.9,937.35,292977,0.0107,-0.1005,-110.65,941.0000,-0.39
2026-02-09 13:35:00,937.35,937.6,936.5,936.8,231190,0.0365,-0.1005,-136.32,941.0000,-0.45
2026-02-09 13:40:00,936.8,937.4,936.45,936.8,180274,0.0562,-0.1005,-155.92,941.0000,-0.45
2026-02-09 13:45:00,937,937.6,936.6,937.25,332218,0.0996,-0.1005,-199.10,941.0000,-0.40
2026-02-09 13:50:00,937.45,938,937,937.45,184028,0.1394,-0.1005,-238.71,941.0000,-0.38
2026-02-09 13:55:00,937.35,937.8,937.1,937.5,146251,0.1650,-0.1005,-264.18,941.0000,-0.37
2026-02-09 14:00:00,937.55,938,937.25,937.5,248359,0.1768,-0.1005,-275.92,941.0000,-0.37
2026-02-09 14:05:00,937.85,937.95,936.95,937.3,186937,0.1662,-0.1005,-265.37,941.0000,-0.39
2026-02-09 14:10:00,937.3,937.6,936.1,936.65,241855,0.1129,-0.1005,-212.34,941.0000,-0.46
2026-02-09 14:15:00,936.65,937.2,935.95,937.2,279507,0.1121,-0.1005,-211.54,941.0000,-0.40
2026-02-09 14:20:00,937.2,937.3,936.6,936.7,177272,0.0769,-0.1005,-176.52,941.0000,-0.46
2026-02-09 14:25:00,937,937.5,936.6,937.4,164661,0.0983,-0.1005,-197.81,941.0000,-0.38
2026-02-09 14:30:00,937.4,937.5,937,937.15,196317,0.0934,-0.1005,-192.94,941.0000,-0.41
2026-02-09 14:35:00,937.35,937.6,936.25,936.35,283193,0.0368,-0.1005,-136.62,941.0000,-0.49
2026-02-09 14:40:00,936.6,936.6,935.5,935.6,154693,-0.0460,-0.1005,-54.23,941.0000,-0.57
2026-02-09 14:45:00,935.85,936.6,935.6,936.25,899293,-0.0515,-0.1005,-48.76,941.0000,-0.50
2026-02-09 14:50:00,936.25,936.55,935.35,935.95,651506,-0.0688,-0.1005,-31.54,941.0000,-0.54
2026-02-09 14:55:00,935.95,936.6,935.6,935.9,237977,-0.0765,-0.1005,-23.88,941.0000,-0.54
2026-02-09 15:00:00,935.9,936.55,935.5,936.4,870882,-0.0424,-0.1005,-57.81,941.0000,-0.49
2026-02-09 15:05:00,936.4,937.5,936.2,937.4,949569,0.0481,-0.1005,-147.86,941.0000,-0.38
2026-02-09 15:10:00,937.4,937.75,937.05,937.1,715455,0.0860,-0.1005,-185.57,941.0000,-0.41
2026-02-09 15:15:00,937.1,938,936.75,938,708121,0.1655,-0.1005,-264.68,941.0000,-0.32
2026-02-09 15:20:00,937.95,938.7,937.05,938.6,699819,0.2473,-0.1005,-346.07,941.0000,-0.26
2026-02-09 15:25:00,938.6,939.5,937.5,938.8,479255,0.3002,-0.1005,-398.71,941.0000,-0.23
2026-02-10 09:15:00,930,938.3,929.95,934.85,2635134,0.0666,0.3002,-77.81,938.8000,-0.42
2026-02-10 09:20:00,934.85,935.85,933.55,934.95,755161,-0.0759,0.3002,-125.28,938.8000,-0.41
2026-02-10 09:25:00,934.95,935,933.65,934.25,362776,-0.2048,0.3002,-168.22,938.8000,-0.48
2026-02-10 09:30:00,934.25,937.1,934.2,936.05,333650,-0.1584,0.3002,-152.76,938.8000,-0.29
2026-02-10 09:35:00,936,936.95,935.3,936.6,202423,-0.0839,0.3002,-127.95,938.8000,-0.23
2026-02-10 09:40:00,936.6,936.6,935.6,936.4,165671,-0.0434,0.3002,-114.46,938.8000,-0.26
2026-02-10 09:45:00,936.4,937.1,936.05,936.4,202050,-0.0135,0.3002,-104.50,938.8000,-0.26
2026-02-10 09:50:00,936.15,937.3,935.9,936.7,145175,0.0274,0.3002,-90.87,938.8000,-0.22
2026-02-10 09:55:00,936.7,938.45,936.6,938,236596,0.1367,0.3002,-54.46,938.8000,-0.09
2026-02-10 10:00:00,938,938.9,937.6,938.55,169803,0.2351,0.3002,-21.69,938.8000,-0.03
2026-02-10 10:05:00,938.55,938.6,937.8,938.15,132568,0.2604,0.3002,-13.26,938.8000,-0.07
2026-02-10 10:10:00,938.15,938.5,936.95,938.15,277581,0.2633,0.3002,-12.29,938.8000,-0.07
2026-02-10 10:15:00,938.15,939.5,937.75,939.35,169125,0.3281,0.3002,9.29,938.8000,0.06
2026-02-10 10:20:00,939.35,940.3,938.75,939.9,178199,0.3861,0.3002,28.61,938.8000,0.12
2026-02-10 10:25:00,939.9,940.25,939.4,939.8,103911,0.3943,0.3002,31.35,938.8000,0.11
2026-02-10 10:30:00,939.8,940.65,939.05,940.65,127231,0.4307,0.3002,43.47,938.8000,0.20
2026-02-10 10:35:00,940.6,940.9,939,939.15,139361,0.3319,0.3002,10.56,938.8000,0.04
2026-02-10 10:40:00,939.15,939.7,938.5,939.15,125823,0.2485,0.3002,-17.22,938.8000,0.04
2026-02-10 10:45:00,939.05,939.9,939,939.65,90032,0.2105,0.3002,-29.88,938.8000,0.09
2026-02-10 10:50:00,939.5,939.8,938.85,939.6,92170,0.1673,0.3002,-44.27,938.8000,0.09
2026-02-10 10:55:00,939.6,939.8,939.05,939.55,59182,0.1227,0.3002,-59.13,938.8000,0.08
2026-02-10 11:00:00,939.55,939.95,939.15,939.9,69849,0.1049,0.3002,-65.06,938.8000,0.12
2026-02-10 11:05:00,939.9,940,938.6,938.8,69259,0.0121,0.3002,-95.97,938.8000,0.00
2026-02-10 11:10:00,938.8,938.8,936.75,937,243302,-0.1677,0.3002,-155.86,938.8000,-0.19
2026-02-10 11:15:00,937,937.4,936.2,937,212608,-0.2773,0.3002,-192.37,938.8000,-0.19
2026-02-10 11:20:00,937,937.05,936.5,936.75,109201,-0.3524,0.3002,-217.39,938.8000,-0.22
2026-02-10 11:25:00,936.55,936.95,936.15,936.4,121111,-0.4076,0.3002,-235.78,938.8000,-0.26
2026-02-10 11:30:00,936.35,936.65,936,936.05,108509,-0.4464,0.3002,-248.70,938.8000,-0.29
2026-02-10 11:35:00,936.1,936.2,935.45,935.75,108976,-0.4688,0.3002,-256.16,938.8000,-0.32
2026-02-10 11:40:00,935.75,935.95,935.4,935.7,114274,-0.4627,0.3002,-254.13,938.8000,-0.33
2026-02-10 11:45:00,935.65,936.35,935.55,936.05,94614,-0.4124,0.3002,-237.38,938.8000,-0.29
2026-02-10 11:50:00,936,936.7,936,936.65,71100,-0.3202,0.3002,-206.66,938.8000,-0.23
2026-02-10 11:55:00,936.65,937,935.9,936.4,165045,-0.2601,0.3002,-186.64,938.8000,-0.26
2026-02-10 12:00:00,936.4,937.6,936.35,937.4,154073,-0.1429,0.3002,-147.60,938.8000,-0.15
2026-02-10 12:05:00,937.35,937.4,936.6,936.95,178800,-0.0882,0.3002,-129.38,938.8000,-0.20
2026-02-10 12:10:00,936.95,937.45,936.7,937.15,193467,-0.0339,0.3002,-111.29,938.8000,-0.18
2026-02-10 12:15:00,937.15,937.8,936.7,937.8,133152,0.0461,0.3002,-84.64,938.8000,-0.11
2026-02-10 12:20:00,937.75,937.8,937,937.35,328213,0.0677,0.3002,-77.45,938.8000,-0.15
2026-02-10 12:25:00,937.15,938.6,937,938.6,297812,0.1599,0.3002,-46.74,938.8000,-0.02
2026-02-10 12:30:00,938.6,938.6,937.15,937.4,164987,0.1348,0.3002,-55.10,938.8000,-0.15
2026-02-10 12:35:00,937.4,937.6,936.6,936.8,111165,0.0755,0.3002,-74.85,938.8000,-0.21
2026-02-10 12:40:00,936.8,936.8,936,936.25,153960,0.0008,0.3002,-99.73,938.8000,-0.27
2026-02-10 12:45:00,936.25,936.8,936,936.45,235059,-0.0316,0.3002,-110.53,938.8000,-0.25
2026-02-10 12:50:00,936.45,936.45,934.9,935.55,477929,-0.1061,0.3002,-135.34,938.8000,-0.35
2026-02-10 12:55:00,935.55,935.65,934.5,934.7,414363,-0.1995,0.3002,-166.46,938.8000,-0.44
2026-02-10 13:00:00,934.7,935.05,933.55,935.05,727274,-0.2229,0.3002,-174.25,938.8000,-0.40
2026-02-10 13:05:00,935.05,935.45,934.25,934.85,612795,-0.2358,0.3002,-178.55,938.8000,-0.42
2026-02-10 13:10:00,934.85,935.2,933.85,935.1,481225,-0.2121,0.3002,-170.65,938.8000,-0.39
2026-02-10 13:15:00,935.1,935.5,933.5,933.65,618462,-0.2748,0.3002,-191.54,938.8000,-0.55
2026-02-10 13:20:00,933.6,934.05,933.25,933.7,113169,-0.2920,0.3002,-197.27,938.8000,-0.54
2026-02-10 13:25:00,933.65,934.7,933.5,934.3,224859,-0.2440,0.3002,-181.28,938.8000,-0.48
2026-02-10 13:30:00,934.45,935.05,933.6,934.85,341380,-0.1603,0.3002,-153.40,938.8000,-0.42
2026-02-10 13:35:00,934.85,935.05,933.95,934.75,257790,-0.0997,0.3002,-133.21,938.8000,-0.43
2026-02-10 13:40:00,934.65,935.05,934.1,935,309153,-0.0342,0.3002,-111.39,938.8000,-0.40
2026-02-10 13:45:00,935,935.05,933.3,933.7,458765,-0.0679,0.3002,-122.62,938.8000,-0.54
2026-02-10 13:50:00,933.7,935.05,933.4,934,329729,-0.0597,0.3002,-119.89,938.8000,-0.51
2026-02-10 13:55:00,933.95,934,932.6,932.8,561306,-0.1214,0.3002,-140.44,938.8000,-0.64
2026-02-10 14:00:00,932.8,933.3,932.1,932.95,225098,-0.1371,0.3002,-145.67,938.8000,-0.62
2026-02-10 14:05:00,932.95,933.9,932.45,932.7,384530,-0.1484,0.3002,-149.43,938.8000,-0.65
2026-02-10 14:10:00,932.7,932.95,932.2,932.95,110422,-0.1241,0.3002,-141.34,938.8000,-0.62
2026-02-10 14:15:00,932.95,933.7,932.8,933.25,408381,-0.0754,0.3002,-125.12,938.8000,-0.59
2026-02-10 14:20:00,933.25,933.3,932.4,933,95792,-0.0487,0.3002,-116.22,938.8000,-0.62
2026-02-10 14:25:00,932.9,934.3,932.8,934.2,116027,0.0553,0.3002,-81.58,938.8000,-0.49
2026-02-10 14:30:00,934.05,934.4,932.8,933,128733,0.0491,0.3002,-83.64,938.8000,-0.62
2026-02-10 14:35:00,933,933,931.95,932.55,560120,0.0219,0.3002,-92.70,938.8000,-0.67
2026-02-10 14:40:00,932.55,932.55,932,932.2,371470,-0.0107,0.3002,-103.56,938.8000,-0.70
2026-02-10 14:45:00,932.15,932.85,931.95,932.7,706086,0.0092,0.3002,-96.94,938.8000,-0.65
2026-02-10 14:50:00,932.6,933.3,932.4,933.2,171794,0.0611,0.3002,-79.65,938.8000,-0.60
2026-02-10 14:55:00,933.2,933.45,933,933,134605,0.0854,0.3002,-71.55,938.8000,-0.62
2026-02-10 15:00:00,933.05,933.75,931.75,932.1,2806523,0.0463,0.3002,-84.58,938.8000,-0.71
2026-02-10 15:05:00,932.1,934.5,930.7,933.1,3143022,0.0906,0.3002,-69.82,938.8000,-0.61
2026-02-10 15:10:00,933.1,933.6,931.05,932.75,1153354,0.0986,0.3002,-67.16,938.8000,-0.64
2026-02-10 15:15:00,932.8,933.4,931.15,931.8,1038648,0.0448,0.3002,-85.08,938.8000,-0.75
2026-02-10 15:20:00,931.9,932.4,931.2,932.05,731646,0.0317,0.3002,-89.44,938.8000,-0.72
2026-02-10 15:25:00,932,933.1,931.5,932.6,587096,0.0638,0.3002,-78.75,938.8000,-0.66
2026-02-11 09:15:00,931.25,933.6,927.45,929.95,1934211,-0.0819,0.0638,-228.37,932.6000,-0.28
2026-02-11 09:20:00,929.95,931.05,929.9,930.3,809801,-0.1396,0.0638,-318.81,932.6000,-0.25
2026-02-11 09:25:00,930.25,931.2,929.6,930.95,281055,-0.1198,0.0638,-287.77,932.6000,-0.18
2026-02-11 09:30:00,931,933,930.85,932.15,711539,-0.0170,0.0638,-126.65,932.6000,-0.05
2026-02-11 09:35:00,932.15,933.25,931.8,932.95,366825,0.1069,0.0638,67.55,932.6000,0.04
2026-02-11 09:40:00,932.95,933.15,932,932.5,239262,0.1576,0.0638,147.02,932.6000,-0.01
2026-02-11 09:45:00,932.4,932.85,931.85,932.1,206034,0.1624,0.0638,154.55,932.6000,-0.05
2026-02-11 09:50:00,932.15,936,932.15,935.15,584471,0.3582,0.0638,461.44,932.6000,0.27
2026-02-11 09:55:00,935.15,935.4,933.95,934.4,275932,0.4200,0.0638,558.31,932.6000,0.19
2026-02-11 10:00:00,934.4,934.5,932.3,932.6,164033,0.3266,0.0638,411.91,932.6000,0.00
2026-02-11 10:05:00,932.45,933.85,932.4,933.45,196429,0.3093,0.0638,384.80,932.6000,0.09
2026-02-11 10:10:00,933.5,933.65,932.35,932.7,137327,0.2377,0.0638,272.57,932.6000,0.01
2026-02-11 10:15:00,932.75,934.05,932.7,934.05,155633,0.2693,0.0638,322.10,932.6000,0.16
2026-02-11 10:20:00,934,934.2,932.4,932.75,160555,0.1942,0.0638,204.39,932.6000,0.02
2026-02-11 10:25:00,932.85,933.65,932.1,933.25,1613126,0.1706,0.0638,167.40,932.6000,0.07
2026-02-11 10:30:00,933.4,933.45,931.45,931.55,262197,0.0398,0.0638,-37.62,932.6000,-0.11
2026-02-11 10:35:00,931.55,932.2,930.65,931.05,158277,-0.0750,0.0638,-217.55,932.6000,-0.17
2026-02-11 10:40:00,931.05,931.6,930,930.4,297147,-0.1830,0.0638,-386.83,932.6000,-0.24
2026-02-11 10:45:00,930.15,930.35,929,929.2,383866,-0.3159,0.0638,-595.14,932.6000,-0.36
2026-02-11 10:50:00,929.2,929.9,929.1,929.2,114437,-0.3800,0.0638,-695.61,932.6000,-0.36
2026-02-11 10:55:00,929.2,929.9,929.2,929.6,111892,-0.3713,0.0638,-681.97,932.6000,-0.32
2026-02-11 11:00:00,929.65,929.65,928.5,928.55,137411,-0.4091,0.0638,-741.22,932.6000,-0.43
2026-02-11 11:05:00,928.55,928.65,925.3,927.15,475789,-0.4955,0.0638,-876.65,932.6000,-0.58
2026-02-11 11:10:00,927.15,928.05,927.05,927.5,90074,-0.4950,0.0638,-875.86,932.6000,-0.55
2026-02-11 11:15:00,927.65,927.85,926.65,926.75,98454,-0.5091,0.0638,-897.96,932.6000,-0.63
2026-02-11 11:20:00,926.75,927.1,926,926.8,137280,-0.4794,0.0638,-851.41,932.6000,-0.62
2026-02-11 11:25:00,926.9,928,926.65,927.4,111221,-0.3877,0.0638,-707.68,932.6000,-0.56
2026-02-11 11:30:00,927.4,927.9,927.2,927.65,77875,-0.2833,0.0638,-544.04,932.6000,-0.53
2026-02-11 11:35:00,927.8,928.35,927.25,927.3,111862,-0.2141,0.0638,-435.58,932.6000,-0.57
2026-02-11 11:40:00,927.3,927.8,927,927,131485,-0.1669,0.0638,-361.60,932.6000,-0.60
2026-02-11 11:45:00,927.05,927.1,926.5,926.7,78952,-0.1356,0.0638,-312.54,932.6000,-0.63
2026-02-11 11:50:00,926.75,927.5,926.4,927.5,75399,-0.0454,0.0638,-171.16,932.6000,-0.55
2026-02-11 11:55:00,927.5,927.8,926.7,926.8,121237,-0.0186,0.0638,-129.15,932.6000,-0.62
2026-02-11 12:00:00,926.85,927.3,926.6,927.1,77489,0.0309,0.0638,-51.57,932.6000,-0.59
2026-02-11 12:05:00,927.1,927.1,926.65,926.9,81694,0.0601,0.0638,-5.80,932.6000,-0.61
2026-02-11 12:10:00,926.9,927.7,926.8,927.4,112177,0.1195,0.0638,87.30,932.6000,-0.56
2026-02-11 12:15:00,927.4,927.5,926.45,926.85,165483,0.1274,0.0638,99.69,932.6000,-0.62
2026-02-11 12:20:00,926.85,927.95,926.4,927.7,162820,0.1918,0.0638,200.63,932.6000,-0.53
2026-02-11 12:25:00,927.65,927.85,927,927.65,160620,0.2303,0.0638,260.97,932.6000,-0.53
2026-02-11 12:30:00,927.65,928,927,927.05,110796,0.2149,0.0638,236.83,932.6000,-0.60
2026-02-11 12:35:00,927.05,927.35,926.6,926.95,151045,0.1979,0.0638,210.19,932.6000,-0.61
2026-02-11 12:40:00,926.95,927.2,926.5,926.55,180588,0.1613,0.0638,152.82,932.6000,-0.65
2026-02-11 12:45:00,926.65,926.9,926,926.55,170845,0.1395,0.0638,118.65,932.6000,-0.65
2026-02-11 12:50:00,926.55,927.55,926.25,927.4,300080,0.1819,0.0638,185.11,932.6000,-0.56
2026-02-11 12:55:00,927.4,927.9,926.35,926.75,1256438,0.1663,0.0638,160.66,932.6000,-0.63
2026-02-11 13:00:00,926.55,927,925.35,925.75,622658,0.0924,0.0638,44.83,932.6000,-0.73
2026-02-11 13:05:00,925.6,925.9,925.55,925.7,118286,0.0463,0.0638,-27.43,932.6000,-0.74
2026-02-11 13:10:00,925.65,926.55,925.55,926,189203,0.0422,0.0638,-33.86,932.6000,-0.71
2026-02-11 13:15:00,926,927.3,925.95,927.15,227637,0.1188,0.0638,86.21,932.6000,-0.58
2026-02-11 13:20:00,927.15,927.35,927,927.35,117931,0.1812,0.0638,184.01,932.6000,-0.56
2026-02-11 13:25:00,927.4,928.25,927.3,927.8,227001,0.2468,0.0638,286.83,932.6000,-0.51
2026-02-11 13:30:00,927.95,928,926.95,927,263939,0.2307,0.0638,261.60,932.6000,-0.60
2026-02-11 13:35:00,926.95,927.45,926.3,926.95,312235,0.2115,0.0638,231.50,932.6000,-0.61
2026-02-11 13:40:00,926.95,927.4,926.5,926.95,223493,0.1942,0.0638,204.39,932.6000,-0.61
2026-02-11 13:45:00,926.95,927.35,926.55,926.85,368288,0.1721,0.0638,169.75,932.6000,-0.62
2026-02-11 13:50:00,926.85,926.95,926.4,926.7,96154,0.1446,0.0638,126.65,932.6000,-0.63
2026-02-11 13:55:00,926.65,926.85,926.4,926.55,158053,0.1148,0.0638,79.94,932.6000,-0.65
2026-02-11 14:00:00,926.55,927,925.7,925.85,269671,0.0498,0.0638,-21.94,932.6000,-0.72
2026-02-11 14:05:00,925.75,926,925.3,925.4,211273,-0.0181,0.0638,-128.37,932.6000,-0.77
2026-02-11 14:10:00,925.65,926,925.3,925.7,164485,-0.0363,0.0638,-156.90,932.6000,-0.74
2026-02-11 14:15:00,925.7,926,925.5,925.55,136817,-0.0510,0.0638,-179.94,932.6000,-0.76
2026-02-11 14:20:00,925.6,925.8,925.5,925.55,132052,-0.0531,0.0638,-183.23,932.6000,-0.76
2026-02-11 14:25:00,925.7,925.85,925.5,925.6,117380,-0.0438,0.0638,-168.65,932.6000,-0.75
2026-02-11 14:30:00,925.6,926,925.35,925.7,154947,-0.0247,0.0638,-138.71,932.6000,-0.74
2026-02-11 14:35:00,925.7,926,925.5,925.65,143293,-0.0098,0.0638,-115.36,932.6000,-0.75
2026-02-11 14:40:00,925.7,925.8,925.3,925.4,148293,-0.0112,0.0638,-117.55,932.6000,-0.77
2026-02-11 14:45:00,925.55,926.4,925.3,925.6,330108,0.0061,0.0638,-90.44,932.6000,-0.75
2026-02-11 14:50:00,925.55,925.95,925.3,925.8,295398,0.0341,0.0638,-46.55,932.6000,-0.73
2026-02-11 14:55:00,925.7,926,925.45,925.95,192504,0.0642,0.0638,0.63,932.6000,-0.71
2026-02-11 15:00:00,925.85,926.65,925.55,926.6,735691,0.1257,0.0638,97.02,932.6000,-0.64
2026-02-11 15:05:00,926.55,926.95,926.3,926.95,623071,0.1843,0.0638,188.87,932.6000,-0.61
2026-02-11 15:10:00,926.9,928,926.9,927.9,844453,0.2758,0.0638,332.29,932.6000,-0.50
2026-02-11 15:15:00,927.85,928,927,927.85,522327,0.3187,0.0638,399.53,932.6000,-0.51
2026-02-11 15:20:00,927.85,927.95,927.6,927.65,714918,0.3186,0.0638,399.37,932.6000,-0.53
2026-02-11 15:25:00,927.6,927.8,926.6,926.8,422118,0.2494,0.0638,290.91,932.6000,-0.62
2026-02-12 09:15:00,927,928.6,923.5,925.3,770072,0.0984,0.2494,-60.55,926.8000,-0.16
2026-02-12 09:20:00,925.3,926.15,925.2,925.8,233130,0.0315,0.2494,-87.37,926.8000,-0.11
2026-02-12 09:25:00,925.7,926.05,923.1,923.65,306542,-0.1484,0.2494,-159.50,926.8000,-0.34
2026-02-12 09:30:00,923.65,924.35,922.25,922.8,205919,-0.3064,0.2494,-222.85,926.8000,-0.43
2026-02-12 09:35:00,922.75,923.4,921.65,922.35,397239,-0.4162,0.2494,-266.88,926.8000,-0.48
2026-02-12 09:40:00,922.3,923.45,922.2,923.25,149555,-0.4028,0.2494,-261.51,926.8000,-0.38
2026-02-12 09:45:00,923.05,923.3,921.35,922.05,296168,-0.4461,0.2494,-278.87,926.8000,-0.51
2026-02-12 09:50:00,922.05,923.15,922.05,922.45,172355,-0.4195,0.2494,-268.20,926.8000,-0.47
2026-02-12 09:55:00,922.25,922.55,921.5,922.45,195780,-0.3751,0.2494,-250.40,926.8000,-0.47
2026-02-12 10:00:00,922.35,923.8,922.1,923,309778,-0.2859,0.2494,-214.64,926.8000,-0.41
2026-02-12 10:05:00,923.25,924.3,922.8,924.2,240687,-0.1311,0.2494,-152.57,926.8000,-0.28
2026-02-12 10:10:00,924.35,926.15,923.95,926.1,421864,0.1016,0.2494,-59.26,926.8000,-0.08
2026-02-12 10:15:00,926.1,926.8,925.7,926,605640,0.2431,0.2494,-2.53,926.8000,-0.09
2026-02-12 10:20:00,926.1,926.75,925.45,926.05,468035,0.3291,0.2494,31.96,926.8000,-0.08
2026-02-12 10:25:00,926.15,926.15,925.35,925.5,191566,0.3366,0.2494,34.96,926.8000,-0.14
2026-02-12 10:30:00,925.35,925.85,925,925.85,181240,0.3513,0.2494,40.86,926.8000,-0.10
2026-02-12 10:35:00,925.8,926,925.05,925.95,202097,0.3530,0.2494,41.54,926.8000,-0.09
2026-02-12 10:40:00,925.85,926.65,925.45,926.3,242315,0.3615,0.2494,44.95,926.8000,-0.05
2026-02-12 10:45:00,926.15,926.5,925.6,925.9,213087,0.3252,0.2494,30.39,926.8000,-0.10
2026-02-12 10:50:00,925.75,926.45,925.7,925.95,200946,0.2907,0.2494,16.56,926.8000,-0.09
2026-02-12 10:55:00,925.95,926.5,925.75,925.8,177174,0.2458,0.2494,-1.44,926.8000,-0.11
2026-02-12 11:00:00,925.8,926.6,925.35,925.5,573944,0.1864,0.2494,-25.26,926.8000,-0.14
2026-02-12 11:05:00,925.45,926.1,924.75,924.85,232084,0.0984,0.2494,-60.55,926.8000,-0.21
2026-02-12 11:10:00,924.85,925.5,924.5,924.9,240279,0.0415,0.2494,-83.36,926.8000,-0.21
2026-02-12 11:15:00,924.9,925,923.4,924.6,3002955,-0.0153,0.2494,-106.13,926.8000,-0.24
2026-02-12 11:20:00,924.55,924.95,924.05,924.85,276276,-0.0340,0.2494,-113.63,926.8000,-0.21
2026-02-12 11:25:00,924.8,925.05,924.55,924.9,310542,-0.0405,0.2494,-116.24,926.8000,-0.21
2026-02-12 11:30:00,924.9,925.1,924,924.25,219088,-0.0836,0.2494,-133.52,926.8000,-0.28
2026-02-12 11:35:00,924.25,924.95,923.3,924.55,388762,-0.0865,0.2494,-134.68,926.8000,-0.24
2026-02-12 11:40:00,924.4,925.05,923.4,923.75,402104,-0.1342,0.2494,-153.81,926.8000,-0.33
2026-02-12 11:45:00,923.75,923.8,922.35,922.35,236642,-0.2453,0.2494,-198.36,926.8000,-0.48
2026-02-12 11:50:00,922.45,922.65,922.05,922.45,369472,-0.2941,0.2494,-217.92,926.8000,-0.47
2026-02-12 11:55:00,922.5,923.15,922.05,923.15,367819,-0.2623,0.2494,-205.17,926.8000,-0.39
2026-02-12 12:00:00,923.15,923.25,921.75,922.3,456159,-0.2801,0.2494,-212.31,926.8000,-0.49
2026-02-12 12:05:00,922.3,922.55,922.15,922.4,187457,-0.2666,0.2494,-206.90,926.8000,-0.47
2026-02-12 12:10:00,922.3,923.45,922.05,923.45,277305,-0.1731,0.2494,-169.41,926.8000,-0.36
2026-02-12 12:15:00,923.45,923.7,922.8,923.05,190804,-0.1264,0.2494,-150.68,926.8000,-0.40
2026-02-12 12:20:00,923.05,923.2,921.7,921.75,201276,-0.1687,0.2494,-167.64,926.8000,-0.54
2026-02-12 12:25:00,921.9,922,920.6,920.6,258492,-0.2546,0.2494,-202.09,926.8000,-0.67
2026-02-12 12:30:00,920.55,921.2,920.4,921.1,235420,-0.2574,0.2494,-203.21,926.8000,-0.62
2026-02-12 12:35:00,921.05,921.35,920.4,920.75,141312,-0.2616,0.2494,-204.89,926.8000,-0.65
2026-02-12 12:40:00,920.75,921.05,920.65,920.85,142758,-0.2373,0.2494,-195.15,926.8000,-0.64
2026-02-12 12:45:00,920.8,921.4,920.75,921.1,176541,-0.1861,0.2494,-174.62,926.8000,-0.62
2026-02-12 12:50:00,921.1,921.65,920.9,921.55,195264,-0.1077,0.2494,-143.18,926.8000,-0.57
2026-02-12 12:55:00,921.5,922.9,921.4,922.6,276334,0.0223,0.2494,-91.06,926.8000,-0.45
2026-02-12 13:00:00,922.6,922.7,921.7,921.9,249156,0.0660,0.2494,-73.54,926.8000,-0.53
2026-02-12 13:05:00,922,922.25,921.35,921.4,439786,0.0660,0.2494,-73.54,926.8000,-0.58
2026-02-12 13:10:00,921.4,921.55,920.75,921.55,474196,0.0799,0.2494,-67.96,926.8000,-0.57
2026-02-12 13:15:00,921.55,922.4,920.8,921.55,723810,0.0920,0.2494,-63.11,926.8000,-0.57
2026-02-12 13:20:00,921.55,922,920.55,921.9,327328,0.1246,0.2494,-50.04,926.8000,-0.53
2026-02-12 13:25:00,921.85,922.9,920.9,921,540273,0.0881,0.2494,-64.68,926.8000,-0.63
2026-02-12 13:30:00,920.9,921.35,920.55,921,756748,0.0676,0.2494,-72.89,926.8000,-0.63
2026-02-12 13:35:00,920.95,921.55,920.5,921,255749,0.0579,0.2494,-76.78,926.8000,-0.63
2026-02-12 13:40:00,921,921.3,920,920.65,515333,0.0331,0.2494,-86.73,926.8000,-0.66
2026-02-12 13:45:00,920.65,921.5,920.15,920.25,382848,-0.0031,0.2494,-101.24,926.8000,-0.71
2026-02-12 13:50:00,920.25,920.7,919.55,920.65,614308,0.0064,0.2494,-97.43,926.8000,-0.66
2026-02-12 13:55:00,920.65,921.45,920.2,920.75,161971,0.0250,0.2494,-89.98,926.8000,-0.65
2026-02-12 14:00:00,920.7,921.4,920.05,920.75,295150,0.0419,0.2494,-83.20,926.8000,-0.65
2026-02-12 14:05:00,920.8,921.65,920.45,920.6,493511,0.0470,0.2494,-81.15,926.8000,-0.67
2026-02-12 14:10:00,920.6,920.75,920.2,920.4,141897,0.0414,0.2494,-83.40,926.8000,-0.69
2026-02-12 14:15:00,920.4,920.55,920,920.15,193049,0.0259,0.2494,-89.62,926.8000,-0.72
2026-02-12 14:20:00,920.1,920.9,920,920.5,410209,0.0433,0.2494,-82.64,926.8000,-0.68
2026-02-12 14:25:00,920.5,920.7,920,920.55,312089,0.0612,0.2494,-75.46,926.8000,-0.67
2026-02-12 14:30:00,920.55,921.8,920.45,921,470602,0.1038,0.2494,-58.38,926.8000,-0.63
2026-02-12 14:35:00,920.95,921.95,919.65,920.15,795225,0.0765,0.2494,-69.33,926.8000,-0.72
2026-02-12 14:40:00,920.1,920.75,919.9,920.35,298695,0.0736,0.2494,-70.49,926.8000,-0.70
2026-02-12 14:45:00,920.35,920.9,919.05,919.5,634208,0.0190,0.2494,-92.38,926.8000,-0.79
2026-02-12 14:50:00,919.35,920.35,919.3,920.3,249169,0.0402,0.2494,-83.88,926.8000,-0.70
2026-02-12 14:55:00,920.3,920.85,920,920.3,219196,0.0565,0.2494,-77.35,926.8000,-0.70
2026-02-12 15:00:00,920.25,922,919.95,920.6,2057800,0.0880,0.2494,-64.72,926.8000,-0.67
2026-02-12 15:05:00,920.6,921.65,918.5,921.4,2305379,0.1590,0.2494,-36.25,926.8000,-0.58
2026-02-12 15:10:00,921.25,921.8,920.35,920.9,1042791,0.1678,0.2494,-32.72,926.8000,-0.64
2026-02-12 15:15:00,920.75,921.75,919.95,921.3,887359,0.1941,0.2494,-22.17,926.8000,-0.59
2026-02-12 15:20:00,921.25,921.5,920.3,920.95,867853,0.1818,0.2494,-27.11,926.8000,-0.63
2026-02-12 15:25:00,920.95,921.3,919.25,919.75,684261,0.0912,0.2494,-63.43,926.8000,-0.76
2026-02-13 09:15:00,913,919.4,911.4,917.65,2221051,-0.1013,0.0912,-211.07,919.7500,-0.23
2026-02-13 09:20:00,917.65,917.95,915.5,916,679976,-0.3187,0.0912,-449.45,919.7500,-0.41
2026-02-13 09:25:00,916.3,917.8,915.95,916.85,1657077,-0.3800,0.0912,-516.67,919.7500,-0.32
2026-02-13 09:30:00,916.85,918.5,916.1,918.25,601856,-0.3042,0.0912,-433.55,919.7500,-0.16
2026-02-13 09:35:00,918.2,920.95,917.9,920.45,561715,-0.0949,0.0912,-204.06,919.7500,0.08
2026-02-13 09:40:00,920.4,921.4,919.55,920.8,432215,0.0695,0.0912,-23.79,919.7500,0.11
2026-02-13 09:45:00,920.8,923.4,920.7,922.25,339179,0.2670,0.0912,192.76,919.7500,0.27
2026-02-13 09:50:00,922.25,923.45,921.65,922.5,319608,0.3978,0.0912,336.18,919.7500,0.30
2026-02-13 09:55:00,922.25,923.9,921.8,923.65,314321,0.5364,0.0912,488.16,919.7500,0.42
2026-02-13 10:00:00,923.7,925.3,923.05,925.2,552722,0.6969,0.0912,664.14,919.7500,0.59
2026-02-13 10:05:00,925.1,925.75,923.3,924.15,391359,0.6953,0.0912,662.39,919.7500,0.48
2026-02-13 10:10:00,924.25,925,923.8,924.85,401766,0.7023,0.0912,670.07,919.7500,0.55
2026-02-13 10:15:00,924.85,927.8,924.4,927.35,519017,0.8275,0.0912,807.35,919.7500,0.83
2026-02-13 10:20:00,927.2,928.2,924.5,924.55,487658,0.6801,0.0912,645.72,919.7500,0.52
2026-02-13 10:25:00,924.5,924.95,923.5,924.1,306045,0.5180,0.0912,467.98,919.7500,0.47
2026-02-13 10:30:00,924.1,924.7,922.2,923.15,322563,0.3222,0.0912,253.29,919.7500,0.37
2026-02-13 10:35:00,923.2,923.85,920.65,920.75,317285,0.0221,0.0912,-75.77,919.7500,0.11
2026-02-13 10:40:00,920.7,920.75,919.3,919.8,442527,-0.2350,0.0912,-357.68,919.7500,0.01
2026-02-13 10:45:00,919.75,919.75,918,918.15,243264,-0.4959,0.0912,-643.75,919.7500,-0.17
2026-02-13 10:50:00,918.15,918.55,917.45,918.4,483496,-0.6231,0.0912,-783.22,919.7500,-0.15
2026-02-13 10:55:00,918.4,919.9,918.2,919.15,509509,-0.6265,0.0912,-786.95,919.7500,-0.07
2026-02-13 11:00:00,919.15,920.4,918.9,919.8,351789,-0.5571,0.0912,-710.86,919.7500,0.01
2026-02-13 11:05:00,919.75,919.95,918.6,918.8,220557,-0.5497,0.0912,-702.74,919.7500,-0.10
2026-02-13 11:10:00,918.8,919,918,918.95,753494,-0.5069,0.0912,-655.81,919.7500,-0.09
2026-02-13 11:15:00,918.95,919,917.05,917.5,603879,-0.5452,0.0912,-697.81,919.7500,-0.24
2026-02-13 11:20:00,917.45,918.5,916.5,918.4,725351,-0.4810,0.0912,-627.41,919.7500,-0.15
2026-02-13 11:25:00,918.4,918.4,917.3,917.85,454823,-0.4474,0.0912,-590.57,919.7500,-0.21
2026-02-13 11:30:00,917.85,917.9,916.5,916.85,322006,-0.4624,0.0912,-607.02,919.7500,-0.32
2026-02-13 11:35:00,916.7,918.15,916.55,917.35,503141,-0.4104,0.0912,-550.00,919.7500,-0.26
2026-02-13 11:40:00,917.3,918.1,917.1,918,258880,-0.3085,0.0912,-438.27,919.7500,-0.19
2026-02-13 11:45:00,918.05,918.1,917.1,917.35,255438,-0.2630,0.0912,-388.38,919.7500,-0.26
2026-02-13 11:50:00,917.35,917.55,916.2,917.15,785474,-0.2260,0.0912,-347.81,919.7500,-0.28
2026-02-13 11:55:00,917.15,917.2,916.4,916.75,346782,-0.2083,0.0912,-328.40,919.7500,-0.33
2026-02-13 12:00:00,916.7,917.4,916.1,916.85,313542,-0.1714,0.0912,-287.94,919.7500,-0.32
2026-02-13 12:05:00,916.8,916.9,916.1,916.35,216464,-0.1623,0.0912,-277.96,919.7500,-0.37
2026-02-13 12:10:00,916.35,916.4,915.5,916.1,306328,-0.1547,0.0912,-269.63,919.7500,-0.40
2026-02-13 12:15:00,916.1,916.4,915.6,916.15,427382,-0.1290,0.0912,-241.45,919.7500,-0.39
2026-02-13 12:20:00,916.15,916.6,916,916.5,235300,-0.0738,0.0912,-180.92,919.7500,-0.35
2026-02-13 12:25:00,916.45,917,915.95,916,295940,-0.0571,0.0912,-162.61,919.7500,-0.41
2026-02-13 12:30:00,916.05,916.45,915.45,916.15,406687,-0.0239,0.0912,-126.21,919.7500,-0.39
2026-02-13 12:35:00,916.15,916.3,915.7,915.85,623498,-0.0106,0.0912,-111.62,919.7500,-0.42
2026-02-13 12:40:00,915.85,916,914.85,915.2,401242,-0.0329,0.0912,-136.07,919.7500,-0.49
2026-02-13 12:45:00,915.1,915.5,914.3,914.5,295552,-0.0794,0.0912,-187.06,919.7500,-0.57
2026-02-13 12:50:00,914.6,914.7,913.5,913.6,311884,-0.1513,0.0912,-265.90,919.7500,-0.67
2026-02-13 12:55:00,913.6,914.6,913.3,914.4,411619,-0.1264,0.0912,-238.60,919.7500,-0.58
2026-02-13 13:00:00,914.55,914.7,913.8,914.45,259741,-0.0897,0.0912,-198.36,919.7500,-0.58
2026-02-13 13:05:00,914.45,914.85,914,914.8,291687,-0.0283,0.0912,-131.03,919.7500,-0.54
2026-02-13 13:10:00,914.7,915,913.95,914.9,282073,0.0295,0.0912,-67.65,919.7500,-0.53
2026-02-13 13:15:00,914.95,915.4,914.3,915.1,237637,0.0884,0.0912,-3.07,919.7500,-0.51
2026-02-13 13:20:00,915,915.15,913.7,914.1,260256,0.0681,0.0912,-25.33,919.7500,-0.61
2026-02-13 13:25:00,914.1,914.1,913.05,913.35,314157,0.0150,0.0912,-83.55,919.7500,-0.70
2026-02-13 13:30:00,913.3,913.85,912.35,913.5,446531,0.0015,0.0912,-98.36,919.7500,-0.68
2026-02-13 13:35:00,913.6,913.95,912.9,913.75,352539,0.0200,0.0912,-78.07,919.7500,-0.65
2026-02-13 13:40:00,913.65,913.75,912.7,912.9,308579,-0.0128,0.0912,-114.04,919.7500,-0.74
2026-02-13 13:45:00,912.85,913,912.15,912.6,314198,-0.0407,0.0912,-144.63,919.7500,-0.78
2026-02-13 13:50:00,912.6,912.85,912.35,912.85,248636,-0.0291,0.0912,-131.91,919.7500,-0.75
2026-02-13 13:55:00,912.85,913.55,912.25,912.3,395397,-0.0442,0.0912,-148.46,919.7500,-0.81
2026-02-13 14:00:00,912.3,912.35,910.95,911,515415,-0.1231,0.0912,-234.98,919.7500,-0.95
2026-02-13 14:05:00,911.05,911.05,909.65,909.75,867307,-0.2342,0.0912,-356.80,919.7500,-1.09
2026-02-13 14:10:00,909.85,910.5,909.3,910.3,399808,-0.2445,0.0912,-368.09,919.7500,-1.03
2026-02-13 14:15:00,910.35,910.45,908.95,909.9,816059,-0.2510,0.0912,-375.22,919.7500,-1.07
2026-02-13 14:20:00,909.9,909.95,909.45,909.65,316807,-0.2446,0.0912,-368.20,919.7500,-1.10
2026-02-13 14:25:00,909.65,910.15,909.5,910.15,353039,-0.1821,0.0912,-299.67,919.7500,-1.04
2026-02-13 14:30:00,910.1,911.15,909.8,910.5,528591,-0.0969,0.0912,-206.25,919.7500,-1.01
2026-02-13 14:35:00,910.5,910.9,909.7,910.15,398280,-0.0463,0.0912,-150.77,919.7500,-1.04
2026-02-13 14:40:00,910.15,910.75,907,907.7,7463167,-0.1540,0.0912,-268.86,919.7500,-1.31
2026-02-13 14:45:00,908,909.9,907.7,909.85,524139,-0.0614,0.0912,-167.32,919.7500,-1.08
2026-02-13 14:50:00,909.85,910.2,909.25,909.5,457069,-0.0075,0.0912,-108.22,919.7500,-1.11
2026-02-13 14:55:00,909.5,909.9,908.5,908.8,398855,-0.0029,0.0912,-103.18,919.7500,-1.19
2026-02-13 15:00:00,908.85,909.05,906.6,906.75,804894,-0.1157,0.0912,-226.86,919.7500,-1.41
2026-02-13 15:05:00,906.7,907.75,906.55,907.05,818418,-0.1459,0.0912,-259.98,919.7500,-1.38
2026-02-13 15:10:00,907.05,907.05,906.05,906.05,659263,-0.2054,0.0912,-325.22,919.7500,-1.49
2026-02-13 15:15:00,906.05,908,905.8,907.75,1029783,-0.1073,0.0912,-217.65,919.7500,-1.30
2026-02-13 15:20:00,907.75,908.05,901,905.55,6546422,-0.1643,0.0912,-280.15,919.7500,-1.54
2026-02-13 15:25:00,905.55,905.7,902.95,903.9,1279787,-0.2800,0.0912,-407.02,919.7500,-1.72
2026-02-16 09:15:00,903.9,910.45,902.1,909.9,1230412,0.0625,-0.2800,-122.32,903.9000,0.66
2026-02-16 09:20:00,909.85,913,909.45,912.3,321873,0.4442,-0.2800,-258.64,903.9000,0.93
2026-02-16 09:25:00,912.5,913,911,912.75,295884,0.7050,-0.2800,-351.79,903.9000,0.98
2026-02-16 09:30:00,912.75,916.2,912.65,915,434599,0.9898,-0.2800,-453.50,903.9000,1.23
2026-02-16 09:35:00,915.1,916.5,914.25,916,287284,1.1925,-0.2800,-525.89,903.9000,1.34
2026-02-16 09:40:00,916.05,917.75,915.25,917.3,250447,1.3496,-0.2800,-582.00,903.9000,1.48
2026-02-16 09:45:00,917.3,918,916.25,916.5,548138,1.3328,-0.2800,-576.00,903.9000,1.39
2026-02-16 09:50:00,916.75,918.85,915.7,918.8,250424,1.4027,-0.2800,-600.96,903.9000,1.65
2026-02-16 09:55:00,918.8,920.3,918.7,919.7,303328,1.4307,-0.2800,-610.96,903.9000,1.75
2026-02-16 10:00:00,919.7,921.25,919.4,920.4,249116,1.4150,-0.2800,-605.36,903.9000,1.83
2026-02-16 10:05:00,920.4,921.25,919.55,920.45,220154,1.3280,-0.2800,-574.29,903.9000,1.83
2026-02-16 10:10:00,920.6,923,920,922.95,259911,1.3541,-0.2800,-583.61,903.9000,2.11
2026-02-16 10:15:00,922.95,923.7,921.45,922.7,262186,1.2713,-0.2800,-554.04,903.9000,2.08
2026-02-16 10:20:00,922.9,923.25,921,921.35,154269,1.0514,-0.2800,-475.50,903.9000,1.93
2026-02-16 10:25:00,921.35,923,921.05,922.6,117397,0.9206,-0.2800,-428.79,903.9000,2.07
2026-02-16 10:30:00,922.85,923,922,922.3,155613,0.7516,-0.2800,-368.43,903.9000,2.04
2026-02-16 10:35:00,922.25,923.15,922.25,923.1,111149,0.6358,-0.2800,-327.07,903.9000,2.12
2026-02-16 10:40:00,923.15,924.3,921.35,922.2,280797,0.4497,-0.2800,-260.61,903.9000,2.02
2026-02-16 10:45:00,922.2,922.45,920.35,920.5,131403,0.1771,-0.2800,-163.25,903.9000,1.84
2026-02-16 10:50:00,920.45,921.6,919.85,921.25,214823,0.0205,-0.2800,-107.32,903.9000,1.92
2026-02-16 10:55:00,921.25,923.5,921.2,923.3,100435,0.0278,-0.2800,-109.93,903.9000,2.15
2026-02-16 11:00:00,923.3,923.5,922.1,923.05,94150,-0.0094,-0.2800,-96.64,903.9000,2.12
2026-02-16 11:05:00,923.05,924.1,922.5,923.05,80656,-0.0566,-0.2800,-79.79,903.9000,2.12
2026-02-16 11:10:00,923.1,923.25,922.5,923.25,56938,-0.0947,-0.2800,-66.18,903.9000,2.14
2026-02-16 11:15:00,923.25,923.85,922,922.2,169981,-0.2047,-0.2800,-26.89,903.9000,2.02
2026-02-16 11:20:00,922.2,923.05,921.55,921.65,412185,-0.3215,-0.2800,14.82,903.9000,1.96
2026-02-16 11:25:00,921.8,921.9,920,921,141979,-0.4422,-0.2800,57.93,903.9000,1.89
2026-02-16 11:30:00,921,923.1,920.75,922.5,310880,-0.4208,-0.2800,50.29,903.9000,2.06
2026-02-16 11:35:00,922.5,923.75,921.4,923.45,236888,-0.3455,-0.2800,23.39,903.9000,2.16
2026-02-16 11:40:00,923.45,923.7,922.6,923.35,266881,-0.3067,-0.2800,9.54,903.9000,2.15
2026-02-16 11:45:00,923.15,923.8,922.65,923.35,183333,-0.2856,-0.2800,2.00,903.9000,2.15
2026-02-16 11:50:00,923.65,924.5,923.05,923.7,216138,-0.2538,-0.2800,-9.36,903.9000,2.19
2026-02-16 11:55:00,923.7,925,923.45,924.5,199228,-0.1877,-0.2800,-32.96,903.9000,2.28
2026-02-16 12:00:00,924.65,926.4,924.1,926.4,897663,-0.0329,-0.2800,-88.25,903.9000,2.49
2026-02-16 12:05:00,926.4,926.6,924.8,926.2,387463,0.0355,-0.2800,-112.68,903.9000,2.47
2026-02-16 12:10:00,926.25,926.3,924.95,925.25,86234,-0.0019,-0.2800,-99.32,903.9000,2.36
2026-02-16 12:15:00,925.35,926,924.85,925.5,72587,-0.0269,-0.2800,-90.39,903.9000,2.39
2026-02-16 12:20:00,925.25,926.45,925,926.2,79062,-0.0142,-0.2800,-94.93,903.9000,2.47
2026-02-16 12:25:00,926.2,927.5,926,927.5,158869,0.0598,-0.2800,-121.36,903.9000,2.61
2026-02-16 12:30:00,927.4,928,926.75,927.65,196920,0.0949,-0.2800,-133.89,903.9000,2.63
2026-02-16 12:35:00,927.65,928.25,926.75,927.4,174705,0.0780,-0.2800,-127.86,903.9000,2.60
2026-02-16 12:40:00,927.25,929.5,927.25,928.8,463267,0.1345,-0.2800,-148.04,903.9000,2.75
2026-02-16 12:45:00,928.8,929.4,927,927.05,118909,0.0327,-0.2800,-111.68,903.9000,2.56
2026-02-16 12:50:00,927.05,928.5,927.05,928.15,125089,0.0189,-0.2800,-106.75,903.9000,2.68
2026-02-16 12:55:00,928.15,928.5,927.3,927.7,82712,-0.0381,-0.2800,-86.39,903.9000,2.63
2026-02-16 13:00:00,927.7,928.3,927.55,927.6,151762,-0.0966,-0.2800,-65.50,903.9000,2.62
2026-02-16 13:05:00,927.6,927.9,927,927.9,131191,-0.1274,-0.2800,-54.50,903.9000,2.66
2026-02-16 13:10:00,927.9,928,926.65,926.7,181515,-0.2346,-0.2800,-16.21,903.9000,2.52
2026-02-16 13:15:00,926.7,927.05,926.5,926.7,126951,-0.3069,-0.2800,9.61,903.9000,2.52
2026-02-16 13:20:00,926.8,927.15,925.65,926.75,251247,-0.3497,-0.2800,24.89,903.9000,2.53
2026-02-16 13:25:00,926.9,926.95,925.8,926.1,215697,-0.4156,-0.2800,48.43,903.9000,2.46
2026-02-16 13:30:00,926.3,926.65,925.65,925.95,188575,-0.4597,-0.2800,64.18,903.9000,2.44
2026-02-16 13:35:00,925.95,926.9,925.75,926.3,91263,-0.4549,-0.2800,62.46,903.9000,2.48
2026-02-16 13:40:00,926.3,927,926.05,926.55,145046,-0.4250,-0.2800,51.79,903.9000,2.51
2026-02-16 13:45:00,926.6,926.85,925.25,925.55,123515,-0.4597,-0.2800,64.18,903.9000,2.40
2026-02-16 13:50:00,925.7,926,924.35,924.55,317050,-0.5321,-0.2800,90.04,903.9000,2.28
2026-02-16 13:55:00,924.45,925.4,923.6,925.1,612002,-0.5242,-0.2800,87.21,903.9000,2.35
2026-02-16 14:00:00,925.1,926.35,924.9,925.4,664923,-0.4811,-0.2800,71.82,903.9000,2.38
2026-02-16 14:05:00,925.45,925.75,923.95,924.2,125636,-0.5128,-0.2800,83.14,903.9000,2.25
2026-02-16 14:10:00,924.45,924.85,923.9,924.35,70106,-0.5025,-0.2800,79.46,903.9000,2.26
2026-02-16 14:15:00,924.4,925,923.75,924,167115,-0.4971,-0.2800,77.54,903.9000,2.22
2026-02-16 14:20:00,924.15,925.45,924.05,925.45,70177,-0.3791,-0.2800,35.39,903.9000,2.38
2026-02-16 14:25:00,925.45,925.9,924.8,925.5,100227,-0.2851,-0.2800,1.82,903.9000,2.39
2026-02-16 14:30:00,925.5,926,924.8,926,131335,-0.1818,-0.2800,-35.07,903.9000,2.44
2026-02-16 14:35:00,926,926.35,925.1,925.25,88957,-0.1574,-0.2800,-43.79,903.9000,2.36
2026-02-16 14:40:00,925.25,926,925.1,925.8,85463,-0.1004,-0.2800,-64.14,903.9000,2.42
2026-02-16 14:45:00,925.85,926.95,925.8,926.85,73325,0.0061,-0.2800,-102.18,903.9000,2.54
2026-02-16 14:50:00,926.9,927.3,926,926.1,103432,0.0233,-0.2800,-108.32,903.9000,2.46
2026-02-16 14:55:00,926.1,926.45,925.6,926.15,125723,0.0345,-0.2800,-112.32,903.9000,2.46
2026-02-16 15:00:00,926.2,927.7,926.15,927.45,502663,0.1211,-0.2800,-143.25,903.9000,2.61
2026-02-16 15:05:00,927.45,927.7,926.65,926.65,411382,0.1161,-0.2800,-141.46,903.9000,2.52
2026-02-16 15:10:00,926.7,927,925.8,926.05,416823,0.0665,-0.2800,-123.75,903.9000,2.45
2026-02-16 15:15:00,926.05,926.45,924.5,924.55,463558,-0.0661,-0.2800,-76.39,903.9000,2.28
2026-02-16 15:20:00,924.5,926,924.2,925.6,382287,-0.0808,-0.2800,-71.14,903.9000,2.40
2026-02-16 15:25:00,925.6,926,923.1,925.5,642880,-0.0941,-0.2800,-66.39,903.9000,2.39
2026-02-17 09:15:00,923,925.3,921.3,921.4,437587,-0.3609,-0.0941,283.53,925.5000,-0.44
2026-02-17 09:20:00,921.4,921.4,919.55,920.3,198607,-0.5803,-0.0941,516.68,925.5000,-0.56
2026-02-17 09:25:00,920.3,920.85,919.6,919.65,149344,-0.7285,-0.0941,674.18,925.5000,-0.63
2026-02-17 09:30:00,919.9,920.1,919,920,157290,-0.7587,-0.0941,706.27,925.5000,-0.59
2026-02-17 09:35:00,919.85,920.1,918.6,919.55,157621,-0.7628,-0.0941,710.63,925.5000,-0.64
2026-02-17 09:40:00,919.85,922.5,918.95,922.35,389897,-0.5412,-0.0941,475.13,925.5000,-0.34
2026-02-17 09:45:00,922.35,922.4,920.95,921.35,74651,-0.4309,-0.0941,357.92,925.5000,-0.45
2026-02-17 09:50:00,921.45,923.5,921.1,923.35,120524,-0.2038,-0.0941,116.58,925.5000,-0.23
2026-02-17 09:55:00,923.3,924.95,922.65,924.25,140549,0.0149,-0.0941,-115.83,925.5000,-0.14
2026-02-17 10:00:00,924.3,924.5,923.65,924.25,98768,0.1594,-0.0941,-269.39,925.5000,-0.14
2026-02-17 10:05:00,924.25,925.5,924.25,924.5,103149,0.2654,-0.0941,-382.04,925.5000,-0.11
2026-02-17 10:10:00,924.6,925.8,924,925.65,92409,0.3985,-0.0941,-523.49,925.5000,0.02
2026-02-17 10:15:00,925.6,926.85,925.5,926.6,176476,0.5280,-0.0941,-661.11,925.5000,0.12
2026-02-17 10:20:00,926.6,926.8,924.8,926.4,211894,0.5739,-0.0941,-709.88,925.5000,0.10
2026-02-17 10:25:00,926.4,927.7,925.85,926.75,276493,0.5987,-0.0941,-736.24,925.5000,0.14
2026-02-17 10:30:00,926.75,927.3,925.8,926.35,113667,0.5598,-0.0941,-694.90,925.5000,0.09
2026-02-17 10:35:00,926.4,926.4,925.2,925.5,77620,0.4529,-0.0941,-581.30,925.5000,0.00
2026-02-17 10:40:00,925.45,925.5,923.3,923.95,134348,0.2635,-0.0941,-380.02,925.5000,-0.17
2026-02-17 10:45:00,923.95,924.45,923,924,125099,0.1336,-0.0941,-241.98,925.5000,-0.16
2026-02-17 10:50:00,924,924.4,923.25,924.2,102564,0.0572,-0.0941,-160.79,925.5000,-0.14
2026-02-17 10:55:00,924.2,925.4,924,925.25,124487,0.0725,-0.0941,-177.05,925.5000,-0.03
2026-02-17 11:00:00,925.25,926.15,924.7,925.7,497990,0.1059,-0.0941,-212.54,925.5000,0.02
2026-02-17 11:05:00,925.7,926.5,924.85,925.1,266695,0.0816,-0.0941,-186.72,925.5000,-0.04
2026-02-17 11:10:00,925.5,926.2,924.65,926.2,68157,0.1309,-0.0941,-239.11,925.5000,0.08
2026-02-17 11:15:00,926.2,926.8,925.5,926.3,133864,0.1595,-0.0941,-269.50,925.5000,0.09
2026-02-17 11:20:00,926.3,926.5,925.45,926.1,113167,0.1541,-0.0941,-263.76,925.5000,0.06
2026-02-17 11:25:00,926.35,926.8,925.8,926.75,102367,0.1817,-0.0941,-293.09,925.5000,0.14
2026-02-17 11:30:00,926.75,927.3,925.4,927.15,309661,0.2120,-0.0941,-325.29,925.5000,0.18
2026-02-17 11:35:00,927.15,927.25,926,926.7,325231,0.1878,-0.0941,-299.57,925.5000,0.13
2026-02-17 11:40:00,926.7,927.1,925.8,926.2,695533,0.1271,-0.0941,-235.07,925.5000,0.08
2026-02-17 11:45:00,926.25,927.15,925.95,927.15,293434,0.1388,-0.0941,-247.50,925.5000,0.18
2026-02-17 11:50:00,927.15,927.25,926.1,926.95,214775,0.1217,-0.0941,-229.33,925.5000,0.16
2026-02-17 11:55:00,927.05,927.15,924.7,925.05,133752,-0.0214,-0.0941,-77.26,925.5000,-0.05
2026-02-17 12:00:00,925.05,925.7,924.7,925.4,96676,-0.0922,-0.0941,-2.02,925.5000,-0.01
2026-02-17 12:05:00,925.4,925.55,924.4,924.75,118409,-0.1778,-0.0941,88.95,925.5000,-0.08
2026-02-17 12:10:00,924.95,925.2,924.55,925,91697,-0.2101,-0.0941,123.27,925.5000,-0.05
2026-02-17 12:15:00,925,925.8,924.5,925.8,117700,-0.1719,-0.0941,82.68,925.5000,0.03
2026-02-17 12:20:00,925.8,925.8,925,925.3,71600,-0.1741,-0.0941,85.02,925.5000,-0.02
2026-02-17 12:25:00,925.3,925.65,924.3,924.9,178285,-0.1946,-0.0941,106.80,925.5000,-0.06
2026-02-17 12:30:00,924.9,925.5,923.75,925.25,194244,-0.1773,-0.0941,88.42,925.5000,-0.03
2026-02-17 12:35:00,925.25,925.45,924.7,925.15,76756,-0.1654,-0.0941,75.77,925.5000,-0.04
2026-02-17 12:40:00,925.3,925.65,925,925.15,128042,-0.1509,-0.0941,60.36,925.5000,-0.04
2026-02-17 12:45:00,925.15,925.65,925,925.3,112315,-0.1255,-0.0941,33.37,925.5000,-0.02
2026-02-17 12:50:00,925.45,925.85,925.25,925.6,75192,-0.0848,-0.0941,-9.88,925.5000,0.01
2026-02-17 12:55:00,925.6,925.85,925.25,925.75,66103,-0.0460,-0.0941,-51.12,925.5000,0.03
2026-02-17 13:00:00,925.75,925.75,924.6,925.15,424208,-0.0582,-0.0941,-38.15,925.5000,-0.04
2026-02-17 13:05:00,925.15,926.2,924.75,925.5,708202,-0.0409,-0.0941,-56.54,925.5000,0.00
2026-02-17 13:10:00,925.55,926,924,924.3,564367,-0.1050,-0.0941,11.58,925.5000,-0.13
2026-02-17 13:15:00,924.45,924.9,923.2,924.65,407298,-0.1174,-0.0941,24.76,925.5000,-0.09
2026-02-17 13:20:00,924.7,925.85,924.4,924.65,1037904,-0.1190,-0.0941,26.46,925.5000,-0.09
2026-02-17 13:25:00,924.65,925.35,924.35,925,60911,-0.0910,-0.0941,-3.29,925.5000,-0.05
2026-02-17 13:30:00,925,926.5,925,926.25,216675,0.0117,-0.0941,-112.43,925.5000,0.08
2026-02-17 13:35:00,926.25,928.1,925.75,927,876203,0.1238,-0.0941,-231.56,925.5000,0.16
2026-02-17 13:40:00,927.1,927.7,926.75,927.5,241988,0.2198,-0.0941,-333.58,925.5000,0.22
2026-02-17 13:45:00,927.2,927.7,926.5,926.95,151173,0.2331,-0.0941,-347.72,925.5000,0.16
2026-02-17 13:50:00,926.95,927.25,926.4,926.85,64417,0.2221,-0.0941,-336.03,925.5000,0.15
2026-02-17 13:55:00,926.85,926.9,924.65,925.2,286077,0.0970,-0.0941,-203.08,925.5000,-0.03
2026-02-17 14:00:00,925.2,926.75,925,925.7,653691,0.0439,-0.0941,-146.65,925.5000,0.02
2026-02-17 14:05:00,926.1,926.65,924.9,925,241745,-0.0379,-0.0941,-59.72,925.5000,-0.05
2026-02-17 14:10:00,925,925.75,924.2,924.45,175660,-0.1238,-0.0941,31.56,925.5000,-0.11
2026-02-17 14:15:00,924.45,925.9,923.8,925.25,802637,-0.1213,-0.0941,28.91,925.5000,-0.03
2026-02-17 14:20:00,925.15,925.45,925,925.3,51978,-0.1112,-0.0941,18.17,925.5000,-0.02
2026-02-17 14:25:00,925.4,925.7,925,925.25,89642,-0.1028,-0.0941,9.25,925.5000,-0.03
2026-02-17 14:30:00,925.4,925.65,925,925.6,76853,-0.0704,-0.0941,-25.19,925.5000,0.01
2026-02-17 14:35:00,925.65,926.8,925.3,926.65,330531,0.0204,-0.0941,-121.68,925.5000,0.12
2026-02-17 14:40:00,926.65,926.9,925.6,926.25,678219,0.0504,-0.0941,-153.56,925.5000,0.08
2026-02-17 14:45:00,926.25,926.35,925.25,925.4,92840,0.0118,-0.0941,-112.54,925.5000,-0.01
2026-02-17 14:50:00,925.4,925.6,925.25,925.6,67921,-0.0007,-0.0941,-99.26,925.5000,0.01
2026-02-17 14:55:00,925.6,925.75,924.5,924.95,525785,-0.0505,-0.0941,-46.33,925.5000,-0.06
2026-02-17 15:00:00,925,927.3,923.75,923.8,1822114,-0.1528,-0.0941,62.38,925.5000,-0.18
2026-02-17 15:05:00,924.1,926.9,923.35,926.9,1919692,-0.0111,-0.0941,-88.20,925.5000,0.15
2026-02-17 15:10:00,926.4,926.9,924.3,925.7,689730,0.0018,-0.0941,-101.91,925.5000,0.02
2026-02-17 15:15:00,925.65,926.4,924.85,925.65,521207,0.0065,-0.0941,-106.91,925.5000,0.02
2026-02-17 15:20:00,925.65,927,925.1,926.1,489348,0.0379,-0.0941,-140.28,925.5000,0.06
2026-02-17 15:25:00,926.1,926.65,925.25,926.45,225589,0.0778,-0.0941,-182.68,925.5000,0.10
2026-02-18 09:15:00,923.2,925.5,920.35,922.35,1706824,-0.1632,0.0778,-309.77,926.4500,-0.44
2026-02-18 09:20:00,922.35,922.85,921.7,921.9,135714,-0.3343,0.0778,-529.69,926.4500,-0.49
2026-02-18 09:25:00,921.9,923.5,921.2,923.35,325722,-0.3307,0.0778,-525.06,926.4500,-0.33
2026-02-18 09:30:00,923.5,923.6,922.65,923.2,92245,-0.3190,0.0778,-510.03,926.4500,-0.35
2026-02-18 09:35:00,923.2,923.5,922.4,923.35,76224,-0.2830,0.0778,-463.75,926.4500,-0.33
2026-02-18 09:40:00,923.35,924,923.2,923.95,96057,-0.2044,0.0778,-362.72,926.4500,-0.27
2026-02-18 09:45:00,923.95,924.4,923.1,924.05,170895,-0.1345,0.0778,-272.88,926.4500,-0.26
2026-02-18 09:50:00,924.1,924.2,923.75,924,60772,-0.0831,0.0778,-206.81,926.4500,-0.26
2026-02-18 09:55:00,924,924.1,923,923.5,157337,-0.0745,0.0778,-195.76,926.4500,-0.32
2026-02-18 10:00:00,923.55,923.6,922.45,922.9,145288,-0.0994,0.0778,-227.76,926.4500,-0.38
2026-02-18 10:05:00,922.9,923.4,922.45,923.3,47009,-0.0799,0.0778,-202.70,926.4500,-0.34
2026-02-18 10:10:00,923.3,923.55,922.7,923,36571,-0.0781,0.0778,-200.39,926.4500,-0.37
2026-02-18 10:15:00,923.2,924,922.85,923.8,79864,-0.0171,0.0778,-121.98,926.4500,-0.29
2026-02-18 10:20:00,923.8,923.8,922.55,923.1,114453,-0.0180,0.0778,-123.14,926.4500,-0.36
2026-02-18 10:25:00,923.1,923.25,922.4,923.2,54557,-0.0064,0.0778,-108.23,926.4500,-0.35
2026-02-18 10:30:00,923.2,923.25,922.25,922.45,93868,-0.0418,0.0778,-153.73,926.4500,-0.43
2026-02-18 10:35:00,922.5,922.6,921.05,921.15,73392,-0.1399,0.0778,-279.82,926.4500,-0.57
2026-02-18 10:40:00,921.4,922.3,920.95,922,95041,-0.1346,0.0778,-273.01,926.4500,-0.48
2026-02-18 10:45:00,922,922.1,921.6,921.8,34345,-0.1315,0.0778,-269.02,926.4500,-0.50
2026-02-18 10:50:00,921.8,922.25,921.4,921.65,102553,-0.1264,0.0778,-262.47,926.4500,-0.52
2026-02-18 10:55:00,921.65,922.3,921.2,922.05,41667,-0.0849,0.0778,-209.13,926.4500,-0.47
2026-02-18 11:00:00,922.2,922.4,921.25,921.8,64398,-0.0641,0.0778,-182.39,926.4500,-0.50
2026-02-18 11:05:00,921.8,922,921.5,921.75,26122,-0.0445,0.0778,-157.20,926.4500,-0.51
2026-02-18 11:10:00,921.75,922,921.4,921.95,29102,-0.0105,0.0778,-113.50,926.4500,-0.49
2026-02-18 11:15:00,921.95,922.05,920.55,921.4,72489,-0.0172,0.0778,-122.11,926.4500,-0.55
2026-02-18 11:20:00,921.45,921.75,920.85,921,36546,-0.0394,0.0778,-150.64,926.4500,-0.59
2026-02-18 11:25:00,921,922.5,920,921.45,425227,-0.0159,0.0778,-120.44,926.4500,-0.54
2026-02-18 11:30:00,921.5,922.45,921.35,922.45,98611,0.0703,0.0778,-9.64,926.4500,-0.43
2026-02-18 11:35:00,922.45,923,922,922.9,136603,0.1559,0.0778,100.39,926.4500,-0.38
2026-02-18 11:40:00,922.95,923.05,922.1,922.7,91500,0.1949,0.0778,150.51,926.4500,-0.40
2026-02-18 11:45:00,922.7,922.9,922.05,922.4,64289,0.1957,0.0778,151.54,926.4500,-0.44
2026-02-18 11:50:00,922.4,922.65,921.8,922.6,126927,0.2040,0.0778,162.21,926.4500,-0.42
2026-02-18 11:55:00,922.6,923.1,922.1,923,92672,0.2290,0.0778,194.34,926.4500,-0.37
2026-02-18 12:00:00,923,923.1,922.25,923,114424,0.2370,0.0778,204.63,926.4500,-0.37
2026-02-18 12:05:00,923,923.05,922.15,922.7,105213,0.2142,0.0778,175.32,926.4500,-0.40
2026-02-18 12:10:00,922.7,923.25,922.5,923.2,74675,0.2239,0.0778,187.79,926.4500,-0.35
2026-02-18 12:15:00,923.2,923.4,922.8,923.1,77215,0.2147,0.0778,175.96,926.4500,-0.36
2026-02-18 12:20:00,923.1,923.25,922.55,923.25,65025,0.2096,0.0778,169.41,926.4500,-0.35
2026-02-18 12:25:00,923.2,923.3,922.5,923.05,106547,0.1844,0.0778,137.02,926.4500,-0.37
2026-02-18 12:30:00,923.05,923.45,922.2,922.65,100552,0.1349,0.0778,73.39,926.4500,-0.41
2026-02-18 12:35:00,922.65,923.1,922.2,922.7,186289,0.1011,0.0778,29.95,926.4500,-0.40
2026-02-18 12:40:00,922.75,923,922.15,922.65,83628,0.0723,0.0778,-7.07,926.4500,-0.41
2026-02-18 12:45:00,922.65,923.35,922.55,922.6,44563,0.0480,0.0778,-38.30,926.4500,-0.42
2026-02-18 12:50:00,922.65,922.75,922,922.75,58357,0.0404,0.0778,-48.07,926.4500,-0.40
2026-02-18 12:55:00,922.75,922.75,922.2,922.75,52903,0.0340,0.0778,-56.30,926.4500,-0.40
2026-02-18 13:00:00,922.75,923.15,922.25,922.8,78181,0.0319,0.0778,-59.00,926.4500,-0.39
2026-02-18 13:05:00,922.85,923.05,922.35,922.55,127857,0.0133,0.0778,-82.90,926.4500,-0.42
2026-02-18 13:10:00,922.6,922.8,921.7,922,100397,-0.0338,0.0778,-143.44,926.4500,-0.48
2026-02-18 13:15:00,921.95,922.55,921.75,922,129471,-0.0612,0.0778,-178.66,926.4500,-0.48
2026-02-18 13:20:00,922,922.75,921.7,921.7,394540,-0.0937,0.0778,-220.44,926.4500,-0.51
2026-02-18 13:25:00,921.75,922.1,920.15,921.2,604205,-0.1403,0.0778,-280.33,926.4500,-0.57
2026-02-18 13:30:00,921.35,921.5,921.05,921.2,72877,-0.1611,0.0778,-307.07,926.4500,-0.57
2026-02-18 13:35:00,921.25,921.65,920.15,920.85,100840,-0.1866,0.0778,-339.85,926.4500,-0.60
2026-02-18 13:40:00,920.85,921.45,920.5,921,62414,-0.1813,0.0778,-333.03,926.4500,-0.59
2026-02-18 13:45:00,921.1,921.6,920.5,921.3,234103,-0.1471,0.0778,-289.07,926.4500,-0.56
2026-02-18 13:50:00,921.3,921.5,919.55,919.7,334016,-0.2174,0.0778,-379.43,926.4500,-0.73
2026-02-18 13:55:00,919.65,921.5,919.55,921.3,135941,-0.1448,0.0778,-286.12,926.4500,-0.56
2026-02-18 14:00:00,921.45,921.75,920.75,921.4,325290,-0.0819,0.0778,-205.27,926.4500,-0.55
2026-02-18 14:05:00,921.5,921.95,921.25,921.85,65547,-0.0058,0.0778,-107.46,926.4500,-0.50
2026-02-18 14:10:00,921.85,922.5,921.7,922.5,87422,0.0873,0.0778,12.21,926.4500,-0.43
2026-02-18 14:15:00,922.5,922.5,922,922.35,84215,0.1349,0.0778,73.39,926.4500,-0.44
2026-02-18 14:20:00,922.35,923.1,922,923.1,349508,0.2088,0.0778,168.38,926.4500,-0.36
2026-02-18 14:25:00,923.1,923.5,922.3,922.95,257575,0.2372,0.0778,204.88,926.4500,-0.38
2026-02-18 14:30:00,922.95,923,922,922.55,127506,0.2192,0.0778,181.75,926.4500,-0.42
2026-02-18 14:35:00,922.55,922.95,922.15,922.5,66131,0.1948,0.0778,150.39,926.4500,-0.43
2026-02-18 14:40:00,922.55,923.2,922.2,922.9,225121,0.1960,0.0778,151.93,926.4500,-0.38
2026-02-18 14:45:00,922.9,923,922.6,922.9,139234,0.1873,0.0778,140.75,926.4500,-0.38
2026-02-18 14:50:00,922.95,923.35,922.65,923.15,198811,0.1882,0.0778,141.90,926.4500,-0.36
2026-02-18 14:55:00,923.1,923.35,922.8,923.15,97807,0.1789,0.0778,129.95,926.4500,-0.36
2026-02-18 15:00:00,923.15,925,923.15,924.8,378963,0.2684,0.0778,244.99,926.4500,-0.18
2026-02-18 15:05:00,924.75,924.9,924.1,924.8,253996,0.3093,0.0778,297.56,926.4500,-0.18
2026-02-18 15:10:00,924.75,925.2,924.75,925.05,336428,0.3328,0.0778,327.76,926.4500,-0.15
2026-02-18 15:15:00,925.05,925.25,924.7,924.95,264649,0.3211,0.0778,312.72,926.4500,-0.16
2026-02-18 15:20:00,924.95,925,923.9,924.55,370871,0.2681,0.0778,244.60,926.4500,-0.21
2026-02-18 15:25:00,924.55,925,923.5,923.7,292824,0.1626,0.0778,109.00,926.4500,-0.30
2026-02-19 09:15:00,929,929.2,925,925.35,507769,0.1890,0.1626,16.24,923.7000,0.18
2026-02-19 09:20:00,925.25,926.4,924.7,925.05,187502,0.1717,0.1626,5.60,923.7000,0.15
2026-02-19 09:25:00,925.05,925.6,923.1,923.6,187544,0.0542,0.1626,-66.67,923.7000,-0.01
2026-02-19 09:30:00,923.6,923.75,922.75,922.9,139050,-0.0722,0.1626,-144.40,923.7000,-0.09
2026-02-19 09:35:00,922.9,923.3,921.65,922.25,143617,-0.1943,0.1626,-219.50,923.7000,-0.16
2026-02-19 09:40:00,922.15,922.5,921.7,922.05,155853,-0.2780,0.1626,-270.97,923.7000,-0.18
2026-02-19 09:45:00,922,924.45,921.95,924.25,119955,-0.1795,0.1626,-210.39,923.7000,0.06
2026-02-19 09:50:00,924.25,924.45,923.6,923.6,159660,-0.1535,0.1626,-194.40,923.7000,-0.01
2026-02-19 09:55:00,923.6,923.8,923.05,923.15,538561,-0.1611,0.1626,-199.08,923.7000,-0.06
2026-02-19 10:00:00,923.2,923.5,922.25,923.25,81599,-0.1539,0.1626,-194.65,923.7000,-0.05
2026-02-19 10:05:00,923.3,923.35,922.6,923,64440,-0.1598,0.1626,-198.28,923.7000,-0.08
2026-02-19 10:10:00,922.9,923.15,922.25,922.55,90468,-0.1861,0.1626,-214.45,923.7000,-0.12
2026-02-19 10:15:00,922.5,923.15,922.05,922.55,68205,-0.1945,0.1626,-219.62,923.7000,-0.12
2026-02-19 10:20:00,922.4,923.05,922.25,922.8,32030,-0.1750,0.1626,-207.63,923.7000,-0.10
2026-02-19 10:25:00,922.8,922.9,921.9,922,134702,-0.2055,0.1626,-226.38,923.7000,-0.18
2026-02-19 10:30:00,922,922.45,921.9,922.1,34753,-0.2080,0.1626,-227.92,923.7000,-0.17
2026-02-19 10:35:00,922.1,922.2,921.2,921.2,143681,-0.2560,0.1626,-257.44,923.7000,-0.27
2026-02-19 10:40:00,921.35,921.95,921,921.8,79608,-0.2338,0.1626,-243.79,923.7000,-0.21
2026-02-19 10:45:00,921.8,921.85,921.55,921.8,33545,-0.2064,0.1626,-226.94,923.7000,-0.21
2026-02-19 10:50:00,921.8,921.85,921.25,921.65,53433,-0.1864,0.1626,-214.64,923.7000,-0.22
2026-02-19 10:55:00,921.65,921.75,921.1,921.65,36726,-0.1621,0.1626,-199.69,923.7000,-0.22
2026-02-19 11:00:00,921.7,921.75,921.15,921.45,51594,-0.1487,0.1626,-191.45,923.7000,-0.24
2026-02-19 11:05:00,921.5,921.85,921.15,921.4,50182,-0.1329,0.1626,-181.73,923.7000,-0.25
2026-02-19 11:10:00,921.35,921.65,920.8,920.8,97885,-0.1513,0.1626,-193.05,923.7000,-0.31
2026-02-19 11:15:00,920.8,921.05,920.6,920.7,98220,-0.1579,0.1626,-197.11,923.7000,-0.32
2026-02-19 11:20:00,920.7,920.7,919.4,919.65,209506,-0.2170,0.1626,-233.46,923.7000,-0.44
2026-02-19 11:25:00,919.65,920,919.2,919.25,91609,-0.2639,0.1626,-262.30,923.7000,-0.48
2026-02-19 11:30:00,919.2,919.5,919,919.35,77798,-0.2683,0.1626,-265.01,923.7000,-0.47
2026-02-19 11:35:00,919.45,920.2,919.1,919.7,85170,-0.2291,0.1626,-240.90,923.7000,-0.43
2026-02-19 11:40:00,919.7,920,919.2,919.75,68253,-0.1834,0.1626,-212.79,923.7000,-0.43
2026-02-19 11:45:00,919.7,919.7,918.6,919,98962,-0.1866,0.1626,-214.76,923.7000,-0.51
2026-02-19 11:50:00,919.05,919.3,918.35,918.65,77673,-0.1943,0.1626,-219.50,923.7000,-0.55
2026-02-19 11:55:00,918.65,919.15,918.2,918.4,86183,-0.1977,0.1626,-221.59,923.7000,-0.57
2026-02-19 12:00:00,918.4,920.2,918,920,610634,-0.0795,0.1626,-148.89,923.7000,-0.40
2026-02-19 12:05:00,920.05,920.25,919.4,920,196985,0.0066,0.1626,-95.94,923.7000,-0.40
2026-02-19 12:10:00,920,920.3,918.25,918.25,565125,-0.0436,0.1626,-126.81,923.7000,-0.59
2026-02-19 12:15:00,918.3,919.05,917.05,918.35,150050,-0.0584,0.1626,-135.92,923.7000,-0.58
2026-02-19 12:20:00,918.4,920.15,917.95,919.8,168349,0.0361,0.1626,-77.80,923.7000,-0.42
2026-02-19 12:25:00,919.8,919.85,918.55,918.95,205682,0.0472,0.1626,-70.97,923.7000,-0.51
2026-02-19 12:30:00,918.95,919.65,918.05,918.35,80211,0.0213,0.1626,-86.90,923.7000,-0.58
2026-02-19 12:35:00,918.35,918.85,917.55,917.55,67537,-0.0392,0.1626,-124.11,923.7000,-0.67
2026-02-19 12:40:00,917.6,918.1,917.1,917.75,69959,-0.0543,0.1626,-133.39,923.7000,-0.64
2026-02-19 12:45:00,917.5,918.4,917.1,917.9,47564,-0.0433,0.1626,-126.63,923.7000,-0.63
2026-02-19 12:50:00,917.85,918.95,917,917.8,253957,-0.0323,0.1626,-119.86,923.7000,-0.64
2026-02-19 12:55:00,917.8,918,917,917.95,129229,-0.0058,0.1626,-103.57,923.7000,-0.62
2026-02-19 13:00:00,917.85,918.45,917.05,918.45,69528,0.0512,0.1626,-68.51,923.7000,-0.57
2026-02-19 13:05:00,918.25,920.55,918.15,919.6,243872,0.1659,0.1626,2.03,923.7000,-0.44
2026-02-19 13:10:00,919.65,920,918.55,919.2,729160,0.2113,0.1626,29.95,923.7000,-0.49
2026-02-19 13:15:00,919.1,919.75,918.1,919.45,165716,0.2519,0.1626,54.92,923.7000,-0.46
2026-02-19 13:20:00,919.3,921.75,919.3,921.1,538775,0.3762,0.1626,131.37,923.7000,-0.28
2026-02-19 13:25:00,921.1,921.5,919.5,920.1,254289,0.3765,0.1626,131.55,923.7000,-0.39
2026-02-19 13:30:00,919.9,920.8,919.75,920.6,362564,0.3938,0.1626,142.19,923.7000,-0.34
2026-02-19 13:35:00,920.6,921.35,920.15,921.1,227823,0.4201,0.1626,158.36,923.7000,-0.28
2026-02-19 13:40:00,921.1,921.45,921,921.35,87189,0.4336,0.1626,166.67,923.7000,-0.25
2026-02-19 13:45:00,921.2,921.45,920.5,920.6,109366,0.3737,0.1626,129.83,923.7000,-0.34
2026-02-19 13:50:00,920.6,920.9,919.1,920.15,397407,0.2892,0.1626,77.86,923.7000,-0.38
2026-02-19 13:55:00,920.2,920.9,919.6,919.6,125322,0.1866,0.1626,14.76,923.7000,-0.44
2026-02-19 14:00:00,919.7,919.95,918.8,918.8,413322,0.0617,0.1626,-62.05,923.7000,-0.53
2026-02-19 14:05:00,918.85,919.05,918.2,918.55,82082,-0.0357,0.1626,-121.96,923.7000,-0.56
2026-02-19 14:10:00,918.45,919.3,918.15,918.65,86556,-0.0883,0.1626,-154.31,923.7000,-0.55
2026-02-19 14:15:00,918.65,920.25,918.25,919.85,410590,-0.0397,0.1626,-124.42,923.7000,-0.42
2026-02-19 14:20:00,919.85,920.1,918.3,919.4,732238,-0.0354,0.1626,-121.77,923.7000,-0.47
2026-02-19 14:25:00,919.4,919.5,918.5,918.55,113659,-0.0845,0.1626,-151.97,923.7000,-0.56
2026-02-19 14:30:00,918.8,919.7,918.55,919.1,102122,-0.0750,0.1626,-146.13,923.7000,-0.50
2026-02-19 14:35:00,919.25,919.9,919,919.55,96518,-0.0355,0.1626,-121.83,923.7000,-0.45
2026-02-19 14:40:00,919.7,920.2,917.8,917.8,322009,-0.1196,0.1626,-173.55,923.7000,-0.64
2026-02-19 14:45:00,917.8,917.95,915.85,916.1,674971,-0.2732,0.1626,-268.02,923.7000,-0.82
2026-02-19 14:50:00,916.15,917,915.75,916.6,179355,-0.3214,0.1626,-297.66,923.7000,-0.77
2026-02-19 14:55:00,916.8,917.5,915.95,917.1,196866,-0.3002,0.1626,-284.62,923.7000,-0.71
2026-02-19 15:00:00,917.05,918.2,914.2,916.9,2233119,-0.2807,0.1626,-272.63,923.7000,-0.74
2026-02-19 15:05:00,917.3,918.4,914.3,916.5,1994611,-0.2753,0.1626,-269.31,923.7000,-0.78
2026-02-19 15:10:00,916.55,917.5,913.95,914.55,1657250,-0.3773,0.1626,-332.04,923.7000,-0.99
2026-02-19 15:15:00,914.55,915.1,913.75,914.2,542189,-0.4384,0.1626,-369.62,923.7000,-1.03
2026-02-19 15:20:00,914.1,914.2,912.45,913.1,578053,-0.5175,0.1626,-418.27,923.7000,-1.15
2026-02-19 15:25:00,913,915,912.85,914.3,345764,-0.4557,0.1626,-380.26,923.7000,-1.02
2026-02-20 09:15:00,911,916.2,911,915,1700696,-0.3398,-0.4557,-25.43,914.3000,0.08
2026-02-20 09:20:00,915.3,916.6,914.85,915.3,336634,-0.2208,-0.4557,-51.55,914.3000,0.11
2026-02-20 09:25:00,915.3,915.3,912,912.3,175870,-0.3161,-0.4557,-30.63,914.3000,-0.22
2026-02-20 09:30:00,912.3,914.35,912.05,914.1,197188,-0.2338,-0.4557,-48.69,914.3000,-0.02
2026-02-20 09:35:00,914.1,914.1,912.55,912.75,129926,-0.2449,-0.4557,-46.26,914.3000,-0.17
2026-02-20 09:40:00,912.8,913.55,912,913.25,181964,-0.1953,-0.4557,-57.14,914.3000,-0.11
2026-02-20 09:45:00,913.2,914.05,912.9,914.05,119829,-0.0908,-0.4557,-80.07,914.3000,-0.03
2026-02-20 09:50:00,914.05,914.9,913.8,914.4,222386,0.0142,-0.4557,-103.12,914.3000,0.01
2026-02-20 09:55:00,914.45,915.55,914.1,915.45,178789,0.1586,-0.4557,-134.80,914.3000,0.13
2026-02-20 10:00:00,915.45,915.85,914.65,915,171971,0.2241,-0.4557,-149.18,914.3000,0.08
2026-02-20 10:05:00,915.2,915.95,913.8,914.1,111227,0.2075,-0.4557,-145.53,914.3000,-0.02
2026-02-20 10:10:00,914.05,914.9,913.8,914.05,86810,0.1940,-0.4557,-142.57,914.3000,-0.03
2026-02-20 10:15:00,914.05,916.45,914,916.4,260746,0.3359,-0.4557,-173.71,914.3000,0.23
2026-02-20 10:20:00,916.4,916.45,915.6,916.1,152478,0.3979,-0.4557,-187.32,914.3000,0.20
2026-02-20 10:25:00,916.1,917.15,915.9,916.25,123093,0.4344,-0.4557,-195.33,914.3000,0.21
2026-02-20 10:30:00,916.3,917.5,916.2,917,115154,0.4903,-0.4557,-207.59,914.3000,0.30
2026-02-20 10:35:00,916.85,917.45,916.1,916.95,132454,0.5032,-0.4557,-210.42,914.3000,0.29
2026-02-20 10:40:00,917,917.85,916.7,917.15,156752,0.5033,-0.4557,-210.45,914.3000,0.31
2026-02-20 10:45:00,917.25,917.7,916,916.65,180537,0.4496,-0.4557,-198.66,914.3000,0.26
2026-02-20 10:50:00,916.8,916.85,915.65,915.9,115700,0.3480,-0.4557,-176.37,914.3000,0.17
2026-02-20 10:55:00,916,916.15,915.6,915.95,124383,0.2719,-0.4557,-159.67,914.3000,0.18
2026-02-20 11:00:00,916,916,915,915.75,156417,0.1993,-0.4557,-143.73,914.3000,0.16
2026-02-20 11:05:00,915.8,915.95,914.1,914.8,127829,0.0843,-0.4557,-118.50,914.3000,0.05
2026-02-20 11:10:00,914.9,915.8,914,914.4,183926,-0.0163,-0.4557,-96.42,914.3000,0.01
2026-02-20 11:15:00,914.45,915.7,914.35,914.95,137624,-0.0420,-0.4557,-90.78,914.3000,0.07
2026-02-20 11:20:00,915,915.1,913.15,913.35,171835,-0.1564,-0.4557,-65.68,914.3000,-0.10
2026-02-20 11:25:00,913.35,914.85,913.1,914.3,202190,-0.1574,-0.4557,-65.46,914.3000,0.00
2026-02-20 11:30:00,914.3,915,914,914.45,103355,-0.1379,-0.4557,-69.74,914.3000,0.02
2026-02-20 11:35:00,914.5,915.1,914.1,914.65,107102,-0.1032,-0.4557,-77.35,914.3000,0.04
2026-02-20 11:40:00,914.55,915.5,913.95,914.95,156194,-0.0540,-0.4557,-88.15,914.3000,0.07
2026-02-20 11:45:00,915,916.4,914.35,915.35,208990,0.0081,-0.4557,-101.78,914.3000,0.11
2026-02-20 11:50:00,915.4,915.95,914.65,914.8,230586,0.0144,-0.4557,-103.16,914.3000,0.05
2026-02-20 11:55:00,914.8,915.85,914.5,915.3,90837,0.0524,-0.4557,-111.50,914.3000,0.11
2026-02-20 12:00:00,915.3,915.4,914.55,914.6,56309,0.0316,-0.4557,-106.93,914.3000,0.03
2026-02-20 12:05:00,914.65,914.65,913.65,913.75,77158,-0.0347,-0.4557,-92.39,914.3000,-0.06
2026-02-20 12:10:00,913.8,914.6,913.7,914.3,111816,-0.0365,-0.4557,-91.99,914.3000,0.00
2026-02-20 12:15:00,914.35,915.8,914.3,915.35,156453,0.0341,-0.4557,-107.48,914.3000,0.11
2026-02-20 12:20:00,915.5,916.55,915,915.85,281923,0.1113,-0.4557,-124.42,914.3000,0.17
2026-02-20 12:25:00,916,916.8,915.8,916,319100,0.1659,-0.4557,-136.41,914.3000,0.19
2026-02-20 12:30:00,916,916.45,915,915.1,223979,0.1361,-0.4557,-129.87,914.3000,0.09
2026-02-20 12:35:00,915.1,915.5,914.4,914.4,418181,0.0675,-0.4557,-114.81,914.3000,0.01
2026-02-20 12:40:00,914.4,914.65,912.55,912.6,320424,-0.0922,-0.4557,-79.77,914.3000,-0.19
2026-02-20 12:45:00,912.6,913.35,911.45,912.6,390513,-0.1856,-0.4557,-59.27,914.3000,-0.19
2026-02-20 12:50:00,912.75,913.3,912.5,912.9,96835,-0.2130,-0.4557,-53.26,914.3000,-0.15
2026-02-20 12:55:00,912.9,912.9,910.65,910.95,359338,-0.3406,-0.4557,-25.26,914.3000,-0.37
2026-02-20 13:00:00,910.95,911.95,910.85,910.9,332067,-0.4023,-0.4557,-11.72,914.3000,-0.37
2026-02-20 13:05:00,910.9,911,909.65,909.9,299554,-0.4793,-0.4557,5.18,914.3000,-0.48
2026-02-20 13:10:00,909.95,910.15,908.4,909.4,298768,-0.5287,-0.4557,16.02,914.3000,-0.54
2026-02-20 13:15:00,909.35,910.7,909.05,910.6,226028,-0.4486,-0.4557,-1.56,914.3000,-0.40
2026-02-20 13:20:00,910.6,910.65,909.45,910,365817,-0.4053,-0.4557,-11.06,914.3000,-0.47
2026-02-20 13:25:00,910,911.6,909.55,911.25,412633,-0.2685,-0.4557,-41.08,914.3000,-0.33
2026-02-20 13:30:00,911.5,913,911.2,912.9,570991,-0.0540,-0.4557,-88.15,914.3000,-0.15
2026-02-20 13:35:00,912.9,913.7,911.65,912.55,436786,0.0705,-0.4557,-115.47,914.3000,-0.19
2026-02-20 13:40:00,912.55,913.25,911.95,912.7,306435,0.1636,-0.4557,-135.90,914.3000,-0.17
2026-02-20 13:45:00,912.7,913.5,912.45,913.3,183543,0.2607,-0.4557,-157.21,914.3000,-0.11
2026-02-20 13:50:00,913.35,913.4,912.6,912.7,125564,0.2779,-0.4557,-160.98,914.3000,-0.17
2026-02-20 13:55:00,912.7,914.4,912.7,914.4,204255,0.3903,-0.4557,-185.65,914.3000,0.01
2026-02-20 14:00:00,914.25,914.8,913.4,913.8,183399,0.4089,-0.4557,-189.73,914.3000,-0.05
2026-02-20 14:05:00,913.95,914.45,913.55,914.3,130364,0.4368,-0.4557,-195.85,914.3000,0.00
2026-02-20 14:10:00,914.35,915.6,914.3,915.6,209533,0.5193,-0.4557,-213.96,914.3000,0.14
2026-02-20 14:15:00,915.55,916.8,915.3,916.2,620143,0.5858,-0.4557,-228.55,914.3000,0.21
2026-02-20 14:20:00,916.2,916.2,914.55,914.6,443986,0.4970,-0.4557,-209.06,914.3000,0.03
2026-02-20 14:25:00,914.75,914.85,912.95,913.9,653394,0.3719,-0.4557,-181.61,914.3000,-0.04
2026-02-20 14:30:00,913.9,914.7,913.7,914.4,150776,0.3063,-0.4557,-167.22,914.3000,0.01
2026-02-20 14:35:00,914.4,915.9,914.25,915.6,207735,0.3254,-0.4557,-171.41,914.3000,0.14
2026-02-20 14:40:00,915.55,916.3,915,915.55,256160,0.3161,-0.4557,-169.37,914.3000,0.14
2026-02-20 14:45:00,915.6,916.8,915.45,916.7,201828,0.3653,-0.4557,-180.16,914.3000,0.26
2026-02-20 14:50:00,916.7,916.75,915.55,916.45,447511,0.3584,-0.4557,-178.65,914.3000,0.24
2026-02-20 14:55:00,916.5,916.8,915.55,915.8,288697,0.2904,-0.4557,-163.73,914.3000,0.16
2026-02-20 15:00:00,915.8,915.8,912.55,912.65,611837,0.0275,-0.4557,-106.03,914.3000,-0.18
2026-02-20 15:05:00,912.65,912.75,911.15,911.45,1231014,-0.2195,-0.4557,-51.83,914.3000,-0.31
2026-02-20 15:10:00,911.5,912,911.5,911.8,469444,-0.3441,-0.4557,-24.49,914.3000,-0.27
2026-02-20 15:15:00,911.9,911.95,910.6,910.7,828719,-0.4772,-0.4557,4.72,914.3000,-0.39
2026-02-20 15:20:00,910.85,912.55,910.35,912.55,879565,-0.4193,-0.4557,-7.99,914.3000,-0.19
2026-02-20 15:25:00,912.7,913.45,911.35,913.15,618554,-0.3236,-0.4557,-28.99,914.3000,-0.13
2026-02-23 09:15:00,916.5,923.55,915.25,923.15,1322382,0.3915,-0.3236,-220.98,913.1500,1.10
2026-02-23 09:20:00,923.1,925.65,923.1,923.65,462948,0.8501,-0.3236,-362.70,913.1500,1.15
2026-02-23 09:25:00,923.7,925.55,922.75,924.25,393693,1.1284,-0.3236,-448.70,913.1500,1.22
2026-02-23 09:30:00,924.3,925.3,923.05,923.2,276083,1.1712,-0.3236,-461.93,913.1500,1.10
2026-02-23 09:35:00,923.15,924.3,922.1,922.35,279789,1.0742,-0.3236,-431.95,913.1500,1.01
2026-02-23 09:40:00,922.35,923.2,922,922.5,176268,0.9561,-0.3236,-395.46,913.1500,1.02
2026-02-23 09:45:00,922.5,924.5,922.2,923.65,319951,0.8925,-0.3236,-375.80,913.1500,1.15
2026-02-23 09:50:00,923.95,924.15,922.05,922.05,110806,0.6890,-0.3236,-312.92,913.1500,0.97
2026-02-23 09:55:00,922.1,923.55,922.05,922.65,117922,0.5472,-0.3236,-269.10,913.1500,1.04
2026-02-23 10:00:00,922.7,923.65,922.5,922.65,136163,0.4121,-0.3236,-227.35,913.1500,1.04
2026-02-23 10:05:00,922.65,923.3,922.5,922.65,113140,0.2872,-0.3236,-188.75,913.1500,1.04
2026-02-23 10:10:00,922.6,922.7,921.25,922.05,107217,0.1363,-0.3236,-142.12,913.1500,0.97
2026-02-23 10:15:00,921.8,923.2,921.7,922.95,223647,0.0726,-0.3236,-122.44,913.1500,1.07
2026-02-23 10:20:00,922.85,923.7,922.5,923.1,88232,0.0187,-0.3236,-105.78,913.1500,1.09
2026-02-23 10:25:00,923.1,923.3,922,922.7,83324,-0.0614,-0.3236,-81.03,913.1500,1.05
2026-02-23 10:30:00,922.55,923.15,922.1,922.95,93938,-0.1120,-0.3236,-65.39,913.1500,1.07
2026-02-23 10:35:00,922.95,923.1,921.95,922.75,213125,-0.1699,-0.3236,-47.50,913.1500,1.05
2026-02-23 10:40:00,922.65,922.8,921.95,922.2,230787,-0.2514,-0.3236,-22.31,913.1500,0.99
2026-02-23 10:45:00,922.3,922.55,921.35,921.8,118422,-0.3332,-0.3236,2.97,913.1500,0.95
2026-02-23 10:50:00,921.65,922.15,921.6,921.85,120794,-0.3814,-0.3236,17.86,913.1500,0.95
2026-02-23 10:55:00,921.85,922,921,921.15,118968,-0.4531,-0.3236,40.02,913.1500,0.88
2026-02-23 11:00:00,921.1,921.55,921,921.45,107366,-0.4708,-0.3236,45.49,913.1500,0.91
2026-02-23 11:05:00,921.45,921.65,920,920.9,161990,-0.5070,-0.3236,56.67,913.1500,0.85
2026-02-23 11:10:00,920.8,922.6,920.5,922.5,256471,-0.4145,-0.3236,28.09,913.1500,1.02
2026-02-23 11:15:00,922.5,922.7,921.7,921.9,346261,-0.3856,-0.3236,19.16,913.1500,0.96
2026-02-23 11:20:00,921.75,922,921.3,921.5,154855,-0.3845,-0.3236,18.82,913.1500,0.91
2026-02-23 11:25:00,921.45,921.7,921.1,921.65,154209,-0.3649,-0.3236,12.76,913.1500,0.93
2026-02-23 11:30:00,921.65,922.4,921.5,922.3,219776,-0.3019,-0.3236,-6.71,913.1500,1.00
2026-02-23 11:35:00,922.25,922.7,922.2,922.5,212582,-0.2431,-0.3236,-24.88,913.1500,1.02
2026-02-23 11:40:00,922.45,922.8,922.4,922.7,133847,-0.1895,-0.3236,-41.44,913.1500,1.05
2026-02-23 11:45:00,922.6,922.8,920.7,921.7,135107,-0.2181,-0.3236,-32.60,913.1500,0.94
2026-02-23 11:50:00,921.7,922,920.55,921.85,120213,-0.2227,-0.3236,-31.18,913.1500,0.95
2026-02-23 11:55:00,921.8,922.7,921.8,922,288790,-0.2117,-0.3236,-34.58,913.1500,0.97
2026-02-23 12:00:00,921.9,922.35,921.2,922.2,312569,-0.1877,-0.3236,-42.00,913.1500,0.99
2026-02-23 12:05:00,922.2,922.65,922.1,922.3,155402,-0.1629,-0.3236,-49.66,913.1500,1.00
2026-02-23 12:10:00,922.3,922.4,921.7,921.8,189462,-0.1766,-0.3236,-45.43,913.1500,0.95
2026-02-23 12:15:00,921.8,922.65,921.55,922.5,239896,-0.1369,-0.3236,-57.69,913.1500,1.02
2026-02-23 12:20:00,922.5,922.65,921.15,921.35,172259,-0.1836,-0.3236,-43.26,913.1500,0.90
2026-02-23 12:25:00,921.35,921.5,920.75,920.95,205276,-0.2335,-0.3236,-27.84,913.1500,0.85
2026-02-23 12:30:00,920.9,921,919.5,920.85,356991,-0.2633,-0.3236,-18.63,913.1500,0.84
2026-02-23 12:35:00,920.85,920.9,919.7,920.3,314856,-0.3071,-0.3236,-5.10,913.1500,0.78
2026-02-23 12:40:00,920.3,921.4,920,921.1,438079,-0.2703,-0.3236,-16.47,913.1500,0.87
2026-02-23 12:45:00,921.1,921.45,919.3,919.3,309895,-0.3504,-0.3236,8.28,913.1500,0.67
2026-02-23 12:50:00,919.3,919.35,916.95,917.8,1281347,-0.4796,-0.3236,48.21,913.1500,0.51
2026-02-23 12:55:00,917.7,917.75,916.4,916.95,244312,-0.5902,-0.3236,82.39,913.1500,0.42
2026-02-23 13:00:00,916.9,917.75,916.75,917.7,261256,-0.5799,-0.3236,79.20,913.1500,0.50
2026-02-23 13:05:00,917.55,918.2,917.3,917.65,450339,-0.5441,-0.3236,68.14,913.1500,0.49
2026-02-23 13:10:00,917.7,918.7,917.15,917.15,427195,-0.5217,-0.3236,61.22,913.1500,0.44
2026-02-23 13:15:00,917.15,919,916.6,918.4,299874,-0.3959,-0.3236,22.34,913.1500,0.57
2026-02-23 13:20:00,918.2,920,918.15,919.5,281496,-0.2207,-0.3236,-31.80,913.1500,0.70
2026-02-23 13:25:00,919.4,920,919,919.95,214738,-0.0646,-0.3236,-80.04,913.1500,0.74
2026-02-23 13:30:00,919.95,921.5,919.65,920.2,476130,0.0587,-0.3236,-118.14,913.1500,0.77
2026-02-23 13:35:00,919.95,920.3,918.85,919.25,680715,0.0783,-0.3236,-124.20,913.1500,0.67
2026-02-23 13:40:00,919.05,920.85,918.35,920.75,480157,0.1880,-0.3236,-158.10,913.1500,0.83
2026-02-23 13:45:00,920.75,920.9,919.55,919.9,211312,0.1980,-0.3236,-161.19,913.1500,0.74
2026-02-23 13:50:00,919.95,920.6,919.5,920.15,209443,0.2148,-0.3236,-166.38,913.1500,0.77
2026-02-23 13:55:00,920.05,920.35,919.4,919.5,174635,0.1770,-0.3236,-154.70,913.1500,0.70
2026-02-23 14:00:00,919.45,919.9,919.1,919.6,158381,0.1545,-0.3236,-147.74,913.1500,0.71
2026-02-23 14:05:00,919.6,920,919.5,919.5,408714,0.1296,-0.3236,-140.05,913.1500,0.70
2026-02-23 14:10:00,919.5,919.75,918.9,919.7,186660,0.1233,-0.3236,-138.10,913.1500,0.72
2026-02-23 14:15:00,919.7,920.3,919.2,919.9,315025,0.1288,-0.3236,-139.80,913.1500,0.74
2026-02-23 14:20:00,919.8,920.55,919.45,920.35,464617,0.1570,-0.3236,-148.52,913.1500,0.79
2026-02-23 14:25:00,920.45,921.15,919.65,921.05,297127,0.2136,-0.3236,-166.01,913.1500,0.87
2026-02-23 14:30:00,921.05,922.95,920.6,922.5,534824,0.3324,-0.3236,-202.72,913.1500,1.02
2026-02-23 14:35:00,922.5,922.75,921.45,922.2,122823,0.3715,-0.3236,-214.80,913.1500,0.99
2026-02-23 14:40:00,922.2,922.65,921.75,922.5,256913,0.3960,-0.3236,-222.37,913.1500,1.02
2026-02-23 14:45:00,922.5,923.65,922.45,923.55,292462,0.4571,-0.3236,-241.25,913.1500,1.14
2026-02-23 14:50:00,923.6,923.85,923.4,923.5,175601,0.4667,-0.3236,-244.22,913.1500,1.13
2026-02-23 14:55:00,923.5,923.5,921.75,922.15,465746,0.3594,-0.3236,-211.06,913.1500,0.99
2026-02-23 15:00:00,922.15,922.95,921.6,922.85,591262,0.3145,-0.3236,-197.19,913.1500,1.06
2026-02-23 15:05:00,922.85,923.8,922.8,923.25,740199,0.2913,-0.3236,-190.02,913.1500,1.11
2026-02-23 15:10:00,923.3,924.15,923.1,924.15,497025,0.3140,-0.3236,-197.03,913.1500,1.20
2026-02-23 15:15:00,924.15,924.65,923.6,924.4,600397,0.3222,-0.3236,-199.57,913.1500,1.23
2026-02-23 15:20:00,924.4,924.65,923.65,924.55,513668,0.3137,-0.3236,-196.94,913.1500,1.25
2026-02-23 15:25:00,924.5,924.9,923.7,924.1,341648,0.2563,-0.3236,-179.20,913.1500,1.20
2026-02-24 09:15:00,927.95,927.95,921.75,924,1338700,0.1928,0.2563,-24.78,924.1000,-0.01
2026-02-24 09:20:00,924,924.75,921.5,922.35,298431,0.0296,0.2563,-88.45,924.1000,-0.19
2026-02-24 09:25:00,922.25,924.7,922.15,924.25,196249,0.0389,0.2563,-84.82,924.1000,0.02
2026-02-24 09:30:00,924.1,924.3,922.05,922.2,115137,-0.0963,0.2563,-137.57,924.1000,-0.21
2026-02-24 09:35:00,922.25,922.75,920.6,921,141456,-0.2605,0.2563,-201.64,924.1000,-0.34
2026-02-24 09:40:00,920.95,923.75,920.8,923.5,135184,-0.1977,0.2563,-177.14,924.1000,-0.06
2026-02-24 09:45:00,923.45,924.1,922.75,922.9,133151,-0.1931,0.2563,-175.34,924.1000,-0.13
2026-02-24 09:50:00,923,923,922,922.55,89534,-0.2089,0.2563,-181.51,924.1000,-0.17
2026-02-24 09:55:00,922.5,923,922.1,922.35,87308,-0.2267,0.2563,-188.45,924.1000,-0.19
2026-02-24 10:00:00,922.1,922.9,922.1,922.9,132382,-0.1963,0.2563,-176.59,924.1000,-0.13
2026-02-24 10:05:00,922.85,923.8,922.65,922.9,148983,-0.1720,0.2563,-167.11,924.1000,-0.13
2026-02-24 10:10:00,922.9,923.25,920.5,920.8,149383,-0.2865,0.2563,-211.78,924.1000,-0.36
2026-02-24 10:15:00,920.65,921.65,920.6,921.4,115911,-0.3089,0.2563,-220.52,924.1000,-0.29
2026-02-24 10:20:00,921.4,922.05,921.25,921.85,102551,-0.2813,0.2563,-209.75,924.1000,-0.24
2026-02-24 10:25:00,921.85,922.3,921.3,921.3,134582,-0.2870,0.2563,-211.98,924.1000,-0.30
2026-02-24 10:30:00,921.25,922.2,921.25,922.05,95069,-0.2297,0.2563,-189.62,924.1000,-0.22
2026-02-24 10:35:00,922.1,922.35,921,922,197556,-0.1864,0.2563,-172.73,924.1000,-0.23
2026-02-24 10:40:00,921.85,922.2,920.8,921,209480,-0.2144,0.2563,-183.65,924.1000,-0.34
2026-02-24 10:45:00,921,921.05,919.5,919.75,149205,-0.3010,0.2563,-217.44,924.1000,-0.47
2026-02-24 10:50:00,919.8,920.15,918.5,919.6,182647,-0.3489,0.2563,-236.13,924.1000,-0.49
2026-02-24 10:55:00,919.55,920,918.05,918.55,164432,-0.4268,0.2563,-266.52,924.1000,-0.60
2026-02-24 11:00:00,918.55,919.6,918.5,919.5,129354,-0.3907,0.2563,-252.44,924.1000,-0.50
2026-02-24 11:05:00,919.55,920.1,919,919.65,259285,-0.3352,0.2563,-230.78,924.1000,-0.48
2026-02-24 11:10:00,919.65,920.1,919.6,920,77629,-0.2570,0.2563,-200.27,924.1000,-0.44
2026-02-24 11:15:00,919.95,920.75,919.4,920.55,163630,-0.1553,0.2563,-160.59,924.1000,-0.38
2026-02-24 11:20:00,920.7,921.55,920.4,920.5,178777,-0.0821,0.2563,-132.03,924.1000,-0.39
2026-02-24 11:25:00,920.55,920.55,919.8,920.05,175105,-0.0560,0.2563,-121.85,924.1000,-0.44
2026-02-24 11:30:00,920,920.55,919.9,920.1,202351,-0.0286,0.2563,-111.16,924.1000,-0.43
2026-02-24 11:35:00,920.3,921.65,920.1,921.55,359839,0.0874,0.2563,-65.90,924.1000,-0.28
2026-02-24 11:40:00,921.55,921.7,920.3,920.55,87785,0.0964,0.2563,-62.39,924.1000,-0.38
2026-02-24 11:45:00,920.65,921.1,920.2,920.8,189175,0.1174,0.2563,-54.19,924.1000,-0.36
2026-02-24 11:50:00,920.8,921.5,920.4,920.85,106470,0.1317,0.2563,-48.61,924.1000,-0.35
2026-02-24 11:55:00,921.1,921.9,920.6,920.9,145635,0.1409,0.2563,-45.03,924.1000,-0.35
2026-02-24 12:00:00,920.9,921.15,919.8,920.8,330303,0.1364,0.2563,-46.78,924.1000,-0.36
2026-02-24 12:05:00,920.8,921.45,920.2,920.2,282289,0.0915,0.2563,-64.30,924.1000,-0.42
2026-02-24 12:10:00,920.45,920.45,918.85,919.15,140722,-0.0055,0.2563,-102.15,924.1000,-0.54
2026-02-24 12:15:00,919.2,919.25,917.45,917.95,253386,-0.1395,0.2563,-154.43,924.1000,-0.67
2026-02-24 12:20:00,918,918.95,917,917.4,280203,-0.2479,0.2563,-196.72,924.1000,-0.73
2026-02-24 12:25:00,917.4,917.85,917,917.5,115690,-0.2926,0.2563,-214.16,924.1000,-0.71
2026-02-24 12:30:00,917.6,917.65,916.6,917.25,163098,-0.3166,0.2563,-223.53,924.1000,-0.74
2026-02-24 12:35:00,917.2,917.55,916.8,917.45,130969,-0.2969,0.2563,-215.84,924.1000,-0.72
2026-02-24 12:40:00,917.45,917.7,916,917.2,204233,-0.2790,0.2563,-208.86,924.1000,-0.75
2026-02-24 12:45:00,917.2,917.45,915.35,915.95,217790,-0.3263,0.2563,-227.31,924.1000,-0.88
2026-02-24 12:50:00,915.95,916.45,915,915.3,546722,-0.3729,0.2563,-245.49,924.1000,-0.95
2026-02-24 12:55:00,915.3,915.8,913.3,914.55,374728,-0.4222,0.2563,-264.73,924.1000,-1.03
2026-02-24 13:00:00,914.6,914.7,913.3,914.3,291240,-0.4378,0.2563,-270.82,924.1000,-1.06
2026-02-24 13:05:00,914.3,915.1,914.15,914.75,165739,-0.3856,0.2563,-250.45,924.1000,-1.01
2026-02-24 13:10:00,914.7,916.15,914.5,915.35,328313,-0.2834,0.2563,-210.57,924.1000,-0.95
2026-02-24 13:15:00,915.35,915.5,914.3,915.35,248028,-0.1927,0.2563,-175.19,924.1000,-0.95
2026-02-24 13:20:00,915.4,915.4,913.8,913.85,116779,-0.2094,0.2563,-181.70,924.1000,-1.11
2026-02-24 13:25:00,913.9,914.05,913,913.1,143965,-0.2441,0.2563,-195.24,924.1000,-1.19
2026-02-24 13:30:00,913.15,913.15,911.5,911.75,304518,-0.3260,0.2563,-227.19,924.1000,-1.34
2026-02-24 13:35:00,911.75,913.3,911.15,913.2,299839,-0.2538,0.2563,-199.02,924.1000,-1.18
2026-02-24 13:40:00,913.25,913.3,912.5,912.9,110792,-0.1999,0.2563,-177.99,924.1000,-1.21
2026-02-24 13:45:00,912.9,913.3,912.5,913.15,151751,-0.1247,0.2563,-148.65,924.1000,-1.18
2026-02-24 13:50:00,913.15,913.35,912.8,913.1,140277,-0.0589,0.2563,-122.98,924.1000,-1.19
2026-02-24 13:55:00,913.1,914.65,913,913.9,576488,0.0518,0.2563,-79.79,924.1000,-1.10
2026-02-24 14:00:00,913.9,913.95,912.9,913.45,339107,0.1050,0.2563,-59.03,924.1000,-1.15
2026-02-24 14:05:00,913.5,914.95,912.85,914.8,400954,0.2341,0.2563,-8.66,924.1000,-1.01
2026-02-24 14:10:00,914.85,917.2,914.3,916.7,609661,0.4384,0.2563,71.05,924.1000,-0.80
2026-02-24 14:15:00,916.65,917.5,915.5,916,626579,0.5123,0.2563,99.88,924.1000,-0.88
2026-02-24 14:20:00,916.05,916.05,912.3,913,1199336,0.3527,0.2563,37.61,924.1000,-1.20
2026-02-24 14:25:00,913,914.25,912.75,913.3,204425,0.2648,0.2563,3.32,924.1000,-1.17
2026-02-24 14:30:00,913.3,913.7,912.5,913.2,195873,0.2004,0.2563,-21.81,924.1000,-1.18
2026-02-24 14:35:00,913.2,914.1,912.85,913.85,269870,0.2014,0.2563,-21.42,924.1000,-1.11
2026-02-24 14:40:00,913.85,914.25,912.05,912.4,1105449,0.1090,0.2563,-57.47,924.1000,-1.27
2026-02-24 14:45:00,912.5,915.5,910.55,913.55,2077980,0.1285,0.2563,-49.86,924.1000,-1.14
2026-02-24 14:50:00,913.7,914.25,912.8,913.35,183790,0.1307,0.2563,-49.01,924.1000,-1.16
2026-02-24 14:55:00,913.45,913.8,911.95,912.2,520958,0.0610,0.2563,-76.20,924.1000,-1.29
2026-02-24 15:00:00,912.2,912.55,909.45,909.55,1734448,-0.1460,0.2563,-156.96,924.1000,-1.57
2026-02-24 15:05:00,909.55,910.8,909.15,910.15,2139433,-0.2205,0.2563,-186.03,924.1000,-1.51
2026-02-24 15:10:00,910.05,910.95,909.65,910.6,2075991,-0.2170,0.2563,-184.67,924.1000,-1.46
2026-02-24 15:15:00,910.5,911,909.9,910.65,1392506,-0.1899,0.2563,-174.09,924.1000,-1.46
2026-02-24 15:20:00,910.65,911.3,910.1,911.2,1734325,-0.1170,0.2563,-145.65,924.1000,-1.40
2026-02-24 15:25:00,911.2,912.55,910.15,911.5,952699,-0.0351,0.2563,-113.69,924.1000,-1.36
2026-02-25 09:15:00,910.55,914,910.55,912.6,1567676,0.0995,-0.0351,-383.48,911.5000,0.12
2026-02-25 09:20:00,912.5,914.8,912.25,914.65,376488,0.3203,-0.0351,-1012.54,911.5000,0.35
2026-02-25 09:25:00,914.65,916,914.55,915.35,238939,0.4968,-0.0351,-1515.38,911.5000,0.42
2026-02-25 09:30:00,915.35,915.6,913,913.6,242609,0.4788,-0.0351,-1464.10,911.5000,0.23
2026-02-25 09:35:00,913.65,913.65,912.75,912.75,144302,0.3960,-0.0351,-1228.21,911.5000,0.14
2026-02-25 09:40:00,912.8,912.8,912.15,912.35,235645,0.3050,-0.0351,-968.95,911.5000,0.09
2026-02-25 09:45:00,912.35,912.8,911.75,911.85,193967,0.2063,-0.0351,-687.75,911.5000,0.04
2026-02-25 09:50:00,911.85,912.6,911.65,912.1,179881,0.1555,-0.0351,-543.02,911.5000,0.07
2026-02-25 09:55:00,912.15,913.85,912.1,913.7,224804,0.2232,-0.0351,-735.90,911.5000,0.24
2026-02-25 10:00:00,913.7,913.75,912.85,913.1,157819,0.2206,-0.0351,-728.49,911.5000,0.18
2026-02-25 10:05:00,913.2,913.35,912.5,912.55,128646,0.1769,-0.0351,-603.99,911.5000,0.12
2026-02-25 10:10:00,912.55,913.05,912.5,912.7,83832,0.1539,-0.0351,-538.46,911.5000,0.13
2026-02-25 10:15:00,912.7,912.85,912.5,912.6,150524,0.1288,-0.0351,-466.95,911.5000,0.12
2026-02-25 10:20:00,912.7,912.8,912.55,912.8,108366,0.1225,-0.0351,-449.00,911.5000,0.14
2026-02-25 10:25:00,912.8,912.85,912.5,912.7,117823,0.1090,-0.0351,-410.54,911.5000,0.13
2026-02-25 10:30:00,912.7,913.5,912.55,913.4,131846,0.1424,-0.0351,-505.70,911.5000,0.21
2026-02-25 10:35:00,913.4,913.9,913.15,913.6,172064,0.1713,-0.0351,-588.03,911.5000,0.23
2026-02-25 10:40:00,913.6,913.85,912.9,913.4,183031,0.1698,-0.0351,-583.76,911.5000,0.21
2026-02-25 10:45:00,913.35,913.75,912.7,913.55,320008,0.1715,-0.0351,-588.60,911.5000,0.22
2026-02-25 10:50:00,913.55,913.95,913.4,913.75,238270,0.1777,-0.0351,-606.27,911.5000,0.25
2026-02-25 10:55:00,913.7,913.85,912.95,913.5,241062,0.1574,-0.0351,-548.43,911.5000,0.22
2026-02-25 11:00:00,913.5,914,913,913.45,241829,0.1339,-0.0351,-481.48,911.5000,0.21
2026-02-25 11:05:00,913.45,915.5,913.45,914.55,148746,0.1828,-0.0351,-620.80,911.5000,0.33
2026-02-25 11:10:00,914.55,914.6,913,913.3,178378,0.1240,-0.0351,-453.28,911.5000,0.20
2026-02-25 11:15:00,913.3,913.7,912.9,913.4,217981,0.0867,-0.0351,-347.01,911.5000,0.21
2026-02-25 11:20:00,913.4,913.75,913,913.3,87848,0.0519,-0.0351,-247.86,911.5000,0.20
2026-02-25 11:25:00,913.3,913.4,912.8,912.9,122498,0.0012,-0.0351,-103.42,911.5000,0.15
2026-02-25 11:30:00,912.9,913.3,912.75,912.8,230648,-0.0376,-0.0351,7.12,911.5000,0.14
2026-02-25 11:35:00,912.8,913.05,912.4,912.9,455313,-0.0542,-0.0351,54.42,911.5000,0.15
2026-02-25 11:40:00,912.95,913.3,912.5,912.95,247040,-0.0590,-0.0351,68.09,911.5000,0.16
2026-02-25 11:45:00,912.95,913.2,912.15,912.75,2159724,-0.0719,-0.0351,104.84,911.5000,0.14
2026-02-25 11:50:00,912.75,912.8,912.15,912.5,245045,-0.0923,-0.0351,162.96,911.5000,0.11
2026-02-25 11:55:00,912.35,912.65,910.65,910.95,239494,-0.1991,-0.0351,467.24,911.5000,-0.06
2026-02-25 12:00:00,910.95,911.7,910.75,911.25,289748,-0.2360,-0.0351,572.36,911.5000,-0.03
2026-02-25 12:05:00,911.4,911.5,910,910.15,212828,-0.3158,-0.0351,799.72,911.5000,-0.15
2026-02-25 12:10:00,910.1,910.35,909.35,909.8,226180,-0.3698,-0.0351,953.56,911.5000,-0.19
2026-02-25 12:15:00,909.8,910.3,909.3,909.35,196190,-0.4104,-0.0351,1069.23,911.5000,-0.24
2026-02-25 12:20:00,909.35,909.7,908.75,909.55,180649,-0.3980,-0.0351,1033.90,911.5000,-0.21
2026-02-25 12:25:00,909.6,909.7,908.65,909.4,153137,-0.3744,-0.0351,966.67,911.5000,-0.23
2026-02-25 12:30:00,909.4,909.45,907.1,907.2,222686,-0.4751,-0.0351,1253.56,911.5000,-0.47
2026-02-25 12:35:00,907.2,908,905.7,907.5,427721,-0.4877,-0.0351,1289.46,911.5000,-0.44
2026-02-25 12:40:00,907.45,907.6,907,907.1,120017,-0.4881,-0.0351,1290.60,911.5000,-0.48
2026-02-25 12:45:00,907.05,907.1,905.65,905.65,165826,-0.5466,-0.0351,1457.26,911.5000,-0.64
2026-02-25 12:50:00,905.6,906.8,905.25,906.5,296124,-0.4905,-0.0351,1297.44,911.5000,-0.55
2026-02-25 12:55:00,906.5,906.95,906.25,906.75,118529,-0.4027,-0.0351,1047.29,911.5000,-0.52
2026-02-25 13:00:00,906.7,907.05,906.1,906.8,164856,-0.3114,-0.0351,787.18,911.5000,-0.52
2026-02-25 13:05:00,906.7,907.45,906,907,213725,-0.2125,-0.0351,505.41,911.5000,-0.49
2026-02-25 13:10:00,907,907.4,906.8,906.8,118916,-0.1390,-0.0351,296.01,911.5000,-0.52
2026-02-25 13:15:00,906.85,908.3,906.7,908.15,231806,0.0140,-0.0351,-139.89,911.5000,-0.37
2026-02-25 13:20:00,908.15,908.8,906.6,906.8,347403,0.0363,-0.0351,-203.42,911.5000,-0.52
2026-02-25 13:25:00,906.8,907.5,905.5,907.35,685006,0.0969,-0.0351,-376.07,911.5000,-0.46
2026-02-25 13:30:00,907.35,907.95,905.9,905.95,393708,0.0535,-0.0351,-252.42,911.5000,-0.61
2026-02-25 13:35:00,905.95,906.7,905.8,906.1,202780,0.0460,-0.0351,-231.05,911.5000,-0.59
2026-02-25 13:40:00,906.15,906.35,905.25,905.35,127501,0.0039,-0.0351,-111.11,911.5000,-0.67
2026-02-25 13:45:00,905.35,905.8,904.5,905.75,319940,0.0158,-0.0351,-145.01,911.5000,-0.63
2026-02-25 13:50:00,905.75,906.5,905.5,905.95,177920,0.0479,-0.0351,-236.47,911.5000,-0.61
2026-02-25 13:55:00,905.95,906.05,905.55,905.9,167476,0.0751,-0.0351,-313.96,911.5000,-0.61
2026-02-25 14:00:00,905.95,905.95,904.55,904.8,1307585,0.0305,-0.0351,-186.89,911.5000,-0.74
2026-02-25 14:05:00,904.7,905.15,903.55,903.9,538934,-0.0440,-0.0351,25.36,911.5000,-0.83
2026-02-25 14:10:00,903.85,905.25,903.75,904.9,359903,-0.0120,-0.0351,-65.81,911.5000,-0.72
2026-02-25 14:15:00,904.9,907.85,904.6,907.65,838522,0.1968,-0.0351,-660.68,911.5000,-0.42
2026-02-25 14:20:00,907.65,908.25,905.75,905.85,652528,0.2147,-0.0351,-711.68,911.5000,-0.62
2026-02-25 14:25:00,905.8,906,903.4,903.4,1476319,0.0699,-0.0351,-299.15,911.5000,-0.89
2026-02-25 14:30:00,903.65,905.75,903.1,905.55,585758,0.1242,-0.0351,-453.85,911.5000,-0.65
2026-02-25 14:35:00,905.55,906.05,905.5,905.65,180687,0.1693,-0.0351,-582.34,911.5000,-0.64
2026-02-25 14:40:00,905.6,906.85,905.45,906.6,233646,0.2602,-0.0351,-841.31,911.5000,-0.54
2026-02-25 14:45:00,906.6,906.85,905.9,906.1,234368,0.2819,-0.0351,-903.13,911.5000,-0.59
2026-02-25 14:50:00,906.1,907.65,906.1,907.5,240717,0.3796,-0.0351,-1181.48,911.5000,-0.44
2026-02-25 14:55:00,907.5,908.1,906.95,908,278390,0.4616,-0.0351,-1415.10,911.5000,-0.38
2026-02-25 15:00:00,907.95,908.6,907.1,908.35,792348,0.5188,-0.0351,-1578.06,911.5000,-0.35
2026-02-25 15:05:00,908.3,908.35,906.6,907.1,1010234,0.4542,-0.0351,-1394.02,911.5000,-0.48
2026-02-25 15:10:00,907.1,907.85,906.35,907.4,848630,0.4145,-0.0351,-1280.91,911.5000,-0.45
2026-02-25 15:15:00,907.35,907.6,906.9,907.6,772310,0.3852,-0.0351,-1197.44,911.5000,-0.43
2026-02-25 15:20:00,907.6,908.05,907.35,908.05,682984,0.3790,-0.0351,-1179.77,911.5000,-0.38
2026-02-25 15:25:00,908.05,908.7,907.4,907.4,583796,0.3165,-0.0351,-1001.71,911.5000,-0.45
2026-02-26 09:15:00,912,912,907.45,907.7,936658,0.2820,0.3165,-10.90,907.4000,0.03
2026-02-26 09:20:00,907.7,908.2,906.2,906.5,287272,0.1704,0.3165,-46.16,907.4000,-0.10
2026-02-26 09:25:00,906.5,907.8,905.95,907.1,209322,0.1308,0.3165,-58.67,907.4000,-0.03
2026-02-26 09:30:00,907.25,908.05,907.1,907.45,125753,0.1222,0.3165,-61.39,907.4000,0.01
2026-02-26 09:35:00,907.45,908.4,907.2,908.35,178676,0.1683,0.3165,-46.82,907.4000,0.10
2026-02-26 09:40:00,908.35,908.65,908,908.2,119363,0.1789,0.3165,-43.48,907.4000,0.09
2026-02-26 09:45:00,908.2,908.7,907.65,908,158538,0.1630,0.3165,-48.50,907.4000,0.07
2026-02-26 09:50:00,908,908.1,907,907.1,180715,0.0864,0.3165,-72.70,907.4000,-0.03
2026-02-26 09:55:00,907.1,907.15,905.3,906.4,217518,-0.0118,0.3165,-103.73,907.4000,-0.11
2026-02-26 10:00:00,906.35,908.1,906.35,908,99087,0.0286,0.3165,-90.96,907.4000,0.07
2026-02-26 10:05:00,908,909.1,907.9,908.9,172065,0.1088,0.3165,-65.62,907.4000,0.17
2026-02-26 10:10:00,908.85,909.45,908.55,909,275203,0.1586,0.3165,-49.89,907.4000,0.18
2026-02-26 10:15:00,909,909.15,908.7,908.8,59888,0.1672,0.3165,-47.17,907.4000,0.15
2026-02-26 10:20:00,908.8,908.8,907,907.2,97522,0.0597,0.3165,-81.14,907.4000,-0.02
2026-02-26 10:25:00,907.15,907.5,906,906.05,112714,-0.0862,0.3165,-127.24,907.4000,-0.15
2026-02-26 10:30:00,906,907.55,906,907.45,84314,-0.0857,0.3165,-127.08,907.4000,0.01
2026-02-26 10:35:00,907.5,907.75,906.45,907.2,169119,-0.0985,0.3165,-131.12,907.4000,-0.02
2026-02-26 10:40:00,907.2,907.35,906.05,906.3,86000,-0.1603,0.3165,-150.65,907.4000,-0.12
2026-02-26 10:45:00,906.25,907,905.5,906.95,179471,-0.1502,0.3165,-147.46,907.4000,-0.05
2026-02-26 10:50:00,906.9,907.1,905.25,905.7,240517,-0.2165,0.3165,-168.40,907.4000,-0.19
2026-02-26 10:55:00,905.8,906.1,905.4,905.45,76188,-0.2630,0.3165,-183.10,907.4000,-0.21
2026-02-26 11:00:00,905.4,905.75,904.35,905.6,243534,-0.2684,0.3165,-184.80,907.4000,-0.20
2026-02-26 11:05:00,905.55,906,904.75,905.75,244174,-0.2472,0.3165,-178.10,907.4000,-0.18
2026-02-26 11:10:00,905.75,906.5,905,905.45,271336,-0.2386,0.3165,-175.39,907.4000,-0.21
2026-02-26 11:15:00,905.45,906.6,905.25,906.45,223827,-0.1548,0.3165,-148.91,907.4000,-0.10
2026-02-26 11:20:00,906.3,906.55,906,906.55,56203,-0.0853,0.3165,-126.95,907.4000,-0.09
2026-02-26 11:25:00,906.55,907.3,905.6,906.1,447858,-0.0635,0.3165,-120.06,907.4000,-0.14
2026-02-26 11:30:00,906.1,906.85,904.6,906.15,188025,-0.0405,0.3165,-112.80,907.4000,-0.14
2026-02-26 11:35:00,906,906.25,905.05,905.2,102413,-0.0817,0.3165,-125.81,907.4000,-0.24
2026-02-26 11:40:00,905.15,905.35,903.1,904.1,616646,-0.1705,0.3165,-153.87,907.4000,-0.36
2026-02-26 11:45:00,904.05,906.7,903.7,905.5,898523,-0.1244,0.3165,-139.30,907.4000,-0.21
2026-02-26 11:50:00,905.5,906.9,904.9,905.5,1008404,-0.0853,0.3165,-126.95,907.4000,-0.21
2026-02-26 11:55:00,905.5,905.55,903.2,903.8,125563,-0.1609,0.3165,-150.84,907.4000,-0.40
2026-02-26 12:00:00,903.8,904,902,903.3,450821,-0.2275,0.3165,-171.88,907.4000,-0.45
2026-02-26 12:05:00,903.2,904.55,902.85,903.85,263885,-0.2174,0.3165,-168.69,907.4000,-0.39
2026-02-26 12:10:00,903.85,904.45,903.2,903.3,362316,-0.2296,0.3165,-172.54,907.4000,-0.45
2026-02-26 12:15:00,903.3,903.5,900.6,901.15,1038190,-0.3565,0.3165,-212.64,907.4000,-0.69
2026-02-26 12:20:00,901,901.9,899.3,900.55,2784050,-0.4491,0.3165,-241.90,907.4000,-0.75
2026-02-26 12:25:00,900.55,902.4,900.2,901.1,429685,-0.4408,0.3165,-239.27,907.4000,-0.69
2026-02-26 12:30:00,901.1,901.95,900.65,900.7,281426,-0.4294,0.3165,-235.67,907.4000,-0.74
2026-02-26 12:35:00,900.75,902,900.25,901.85,557121,-0.3168,0.3165,-200.09,907.4000,-0.61
2026-02-26 12:40:00,901.85,903.15,901.5,902.45,748384,-0.1809,0.3165,-157.16,907.4000,-0.55
2026-02-26 12:45:00,902.45,902.85,901.15,902.6,309139,-0.0659,0.3165,-120.82,907.4000,-0.53
2026-02-26 12:50:00,902.6,902.6,899.45,900,820957,-0.1454,0.3165,-145.94,907.4000,-0.82
2026-02-26 12:55:00,900,900,898.15,898.6,1357816,-0.2658,0.3165,-183.98,907.4000,-0.97
2026-02-26 13:00:00,898.6,900.95,898.45,900.95,549055,-0.1654,0.3165,-152.26,907.4000,-0.71
2026-02-26 13:05:00,900.95,901,899.45,900.35,394251,-0.1199,0.3165,-137.88,907.4000,-0.78
2026-02-26 13:10:00,900.35,900.7,899.8,900,829544,-0.0950,0.3165,-130.02,907.4000,-0.82
2026-02-26 13:15:00,900,900.2,899.7,900,147465,-0.0617,0.3165,-119.49,907.4000,-0.82
2026-02-26 13:20:00,900,900.3,899.6,900,318274,-0.0247,0.3165,-107.80,907.4000,-0.82
2026-02-26 13:25:00,900,900.05,899.15,899.65,466522,-0.0096,0.3165,-103.03,907.4000,-0.85
2026-02-26 13:30:00,899.7,900.5,899.15,899.7,198005,0.0164,0.3165,-94.82,907.4000,-0.85
2026-02-26 13:35:00,899.75,900.5,899.75,900.15,421819,0.0735,0.3165,-76.78,907.4000,-0.80
2026-02-26 13:40:00,900.15,900.5,899.5,899.55,461766,0.0798,0.3165,-74.79,907.4000,-0.87
2026-02-26 13:45:00,899.6,899.95,898.55,899.1,307766,0.0635,0.3165,-79.94,907.4000,-0.91
2026-02-26 13:50:00,899.15,900.65,898.95,900.4,796533,0.1452,0.3165,-54.12,907.4000,-0.77
2026-02-26 13:55:00,900.4,900.9,900.3,900.65,779444,0.2169,0.3165,-31.47,907.4000,-0.74
2026-02-26 14:00:00,900.65,900.9,899.8,899.95,393471,0.2173,0.3165,-31.34,907.4000,-0.82
2026-02-26 14:05:00,900,900.25,898.3,900,361593,0.2205,0.3165,-30.33,907.4000,-0.82
2026-02-26 14:10:00,900,900.05,899.4,899.85,177285,0.2119,0.3165,-33.05,907.4000,-0.83
2026-02-26 14:15:00,899.9,900,899.45,899.6,120098,0.1896,0.3165,-40.09,907.4000,-0.86
2026-02-26 14:20:00,899.6,899.9,898.05,898.9,339185,0.1306,0.3165,-58.74,907.4000,-0.94
2026-02-26 14:25:00,898.85,900,898.75,899.4,405430,0.1281,0.3165,-59.53,907.4000,-0.88
2026-02-26 14:30:00,899.35,899.85,898.4,899.85,706247,0.1575,0.3165,-50.24,907.4000,-0.83
2026-02-26 14:35:00,899.85,900.7,899.4,899.45,576388,0.1510,0.3165,-52.29,907.4000,-0.88
2026-02-26 14:40:00,899.8,900.35,899.4,900.2,626360,0.1951,0.3165,-38.36,907.4000,-0.79
2026-02-26 14:45:00,900.2,900.5,899.6,899.95,911652,0.2046,0.3165,-35.36,907.4000,-0.82
2026-02-26 14:50:00,899.95,900.3,899,899.55,649216,0.1817,0.3165,-42.59,907.4000,-0.87
2026-02-26 14:55:00,899.6,900,899.1,899.95,305932,0.1904,0.3165,-39.84,907.4000,-0.82
2026-02-26 15:00:00,899.95,900.35,897.8,898.45,3007820,0.0967,0.3165,-69.45,907.4000,-0.99
2026-02-26 15:05:00,898.4,899.35,897.95,898.7,1975892,0.0553,0.3165,-82.53,907.4000,-0.96
2026-02-26 15:10:00,898.65,899.65,898.45,899.5,1569013,0.0838,0.3165,-73.52,907.4000,-0.87
2026-02-26 15:15:00,899.5,899.85,898.5,899,1454518,0.0714,0.3165,-77.44,907.4000,-0.93
2026-02-26 15:20:00,898.95,899.35,898.05,898.4,1430376,0.0275,0.3165,-91.31,907.4000,-0.99
2026-02-26 15:25:00,898.4,898.45,895,896,2101105,-0.1488,0.3165,-147.01,907.4000,-1.26
2026-02-27 09:15:00,898.6,898.95,893.75,895.8,983609,-0.2581,-0.1488,73.45,896.0000,-0.02
2026-02-27 09:20:00,895.75,896,894.4,894.45,362619,-0.3924,-0.1488,163.71,896.0000,-0.17
2026-02-27 09:25:00,894.5,896,892.5,892.65,343214,-0.5632,-0.1488,278.49,896.0000,-0.37
2026-02-27 09:30:00,892.65,894,892.4,893.95,266764,-0.5489,-0.1488,268.88,896.0000,-0.23
2026-02-27 09:35:00,893.95,895.75,893.65,895.75,173362,-0.3860,-0.1488,159.41,896.0000,-0.03
2026-02-27 09:40:00,895.75,895.8,894.35,895.55,131247,-0.2654,-0.1488,78.36,896.0000,-0.05
2026-02-27 09:45:00,895.55,895.65,894.45,895.25,139343,-0.1833,-0.1488,23.19,896.0000,-0.08
2026-02-27 09:50:00,895.25,895.5,894.2,895,167775,-0.1262,-0.1488,-15.19,896.0000,-0.11
2026-02-27 09:55:00,894.95,895.65,894.25,894.45,643052,-0.1064,-0.1488,-28.49,896.0000,-0.17
2026-02-27 10:00:00,894.45,894.5,892.5,893.35,253119,-0.1460,-0.1488,-1.88,896.0000,-0.30
2026-02-27 10:05:00,893.35,893.85,892.5,892.55,192698,-0.2013,-0.1488,35.28,896.0000,-0.39
2026-02-27 10:10:00,892.55,893.3,892.45,893.05,194081,-0.1800,-0.1488,20.97,896.0000,-0.33
2026-02-27 10:15:00,893.05,893.2,891.6,891.65,246292,-0.2328,-0.1488,56.45,896.0000,-0.49
2026-02-27 10:20:00,891.9,892,891,891.35,229245,-0.2584,-0.1488,73.66,896.0000,-0.52
2026-02-27 10:25:00,891.35,891.75,890.5,891.15,348544,-0.2588,-0.1488,73.92,896.0000,-0.54
2026-02-27 10:30:00,891.15,891.2,890.05,890.5,173231,-0.2713,-0.1488,82.33,896.0000,-0.61
2026-02-27 10:35:00,890.5,891.3,890.05,890.8,138815,-0.2297,-0.1488,54.37,896.0000,-0.58
2026-02-27 10:40:00,890.8,890.8,889.45,889.85,227118,-0.2355,-0.1488,58.27,896.0000,-0.69
2026-02-27 10:45:00,889.85,890.4,889.6,890,187956,-0.2000,-0.1488,34.41,896.0000,-0.67
2026-02-27 10:50:00,890,891.3,889.95,890.5,133705,-0.1177,-0.1488,-20.90,896.0000,-0.61
2026-02-27 10:55:00,890.5,891.1,890.2,890.95,151566,-0.0132,-0.1488,-91.13,896.0000,-0.56
2026-02-27 11:00:00,890.95,891.8,890.9,891.25,130887,0.0901,-0.1488,-160.55,896.0000,-0.53
2026-02-27 11:05:00,891.25,891.65,890.2,890.3,167275,0.1072,-0.1488,-172.04,896.0000,-0.64
2026-02-27 11:10:00,890.3,891,890,890.5,1260280,0.1426,-0.1488,-195.83,896.0000,-0.61
2026-02-27 11:15:00,890.5,890.9,889.3,890,371179,0.1426,-0.1488,-195.83,896.0000,-0.67
2026-02-27 11:20:00,890,890.1,889.5,889.85,121230,0.1425,-0.1488,-195.77,896.0000,-0.69
2026-02-27 11:25:00,889.85,890,889.05,889.95,119512,0.1579,-0.1488,-206.12,896.0000,-0.68
2026-02-27 11:30:00,889.95,889.95,888.75,889.25,198986,0.1307,-0.1488,-187.84,896.0000,-0.75
2026-02-27 11:35:00,889.2,890,889,889.8,261964,0.1579,-0.1488,-206.12,896.0000,-0.69
2026-02-27 11:40:00,889.85,889.85,888.5,889.25,299245,0.1470,-0.1488,-198.79,896.0000,-0.75
2026-02-27 11:45:00,889.25,889.4,888.3,888.5,159781,0.0999,-0.1488,-167.14,896.0000,-0.84
2026-02-27 11:50:00,888.5,889.9,888.45,889.7,112755,0.1566,-0.1488,-205.24,896.0000,-0.70
2026-02-27 11:55:00,889.75,890.3,889.1,889.3,264138,0.1731,-0.1488,-216.33,896.0000,-0.75
2026-02-27 12:00:00,889.3,890.5,889.25,890,152076,0.2332,-0.1488,-256.72,896.0000,-0.67
2026-02-27 12:05:00,890,890.7,889.95,890.65,112857,0.3139,-0.1488,-310.95,896.0000,-0.60
2026-02-27 12:10:00,890.7,890.8,890.1,890.3,113066,0.3386,-0.1488,-327.55,896.0000,-0.64
2026-02-27 12:15:00,890.3,890.5,889.3,889.5,245203,0.2975,-0.1488,-299.93,896.0000,-0.73
2026-02-27 12:20:00,889.5,890.05,888.2,888.55,338325,0.2070,-0.1488,-239.11,896.0000,-0.83
2026-02-27 12:25:00,888.5,890,888.25,889.8,148947,0.2303,-0.1488,-254.77,896.0000,-0.69
2026-02-27 12:30:00,889.8,890.95,889,889,252648,0.1923,-0.1488,-229.23,896.0000,-0.78
2026-02-27 12:35:00,889.05,890,888.6,889.75,107750,0.2163,-0.1488,-245.36,896.0000,-0.70
2026-02-27 12:40:00,889.8,890.05,889,889.1,874821,0.1882,-0.1488,-226.48,896.0000,-0.77
2026-02-27 12:45:00,889.25,889.5,888.5,889.45,142602,0.1922,-0.1488,-229.17,896.0000,-0.73
2026-02-27 12:50:00,889.45,889.5,888.65,888.7,235542,0.1455,-0.1488,-197.78,896.0000,-0.81
2026-02-27 12:55:00,888.75,889.15,888.05,888.1,148391,0.0787,-0.1488,-152.89,896.0000,-0.88
2026-02-27 13:00:00,888.1,888.2,887.45,887.8,212160,0.0218,-0.1488,-114.65,896.0000,-0.92
2026-02-27 13:05:00,887.85,889.7,887.8,889.25,174857,0.0856,-0.1488,-157.53,896.0000,-0.75
2026-02-27 13:10:00,889.25,889.5,889,889.35,62686,0.1356,-0.1488,-191.13,896.0000,-0.74
2026-02-27 13:15:00,889.4,889.5,889.1,889.35,107770,0.1674,-0.1488,-212.50,896.0000,-0.74
2026-02-27 13:20:00,889.4,889.75,889.35,889.5,109075,0.1954,-0.1488,-231.32,896.0000,-0.73
2026-02-27 13:25:00,889.55,889.9,888.95,889.25,241614,0.1937,-0.1488,-230.17,896.0000,-0.75
2026-02-27 13:30:00,889.25,889.7,889.2,889.45,67292,0.2015,-0.1488,-235.42,896.0000,-0.73
2026-02-27 13:35:00,889.5,890.8,889.2,889.65,244517,0.2146,-0.1488,-244.22,896.0000,-0.71
2026-02-27 13:40:00,889.7,892.05,889.65,890.25,348643,0.2553,-0.1488,-271.57,896.0000,-0.64
2026-02-27 13:45:00,890.35,891.65,890.25,891.3,174856,0.3393,-0.1488,-328.02,896.0000,-0.52
2026-02-27 13:50:00,891.35,891.35,890.3,890.55,215080,0.3304,-0.1488,-322.04,896.0000,-0.61
2026-02-27 13:55:00,890.55,891.25,890.3,890.85,148626,0.3300,-0.1488,-321.77,896.0000,-0.57
2026-02-27 14:00:00,890.85,891.1,890.1,890.1,314861,0.2671,-0.1488,-279.50,896.0000,-0.66
2026-02-27 14:05:00,890.1,890.55,889.2,890.45,318694,0.2381,-0.1488,-260.01,896.0000,-0.62
2026-02-27 14:10:00,890.45,890.6,890,890.2,142516,0.1928,-0.1488,-229.57,896.0000,-0.65
2026-02-27 14:15:00,890.25,890.6,889.8,889.95,122675,0.1394,-0.1488,-193.68,896.0000,-0.68
2026-02-27 14:20:00,889.95,890.7,889.9,890.4,177607,0.1280,-0.1488,-186.02,896.0000,-0.63
2026-02-27 14:25:00,890.4,890.4,889.1,889.2,154048,0.0380,-0.1488,-125.54,896.0000,-0.76
2026-02-27 14:30:00,889.2,889.85,889.1,889.45,173934,-0.0042,-0.1488,-97.18,896.0000,-0.73
2026-02-27 14:35:00,889.45,889.8,889.4,889.7,122921,-0.0141,-0.1488,-90.52,896.0000,-0.70
2026-02-27 14:40:00,889.75,890.15,889.4,890,164418,-0.0001,-0.1488,-99.93,896.0000,-0.67
2026-02-27 14:45:00,890,891.5,889.95,891.4,286191,0.0983,-0.1488,-166.06,896.0000,-0.51
2026-02-27 14:50:00,891.4,891.4,889.6,890.3,485218,0.0848,-0.1488,-156.99,896.0000,-0.64
2026-02-27 14:55:00,890.35,890.6,889.55,890.05,358381,0.0559,-0.1488,-137.57,896.0000,-0.66
2026-02-27 15:00:00,890.05,890.6,889.1,889.3,3406533,-0.0133,-0.1488,-91.06,896.0000,-0.75
2026-02-27 15:05:00,889.35,889.5,886.2,887.9,3424038,-0.1454,-0.1488,-2.28,896.0000,-0.90
2026-02-27 15:10:00,887.9,888.45,886.7,887.9,2702925,-0.2205,-0.1488,48.19,896.0000,-0.90
2026-02-27 15:15:00,887.95,888.4,886.6,886.85,2704815,-0.3223,-0.1488,116.60,896.0000,-1.02
2026-02-27 15:20:00,886.85,887.65,885.65,886,2728208,-0.4221,-0.1488,183.67,896.0000,-1.12
2026-02-27 15:25:00,886,887.85,885,887.45,1829880,-0.3676,-0.1488,147.04,896.0000,-0.95
2026-03-02 09:15:00,876.2,883.95,871.55,882.25,1895386,-0.6428,-0.3676,74.86,887.4500,-0.59
2026-03-02 09:20:00,882.05,885.65,881.85,883.9,789796,-0.6717,-0.3676,82.73,887.4500,-0.40
2026-03-02 09:25:00,883.9,886.4,882.9,885.9,602267,-0.5207,-0.3676,41.65,887.4500,-0.17
2026-03-02 09:30:00,885.9,887.75,885.05,886.3,586851,-0.3659,-0.3676,-0.46,887.4500,-0.13
2026-03-02 09:35:00,886.5,887,885.2,885.65,541472,-0.2830,-0.3676,-23.01,887.4500,-0.20
2026-03-02 09:40:00,885.6,886.4,885.2,885.85,219520,-0.1945,-0.3676,-47.09,887.4500,-0.18
2026-03-02 09:45:00,885.85,886.55,885.2,885.95,235805,-0.1132,-0.3676,-69.21,887.4500,-0.17
2026-03-02 09:50:00,885.85,885.9,882.1,882.1,389470,-0.2924,-0.3676,-20.46,887.4500,-0.60
2026-03-02 09:55:00,882.2,885.4,882.05,885.25,164411,-0.1782,-0.3676,-51.52,887.4500,-0.25
2026-03-02 10:00:00,885.25,885.35,882.8,882.8,164835,-0.2430,-0.3676,-33.90,887.4500,-0.52
2026-03-02 10:05:00,883,884.55,882.5,883,172843,-0.2469,-0.3676,-32.83,887.4500,-0.50
2026-03-02 10:10:00,882.8,883.6,881.8,883.2,282532,-0.2119,-0.3676,-42.36,887.4500,-0.48
2026-03-02 10:15:00,883.35,883.6,882.15,882.7,208903,-0.1985,-0.3676,-46.00,887.4500,-0.54
2026-03-02 10:20:00,882.7,883.55,882.1,883.25,271108,-0.1319,-0.3676,-64.12,887.4500,-0.47
2026-03-02 10:25:00,883,883.6,882.75,883.25,213561,-0.0703,-0.3676,-80.88,887.4500,-0.47
2026-03-02 10:30:00,883.25,883.45,882.6,883,211266,-0.0308,-0.3676,-91.62,887.4500,-0.50
2026-03-02 10:35:00,883,883,880.65,881,239507,-0.1189,-0.3676,-67.66,887.4500,-0.73
2026-03-02 10:40:00,880.75,881,879.75,880.65,332532,-0.1767,-0.3676,-51.93,887.4500,-0.77
2026-03-02 10:45:00,880.55,881.85,880.35,880.9,353071,-0.1738,-0.3676,-52.72,887.4500,-0.74
2026-03-02 10:50:00,881.15,882.5,881.05,882.5,271616,-0.0465,-0.3676,-87.35,887.4500,-0.56
2026-03-02 10:55:00,882.3,883.1,881.8,882.95,243376,0.0789,-0.3676,-121.46,887.4500,-0.51
2026-03-02 11:00:00,882.95,883.15,882,882.15,220249,0.1164,-0.3676,-131.66,887.4500,-0.60
2026-03-02 11:05:00,882.15,883.55,881.5,882.4,215279,0.1638,-0.3676,-144.56,887.4500,-0.57
2026-03-02 11:10:00,882.55,882.8,882.05,882.65,150541,0.2144,-0.3676,-158.32,887.4500,-0.54
2026-03-02 11:15:00,882.65,883,882,882.15,461386,0.2161,-0.3676,-158.79,887.4500,-0.60
2026-03-02 11:20:00,882.15,882.2,880.75,880.9,187946,0.1386,-0.3676,-137.70,887.4500,-0.74
2026-03-02 11:25:00,880.8,880.95,879.45,879.9,190122,0.0312,-0.3676,-108.49,887.4500,-0.85
2026-03-02 11:30:00,879.7,880.45,879.45,880.1,204249,-0.0127,-0.3676,-96.55,887.4500,-0.83
2026-03-02 11:35:00,880,880.3,879.1,879.6,156968,-0.0593,-0.3676,-83.87,887.4500,-0.88
2026-03-02 11:40:00,879.5,880.65,879.05,879.35,246858,-0.0889,-0.3676,-75.82,887.4500,-0.91
2026-03-02 11:45:00,879.25,880.15,878.7,879.65,327307,-0.0712,-0.3676,-80.63,887.4500,-0.88
2026-03-02 11:50:00,879.35,879.8,878.15,879.4,179955,-0.0595,-0.3676,-83.81,887.4500,-0.91
2026-03-02 11:55:00,879.4,880.15,879,879.5,155553,-0.0298,-0.3676,-91.89,887.4500,-0.90
2026-03-02 12:00:00,879.6,880.15,879,879.7,175765,0.0160,-0.3676,-104.35,887.4500,-0.87
2026-03-02 12:05:00,879.8,880,876.9,877.15,409382,-0.1059,-0.3676,-71.19,887.4500,-1.16
2026-03-02 12:10:00,877.5,878.7,876.9,877.85,280496,-0.1189,-0.3676,-67.66,887.4500,-1.08
2026-03-02 12:15:00,877.85,878.1,876.6,877.15,374128,-0.1522,-0.3676,-58.60,887.4500,-1.16
2026-03-02 12:20:00,877.15,879.25,877.05,879.25,245559,-0.0172,-0.3676,-95.32,887.4500,-0.92
2026-03-02 12:25:00,879.25,880,878.85,879.75,140374,0.1140,-0.3676,-131.01,887.4500,-0.87
2026-03-02 12:30:00,879.75,879.8,878,878.65,396983,0.1336,-0.3676,-136.34,887.4500,-0.99
2026-03-02 12:35:00,878.7,879.45,877,877.55,630020,0.0819,-0.3676,-122.28,887.4500,-1.12
2026-03-02 12:40:00,877.7,878.8,877.5,877.65,277873,0.0646,-0.3676,-117.57,887.4500,-1.10
2026-03-02 12:45:00,877.75,878.55,877.1,877.75,190224,0.0697,-0.3676,-118.96,887.4500,-1.09
2026-03-02 12:50:00,877.75,879.35,877.7,878.65,234988,0.1394,-0.3676,-137.92,887.4500,-0.99
2026-03-02 12:55:00,878.55,879.05,878.15,878.85,163793,0.2010,-0.3676,-154.68,887.4500,-0.97
2026-03-02 13:00:00,878.9,880.1,878.7,879.5,236119,0.2825,-0.3676,-176.85,887.4500,-0.90
2026-03-02 13:05:00,879.55,880,878,878,174229,0.2343,-0.3676,-163.74,887.4500,-1.06
2026-03-02 13:10:00,878,878.2,877,877.25,288104,0.1548,-0.3676,-142.11,887.4500,-1.15
2026-03-02 13:15:00,877.25,877.95,876.7,877.2,427019,0.1041,-0.3676,-128.32,887.4500,-1.15
2026-03-02 13:20:00,877.2,877.65,876.45,876.45,243744,0.0292,-0.3676,-107.94,887.4500,-1.24
2026-03-02 13:25:00,876.55,877.75,876.4,877.2,243572,0.0387,-0.3676,-110.53,887.4500,-1.15
2026-03-02 13:30:00,877.2,877.7,876.7,876.7,198443,0.0208,-0.3676,-105.66,887.4500,-1.21
2026-03-02 13:35:00,876.75,877.35,876.1,876.4,193451,-0.0007,-0.3676,-99.81,887.4500,-1.25
2026-03-02 13:40:00,876.5,878.1,876.1,877.45,541664,0.0629,-0.3676,-117.11,887.4500,-1.13
2026-03-02 13:45:00,877.65,877.85,876.5,876.7,201362,0.0614,-0.3676,-116.70,887.4500,-1.21
2026-03-02 13:50:00,876.8,877.55,876.7,877.2,179315,0.0989,-0.3676,-126.90,887.4500,-1.15
2026-03-02 13:55:00,877.3,877.35,875.9,875.9,728304,0.0438,-0.3676,-111.92,887.4500,-1.30
2026-03-02 14:00:00,876,879.25,875.55,876.9,1068053,0.0801,-0.3676,-121.79,887.4500,-1.19
2026-03-02 14:05:00,876.9,879.25,876.55,877.1,709123,0.1206,-0.3676,-132.81,887.4500,-1.17
2026-03-02 14:10:00,876.9,878.5,876.8,877.4,173695,0.1678,-0.3676,-145.65,887.4500,-1.13
2026-03-02 14:15:00,877.4,877.65,876,877.1,255176,0.1780,-0.3676,-148.42,887.4500,-1.17
2026-03-02 14:20:00,877.05,877.85,876.6,877.6,255116,0.2151,-0.3676,-158.51,887.4500,-1.11
2026-03-02 14:25:00,877.65,877.75,875.1,875.25,582065,0.0847,-0.3676,-123.04,887.4500,-1.37
2026-03-02 14:30:00,875.25,876.05,875,875.95,453262,0.0507,-0.3676,-113.79,887.4500,-1.30
2026-03-02 14:35:00,875.95,876.65,874.2,875.85,1193403,0.0277,-0.3676,-107.54,887.4500,-1.31
2026-03-02 14:40:00,875.8,876.55,874.9,875.4,1015727,-0.0096,-0.3676,-97.39,887.4500,-1.36
2026-03-02 14:45:00,875.3,878.6,874.55,878,1103847,0.1408,-0.3676,-138.30,887.4500,-1.06
2026-03-02 14:50:00,877.8,879,877.3,878.8,522625,0.2856,-0.3676,-177.69,887.4500,-0.97
2026-03-02 14:55:00,878.6,879,878,878.2,664658,0.3295,-0.3676,-189.64,887.4500,-1.04
2026-03-02 15:00:00,878.15,878.9,875.55,877.8,2216292,0.3198,-0.3676,-187.00,887.4500,-1.09
2026-03-02 15:05:00,877.7,879.15,875.55,877,2833034,0.2508,-0.3676,-168.23,887.4500,-1.18
2026-03-02 15:10:00,876.8,880.95,874.95,880.7,2323799,0.4347,-0.3676,-218.25,887.4500,-0.76
2026-03-02 15:15:00,880.65,884.95,878.8,884.4,1759968,0.7667,-0.3676,-308.57,887.4500,-0.34
2026-03-02 15:20:00,884.55,885,883.45,884.6,1111657,0.9488,-0.3676,-358.11,887.4500,-0.32
2026-03-02 15:25:00,884.6,885.1,881.9,882.1,865139,0.8531,-0.3676,-332.07,887.4500,-0.60
2026-03-04 09:15:00,848,863.7,848,863.35,6903380,-0.4508,0.8531,-152.84,882.1000,-2.13
2026-03-04 09:20:00,863.4,866.45,862.2,865.85,1115501,-1.0864,0.8531,-227.35,882.1000,-1.84
2026-03-04 09:25:00,865.85,869.4,863,868.9,898964,-1.2322,0.8531,-244.44,882.1000,-1.50
2026-03-04 09:30:00,868.85,869.85,866.75,868.2,551993,-1.3000,0.8531,-252.39,882.1000,-1.58
2026-03-04 09:35:00,868.15,869.9,867.65,868.3,412725,-1.2612,0.8531,-247.84,882.1000,-1.56
2026-03-04 09:40:00,868.3,870,868,869.8,362942,-1.0655,0.8531,-224.90,882.1000,-1.39
2026-03-04 09:45:00,869.8,870.3,868,870.2,331498,-0.8494,0.8531,-199.57,882.1000,-1.35
2026-03-04 09:50:00,870.2,870.5,868.5,868.85,270164,-0.7416,0.8531,-186.93,882.1000,-1.50
2026-03-04 09:55:00,868.7,869.75,867.8,868,255484,-0.6738,0.8531,-178.98,882.1000,-1.60
2026-03-04 10:00:00,868.15,869.8,867.25,869.15,262833,-0.5054,0.8531,-159.24,882.1000,-1.47
2026-03-04 10:05:00,869,869.9,868.05,869.75,230048,-0.3168,0.8531,-137.14,882.1000,-1.40
2026-03-04 10:10:00,869.55,871.9,869.55,871.3,379438,-0.0640,0.8531,-107.50,882.1000,-1.22
2026-03-04 10:15:00,871.2,872,870.65,871.15,271009,0.1075,0.8531,-87.40,882.1000,-1.24
2026-03-04 10:20:00,871,872.85,870.6,872.1,321377,0.2889,0.8531,-66.14,882.1000,-1.13
2026-03-04 10:25:00,872.05,874.5,872.05,873.15,416788,0.4727,0.8531,-44.59,882.1000,-1.01
2026-03-04 10:30:00,873,873.6,872.25,873.6,147164,0.6091,0.8531,-28.60,882.1000,-0.96
2026-03-04 10:35:00,873.6,874,873,873.8,126228,0.6912,0.8531,-18.98,882.1000,-0.94
2026-03-04 10:40:00,873.85,874.4,873.3,874.4,121317,0.7590,0.8531,-11.03,882.1000,-0.87
2026-03-04 10:45:00,874.2,874.65,873.05,873.4,208438,0.7104,0.8531,-16.73,882.1000,-0.99
2026-03-04 10:50:00,873.4,873.5,872.6,873.2,185415,0.6409,0.8531,-24.87,882.1000,-1.01
2026-03-04 10:55:00,873.15,873.2,871.2,872.1,168956,0.5029,0.8531,-41.05,882.1000,-1.13
2026-03-04 11:00:00,872.1,873.5,872.05,872.45,154501,0.4207,0.8531,-50.69,882.1000,-1.09
2026-03-04 11:05:00,872.4,873.2,871.9,872.15,236819,0.3353,0.8531,-60.70,882.1000,-1.13
2026-03-04 11:10:00,872.1,872.3,871.35,872.05,170291,0.2644,0.8531,-69.01,882.1000,-1.14
2026-03-04 11:15:00,872,872.9,872,872.9,175999,0.2663,0.8531,-68.78,882.1000,-1.04
2026-03-04 11:20:00,872.85,873.25,871.3,871.5,457900,0.1696,0.8531,-80.12,882.1000,-1.20
2026-03-04 11:25:00,871.45,872.75,871.45,872.35,258293,0.1593,0.8531,-81.33,882.1000,-1.11
2026-03-04 11:30:00,872.35,872.6,871.1,872.6,451385,0.1650,0.8531,-80.66,882.1000,-1.08
2026-03-04 11:35:00,872.5,873,872.05,872.7,207008,0.1706,0.8531,-80.00,882.1000,-1.07
2026-03-04 11:40:00,872.65,872.9,872,872.45,175119,0.1530,0.8531,-82.07,882.1000,-1.09
2026-03-04 11:45:00,872.4,872.8,871.7,872.35,510467,0.1311,0.8531,-84.63,882.1000,-1.11
2026-03-04 11:50:00,872.3,872.75,871.5,871.5,193650,0.0595,0.8531,-93.03,882.1000,-1.20
2026-03-04 11:55:00,871.5,871.65,870.35,870.45,246055,-0.0525,0.8531,-106.15,882.1000,-1.32
2026-03-04 12:00:00,870.5,871.9,870.5,871.8,174586,-0.0306,0.8531,-103.59,882.1000,-1.17
2026-03-04 12:05:00,871.8,872.8,871.35,872.8,159895,0.0518,0.8531,-93.93,882.1000,-1.05
2026-03-04 12:10:00,872.75,873.8,872.5,872.6,656140,0.0911,0.8531,-89.32,882.1000,-1.08
2026-03-04 12:15:00,872.55,874.1,872.55,873.8,438062,0.1905,0.8531,-77.67,882.1000,-0.94
2026-03-04 12:20:00,873.95,875.6,873.95,875.05,284396,0.3250,0.8531,-61.90,882.1000,-0.80
2026-03-04 12:25:00,875,876.3,875,875.45,196481,0.4196,0.8531,-50.81,882.1000,-0.75
2026-03-04 12:30:00,875.4,876.55,875.25,876,122537,0.4928,0.8531,-42.23,882.1000,-0.69
2026-03-04 12:35:00,875.95,876.4,875.2,875.5,102365,0.4806,0.8531,-43.66,882.1000,-0.75
2026-03-04 12:40:00,875.45,875.75,875,875.1,204111,0.4208,0.8531,-50.67,882.1000,-0.79
2026-03-04 12:45:00,875.15,875.7,874.95,875.35,157997,0.3748,0.8531,-56.07,882.1000,-0.77
2026-03-04 12:50:00,875.3,876.55,875.15,876.2,218596,0.3774,0.8531,-55.76,882.1000,-0.67
2026-03-04 12:55:00,876.15,877.2,876.15,877.05,213330,0.4094,0.8531,-52.01,882.1000,-0.57
2026-03-04 13:00:00,877.05,877.5,877,877.5,178342,0.4316,0.8531,-49.41,882.1000,-0.52
2026-03-04 13:05:00,877.5,877.9,877,877.35,217968,0.4074,0.8531,-52.24,882.1000,-0.54
2026-03-04 13:10:00,877.25,879.1,877.05,878.65,462879,0.4468,0.8531,-47.63,882.1000,-0.39
2026-03-04 13:15:00,878.65,879.3,876.05,876.3,429041,0.2902,0.8531,-65.98,882.1000,-0.66
2026-03-04 13:20:00,876.25,877,876.05,876.55,187541,0.1842,0.8531,-78.41,882.1000,-0.63
2026-03-04 13:25:00,876.45,876.65,875.2,876.25,404630,0.0798,0.8531,-90.65,882.1000,-0.66
2026-03-04 13:30:00,876.05,876.4,874.3,874.35,831890,-0.1202,0.8531,-114.09,882.1000,-0.88
2026-03-04 13:35:00,874.35,874.5,873.1,874,851134,-0.2706,0.8531,-131.72,882.1000,-0.92
2026-03-04 13:40:00,874,874.5,872.65,874.5,638404,-0.3270,0.8531,-138.33,882.1000,-0.86
2026-03-04 13:45:00,874.45,874.75,872.9,872.9,470056,-0.4550,0.8531,-153.33,882.1000,-1.04
2026-03-04 13:50:00,872.85,873.15,871.5,872,390722,-0.5753,0.8531,-167.44,882.1000,-1.14
2026-03-04 13:55:00,871.95,872.85,871.35,871.4,397679,-0.6641,0.8531,-177.85,882.1000,-1.21
2026-03-04 14:00:00,871.35,871.9,871.05,871.15,215095,-0.7047,0.8531,-182.60,882.1000,-1.24
2026-03-04 14:05:00,871.1,872.85,871,872.65,352009,-0.5995,0.8531,-170.27,882.1000,-1.07
2026-03-04 14:10:00,872.55,873.7,871.5,873.35,405333,-0.4582,0.8531,-153.71,882.1000,-0.99
2026-03-04 14:15:00,873.4,873.95,872.5,872.55,204932,-0.3965,0.8531,-146.48,882.1000,-1.08
2026-03-04 14:20:00,872.5,872.55,871.3,871.55,384614,-0.3996,0.8531,-146.84,882.1000,-1.20
2026-03-04 14:25:00,871.5,872.15,870.55,871.55,676274,-0.3785,0.8531,-144.37,882.1000,-1.20
2026-03-04 14:30:00,871.5,871.55,870,870.25,421927,-0.4254,0.8531,-149.87,882.1000,-1.34
2026-03-04 14:35:00,870.25,870.6,869.75,870.3,284856,-0.4254,0.8531,-149.87,882.1000,-1.34
2026-03-04 14:40:00,870.3,873.5,870.25,873.4,328033,-0.2003,0.8531,-123.48,882.1000,-0.99
2026-03-04 14:45:00,873.5,875.25,872.8,874.5,391757,0.0268,0.8531,-96.86,882.1000,-0.86
2026-03-04 14:50:00,874.75,874.85,873.2,874.2,427407,0.1539,0.8531,-81.96,882.1000,-0.90
2026-03-04 14:55:00,874.15,874.4,872.75,874,216967,0.2177,0.8531,-74.48,882.1000,-0.92
2026-03-04 15:00:00,874,874.1,870.6,870.7,932436,0.0401,0.8531,-95.30,882.1000,-1.29
2026-03-04 15:05:00,870.7,870.75,869,869.3,1039879,-0.1583,0.8531,-118.56,882.1000,-1.45
2026-03-04 15:10:00,869.3,869.85,868.55,868.85,843492,-0.2983,0.8531,-134.97,882.1000,-1.50
2026-03-04 15:15:00,868.85,869,866,866.3,889763,-0.5278,0.8531,-161.87,882.1000,-1.79
2026-03-04 15:20:00,866.25,867.5,865,866.8,947187,-0.6054,0.8531,-170.96,882.1000,-1.73
2026-03-04 15:25:00,866.8,870,865.95,869,876222,-0.4739,0.8531,-155.55,882.1000,-1.49
2026-03-05 09:15:00,873.85,873.85,863.5,869.05,1606670,-0.3544,-0.4739,-25.22,869.0000,0.01
2026-03-05 09:20:00,869.2,871.7,868.4,870.8,470226,-0.1394,-0.4739,-70.58,869.0000,0.21
2026-03-05 09:25:00,871,872.5,868.25,868.6,515905,-0.1275,-0.4739,-73.10,869.0000,-0.05
2026-03-05 09:30:00,868.65,869,866.15,866.95,345229,-0.2082,-0.4739,-56.07,869.0000,-0.24
2026-03-05 09:35:00,866.95,867.1,865.4,866.85,210321,-0.2433,-0.4739,-48.66,869.0000,-0.25
2026-03-05 09:40:00,866.75,869.8,866.1,869.7,196249,-0.0591,-0.4739,-87.53,869.0000,0.08
2026-03-05 09:45:00,869.7,870.35,868.6,869.75,368593,0.0742,-0.4739,-115.66,869.0000,0.09
2026-03-05 09:50:00,869.7,869.8,868.05,868.7,208945,0.0984,-0.4739,-120.76,869.0000,-0.03
2026-03-05 09:55:00,868.65,868.7,866.65,867,281201,0.0112,-0.4739,-102.36,869.0000,-0.23
2026-03-05 10:00:00,867,867.75,866.25,866.85,304310,-0.0424,-0.4739,-91.05,869.0000,-0.25
2026-03-05 10:05:00,866.85,869.8,866.8,869.55,108756,0.1098,-0.4739,-123.17,869.0000,0.06
2026-03-05 10:10:00,869.55,869.85,868.65,869.65,133752,0.2169,-0.4739,-145.77,869.0000,0.07
2026-03-05 10:15:00,869.65,869.8,869,869,157838,0.2418,-0.4739,-151.02,869.0000,0.00
2026-03-05 10:20:00,869.25,869.45,868.15,868.8,207461,0.2420,-0.4739,-151.07,869.0000,-0.02
2026-03-05 10:25:00,868.6,868.8,866.8,868.5,522759,0.2198,-0.4739,-146.38,869.0000,-0.06
2026-03-05 10:30:00,868.5,869.6,868.05,869.4,107835,0.2607,-0.4739,-155.01,869.0000,0.05
2026-03-05 10:35:00,869.45,870.8,868.95,870.65,143849,0.3609,-0.4739,-176.16,869.0000,0.19
2026-03-05 10:40:00,870.7,871.3,870,871.25,131060,0.4506,-0.4739,-195.08,869.0000,0.26
2026-03-05 10:45:00,871.25,871.4,870.4,870.4,171183,0.4355,-0.4739,-191.90,869.0000,0.16
2026-03-05 10:50:00,870.4,871.2,870,871.2,88267,0.4598,-0.4739,-197.02,869.0000,0.25
2026-03-05 10:55:00,871.1,875,871.1,874.5,694432,0.6660,-0.4739,-240.54,869.0000,0.63
2026-03-05 11:00:00,874.5,875.5,874.15,875.4,230855,0.8208,-0.4739,-273.20,869.0000,0.74
2026-03-05 11:05:00,875.4,876,874.8,875,217290,0.8503,-0.4739,-279.43,869.0000,0.69
2026-03-05 11:10:00,874.95,875.6,874.4,875,158023,0.8234,-0.4739,-273.75,869.0000,0.69
2026-03-05 11:15:00,875.3,875.5,873.85,874.75,175617,0.7447,-0.4739,-257.14,869.0000,0.66
2026-03-05 11:20:00,874.7,874.75,872.6,873.25,216334,0.5562,-0.4739,-217.37,869.0000,0.49
2026-03-05 11:25:00,873.25,874.3,873,873.25,112107,0.4033,-0.4739,-185.10,869.0000,0.49
2026-03-05 11:30:00,873.35,873.35,871.5,872.3,109178,0.2190,-0.4739,-146.21,869.0000,0.38
2026-03-05 11:35:00,872.3,872.4,870.5,871.75,1055947,0.0499,-0.4739,-110.53,869.0000,0.32
2026-03-05 11:40:00,871.75,872.35,870.75,870.8,266656,-0.1266,-0.4739,-73.29,869.0000,0.21
2026-03-05 11:45:00,870.8,871,869.35,869.6,300259,-0.3141,-0.4739,-33.72,869.0000,0.07
2026-03-05 11:50:00,869.6,870.85,868.55,870.7,461853,-0.3511,-0.4739,-25.91,869.0000,0.20
2026-03-05 11:55:00,870.8,871.35,869.3,871,177696,-0.3422,-0.4739,-27.79,869.0000,0.23
2026-03-05 12:00:00,871.05,871.9,870.9,871.85,656470,-0.2690,-0.4739,-43.24,869.0000,0.33
2026-03-05 12:05:00,871.8,872.3,869.8,870.7,908807,-0.2865,-0.4739,-39.54,869.0000,0.20
2026-03-05 12:10:00,870.8,871.8,870,871,226582,-0.2666,-0.4739,-43.74,869.0000,0.23
2026-03-05 12:15:00,871,871,869.8,870.25,141859,-0.2908,-0.4739,-38.64,869.0000,0.14
2026-03-05 12:20:00,870.25,871.9,870.15,870.95,185269,-0.2481,-0.4739,-47.65,869.0000,0.22
2026-03-05 12:25:00,870.95,872.65,870.45,872.35,151185,-0.1205,-0.4739,-74.57,869.0000,0.39
2026-03-05 12:30:00,872.35,873,871.85,872.95,59329,0.0028,-0.4739,-100.59,869.0000,0.45
2026-03-05 12:35:00,872.95,872.95,871.95,872.7,56219,0.0627,-0.4739,-113.23,869.0000,0.43
2026-03-05 12:40:00,872.7,873.25,872.25,872.5,88456,0.0829,-0.4739,-117.49,869.0000,0.40
2026-03-05 12:45:00,872.45,873.35,872.05,873.2,112118,0.1342,-0.4739,-128.32,869.0000,0.48
2026-03-05 12:50:00,873.25,874.8,872.75,874.65,266300,0.2500,-0.4739,-152.75,869.0000,0.65
2026-03-05 12:55:00,874.65,874.8,874,874.45,69189,0.2943,-0.4739,-162.10,869.0000,0.63
2026-03-05 13:00:00,874.5,874.8,873.5,873.9,81231,0.2684,-0.4739,-156.64,869.0000,0.56
2026-03-05 13:05:00,873.65,874.3,873.6,874.25,127521,0.2566,-0.4739,-154.15,869.0000,0.60
2026-03-05 13:10:00,874.2,875,873.8,873.95,161344,0.2124,-0.4739,-144.82,869.0000,0.57
2026-03-05 13:15:00,874,874.1,873.1,873.15,77963,0.1176,-0.4739,-124.82,869.0000,0.48
2026-03-05 13:20:00,873.15,873.65,873,873.2,167698,0.0502,-0.4739,-110.59,869.0000,0.48
2026-03-05 13:25:00,873.2,873.75,872.75,873.5,265862,0.0192,-0.4739,-104.05,869.0000,0.52
2026-03-05 13:30:00,873.45,873.75,871.05,871.7,581867,-0.1213,-0.4739,-74.40,869.0000,0.31
2026-03-05 13:35:00,871.7,871.85,870,870.8,363278,-0.2654,-0.4739,-44.00,869.0000,0.21
2026-03-05 13:40:00,871,871.55,870.15,871.05,291656,-0.3302,-0.4739,-30.32,869.0000,0.24
2026-03-05 13:45:00,871.05,872.25,870.9,871.35,230283,-0.3380,-0.4739,-28.68,869.0000,0.27
2026-03-05 13:50:00,871.45,871.6,870.25,870.8,123739,-0.3631,-0.4739,-23.38,869.0000,0.21
2026-03-05 13:55:00,870.8,871.4,870.2,871,177688,-0.3490,-0.4739,-26.36,869.0000,0.23
2026-03-05 14:00:00,871.05,871.9,870.65,871.55,192473,-0.2880,-0.4739,-39.23,869.0000,0.29
2026-03-05 14:05:00,871.55,871.9,871.1,871.45,158262,-0.2416,-0.4739,-49.02,869.0000,0.28
2026-03-05 14:10:00,871.45,872.55,871.3,872.4,164350,-0.1392,-0.4739,-70.63,869.0000,0.39
2026-03-05 14:15:00,872.4,872.4,871.25,871.3,351394,-0.1377,-0.4739,-70.94,869.0000,0.26
2026-03-05 14:20:00,871.3,874.35,871.25,874,583010,0.0435,-0.4739,-109.18,869.0000,0.58
2026-03-05 14:25:00,874.2,875.5,872.95,874.65,351793,0.1967,-0.4739,-141.51,869.0000,0.65
2026-03-05 14:30:00,874.65,874.7,871.7,872.1,890020,0.1198,-0.4739,-125.28,869.0000,0.36
2026-03-05 14:35:00,872.1,873.4,871.2,872.9,661401,0.1162,-0.4739,-124.52,869.0000,0.45
2026-03-05 14:40:00,872.85,876,872,875,859746,0.2414,-0.4739,-150.94,869.0000,0.69
2026-03-05 14:45:00,874.95,876.4,873.75,875.85,963379,0.3605,-0.4739,-176.07,869.0000,0.79
2026-03-05 14:50:00,875.75,881.1,875.25,879.65,1032451,0.6569,-0.4739,-238.62,869.0000,1.23
2026-03-05 14:55:00,879.6,881.4,877.9,881.05,658222,0.8942,-0.4739,-288.69,869.0000,1.39
2026-03-05 15:00:00,881.1,881.25,877.1,878.7,2507518,0.8408,-0.4739,-277.42,869.0000,1.12
2026-03-05 15:05:00,878.3,880.45,877.6,878.5,1523642,0.7432,-0.4739,-256.83,869.0000,1.09
2026-03-05 15:10:00,878.55,879.55,876.35,876.4,1500407,0.5000,-0.4739,-205.51,869.0000,0.85
2026-03-05 15:15:00,876.45,877.75,874.2,874.35,930531,0.1805,-0.4739,-138.09,869.0000,0.62
2026-03-05 15:20:00,874.2,875.35,873.45,874.2,829380,-0.0493,-0.4739,-89.60,869.0000,0.60
2026-03-05 15:25:00,874.3,876.95,873.5,875.1,654561,-0.1438,-0.4739,-69.66,869.0000,0.70
2026-03-06 09:15:00,868.05,871.7,865,865.1,3124290,-0.8437,-0.1438,486.72,875.1000,-1.14
2026-03-06 09:20:00,865.2,866.5,864,865.2,1154275,-1.2400,-0.1438,762.31,875.1000,-1.13
2026-03-06 09:25:00,865.25,865.75,864.3,865,612327,-1.4414,-0.1438,902.36,875.1000,-1.15
2026-03-06 09:30:00,865,867.35,864.65,865.55,678719,-1.4591,-0.1438,914.67,875.1000,-1.09
2026-03-06 09:35:00,865.55,867.3,865.1,866.05,527267,-1.3605,-0.1438,846.11,875.1000,-1.03
2026-03-06 09:40:00,866.05,867.2,865.5,867.05,324663,-1.1592,-0.1438,706.12,875.1000,-0.92
2026-03-06 09:45:00,867.05,867.6,866.45,867.1,453743,-0.9620,-0.1438,568.98,875.1000,-0.91
2026-03-06 09:50:00,867.1,868.15,866.2,868.05,364364,-0.7182,-0.1438,399.44,875.1000,-0.81
2026-03-06 09:55:00,868,868.6,867.35,867.65,433414,-0.5424,-0.1438,277.19,875.1000,-0.85
2026-03-06 10:00:00,867.8,868.35,866.85,867.5,261289,-0.4013,-0.1438,179.07,875.1000,-0.87
2026-03-06 10:05:00,867.55,867.7,866.15,866.65,165047,-0.3330,-0.1438,131.57,875.1000,-0.97
2026-03-06 10:10:00,866.75,867.25,866.4,866.85,134667,-0.2463,-0.1438,71.28,875.1000,-0.94
2026-03-06 10:15:00,866.95,867.35,866.6,866.8,178680,-0.1678,-0.1438,16.69,875.1000,-0.95
2026-03-06 10:20:00,866.8,866.9,865.1,865.5,441130,-0.1782,-0.1438,23.92,875.1000,-1.10
2026-03-06 10:25:00,865.55,865.75,864.15,864.8,270231,-0.2049,-0.1438,42.49,875.1000,-1.18
2026-03-06 10:30:00,864.8,864.95,863.65,864,421142,-0.2463,-0.1438,71.28,875.1000,-1.27
2026-03-06 10:35:00,864.05,864.8,863.8,864.25,691877,-0.2273,-0.1438,58.07,875.1000,-1.24
2026-03-06 10:40:00,864.25,865.75,863.95,865.25,242468,-0.1230,-0.1438,-14.46,875.1000,-1.13
2026-03-06 10:45:00,865.25,865.7,865,865.2,158954,-0.0375,-0.1438,-73.92,875.1000,-1.13
2026-03-06 10:50:00,865.2,865.8,864.6,865.05,158751,0.0256,-0.1438,-117.80,875.1000,-1.15
2026-03-06 10:55:00,865.1,865.4,864.7,865.1,134266,0.0839,-0.1438,-158.34,875.1000,-1.14
2026-03-06 11:00:00,865.1,865.45,863.9,865.45,286162,0.1552,-0.1438,-207.93,875.1000,-1.10
2026-03-06 11:05:00,865.45,866.15,865.15,865.85,200088,0.2336,-0.1438,-262.45,875.1000,-1.06
2026-03-06 11:10:00,865.85,865.95,865,865.3,175863,0.2514,-0.1438,-274.83,875.1000,-1.12
2026-03-06 11:15:00,865.3,865.75,863.85,864.05,308499,0.1848,-0.1438,-228.51,875.1000,-1.26
2026-03-06 11:20:00,864.3,865.15,863.05,863.4,340097,0.1068,-0.1438,-174.27,875.1000,-1.34
2026-03-06 11:25:00,863.65,864,863.15,863.95,241451,0.1021,-0.1438,-171.00,875.1000,-1.27
2026-03-06 11:30:00,863.95,864.25,863.35,864,155939,0.1114,-0.1438,-177.47,875.1000,-1.27
2026-03-06 11:35:00,863.85,864.8,863.7,864.55,158208,0.1606,-0.1438,-211.68,875.1000,-1.21
2026-03-06 11:40:00,864.55,865.15,862.7,863.1,353137,0.1043,-0.1438,-172.53,875.1000,-1.37
2026-03-06 11:45:00,863,863.6,862.8,862.85,226848,0.0612,-0.1438,-142.56,875.1000,-1.40
2026-03-06 11:50:00,863,863.05,861.6,861.8,338221,-0.0227,-0.1438,-84.21,875.1000,-1.52
2026-03-06 11:55:00,861.8,862.85,861.6,862.05,406922,-0.0446,-0.1438,-68.98,875.1000,-1.49
2026-03-06 12:00:00,862.1,862.1,861.15,861.45,261505,-0.0808,-0.1438,-43.81,875.1000,-1.56
2026-03-06 12:05:00,861.45,862.95,861.15,862.2,355935,-0.0376,-0.1438,-73.85,875.1000,-1.47
2026-03-06 12:10:00,862.2,862.3,861,861,232937,-0.0713,-0.1438,-50.42,875.1000,-1.61
2026-03-06 12:15:00,861.05,862.3,860.8,861.3,290923,-0.0555,-0.1438,-61.40,875.1000,-1.58
2026-03-06 12:20:00,861.3,862.4,861.1,862.4,244621,0.0416,-0.1438,-128.93,875.1000,-1.45
2026-03-06 12:25:00,862.4,862.4,860.95,860.95,162384,0.0218,-0.1438,-115.16,875.1000,-1.62
2026-03-06 12:30:00,861,861.9,860.95,861.3,158504,0.0446,-0.1438,-131.02,875.1000,-1.58
2026-03-06 12:35:00,861.3,861.8,860.65,861,224557,0.0512,-0.1438,-135.61,875.1000,-1.61
2026-03-06 12:40:00,861.1,862,860.95,861.85,145918,0.1207,-0.1438,-183.94,875.1000,-1.51
2026-03-06 12:45:00,861.85,862.05,861.25,861.6,148993,0.1555,-0.1438,-208.14,875.1000,-1.54
2026-03-06 12:50:00,861.7,862.15,861.3,862,247439,0.2078,-0.1438,-244.51,875.1000,-1.50
2026-03-06 12:55:00,862.05,863.5,861.5,862.6,870418,0.2806,-0.1438,-295.13,875.1000,-1.43
2026-03-06 13:00:00,862.7,863.15,861.65,862,372681,0.2853,-0.1438,-298.40,875.1000,-1.50
2026-03-06 13:05:00,862.05,862.3,861.5,861.65,121977,0.2623,-0.1438,-282.41,875.1000,-1.54
2026-03-06 13:10:00,861.7,862.1,861.35,861.35,112127,0.2258,-0.1438,-257.02,875.1000,-1.57
2026-03-06 13:15:00,861.35,861.5,860.8,861.2,153071,0.1917,-0.1438,-233.31,875.1000,-1.59
2026-03-06 13:20:00,861.2,861.95,860.9,861.75,173827,0.2053,-0.1438,-242.77,875.1000,-1.53
2026-03-06 13:25:00,861.65,862.8,861.1,862.2,483810,0.2411,-0.1438,-267.66,875.1000,-1.47
2026-03-06 13:30:00,862.3,862.3,861,861.25,178608,0.1990,-0.1438,-238.39,875.1000,-1.58
2026-03-06 13:35:00,861.25,862.85,860.8,861.5,376782,0.1866,-0.1438,-229.76,875.1000,-1.55
2026-03-06 13:40:00,861.55,862,860.75,861.05,239580,0.1482,-0.1438,-203.06,875.1000,-1.61
2026-03-06 13:45:00,861.05,861.05,859.5,859.8,878765,0.0442,-0.1438,-130.74,875.1000,-1.75
2026-03-06 13:50:00,859.8,860,857.75,858.3,842173,-0.1116,-0.1438,-22.39,875.1000,-1.92
2026-03-06 13:55:00,858.25,859.1,856.85,856.85,917164,-0.2881,-0.1438,100.35,875.1000,-2.09
2026-03-06 14:00:00,856.9,859.75,856.3,859.25,677891,-0.2221,-0.1438,54.45,875.1000,-1.81
2026-03-06 14:05:00,859.25,860.4,858.2,860.15,449514,-0.1028,-0.1438,-28.51,875.1000,-1.71
2026-03-06 14:10:00,860.15,861.95,859.95,861.3,682909,0.0599,-0.1438,-141.66,875.1000,-1.58
2026-03-06 14:15:00,861.25,863.2,861.15,862.5,352545,0.2444,-0.1438,-269.96,875.1000,-1.44
2026-03-06 14:20:00,862.45,863.9,862.35,863.8,278336,0.4386,-0.1438,-405.01,875.1000,-1.29
2026-03-06 14:25:00,863.8,863.8,861.4,861.85,1192998,0.4203,-0.1438,-392.28,875.1000,-1.51
2026-03-06 14:30:00,861.8,862.25,861.3,861.95,213446,0.3997,-0.1438,-377.96,875.1000,-1.50
2026-03-06 14:35:00,861.75,862.35,861.4,861.65,239891,0.3522,-0.1438,-344.92,875.1000,-1.54
2026-03-06 14:40:00,861.6,861.65,860,860.8,230740,0.2546,-0.1438,-277.05,875.1000,-1.63
2026-03-06 14:45:00,860.65,862.15,856.75,858.8,549017,0.0566,-0.1438,-139.36,875.1000,-1.86
2026-03-06 14:50:00,858.75,861.45,858.4,860.9,315064,0.0676,-0.1438,-147.01,875.1000,-1.62
2026-03-06 14:55:00,860.85,861.1,859.25,859.45,274952,-0.0177,-0.1438,-87.69,875.1000,-1.79
2026-03-06 15:00:00,859.4,860.05,857.05,858,819172,-0.1588,-0.1438,10.43,875.1000,-1.95
2026-03-06 15:05:00,857.95,858.4,856.8,858.2,923263,-0.2218,-0.1438,54.24,875.1000,-1.93
2026-03-06 15:10:00,858.25,858.3,855.5,855.8,1053814,-0.3981,-0.1438,176.84,875.1000,-2.21
2026-03-06 15:15:00,855.8,856.55,855.1,855.7,821065,-0.4883,-0.1438,239.57,875.1000,-2.22
2026-03-06 15:20:00,855.75,858.05,855.5,856.8,1089187,-0.4422,-0.1438,207.51,875.1000,-2.09
2026-03-06 15:25:00,856.8,858.85,856,857.2,797201,-0.3568,-0.1438,148.12,875.1000,-2.05
2026-03-09 09:15:00,825,835.55,821.5,829.65,4103131,-2.0341,-0.3568,470.10,857.2000,-3.21
2026-03-09 09:20:00,829.85,831.4,823.95,829.1,2952475,-3.0005,-0.3568,740.95,857.2000,-3.28
2026-03-09 09:25:00,829.1,829.1,824.5,828.8,910636,-3.4480,-0.3568,866.37,857.2000,-3.31
2026-03-09 09:30:00,828.75,831.75,828.45,831.75,871497,-3.3314,-0.3568,833.69,857.2000,-2.97
2026-03-09 09:35:00,831.7,831.95,828.5,829.7,698642,-3.1790,-0.3568,790.98,857.2000,-3.21
2026-03-09 09:40:00,829.45,831.1,829,829.1,489682,-2.9123,-0.3568,716.23,857.2000,-3.28
2026-03-09 09:45:00,829.5,830.15,827.15,829.2,359969,-2.5366,-0.3568,610.93,857.2000,-3.27
2026-03-09 09:50:00,829,829.55,828.1,829,294625,-2.1256,-0.3568,495.74,857.2000,-3.29
2026-03-09 09:55:00,828.9,829.85,828,828.95,472021,-1.6997,-0.3568,376.37,857.2000,-3.30
2026-03-09 10:00:00,829.05,829.2,827.15,828.1,392815,-1.3339,-0.3568,273.85,857.2000,-3.39
2026-03-09 10:05:00,828.15,831.45,827.25,831.4,592199,-0.7571,-0.3568,112.19,857.2000,-3.01
2026-03-09 10:10:00,831.35,831.95,830.35,830.75,463460,-0.3287,-0.3568,-7.88,857.2000,-3.09
2026-03-09 10:15:00,830.7,830.9,829,829.95,229375,-0.0245,-0.3568,-93.13,857.2000,-3.18
2026-03-09 10:20:00,829.95,831.3,829.2,830.85,309626,0.2945,-0.3568,-182.54,857.2000,-3.07
2026-03-09 10:25:00,830.85,832.5,829.75,832.4,276754,0.6467,-0.3568,-281.25,857.2000,-2.89
2026-03-09 10:30:00,832.5,833.4,831.8,832.4,275092,0.9010,-0.3568,-352.52,857.2000,-2.89
2026-03-09 10:35:00,832.4,835.5,831.75,835.05,301699,1.2476,-0.3568,-449.66,857.2000,-2.58
2026-03-09 10:40:00,835.05,835.8,834.2,835.7,283427,1.5034,-0.3568,-521.36,857.2000,-2.51
2026-03-09 10:45:00,835.7,835.8,834.95,835.5,195503,1.6313,-0.3568,-557.20,857.2000,-2.53
2026-03-09 10:50:00,835.5,839.7,835.2,837.85,521266,1.8312,-0.3568,-613.23,857.2000,-2.26
2026-03-09 10:55:00,837.85,839.3,837,838.05,423129,1.9245,-0.3568,-639.38,857.2000,-2.23
2026-03-09 11:00:00,838.15,838.65,836,836.2,226666,1.8108,-0.3568,-607.51,857.2000,-2.45
2026-03-09 11:05:00,836.15,836.9,835,835.2,208498,1.6234,-0.3568,-554.99,857.2000,-2.57
2026-03-09 11:10:00,835.15,835.65,833.4,835.65,340234,1.4886,-0.3568,-517.21,857.2000,-2.51
2026-03-09 11:15:00,835.65,837.15,834.6,837.15,205801,1.4574,-0.3568,-508.46,857.2000,-2.34
2026-03-09 11:20:00,837.15,837.9,836.15,836.9,187390,1.3777,-0.3568,-486.13,857.2000,-2.37
2026-03-09 11:25:00,836.9,839.9,836.3,839.4,215457,1.4442,-0.3568,-504.76,857.2000,-2.08
2026-03-09 11:30:00,839.4,840.7,838.85,840.5,377064,1.5061,-0.3568,-522.11,857.2000,-1.95
2026-03-09 11:35:00,840.5,840.8,839.55,840.3,145995,1.4757,-0.3568,-513.59,857.2000,-1.97
2026-03-09 11:40:00,840.2,841,838.55,838.9,555038,1.3089,-0.3568,-466.84,857.2000,-2.13
2026-03-09 11:45:00,838.9,839.55,837.15,837.7,682416,1.0752,-0.3568,-401.35,857.2000,-2.27
2026-03-09 11:50:00,837.7,837.7,836.5,837.15,232962,0.8509,-0.3568,-338.48,857.2000,-2.34
2026-03-09 11:55:00,837.05,837.45,836.2,836.5,114100,0.6358,-0.3568,-278.20,857.2000,-2.41
2026-03-09 12:00:00,836.5,837.5,836.15,837.5,136240,0.5417,-0.3568,-251.82,857.2000,-2.30
2026-03-09 12:05:00,837.45,837.8,835.45,835.85,160442,0.3580,-0.3568,-200.34,857.2000,-2.49
2026-03-09 12:10:00,835.85,836.45,835.2,835.8,137246,0.2291,-0.3568,-164.21,857.2000,-2.50
2026-03-09 12:15:00,835.9,837.4,835.7,836.65,197543,0.1981,-0.3568,-155.52,857.2000,-2.40
2026-03-09 12:20:00,836.55,836.9,834.65,835.75,586304,0.1180,-0.3568,-133.07,857.2000,-2.50
2026-03-09 12:25:00,835.75,836.15,835,835.2,174280,0.0335,-0.3568,-109.39,857.2000,-2.57
2026-03-09 12:30:00,835.2,835.6,834.3,834.5,264864,-0.0591,-0.3568,-83.44,857.2000,-2.65
2026-03-09 12:35:00,834.5,835.25,834,834.25,252748,-0.1230,-0.3568,-65.53,857.2000,-2.68
2026-03-09 12:40:00,834.3,836.4,833.5,836.25,427244,-0.0218,-0.3568,-93.89,857.2000,-2.44
2026-03-09 12:45:00,836.3,836.9,835.65,836.3,276949,0.0533,-0.3568,-114.94,857.2000,-2.44
2026-03-09 12:50:00,836.15,837.05,836,837,313049,0.1495,-0.3568,-141.90,857.2000,-2.36
2026-03-09 12:55:00,837,838.75,836.4,838.25,997518,0.2885,-0.3568,-180.86,857.2000,-2.21
2026-03-09 13:00:00,837.9,839.95,837.85,839.3,510413,0.4337,-0.3568,-221.55,857.2000,-2.09
2026-03-09 13:05:00,839.65,839.95,838.7,839.15,240226,0.4976,-0.3568,-239.46,857.2000,-2.11
2026-03-09 13:10:00,839.15,839.7,836.65,837.05,402802,0.3816,-0.3568,-206.95,857.2000,-2.35
2026-03-09 13:15:00,837.05,837.9,835.8,836.4,722134,0.2506,-0.3568,-170.24,857.2000,-2.43
2026-03-09 13:20:00,836.4,838.7,836.2,837.25,375568,0.2122,-0.3568,-159.47,857.2000,-2.33
2026-03-09 13:25:00,837.6,839.85,836.7,837.5,355321,0.1951,-0.3568,-154.68,857.2000,-2.30
2026-03-09 13:30:00,837.75,839.1,837.4,837.6,342756,0.1822,-0.3568,-151.07,857.2000,-2.29
2026-03-09 13:35:00,837.6,837.8,836.75,837.4,184102,0.1531,-0.3568,-142.91,857.2000,-2.31
2026-03-09 13:40:00,837.4,837.9,836.3,836.35,295358,0.0607,-0.3568,-117.01,857.2000,-2.43
2026-03-09 13:45:00,836.35,837.3,836.2,836.55,203942,0.0132,-0.3568,-103.70,857.2000,-2.41
2026-03-09 13:50:00,836.55,837.2,836.25,836.7,90035,-0.0070,-0.3568,-98.04,857.2000,-2.39
2026-03-09 13:55:00,836.7,836.9,835.05,835.05,186386,-0.1238,-0.3568,-65.30,857.2000,-2.58
2026-03-09 14:00:00,835.05,836.05,834.5,835.65,210828,-0.1511,-0.3568,-57.65,857.2000,-2.51
2026-03-09 14:05:00,835.65,836.2,835.2,836.15,97539,-0.1271,-0.3568,-64.38,857.2000,-2.46
2026-03-09 14:10:00,836,836.9,835,835.35,151482,-0.1547,-0.3568,-56.64,857.2000,-2.55
2026-03-09 14:15:00,835.1,835.6,834,835,296109,-0.1842,-0.3568,-48.37,857.2000,-2.59
2026-03-09 14:20:00,835,835.75,834.05,835.45,204099,-0.1619,-0.3568,-54.62,857.2000,-2.54
2026-03-09 14:25:00,835.45,836.65,834.55,834.95,389922,-0.1684,-0.3568,-52.80,857.2000,-2.60
2026-03-09 14:30:00,835.1,835.75,834.5,835.05,204406,-0.1542,-0.3568,-56.78,857.2000,-2.58
2026-03-09 14:35:00,835.05,836.2,834.5,835.7,262144,-0.0921,-0.3568,-74.19,857.2000,-2.51
2026-03-09 14:40:00,835.6,837.1,835.2,836.75,206500,0.0224,-0.3568,-106.28,857.2000,-2.39
2026-03-09 14:45:00,836.65,839.8,836.25,838.5,469983,0.2084,-0.3568,-158.41,857.2000,-2.18
2026-03-09 14:50:00,838.45,840,838.2,840,273505,0.4131,-0.3568,-215.78,857.2000,-2.01
2026-03-09 14:55:00,840,840.35,838.65,839.85,288129,0.5124,-0.3568,-243.61,857.2000,-2.02
2026-03-09 15:00:00,839.9,841.65,838.3,840.75,853155,0.6064,-0.3568,-269.96,857.2000,-1.92
2026-03-09 15:05:00,840.65,841.25,840.05,840.75,768148,0.6332,-0.3568,-277.47,857.2000,-1.92
2026-03-09 15:10:00,840.7,842.45,840.5,842.2,766189,0.7077,-0.3568,-298.35,857.2000,-1.75
2026-03-09 15:15:00,842.2,842.4,841.1,841.5,585374,0.6693,-0.3568,-287.58,857.2000,-1.83
2026-03-09 15:20:00,841.4,841.4,840,840.15,545720,0.5192,-0.3568,-245.52,857.2000,-1.99
2026-03-09 15:25:00,840.2,840.2,838.4,839.1,525261,0.3249,-0.3568,-191.06,857.2000,-2.11
2026-03-10 09:15:00,850.05,854.4,840.6,842.65,6233268,0.4058,0.3249,24.90,839.1000,0.42
2026-03-10 09:20:00,842.65,843.85,842,842.8,664393,0.4372,0.3249,34.56,839.1000,0.44
2026-03-10 09:25:00,842.75,850.55,842.2,850.55,2861728,0.9199,0.3249,183.13,839.1000,1.36
2026-03-10 09:30:00,850.55,851.7,849.1,849.7,1508874,1.1091,0.3249,241.37,839.1000,1.26
2026-03-10 09:35:00,849.65,850.55,847.55,849.6,664923,1.1500,0.3249,253.96,839.1000,1.25
2026-03-10 09:40:00,849.85,851.05,848.6,849.85,512924,1.1153,0.3249,243.27,839.1000,1.28
2026-03-10 09:45:00,849.85,850.55,848.25,848.9,327258,0.9560,0.3249,194.24,839.1000,1.17
2026-03-10 09:50:00,848.95,849.35,848.2,849.2,313626,0.8046,0.3249,147.65,839.1000,1.20
2026-03-10 09:55:00,849.2,849.2,846.1,847.15,248261,0.5142,0.3249,58.26,839.1000,0.96
2026-03-10 10:00:00,847.15,849.4,847.05,848.55,304888,0.3709,0.3249,14.16,839.1000,1.13
2026-03-10 10:05:00,848.75,848.9,846.65,846.95,215112,0.1351,0.3249,-58.42,839.1000,0.94
2026-03-10 10:10:00,846.95,848.4,846.75,848.05,210612,0.0256,0.3249,-92.12,839.1000,1.07
2026-03-10 10:15:00,847.85,854,847.8,853.5,1536088,0.2785,0.3249,-14.28,839.1000,1.72
2026-03-10 10:20:00,853.5,854,850.45,851.2,324720,0.2502,0.3249,-22.99,839.1000,1.44
2026-03-10 10:25:00,851.2,851.65,849.65,850.35,285854,0.1391,0.3249,-57.19,839.1000,1.34
2026-03-10 10:30:00,850.35,853.5,850.25,852.6,523134,0.1793,0.3249,-44.81,839.1000,1.61
2026-03-10 10:35:00,852.6,852.95,851.9,852.6,227615,0.1683,0.3249,-48.20,839.1000,1.61
2026-03-10 10:40:00,852.75,854.8,852.45,853.35,547558,0.1733,0.3249,-46.66,839.1000,1.70
2026-03-10 10:45:00,853.35,854.55,852.6,852.9,571780,0.1111,0.3249,-65.80,839.1000,1.64
2026-03-10 10:50:00,852.95,853.25,850.45,851.65,494516,-0.0413,0.3249,-112.71,839.1000,1.50
2026-03-10 10:55:00,851.8,853,851.5,852.75,174746,-0.0922,0.3249,-128.38,839.1000,1.63
2026-03-10 11:00:00,852.75,853.25,851.55,851.95,146574,-0.1979,0.3249,-160.91,839.1000,1.53
2026-03-10 11:05:00,852,852.9,851.7,852.55,402224,-0.2425,0.3249,-174.64,839.1000,1.60
2026-03-10 11:10:00,852.65,853.05,851.7,852.75,415594,-0.2715,0.3249,-183.56,839.1000,1.63
2026-03-10 11:15:00,852.8,853.5,852.5,853.15,663641,-0.2758,0.3249,-184.89,839.1000,1.67
2026-03-10 11:20:00,853.1,853.95,852.5,853.55,610828,-0.2638,0.3249,-181.19,839.1000,1.72
2026-03-10 11:25:00,853.6,854.5,853,854.45,275793,-0.2096,0.3249,-164.51,839.1000,1.83
2026-03-10 11:30:00,854.5,856,854.35,856,515677,-0.0900,0.3249,-127.70,839.1000,2.01
2026-03-10 11:35:00,855.95,856.8,854.65,855.9,657759,-0.0406,0.3249,-112.50,839.1000,2.00
2026-03-10 11:40:00,855.8,856,855,855.55,208228,-0.0538,0.3249,-116.56,839.1000,1.96
2026-03-10 11:45:00,855.55,855.95,853.55,853.8,592844,-0.1947,0.3249,-159.93,839.1000,1.75
2026-03-10 11:50:00,853.8,854,852.55,853.5,618146,-0.3152,0.3249,-197.01,839.1000,1.72
2026-03-10 11:55:00,853.55,853.7,852.1,853,220513,-0.4288,0.3249,-231.98,839.1000,1.66
2026-03-10 12:00:00,852.95,853.9,852.2,853.5,324518,-0.4672,0.3249,-243.80,839.1000,1.72
2026-03-10 12:05:00,853.5,853.95,852.2,852.5,196586,-0.5512,0.3249,-269.65,839.1000,1.60
2026-03-10 12:10:00,852.6,852.85,850.05,850.05,520425,-0.7505,0.3249,-330.99,839.1000,1.30
2026-03-10 12:15:00,850.05,852.05,849,851.65,561326,-0.7517,0.3249,-331.36,839.1000,1.50
2026-03-10 12:20:00,851.65,851.9,849,849.4,268740,-0.8724,0.3249,-368.51,839.1000,1.23
2026-03-10 12:25:00,849.4,850,848.25,849.85,437755,-0.8876,0.3249,-373.19,839.1000,1.28
2026-03-10 12:30:00,849.85,851.1,849.3,850.6,1015047,-0.8145,0.3249,-350.69,839.1000,1.37
2026-03-10 12:35:00,850.85,851.8,848.8,848.8,864475,-0.8509,0.3249,-361.90,839.1000,1.16
2026-03-10 12:40:00,848.85,849.65,848.3,848.7,871815,-0.8436,0.3249,-359.65,839.1000,1.14
2026-03-10 12:45:00,848.6,850.15,848.35,850.15,280791,-0.7084,0.3249,-318.04,839.1000,1.32
2026-03-10 12:50:00,850.15,850.65,849.15,850.35,717768,-0.5783,0.3249,-277.99,839.1000,1.34
2026-03-10 12:55:00,850.35,851,849.5,850.1,443046,-0.4856,0.3249,-249.46,839.1000,1.31
2026-03-10 13:00:00,850.1,850.2,848.95,849.5,510663,-0.4425,0.3249,-236.20,839.1000,1.24
2026-03-10 13:05:00,849.25,849.6,848.3,848.8,422769,-0.4380,0.3249,-234.81,839.1000,1.16
2026-03-10 13:10:00,848.8,849,847.25,847.95,654201,-0.4666,0.3249,-243.61,839.1000,1.05
2026-03-10 13:15:00,847.95,848.05,847.15,847.7,580399,-0.4750,0.3249,-246.20,839.1000,1.02
2026-03-10 13:20:00,847.65,848.5,846.55,847.4,482480,-0.4725,0.3249,-245.43,839.1000,0.99
2026-03-10 13:25:00,847.45,848,846.6,847.8,496898,-0.4176,0.3249,-228.53,839.1000,1.04
2026-03-10 13:30:00,847.8,848.75,847,848.3,701357,-0.3252,0.3249,-200.09,839.1000,1.10
2026-03-10 13:35:00,848.3,850.25,847.2,849.6,796978,-0.1625,0.3249,-150.02,839.1000,1.25
2026-03-10 13:40:00,849.55,850.6,849.3,849.7,367247,-0.0405,0.3249,-112.47,839.1000,1.26
2026-03-10 13:45:00,849.7,849.85,848.75,849.8,186972,0.0498,0.3249,-84.67,839.1000,1.28
2026-03-10 13:50:00,849.8,849.95,849.25,849.45,215082,0.0866,0.3249,-73.35,839.1000,1.23
2026-03-10 13:55:00,849.45,850.1,849.25,849.95,395072,0.1420,0.3249,-56.29,839.1000,1.29
2026-03-10 14:00:00,849.95,850.2,849.05,850,213480,0.1771,0.3249,-45.49,839.1000,1.30
2026-03-10 14:05:00,850.15,852.5,849.2,851.15,871050,0.2675,0.3249,-17.67,839.1000,1.44
2026-03-10 14:10:00,851.15,852.4,850.15,851.35,589068,0.3265,0.3249,0.49,839.1000,1.46
2026-03-10 14:15:00,851.4,851.8,849.1,849.75,553979,0.2471,0.3249,-23.95,839.1000,1.27
2026-03-10 14:20:00,849.75,849.85,848.35,849.1,276883,0.1452,0.3249,-55.31,839.1000,1.19
2026-03-10 14:25:00,849,849.6,848.2,849.4,503027,0.0949,0.3249,-70.79,839.1000,1.23
2026-03-10 14:30:00,849.5,850.35,848.2,849.2,729432,0.0474,0.3249,-85.41,839.1000,1.20
2026-03-10 14:35:00,849.2,850.3,849.05,849.65,696838,0.0455,0.3249,-86.00,839.1000,1.26
2026-03-10 14:40:00,849.9,849.95,848.35,849.4,496854,0.0276,0.3249,-91.51,839.1000,1.23
2026-03-10 14:45:00,849.45,849.9,848.05,849.65,649603,0.0323,0.3249,-90.06,839.1000,1.26
2026-03-10 14:50:00,849.65,851,848.8,850.15,680515,0.0669,0.3249,-79.41,839.1000,1.32
2026-03-10 14:55:00,850,850.35,849,849.85,601881,0.0672,0.3249,-79.32,839.1000,1.28
2026-03-10 15:00:00,849.85,849.9,847.6,849.8,1608778,0.0618,0.3249,-80.98,839.1000,1.28
2026-03-10 15:05:00,849.8,850.4,848.3,849.25,1646748,0.0211,0.3249,-93.51,839.1000,1.21
2026-03-10 15:10:00,849.3,850.85,848.7,849.7,2046440,0.0241,0.3249,-92.58,839.1000,1.26
2026-03-10 15:15:00,849.7,850.35,849.4,849.7,989423,0.0256,0.3249,-92.12,839.1000,1.26
2026-03-10 15:20:00,849.65,850.45,848.8,850,985520,0.0451,0.3249,-86.12,839.1000,1.30
2026-03-10 15:25:00,850,851,847.5,849,944982,-0.0081,0.3249,-102.49,839.1000,1.18
2026-03-11 09:15:00,845,848.85,843,845.65,1309612,-0.2541,-0.0081,3037.04,849.0000,-0.39
2026-03-11 09:20:00,845.65,846,841.8,841.9,530265,-0.6329,-0.0081,7713.58,849.0000,-0.84
2026-03-11 09:25:00,841.9,842.9,840.6,841.75,567187,-0.8440,-0.0081,10319.75,849.0000,-0.85
2026-03-11 09:30:00,841.75,842.35,840.5,841.85,715673,-0.9211,-0.0081,11271.60,849.0000,-0.84
2026-03-11 09:35:00,841.85,842.4,841,842.3,366226,-0.8856,-0.0081,10833.33,849.0000,-0.79
2026-03-11 09:40:00,842.3,842.6,841,842.5,294035,-0.7953,-0.0081,9718.52,849.0000,-0.77
2026-03-11 09:45:00,842.5,843,841.45,842.7,296596,-0.6737,-0.0081,8217.28,849.0000,-0.74
2026-03-11 09:50:00,842.7,843.15,840.65,840.8,300160,-0.6713,-0.0081,8187.65,849.0000,-0.97
2026-03-11 09:55:00,840.8,842.3,840.6,841.85,350486,-0.5539,-0.0081,6738.27,849.0000,-0.84
2026-03-11 10:00:00,841.9,842.1,841.5,841.95,190132,-0.4299,-0.0081,5207.41,849.0000,-0.83
2026-03-11 10:05:00,841.95,841.95,840.5,840.5,308001,-0.4063,-0.0081,4916.05,849.0000,-1.00
2026-03-11 10:10:00,840.6,841.4,840.3,840.9,329716,-0.3279,-0.0081,3948.15,849.0000,-0.95
2026-03-11 10:15:00,840.9,840.9,840.55,840.65,140501,-0.2599,-0.0081,3108.64,849.0000,-0.98
2026-03-11 10:20:00,840.65,840.7,839.5,840.25,452928,-0.2110,-0.0081,2504.94,849.0000,-1.03
2026-03-11 10:25:00,840.25,840.65,839.5,840.3,293499,-0.1474,-0.0081,1719.75,849.0000,-1.02
2026-03-11 10:30:00,840.3,840.4,839.2,839.85,253522,-0.1096,-0.0081,1253.09,849.0000,-1.08
2026-03-11 10:35:00,839.85,840,837.35,837.95,462041,-0.1821,-0.0081,2148.15,849.0000,-1.30
2026-03-11 10:40:00,837.95,838.4,837.35,837.9,193097,-0.2016,-0.0081,2388.89,849.0000,-1.31
2026-03-11 10:45:00,837.9,838.05,836.65,838,300348,-0.1767,-0.0081,2081.48,849.0000,-1.30
2026-03-11 10:50:00,838,838.5,835.95,836.3,657450,-0.2398,-0.0081,2860.49,849.0000,-1.50
2026-03-11 10:55:00,836.3,836.8,835.6,836.5,497848,-0.2330,-0.0081,2776.54,849.0000,-1.47
2026-03-11 11:00:00,836.5,837,836,837,426791,-0.1629,-0.0081,1911.11,849.0000,-1.41
2026-03-11 11:05:00,837,837,835.6,836.05,253910,-0.1492,-0.0081,1741.98,849.0000,-1.53
2026-03-11 11:10:00,836.05,836.05,834.75,835.7,517482,-0.1327,-0.0081,1538.27,849.0000,-1.57
2026-03-11 11:15:00,835.7,835.7,833,833.35,450474,-0.2428,-0.0081,2897.53,849.0000,-1.84
2026-03-11 11:20:00,833.35,833.4,831.1,831.3,416469,-0.4068,-0.0081,4922.22,849.0000,-2.08
2026-03-11 11:25:00,831.3,832,831.15,831.75,310579,-0.4354,-0.0081,5275.31,849.0000,-2.03
2026-03-11 11:30:00,831.75,832,830.5,831.1,408462,-0.4469,-0.0081,5417.28,849.0000,-2.11
2026-03-11 11:35:00,831.1,833.5,830.9,832.7,415900,-0.3025,-0.0081,3634.57,849.0000,-1.92
2026-03-11 11:40:00,832.7,833.1,831.8,832.65,216253,-0.1725,-0.0081,2029.63,849.0000,-1.93
2026-03-11 11:45:00,832.65,832.7,832,832.45,161511,-0.0675,-0.0081,733.33,849.0000,-1.95
2026-03-11 11:50:00,832.45,833,831.5,832.7,417286,0.0451,-0.0081,-656.79,849.0000,-1.92
2026-03-11 11:55:00,832.7,832.7,831.65,832,194109,0.0959,-0.0081,-1283.95,849.0000,-2.00
2026-03-11 12:00:00,832,832.5,831.75,832.45,339378,0.1784,-0.0081,-2302.47,849.0000,-1.95
2026-03-11 12:05:00,832.45,832.55,832.05,832.3,461567,0.2378,-0.0081,-3035.80,849.0000,-1.97
2026-03-11 12:10:00,832.3,833,832.2,833,416499,0.3334,-0.0081,-4216.05,849.0000,-1.88
2026-03-11 12:15:00,833,833,831.6,831.95,372855,0.3341,-0.0081,-4224.69,849.0000,-2.01
2026-03-11 12:20:00,831.95,832,831.45,831.9,277112,0.3384,-0.0081,-4277.78,849.0000,-2.01
2026-03-11 12:25:00,831.9,832.25,831.65,832,229952,0.3535,-0.0081,-4464.20,849.0000,-2.00
2026-03-11 12:30:00,832,832.3,830.1,830.6,669730,0.2781,-0.0081,-3533.33,849.0000,-2.17
2026-03-11 12:35:00,830.7,830.9,829.4,829.65,752021,0.1779,-0.0081,-2296.30,849.0000,-2.28
2026-03-11 12:40:00,829.65,830,829.3,829.95,503451,0.1469,-0.0081,-1913.58,849.0000,-2.24
2026-03-11 12:45:00,829.95,830,828.3,828.95,438256,0.0776,-0.0081,-1058.02,849.0000,-2.36
2026-03-11 12:50:00,828.95,829.25,828.25,828.45,380447,0.0195,-0.0081,-340.74,849.0000,-2.42
2026-03-11 12:55:00,828.45,829,828,828.4,747447,0.0003,-0.0081,-103.70,849.0000,-2.43
2026-03-11 13:00:00,828.35,828.95,827.6,828.55,600645,0.0192,-0.0081,-337.04,849.0000,-2.41
2026-03-11 13:05:00,828.55,829.9,827.9,829.35,1313084,0.1025,-0.0081,-1365.43,849.0000,-2.31
2026-03-11 13:10:00,829.5,829.8,828.5,828.75,1831622,0.1321,-0.0081,-1730.86,849.0000,-2.39
2026-03-11 13:15:00,828.75,830.7,828.65,830.6,552987,0.2826,-0.0081,-3588.89,849.0000,-2.17
2026-03-11 13:20:00,830.6,831.95,829.7,831.8,389774,0.4588,-0.0081,-5764.20,849.0000,-2.03
2026-03-11 13:25:00,831.85,832.1,830.75,832.1,388732,0.5835,-0.0081,-7303.70,849.0000,-1.99
2026-03-11 13:30:00,832.1,833,831.75,832,797280,0.6425,-0.0081,-8032.10,849.0000,-2.00
2026-03-11 13:35:00,832,832.75,831.85,832.2,282513,0.6748,-0.0081,-8430.86,849.0000,-1.98
2026-03-11 13:40:00,832.25,833.8,831.65,833.1,571811,0.7319,-0.0081,-9135.80,849.0000,-1.87
2026-03-11 13:45:00,833.1,833.45,831.75,832.05,815720,0.6755,-0.0081,-8439.51,849.0000,-2.00
2026-03-11 13:50:00,832.05,833.5,831,832.75,559017,0.6609,-0.0081,-8259.26,849.0000,-1.91
2026-03-11 13:55:00,832.75,832.95,831.75,832.85,650493,0.6336,-0.0081,-7922.22,849.0000,-1.90
2026-03-11 14:00:00,832.85,834,832.25,832.9,560170,0.5951,-0.0081,-7446.91,849.0000,-1.90
2026-03-11 14:05:00,832.9,833.25,832.25,832.8,464319,0.5406,-0.0081,-6774.07,849.0000,-1.91
2026-03-11 14:10:00,832.85,832.85,831.75,832.7,534946,0.4778,-0.0081,-5998.77,849.0000,-1.92
2026-03-11 14:15:00,832.7,833,831,831.55,673773,0.3449,-0.0081,-4358.02,849.0000,-2.06
2026-03-11 14:20:00,831.55,832.1,831.3,831.45,310870,0.2413,-0.0081,-3079.01,849.0000,-2.07
2026-03-11 14:25:00,831.5,834,831,833.9,538663,0.3237,-0.0081,-4096.30,849.0000,-1.78
2026-03-11 14:30:00,833.9,834.5,832.25,832.75,1068422,0.2879,-0.0081,-3654.32,849.0000,-1.91
2026-03-11 14:35:00,832.7,833.5,832.3,833.45,238043,0.2972,-0.0081,-3769.14,849.0000,-1.83
2026-03-11 14:40:00,833.45,833.65,832.6,833.15,400710,0.2698,-0.0081,-3430.86,849.0000,-1.87
2026-03-11 14:45:00,833.15,833.5,832.1,832.3,392546,0.1852,-0.0081,-2386.42,849.0000,-1.97
2026-03-11 14:50:00,832.45,833,832.1,832.6,430702,0.1421,-0.0081,-1854.32,849.0000,-1.93
2026-03-11 14:55:00,832.6,832.85,831.7,831.9,523275,0.0632,-0.0081,-880.25,849.0000,-2.01
2026-03-11 15:00:00,831.9,833.45,831.8,832.7,961294,0.0615,-0.0081,-859.26,849.0000,-1.92
2026-03-11 15:05:00,832.7,835.2,832.05,834.95,1436121,0.2006,-0.0081,-2576.54,849.0000,-1.65
2026-03-11 15:10:00,834.9,835.4,833.75,834.85,1449281,0.2704,-0.0081,-3438.27,849.0000,-1.67
2026-03-11 15:15:00,834.9,835.1,832.8,834.45,1657018,0.2733,-0.0081,-3474.07,849.0000,-1.71
2026-03-11 15:20:00,834.45,834.9,833.35,834.5,1421459,0.2621,-0.0081,-3335.80,849.0000,-1.71
2026-03-11 15:25:00,834.5,835,833.5,834.4,916242,0.2326,-0.0081,-2971.60,849.0000,-1.72
2026-03-12 09:15:00,820.1,829.4,820.1,828.3,3299339,-0.1903,0.2326,-181.81,834.4000,-0.73
2026-03-12 09:20:00,828.5,829.95,827.8,829.3,761460,-0.3841,0.2326,-265.13,834.4000,-0.61
2026-03-12 09:25:00,829.3,830.9,828.35,830.7,494910,-0.3977,0.2326,-270.98,834.4000,-0.44
2026-03-12 09:30:00,830.35,832.5,830.1,830.95,457395,-0.3701,0.2326,-259.11,834.4000,-0.41
2026-03-12 09:35:00,831,833.5,830.2,831.6,420098,-0.2919,0.2326,-225.49,834.4000,-0.34
2026-03-12 09:40:00,831.7,832.95,830.45,832.35,476576,-0.1788,0.2326,-176.87,834.4000,-0.25
2026-03-12 09:45:00,832.6,832.95,830.3,830.7,476210,-0.2027,0.2326,-187.15,834.4000,-0.44
2026-03-12 09:50:00,830.7,831.6,829.55,831.6,628000,-0.1480,0.2326,-163.63,834.4000,-0.34
2026-03-12 09:55:00,831.6,833.5,830.65,833.45,1152216,0.0142,0.2326,-93.90,834.4000,-0.11
2026-03-12 10:00:00,833.5,835,832.6,834.55,362249,0.1872,0.2326,-19.52,834.4000,0.02
2026-03-12 10:05:00,834.85,835,830.75,830.85,468666,0.0513,0.2326,-77.94,834.4000,-0.43
2026-03-12 10:10:00,830.8,832.5,830.8,831.5,387096,0.0063,0.2326,-97.29,834.4000,-0.35
2026-03-12 10:15:00,831.3,833,830.6,832.9,459270,0.0685,0.2326,-70.55,834.4000,-0.18
2026-03-12 10:20:00,833,833,831,831.9,3614269,0.0414,0.2326,-82.20,834.4000,-0.30
2026-03-12 10:25:00,831.9,834.15,831.7,834.15,412223,0.1669,0.2326,-28.25,834.4000,-0.03
2026-03-12 10:30:00,834.15,834.9,833.25,834.8,219177,0.2791,0.2326,19.99,834.4000,0.05
2026-03-12 10:35:00,834.8,835.35,834,835.05,325964,0.3509,0.2326,50.86,834.4000,0.08
2026-03-12 10:40:00,835.05,835.2,833,833.6,316454,0.2843,0.2326,22.23,834.4000,-0.10
2026-03-12 10:45:00,833.6,834.05,833.1,833.95,217312,0.2487,0.2326,6.92,834.4000,-0.05
2026-03-12 10:50:00,833.95,834.75,833,833.65,301104,0.1923,0.2326,-17.33,834.4000,-0.09
2026-03-12 10:55:00,833.7,835.2,833.15,835,284390,0.2308,0.2326,-0.77,834.4000,0.07
2026-03-12 11:00:00,834.9,835.3,833.8,834.85,305565,0.2303,0.2326,-0.99,834.4000,0.05
2026-03-12 11:05:00,834.8,835.1,832.6,833.1,403975,0.1029,0.2326,-55.76,834.4000,-0.16
2026-03-12 11:10:00,833,834.3,832.7,833.1,212117,0.0141,0.2326,-93.94,834.4000,-0.16
2026-03-12 11:15:00,833.05,834,831.25,832.6,453487,-0.0778,0.2326,-133.45,834.4000,-0.22
2026-03-12 11:20:00,832.6,832.8,830.65,832.5,287743,-0.1412,0.2326,-160.71,834.4000,-0.23
2026-03-12 11:25:00,832.4,832.9,831.9,832.4,233573,-0.1831,0.2326,-178.72,834.4000,-0.24
2026-03-12 11:30:00,832.3,832.45,831.3,831.95,284137,-0.2311,0.2326,-199.36,834.4000,-0.29
2026-03-12 11:35:00,831.95,832.25,831.35,831.65,331207,-0.2705,0.2326,-216.29,834.4000,-0.33
2026-03-12 11:40:00,831.65,832.15,831,831.8,167528,-0.2729,0.2326,-217.33,834.4000,-0.31
2026-03-12 11:45:00,831.8,832.4,831.1,831.9,268469,-0.2548,0.2326,-209.54,834.4000,-0.30
2026-03-12 11:50:00,831.8,833.35,831.5,832.9,359401,-0.1665,0.2326,-171.58,834.4000,-0.18
2026-03-12 11:55:00,832.9,834.8,832.55,834.55,730281,0.0028,0.2326,-98.80,834.4000,0.02
2026-03-12 12:00:00,834.6,835.5,834.3,835.3,215612,0.1566,0.2326,-32.67,834.4000,0.11
2026-03-12 12:05:00,835.2,835.6,834.5,834.8,331173,0.2126,0.2326,-8.60,834.4000,0.05
2026-03-12 12:10:00,834.8,835.15,833.65,834.85,190932,0.2389,0.2326,2.71,834.4000,0.05
2026-03-12 12:15:00,834.85,834.95,833.7,834.2,309999,0.2000,0.2326,-14.02,834.4000,-0.02
2026-03-12 12:20:00,834.15,835.9,834.05,835.15,682313,0.2239,0.2326,-3.74,834.4000,0.09
2026-03-12 12:25:00,835.3,836,834.1,835.5,305770,0.2471,0.2326,6.23,834.4000,0.13
2026-03-12 12:30:00,835.5,835.55,834.3,834.35,180191,0.1725,0.2326,-25.84,834.4000,-0.01
2026-03-12 12:35:00,834.35,834.6,833.1,834,320485,0.0910,0.2326,-60.88,834.4000,-0.05
2026-03-12 12:40:00,834,835.5,833.9,834.85,312021,0.0859,0.2326,-63.07,834.4000,0.05
2026-03-12 12:45:00,834.85,835.3,834.15,835,227129,0.0840,0.2326,-63.89,834.4000,0.07
2026-03-12 12:50:00,835.05,835.4,834,834.5,193245,0.0427,0.2326,-81.64,834.4000,0.01
2026-03-12 12:55:00,834.55,835.3,834.35,835,369861,0.0424,0.2326,-81.77,834.4000,0.07
2026-03-12 13:00:00,835,835.25,834,834.7,289859,0.0168,0.2326,-92.78,834.4000,0.04
2026-03-12 13:05:00,834.7,834.75,832.6,832.65,307448,-0.1351,0.2326,-158.08,834.4000,-0.21
2026-03-12 13:10:00,832.8,834,832.45,833.6,307660,-0.1664,0.2326,-171.54,834.4000,-0.10
2026-03-12 13:15:00,833.75,833.8,832.15,832.25,405741,-0.2669,0.2326,-214.75,834.4000,-0.26
2026-03-12 13:20:00,832.25,833.8,832.1,833.2,256496,-0.2581,0.2326,-210.96,834.4000,-0.14
2026-03-12 13:25:00,833.25,834.75,832.7,834.25,336783,-0.1743,0.2326,-174.94,834.4000,-0.02
2026-03-12 13:30:00,834.25,836.4,834.2,835.45,413581,-0.0379,0.2326,-116.29,834.4000,0.13
2026-03-12 13:35:00,835.45,835.85,834.85,835.5,213570,0.0510,0.2326,-78.07,834.4000,0.13
2026-03-12 13:40:00,835.5,835.85,833.5,834,463617,0.0064,0.2326,-97.25,834.4000,-0.05
2026-03-12 13:45:00,834,834.9,833.35,834.4,315834,0.0018,0.2326,-99.23,834.4000,0.00
2026-03-12 13:50:00,834.4,834.6,833.3,834.35,320014,-0.0063,0.2326,-102.71,834.4000,-0.01
2026-03-12 13:55:00,834.35,834.6,833.3,833.75,564090,-0.0512,0.2326,-122.01,834.4000,-0.08
2026-03-12 14:00:00,833.75,834.45,833.1,833.35,379487,-0.1039,0.2326,-144.67,834.4000,-0.13
2026-03-12 14:05:00,833.35,834.05,832.8,833.05,236148,-0.1522,0.2326,-165.43,834.4000,-0.16
2026-03-12 14:10:00,833.05,834.25,832.05,833.8,618390,-0.1278,0.2326,-154.94,834.4000,-0.07
2026-03-12 14:15:00,833.85,834.8,833.15,833.85,354851,-0.1035,0.2326,-144.50,834.4000,-0.07
2026-03-12 14:20:00,833.85,834.05,832.8,833.25,222418,-0.1218,0.2326,-152.36,834.4000,-0.14
2026-03-12 14:25:00,833.2,834,832.85,833.35,234985,-0.1209,0.2326,-151.98,834.4000,-0.13
2026-03-12 14:30:00,833.4,834.4,833.05,834,571086,-0.0726,0.2326,-131.21,834.4000,-0.05
2026-03-12 14:35:00,834,834.7,833.5,834.35,841731,-0.0161,0.2326,-106.92,834.4000,-0.01
2026-03-12 14:40:00,834.35,834.45,831.5,832.5,669369,-0.0978,0.2326,-142.05,834.4000,-0.23
2026-03-12 14:45:00,832.7,834.6,832,833.9,1151285,-0.0543,0.2326,-123.34,834.4000,-0.06
2026-03-12 14:50:00,833.7,833.9,831.55,832.4,1080194,-0.1194,0.2326,-151.33,834.4000,-0.24
2026-03-12 14:55:00,832.6,832.6,831.4,832.1,400732,-0.1724,0.2326,-174.12,834.4000,-0.28
2026-03-12 15:00:00,832.1,834.1,831.35,834,1680009,-0.0742,0.2326,-131.90,834.4000,-0.05
2026-03-12 15:05:00,833.85,834.85,832.65,834.35,2649803,0.0149,0.2326,-93.59,834.4000,-0.01
2026-03-12 15:10:00,834.3,835.4,830.5,831.55,2772711,-0.1075,0.2326,-146.22,834.4000,-0.34
2026-03-12 15:15:00,831.5,833.05,830,832.9,1606896,-0.0910,0.2326,-139.12,834.4000,-0.18
2026-03-12 15:20:00,832.8,833.15,831.6,833,1196296,-0.0677,0.2326,-129.11,834.4000,-0.17
2026-03-12 15:25:00,832.8,833.6,832,833.3,455377,-0.0286,0.2326,-112.30,834.4000,-0.13
2026-03-13 09:15:00,820,823.8,816.9,819.45,3209452,-0.8846,-0.0286,2993.01,833.3000,-1.66
2026-03-13 09:20:00,819.45,819.8,817.4,819.4,930043,-1.3739,-0.0286,4703.85,833.3000,-1.67
2026-03-13 09:25:00,819.4,820.95,817.5,820.85,870013,-1.5090,-0.0286,5176.22,833.3000,-1.49
2026-03-13 09:30:00,820.85,821.8,820,821.2,504472,-1.4818,-0.0286,5081.12,833.3000,-1.45
2026-03-13 09:35:00,821.55,821.55,819.15,819.55,607359,-1.4784,-0.0286,5069.23,833.3000,-1.65
2026-03-13 09:40:00,819.55,820.2,818.75,819.1,478497,-1.4103,-0.0286,4831.12,833.3000,-1.70
2026-03-13 09:45:00,819.1,819.8,816.15,816.6,617605,-1.4327,-0.0286,4909.44,833.3000,-2.00
2026-03-13 09:50:00,816.8,817.95,816,817.25,681716,-1.3065,-0.0286,4468.18,833.3000,-1.93
2026-03-13 09:55:00,817.25,817.4,814.5,815,793974,-1.2757,-0.0286,4360.49,833.3000,-2.20
2026-03-13 10:00:00,815,815.85,814.1,814.6,489321,-1.1855,-0.0286,4045.10,833.3000,-2.24
2026-03-13 10:05:00,814.6,814.8,813,813.5,466138,-1.1047,-0.0286,3762.59,833.3000,-2.38
2026-03-13 10:10:00,813.6,813.75,812.4,813.1,401242,-0.9868,-0.0286,3350.35,833.3000,-2.42
2026-03-13 10:15:00,813.35,813.75,812.1,812.2,434807,-0.8815,-0.0286,2982.17,833.3000,-2.53
2026-03-13 10:20:00,812.1,813.4,812,813,366270,-0.6792,-0.0286,2274.83,833.3000,-2.44
2026-03-13 10:25:00,812.95,814.8,812.8,814.2,447474,-0.3995,-0.0286,1296.85,833.3000,-2.29
2026-03-13 10:30:00,814.1,815.05,813.8,814.45,460772,-0.1458,-0.0286,409.79,833.3000,-2.26
2026-03-13 10:35:00,814.45,815,814.25,814.6,277799,0.0723,-0.0286,-352.80,833.3000,-2.24
2026-03-13 10:40:00,814.6,814.85,813.35,814.8,398101,0.2598,-0.0286,-1008.39,833.3000,-2.22
2026-03-13 10:45:00,814.8,815.8,813.85,815.6,313093,0.4558,-0.0286,-1693.71,833.3000,-2.12
2026-03-13 10:50:00,815.6,818.1,815.5,817.5,672256,0.7161,-0.0286,-2603.85,833.3000,-1.90
2026-03-13 10:55:00,817.5,818.2,816.9,818.1,527680,0.9185,-0.0286,-3311.54,833.3000,-1.82
2026-03-13 11:00:00,818.1,818.5,816.8,817.65,350585,1.0048,-0.0286,-3613.29,833.3000,-1.88
2026-03-13 11:05:00,817.65,818.2,816.95,817.55,517398,1.0340,-0.0286,-3715.38,833.3000,-1.89
2026-03-13 11:10:00,817.55,818.05,817.05,817.45,231723,1.0234,-0.0286,-3678.32,833.3000,-1.90
2026-03-13 11:15:00,817.45,818.15,817.15,817.5,191737,0.9957,-0.0286,-3581.47,833.3000,-1.90
2026-03-13 11:20:00,817.5,817.55,816.2,817.1,378676,0.9277,-0.0286,-3343.71,833.3000,-1.94
2026-03-13 11:25:00,817.1,817.95,816.4,817.85,244662,0.9093,-0.0286,-3279.37,833.3000,-1.85
2026-03-13 11:30:00,817.85,818.8,817.3,818.35,356202,0.9050,-0.0286,-3264.34,833.3000,-1.79
2026-03-13 11:35:00,818.4,818.95,818.25,818.65,203550,0.8948,-0.0286,-3228.67,833.3000,-1.76
2026-03-13 11:40:00,818.85,819.6,818.25,819.15,529213,0.8923,-0.0286,-3219.93,833.3000,-1.70
2026-03-13 11:45:00,819.15,819.65,818.2,818.9,425908,0.8448,-0.0286,-3053.85,833.3000,-1.73
2026-03-13 11:50:00,818.95,819.35,818.4,819.15,249317,0.8015,-0.0286,-2902.45,833.3000,-1.70
2026-03-13 11:55:00,819.15,819.3,818,818.2,212830,0.6848,-0.0286,-2494.41,833.3000,-1.81
2026-03-13 12:00:00,818.2,818.2,816.8,817.4,260812,0.5362,-0.0286,-1974.83,833.3000,-1.91
2026-03-13 12:05:00,817.45,819.4,817.2,819.35,235644,0.5496,-0.0286,-2021.68,833.3000,-1.67
2026-03-13 12:10:00,819.4,819.7,819,819.15,240640,0.5255,-0.0286,-1937.41,833.3000,-1.70
2026-03-13 12:15:00,819.15,819.85,818.95,819.2,201590,0.4938,-0.0286,-1826.57,833.3000,-1.69
2026-03-13 12:20:00,819.35,819.35,817.1,817.1,252168,0.3207,-0.0286,-1221.33,833.3000,-1.94
2026-03-13 12:25:00,817.35,817.65,816.45,817.6,474492,0.2333,-0.0286,-915.73,833.3000,-1.88
2026-03-13 12:30:00,817.65,817.65,815.35,816.65,435479,0.1111,-0.0286,-488.46,833.3000,-2.00
2026-03-13 12:35:00,816.8,817.05,815.8,816.2,198473,0.0051,-0.0286,-117.83,833.3000,-2.05
2026-03-13 12:40:00,816.3,816.65,815.2,816.4,256318,-0.0437,-0.0286,52.80,833.3000,-2.03
2026-03-13 12:45:00,816.35,818.25,816.05,818.2,293831,0.0481,-0.0286,-268.18,833.3000,-1.81
2026-03-13 12:50:00,818.05,818.8,817.6,818.5,248687,0.1275,-0.0286,-545.80,833.3000,-1.78
2026-03-13 12:55:00,818.5,820,818,819.45,310445,0.2360,-0.0286,-925.17,833.3000,-1.66
2026-03-13 13:00:00,819.45,820,818.95,819.45,305207,0.2960,-0.0286,-1134.97,833.3000,-1.66
2026-03-13 13:05:00,819.55,819.8,818.6,819.25,317303,0.3089,-0.0286,-1180.07,833.3000,-1.69
2026-03-13 13:10:00,819.15,819.35,818,818.2,272238,0.2368,-0.0286,-927.97,833.3000,-1.81
2026-03-13 13:15:00,818.2,819,817.6,818,318466,0.1688,-0.0286,-690.21,833.3000,-1.84
2026-03-13 13:20:00,818.3,819.15,817.35,817.9,318218,0.1129,-0.0286,-494.76,833.3000,-1.85
2026-03-13 13:25:00,817.75,819.8,817.6,819,272949,0.1440,-0.0286,-603.50,833.3000,-1.72
2026-03-13 13:30:00,819.15,819.5,818.05,818.15,335530,0.1031,-0.0286,-460.49,833.3000,-1.82
2026-03-13 13:35:00,818.2,818.5,816,816.15,376444,-0.0544,-0.0286,90.21,833.3000,-2.06
2026-03-13 13:40:00,816.15,817.1,815.1,816.7,786278,-0.1138,-0.0286,297.90,833.3000,-1.99
2026-03-13 13:45:00,816.65,817.95,816.3,817.6,824601,-0.0861,-0.0286,201.05,833.3000,-1.88
2026-03-13 13:50:00,817.85,818.4,816.55,817.4,625776,-0.0752,-0.0286,162.94,833.3000,-1.91
2026-03-13 13:55:00,817.4,818.25,817,817.5,457402,-0.0561,-0.0286,96.15,833.3000,-1.90
2026-03-13 14:00:00,817.45,818.25,816,816.4,772508,-0.1093,-0.0286,282.17,833.3000,-2.03
2026-03-13 14:05:00,816.4,818,816.2,817.45,963608,-0.0676,-0.0286,136.36,833.3000,-1.90
2026-03-13 14:10:00,817.5,818,817.1,817.7,689347,-0.0195,-0.0286,-31.82,833.3000,-1.87
2026-03-13 14:15:00,817.7,818.8,816.65,817.8,731355,0.0206,-0.0286,-172.03,833.3000,-1.86
2026-03-13 14:20:00,817.55,819.5,817.5,819.25,489890,0.1396,-0.0286,-588.11,833.3000,-1.69
2026-03-13 14:25:00,819.2,819.95,818.5,819,541611,0.1931,-0.0286,-775.17,833.3000,-1.72
2026-03-13 14:30:00,819,820,818.5,819.35,586135,0.2406,-0.0286,-941.26,833.3000,-1.67
2026-03-13 14:35:00,819.35,820,818.3,818.3,706685,0.1919,-0.0286,-770.98,833.3000,-1.80
2026-03-13 14:40:00,818.4,819.5,818,819.05,721404,0.1999,-0.0286,-798.95,833.3000,-1.71
2026-03-13 14:45:00,819.05,819.55,817.1,817.8,757170,0.1149,-0.0286,-501.75,833.3000,-1.86
2026-03-13 14:50:00,817.95,818.5,817,817.05,421171,0.0078,-0.0286,-127.27,833.3000,-1.95
2026-03-13 14:55:00,817.05,817.4,816.1,817.2,545939,-0.0502,-0.0286,75.52,833.3000,-1.93
2026-03-13 15:00:00,817.2,818,816.5,816.8,655696,-0.1093,-0.0286,282.17,833.3000,-1.98
2026-03-13 15:05:00,816.8,817.3,816,816.45,1064079,-0.1626,-0.0286,468.53,833.3000,-2.02
2026-03-13 15:10:00,816.4,818.4,816.4,817.75,992022,-0.1038,-0.0286,262.94,833.3000,-1.87
2026-03-13 15:15:00,817.7,818,816.55,817.15,829780,-0.0988,-0.0286,245.45,833.3000,-1.94
2026-03-13 15:20:00,817.15,817.25,816,816.5,716775,-0.1308,-0.0286,357.34,833.3000,-2.02
2026-03-13 15:25:00,816.5,817,815.5,816.7,550594,-0.1298,-0.0286,353.85,833.3000,-1.99
2026-03-16 09:15:00,817,823.65,815.65,817.65,3328474,-0.0599,-0.1298,-53.85,816.7000,0.12
2026-03-16 09:20:00,817.6,822.8,817.35,820.65,1112077,0.1804,-0.1298,-238.98,816.7000,0.48
2026-03-16 09:25:00,820.65,822.5,818.6,822.5,1274088,0.4411,-0.1298,-439.83,816.7000,0.71
2026-03-16 09:30:00,822.5,826.9,822.25,826.35,638753,0.8276,-0.1298,-737.60,816.7000,1.18
2026-03-16 09:35:00,826.35,828.5,825.4,825.95,448809,0.9996,-0.1298,-870.11,816.7000,1.13
2026-03-16 09:40:00,825.95,826.95,824.75,824.95,369145,0.9875,-0.1298,-860.79,816.7000,1.01
2026-03-16 09:45:00,825,826.7,823.55,823.9,391314,0.8552,-0.1298,-758.86,816.7000,0.88
2026-03-16 09:50:00,823.65,824.6,823.25,823.45,390205,0.6909,-0.1298,-632.28,816.7000,0.83
2026-03-16 09:55:00,823.5,824,821.05,821.3,357383,0.4051,-0.1298,-412.10,816.7000,0.56
2026-03-16 10:00:00,821.3,825.5,821.1,825.3,582732,0.4496,-0.1298,-446.38,816.7000,1.05
2026-03-16 10:05:00,825.4,826,824.85,825.35,184602,0.4457,-0.1298,-443.37,816.7000,1.06
2026-03-16 10:10:00,825.45,826.25,824.45,824.75,306528,0.3692,-0.1298,-384.44,816.7000,0.99
2026-03-16 10:15:00,824.75,825.2,824.4,824.6,290266,0.2791,-0.1298,-315.02,816.7000,0.97
2026-03-16 10:20:00,824.6,824.7,822.6,824.55,403546,0.1910,-0.1298,-247.15,816.7000,0.96
2026-03-16 10:25:00,824.65,825,823.55,824.1,336312,0.0827,-0.1298,-163.71,816.7000,0.91
2026-03-16 10:30:00,824.05,825,823.6,824.2,283272,0.0023,-0.1298,-101.77,816.7000,0.92
2026-03-16 10:35:00,824.2,824.75,823.9,824.6,277388,-0.0371,-0.1298,-71.42,816.7000,0.97
2026-03-16 10:40:00,824.55,825.9,824.5,825.15,272647,-0.0392,-0.1298,-69.80,816.7000,1.03
2026-03-16 10:45:00,825.15,825.65,824,824.1,279958,-0.1198,-0.1298,-7.70,816.7000,0.91
2026-03-16 10:50:00,824.15,824.35,822.05,823.25,558410,-0.2324,-0.1298,79.04,816.7000,0.80
2026-03-16 10:55:00,823.25,823.7,821.35,823.5,444623,-0.2883,-0.1298,122.11,816.7000,0.83
2026-03-16 11:00:00,823.5,824.45,822.5,824.4,250882,-0.2637,-0.1298,103.16,816.7000,0.94
2026-03-16 11:05:00,824.4,826.55,823.95,826.5,295015,-0.1127,-0.1298,-13.17,816.7000,1.20
2026-03-16 11:10:00,826.2,827.8,826.1,827.7,266843,0.0524,-0.1298,-140.37,816.7000,1.35
2026-03-16 11:15:00,827.7,831,827.5,830.7,504363,0.3325,-0.1298,-356.16,816.7000,1.71
2026-03-16 11:20:00,830.7,832.5,830.25,831.25,574686,0.5128,-0.1298,-495.07,816.7000,1.78
2026-03-16 11:25:00,831.25,831.25,830,831,284605,0.5689,-0.1298,-538.29,816.7000,1.75
2026-03-16 11:30:00,831,833.5,830.95,832.4,411462,0.6483,-0.1298,-599.46,816.7000,1.92
2026-03-16 11:35:00,832.4,832.5,830.2,831.1,372996,0.5642,-0.1298,-534.67,816.7000,1.76
2026-03-16 11:40:00,831.1,832.15,830.4,831,198995,0.4575,-0.1298,-452.47,816.7000,1.75
2026-03-16 11:45:00,831,831.5,830.3,831,299677,0.3474,-0.1298,-367.64,816.7000,1.75
2026-03-16 11:50:00,831,831.5,830.35,830.6,125050,0.2147,-0.1298,-265.41,816.7000,1.70
2026-03-16 11:55:00,830.55,831.2,830,830.7,289425,0.1062,-0.1298,-181.82,816.7000,1.71
2026-03-16 12:00:00,830.7,832.2,830.25,830.8,255029,0.0184,-0.1298,-114.18,816.7000,1.73
2026-03-16 12:05:00,830.8,830.95,830.05,830.6,127629,-0.0711,-0.1298,-45.22,816.7000,1.70
2026-03-16 12:10:00,830.6,831.65,829.25,831.45,437007,-0.0899,-0.1298,-30.74,816.7000,1.81
2026-03-16 12:15:00,831.45,832.05,830.45,831.95,341219,-0.0853,-0.1298,-34.28,816.7000,1.87
2026-03-16 12:20:00,831.95,832.9,831.6,832.9,306063,-0.0375,-0.1298,-71.11,816.7000,1.98
2026-03-16 12:25:00,832.9,834.3,832.35,832.85,507917,-0.0289,-0.1298,-77.73,816.7000,1.98
2026-03-16 12:30:00,832.85,834.5,832.1,832.9,483439,-0.0388,-0.1298,-70.11,816.7000,1.98
2026-03-16 12:35:00,832.9,833.75,831.1,833.7,479623,-0.0118,-0.1298,-90.91,816.7000,2.08
2026-03-16 12:40:00,833.7,834.5,833.05,833.95,608685,0.0017,-0.1298,-101.31,816.7000,2.11
2026-03-16 12:45:00,833.95,833.95,830.45,831.3,398504,-0.1789,-0.1298,37.83,816.7000,1.79
2026-03-16 12:50:00,831.25,831.8,830.4,831,338147,-0.3213,-0.1298,147.53,816.7000,1.75
2026-03-16 12:55:00,831,831.95,830.75,831.9,340261,-0.3551,-0.1298,173.57,816.7000,1.86
2026-03-16 13:00:00,831.9,833.75,831.65,831.75,486646,-0.3852,-0.1298,196.76,816.7000,1.84
2026-03-16 13:05:00,832,832,829.7,830.6,441976,-0.4743,-0.1298,265.41,816.7000,1.70
2026-03-16 13:10:00,830.6,831.75,829.85,831,341117,-0.4958,-0.1298,281.97,816.7000,1.75
2026-03-16 13:15:00,831.1,832.1,830.9,831.95,568788,-0.4375,-0.1298,237.06,816.7000,1.87
2026-03-16 13:20:00,831.95,833.75,831.35,832.75,661910,-0.3408,-0.1298,162.56,816.7000,1.97
2026-03-16 13:25:00,832.75,833.9,831.5,832,470164,-0.3233,-0.1298,149.08,816.7000,1.87
2026-03-16 13:30:00,832,832.7,829.9,830.55,1019368,-0.4003,-0.1298,208.40,816.7000,1.70
2026-03-16 13:35:00,830.55,830.6,829.3,829.8,619103,-0.4869,-0.1298,275.12,816.7000,1.60
2026-03-16 13:40:00,829.5,829.5,828.1,828.4,683123,-0.6153,-0.1298,374.04,816.7000,1.43
2026-03-16 13:45:00,828.35,828.6,827.3,828.45,436348,-0.6693,-0.1298,415.64,816.7000,1.44
2026-03-16 13:50:00,828.45,829.65,828,828.75,683889,-0.6563,-0.1298,405.62,816.7000,1.48
2026-03-16 13:55:00,828.55,829.4,828,828.3,358264,-0.6483,-0.1298,399.46,816.7000,1.42
2026-03-16 14:00:00,828.3,828.85,828.1,828.45,277290,-0.6042,-0.1298,365.49,816.7000,1.44
2026-03-16 14:05:00,828.2,830.65,828.15,830.1,474229,-0.4427,-0.1298,241.06,816.7000,1.64
2026-03-16 14:10:00,830.05,832,829.9,830.8,515437,-0.2756,-0.1298,112.33,816.7000,1.73
2026-03-16 14:15:00,830.8,832.65,830.25,832.55,698398,-0.0462,-0.1298,-64.41,816.7000,1.94
2026-03-16 14:20:00,832.5,837,832.3,836.25,1572611,0.3349,-0.1298,-358.01,816.7000,2.39
2026-03-16 14:25:00,836.2,838,835.15,835.8,1876015,0.5254,-0.1298,-504.78,816.7000,2.34
2026-03-16 14:30:00,835.75,837,834.75,835.6,1957512,0.6012,-0.1298,-563.17,816.7000,2.31
2026-03-16 14:35:00,835.5,838,835.15,837.4,1476771,0.7274,-0.1298,-660.40,816.7000,2.53
2026-03-16 14:40:00,837.4,839.5,836.7,838.2,1557474,0.8132,-0.1298,-726.50,816.7000,2.63
2026-03-16 14:45:00,838.25,842.05,838.1,841.45,1375209,1.0235,-0.1298,-888.52,816.7000,3.03
2026-03-16 14:50:00,841.45,844.5,840.8,842.25,1417485,1.1423,-0.1298,-980.05,816.7000,3.13
2026-03-16 14:55:00,842.4,843.45,840.4,841.6,1315350,1.1023,-0.1298,-949.23,816.7000,3.05
2026-03-16 15:00:00,841.6,842.5,838.7,839.3,1981689,0.8570,-0.1298,-760.25,816.7000,2.77
2026-03-16 15:05:00,839.3,842.5,839.2,841.6,1889936,0.7876,-0.1298,-706.78,816.7000,3.05
2026-03-16 15:10:00,841.55,843,841,842.9,1857727,0.7664,-0.1298,-690.45,816.7000,3.21
2026-03-16 15:15:00,842.85,843,839.15,840,1786559,0.5068,-0.1298,-490.45,816.7000,2.85
2026-03-16 15:20:00,840.05,840.1,836.1,836.65,1000835,0.0815,-0.1298,-162.79,816.7000,2.44
2026-03-16 15:25:00,836.65,839,835.7,838.8,620925,-0.0746,-0.1298,-42.53,816.7000,2.71
2026-03-17 09:15:00,847.7,847.7,836.3,837.15,1953907,-0.2961,-0.0746,296.92,838.8000,-0.20
2026-03-17 09:20:00,837.15,838.65,836,836.65,458751,-0.4729,-0.0746,533.91,838.8000,-0.26
2026-03-17 09:25:00,836.65,837.7,835.8,837.1,413505,-0.5508,-0.0746,638.34,838.8000,-0.20
2026-03-17 09:30:00,837.15,839.35,837,838.85,402199,-0.4782,-0.0746,541.02,838.8000,0.01
2026-03-17 09:35:00,838.85,839.7,838.3,838.65,352384,-0.4387,-0.0746,488.07,838.8000,-0.02
2026-03-17 09:40:00,838.8,839.55,837.6,839.1,386035,-0.3793,-0.0746,408.45,838.8000,0.04
2026-03-17 09:45:00,839.1,842.9,838.6,842.85,490001,-0.0992,-0.0746,32.98,838.8000,0.48
2026-03-17 09:50:00,842.85,843,841.6,842.75,414726,0.0591,-0.0746,-179.22,838.8000,0.47
2026-03-17 09:55:00,842.75,843.8,841.8,843.8,373247,0.2060,-0.0746,-376.14,838.8000,0.60
2026-03-17 10:00:00,843.8,845.5,843,844.25,567653,0.2993,-0.0746,-501.21,838.8000,0.65
2026-03-17 10:05:00,844.25,845.2,843,843.55,439383,0.2801,-0.0746,-475.47,838.8000,0.57
2026-03-17 10:10:00,843.4,845.65,843.25,845.25,326413,0.3438,-0.0746,-560.86,838.8000,0.77
2026-03-17 10:15:00,845.25,845.4,843.95,844.7,300343,0.3119,-0.0746,-518.10,838.8000,0.70
2026-03-17 10:20:00,844.7,847,844,846,852101,0.3389,-0.0746,-554.29,838.8000,0.86
2026-03-17 10:25:00,846,846.1,843.2,843.65,518709,0.1679,-0.0746,-325.07,838.8000,0.58
2026-03-17 10:30:00,843.6,843.7,840.6,840.6,510981,-0.1634,-0.0746,119.03,838.8000,0.21
2026-03-17 10:35:00,840.65,842.9,840.1,842.75,288928,-0.2456,-0.0746,229.22,838.8000,0.47
2026-03-17 10:40:00,842.75,843,841.35,842.4,238593,-0.3262,-0.0746,337.27,838.8000,0.43
2026-03-17 10:45:00,842.4,843.85,842.05,843.55,347729,-0.3053,-0.0746,309.25,838.8000,0.57
2026-03-17 10:50:00,843.4,843.9,841.65,842.1,292766,-0.3870,-0.0746,418.77,838.8000,0.39
2026-03-17 10:55:00,842.1,843.4,841.8,843.05,325400,-0.3747,-0.0746,402.28,838.8000,0.51
2026-03-17 11:00:00,843.05,844,842.1,842.4,384830,-0.4053,-0.0746,443.30,838.8000,0.43
2026-03-17 11:05:00,842.4,842.55,841,841.2,233729,-0.4955,-0.0746,564.21,838.8000,0.29
2026-03-17 11:10:00,841.2,842,840.1,840.15,326681,-0.6076,-0.0746,714.48,838.8000,0.16
2026-03-17 11:15:00,840.15,840.6,837.8,838.85,484295,-0.7420,-0.0746,894.64,838.8000,0.01
2026-03-17 11:20:00,838.85,839.45,837.65,838.05,380012,-0.8499,-0.0746,1039.28,838.8000,-0.09
2026-03-17 11:25:00,838.05,838.95,836.15,836.7,358586,-0.9686,-0.0746,1198.39,838.8000,-0.25
2026-03-17 11:30:00,836.75,837.6,835.8,835.95,348219,-1.0473,-0.0746,1303.89,838.8000,-0.34
2026-03-17 11:35:00,836,837.55,835.1,836.8,218064,-0.9924,-0.0746,1230.29,838.8000,-0.24
2026-03-17 11:40:00,836.8,838,836.5,837.15,162702,-0.8863,-0.0746,1088.07,838.8000,-0.20
2026-03-17 11:45:00,837.15,838.5,837.1,838.15,182199,-0.7101,-0.0746,851.88,838.8000,-0.08
2026-03-17 11:50:00,838.15,840.45,837.85,839.5,256706,-0.4752,-0.0746,537.00,838.8000,0.08
2026-03-17 11:55:00,839.5,840.6,838.5,840,180137,-0.2691,-0.0746,260.72,838.8000,0.14
2026-03-17 12:00:00,840,840.35,838.95,840,137718,-0.1231,-0.0746,65.01,838.8000,0.14
2026-03-17 12:05:00,840.1,840.95,839.9,840.4,120886,0.0034,-0.0746,-104.56,838.8000,0.19
2026-03-17 12:10:00,840.4,841.45,840,840.6,204045,0.0982,-0.0746,-231.64,838.8000,0.21
2026-03-17 12:15:00,840.6,840.85,838.7,838.85,200331,0.0436,-0.0746,-158.45,838.8000,0.01
2026-03-17 12:20:00,838.85,840.9,838.7,839,149864,0.0193,-0.0746,-125.87,838.8000,0.02
2026-03-17 12:25:00,839.05,840.45,838.65,839.85,122801,0.0599,-0.0746,-180.29,838.8000,0.13
2026-03-17 12:30:00,839.9,840.95,838.7,840.45,456607,0.1230,-0.0746,-264.88,838.8000,0.20
2026-03-17 12:35:00,840.45,842.25,840.25,841.75,470189,0.2413,-0.0746,-423.46,838.8000,0.35
2026-03-17 12:40:00,841.75,842.7,840.35,842.1,180651,0.3267,-0.0746,-537.94,838.8000,0.39
2026-03-17 12:45:00,842.1,843.6,842,843.6,192006,0.4598,-0.0746,-716.35,838.8000,0.57
2026-03-17 12:50:00,843.6,844.5,843.15,843.65,687792,0.5222,-0.0746,-800.00,838.8000,0.58
2026-03-17 12:55:00,843.65,844.3,842.95,843.45,259132,0.5198,-0.0746,-796.78,838.8000,0.55
2026-03-17 13:00:00,843.45,844.8,843.15,843.5,592596,0.4917,-0.0746,-759.12,838.8000,0.56
2026-03-17 13:05:00,843.5,844.5,842,844.45,416829,0.5053,-0.0746,-777.35,838.8000,0.67
2026-03-17 13:10:00,844.45,845.2,844.2,845.15,271117,0.5272,-0.0746,-806.70,838.8000,0.76
2026-03-17 13:15:00,845.15,845.9,844.45,845.25,280686,0.5137,-0.0746,-788.61,838.8000,0.77
2026-03-17 13:20:00,845.25,845.4,844.15,844.15,219814,0.4010,-0.0746,-637.53,838.8000,0.64
2026-03-17 13:25:00,844.25,844.9,843.75,844.85,302540,0.3459,-0.0746,-563.67,838.8000,0.72
2026-03-17 13:30:00,844.85,846.75,844.4,844.8,330810,0.2811,-0.0746,-476.81,838.8000,0.72
2026-03-17 13:35:00,844.8,845.25,843.4,843.5,202095,0.1334,-0.0746,-278.82,838.8000,0.56
2026-03-17 13:40:00,843.5,844.1,842.7,843.6,234722,0.0303,-0.0746,-140.62,838.8000,0.57
2026-03-17 13:45:00,843.6,844.2,843.15,844,186964,-0.0202,-0.0746,-72.92,838.8000,0.62
2026-03-17 13:50:00,844,844.45,843,843.3,277743,-0.1053,-0.0746,41.15,838.8000,0.54
2026-03-17 13:55:00,843.15,843.8,842.65,843.35,178142,-0.1595,-0.0746,113.81,838.8000,0.54
2026-03-17 14:00:00,843.35,843.95,842.5,843.5,224503,-0.1848,-0.0746,147.72,838.8000,0.56
2026-03-17 14:05:00,843.45,844.15,842.25,843.85,580278,-0.1775,-0.0746,137.94,838.8000,0.60
2026-03-17 14:10:00,844,846.3,843.85,845.65,441330,-0.0571,-0.0746,-23.46,838.8000,0.82
2026-03-17 14:15:00,845.65,846.6,842.9,843.8,1043391,-0.1050,-0.0746,40.75,838.8000,0.60
2026-03-17 14:20:00,843.85,844.65,842.7,843.3,259907,-0.1694,-0.0746,127.08,838.8000,0.54
2026-03-17 14:25:00,843.05,844.2,842.2,843.4,364324,-0.2022,-0.0746,171.05,838.8000,0.55
2026-03-17 14:30:00,843.4,844.1,843.3,843.9,313297,-0.1874,-0.0746,151.21,838.8000,0.61
2026-03-17 14:35:00,844,845.4,843.75,844.8,441503,-0.1177,-0.0746,57.77,838.8000,0.72
2026-03-17 14:40:00,844.8,845.5,844,844.3,213246,-0.1062,-0.0746,42.36,838.8000,0.66
2026-03-17 14:45:00,844.3,845,843.45,844.65,333663,-0.0773,-0.0746,3.62,838.8000,0.70
2026-03-17 14:50:00,844.65,845.5,844,845.3,555509,-0.0198,-0.0746,-73.46,838.8000,0.77
2026-03-17 14:55:00,845.3,846.45,845.05,846.4,634071,0.0815,-0.0746,-209.25,838.8000,0.91
2026-03-17 15:00:00,846.4,847.2,843.35,845.4,2962190,0.0707,-0.0746,-194.77,838.8000,0.79
2026-03-17 15:05:00,845.4,848.9,844.95,846.6,2656712,0.1304,-0.0746,-274.80,838.8000,0.93
2026-03-17 15:10:00,846.6,847.05,844.15,847.05,1794217,0.1830,-0.0746,-345.31,838.8000,0.98
2026-03-17 15:15:00,847.05,847.25,842.75,845.35,2353859,0.0908,-0.0746,-221.72,838.8000,0.78
2026-03-17 15:20:00,845.4,846.3,843.2,843.4,1201557,-0.1034,-0.0746,38.61,838.8000,0.55
2026-03-17 15:25:00,843.4,844.4,842.5,842.8,765811,-0.2651,-0.0746,255.36,838.8000,0.48
2026-03-18 09:15:00,845.35,845.35,838,839.45,2838546,-0.5728,-0.2651,116.07,842.8000,-0.40
2026-03-18 09:20:00,839.4,839.8,835.75,835.85,682254,-0.9706,-0.2651,266.13,842.8000,-0.82
2026-03-18 09:25:00,835.75,837,835.15,836.8,352147,-1.1113,-0.2651,319.20,842.8000,-0.71
2026-03-18 09:30:00,836.8,837.4,836.5,837.1,299758,-1.1225,-0.2651,323.43,842.8000,-0.68
2026-03-18 09:35:00,837,837.2,835.5,836.4,293615,-1.1132,-0.2651,319.92,842.8000,-0.76
2026-03-18 09:40:00,836.4,837.4,836.05,836.65,289618,-1.0284,-0.2651,287.93,842.8000,-0.73
2026-03-18 09:45:00,836.65,837.25,835.5,836.95,664521,-0.8951,-0.2651,237.65,842.8000,-0.69
2026-03-18 09:50:00,836.85,837.6,835,835.2,321770,-0.8673,-0.2651,227.16,842.8000,-0.90
2026-03-18 09:55:00,835.1,835.2,832.5,834,401885,-0.8699,-0.2651,228.14,842.8000,-1.04
2026-03-18 10:00:00,833.8,834.2,832.6,833,224467,-0.8767,-0.2651,230.71,842.8000,-1.16
2026-03-18 10:05:00,833,833.95,832.5,832.5,199712,-0.8519,-0.2651,221.35,842.8000,-1.22
2026-03-18 10:10:00,832.7,833.2,831.6,833.2,256350,-0.7301,-0.2651,175.41,842.8000,-1.14
2026-03-18 10:15:00,833.1,835.45,833.05,835.2,180030,-0.4692,-0.2651,76.99,842.8000,-0.90
2026-03-18 10:20:00,835.4,836.95,834.4,836.7,280942,-0.1656,-0.2651,-37.53,842.8000,-0.72
2026-03-18 10:25:00,836.5,837.7,836,837.35,295947,0.0949,-0.2651,-135.80,842.8000,-0.65
2026-03-18 10:30:00,837.25,837.65,836.5,837.3,238292,0.2699,-0.2651,-201.81,842.8000,-0.65
2026-03-18 10:35:00,837.2,837.5,836.4,836.7,161189,0.3464,-0.2651,-230.67,842.8000,-0.72
2026-03-18 10:40:00,836.7,837.35,836.3,837.05,173546,0.4170,-0.2651,-257.30,842.8000,-0.68
2026-03-18 10:45:00,837.05,838.4,836.65,838.25,172965,0.5334,-0.2651,-301.21,842.8000,-0.54
2026-03-18 10:50:00,838.25,839.25,837.8,839,568564,0.6426,-0.2651,-342.40,842.8000,-0.45
2026-03-18 10:55:00,838.75,839.55,838.45,838.85,471799,0.6827,-0.2651,-357.53,842.8000,-0.47
2026-03-18 11:00:00,838.8,839.4,838.1,839.05,320087,0.6980,-0.2651,-363.30,842.8000,-0.44
2026-03-18 11:05:00,839.05,839.3,838,838.05,144243,0.6189,-0.2651,-333.46,842.8000,-0.56
2026-03-18 11:10:00,838.2,838.55,837.45,838.15,213789,0.5535,-0.2651,-308.79,842.8000,-0.55
2026-03-18 11:15:00,838.15,839,837.7,838.75,156792,0.5308,-0.2651,-300.23,842.8000,-0.48
2026-03-18 11:20:00,838.75,840.15,838.5,839.8,348314,0.5636,-0.2651,-312.60,842.8000,-0.36
2026-03-18 11:25:00,839.65,839.95,838.35,839.15,218510,0.5196,-0.2651,-296.00,842.8000,-0.43
2026-03-18 11:30:00,838.9,839.95,838.4,839.9,170056,0.5180,-0.2651,-295.40,842.8000,-0.34
2026-03-18 11:35:00,839.8,840.6,839.15,840.6,221720,0.5387,-0.2651,-303.21,842.8000,-0.26
2026-03-18 11:40:00,840.25,841.9,840.1,841,321080,0.5518,-0.2651,-308.15,842.8000,-0.21
2026-03-18 11:45:00,841,842.25,840.4,841.05,502277,0.5360,-0.2651,-302.19,842.8000,-0.21
2026-03-18 11:50:00,841.05,841.35,840.3,841.25,137496,0.5112,-0.2651,-292.83,842.8000,-0.18
2026-03-18 11:55:00,841.25,841.35,840.4,840.55,122666,0.4235,-0.2651,-259.75,842.8000,-0.27
2026-03-18 12:00:00,840.55,841.5,840.5,841.1,253215,0.3797,-0.2651,-243.23,842.8000,-0.20
2026-03-18 12:05:00,841.1,841.55,840.15,840.7,212648,0.3043,-0.2651,-214.79,842.8000,-0.25
2026-03-18 12:10:00,840.6,841.2,840.1,840.65,195565,0.2346,-0.2651,-188.49,842.8000,-0.26
2026-03-18 12:15:00,840.4,841.8,840.4,841.1,270102,0.2036,-0.2651,-176.80,842.8000,-0.20
2026-03-18 12:20:00,841.1,841.75,840,840.15,286999,0.1086,-0.2651,-140.97,842.8000,-0.31
2026-03-18 12:25:00,840.05,840.25,838.7,839.4,303207,-0.0090,-0.2651,-96.61,842.8000,-0.40
2026-03-18 12:30:00,839.3,840.6,839.2,840.45,130420,-0.0197,-0.2651,-92.57,842.8000,-0.28
2026-03-18 12:35:00,840.45,840.75,839.25,839.65,167548,-0.0808,-0.2651,-69.52,842.8000,-0.37
2026-03-18 12:40:00,839.65,840.75,839.55,840.75,158051,-0.0489,-0.2651,-81.55,842.8000,-0.24
2026-03-18 12:45:00,840.7,840.8,839.65,840.25,74701,-0.0624,-0.2651,-76.46,842.8000,-0.30
2026-03-18 12:50:00,840.2,840.8,839.35,839.8,101290,-0.1003,-0.2651,-62.17,842.8000,-0.36
2026-03-18 12:55:00,839.75,840.7,839.5,840.7,73919,-0.0651,-0.2651,-75.44,842.8000,-0.25
2026-03-18 13:00:00,840.55,841.45,840.35,841.15,207364,-0.0146,-0.2651,-94.49,842.8000,-0.20
2026-03-18 13:05:00,841.1,841.35,839.5,840.5,107066,-0.0272,-0.2651,-89.74,842.8000,-0.27
2026-03-18 13:10:00,840.5,841.4,840,841.2,183685,0.0075,-0.2651,-102.83,842.8000,-0.19
2026-03-18 13:15:00,841.2,841.4,840.45,840.5,203765,-0.0193,-0.2651,-92.72,842.8000,-0.27
2026-03-18 13:20:00,840.5,842.15,840.45,841.35,396161,0.0156,-0.2651,-105.88,842.8000,-0.17
2026-03-18 13:25:00,841.3,841.7,840.65,841.3,107977,0.0300,-0.2651,-111.32,842.8000,-0.18
2026-03-18 13:30:00,841.15,842.1,840.7,841.2,299733,0.0274,-0.2651,-110.34,842.8000,-0.19
2026-03-18 13:35:00,841,841.6,840.85,841.2,151074,0.0208,-0.2651,-107.85,842.8000,-0.19
2026-03-18 13:40:00,841.3,841.7,840.75,841.5,156944,0.0309,-0.2651,-111.66,842.8000,-0.15
2026-03-18 13:45:00,841.5,842.25,841.15,842,395960,0.0638,-0.2651,-124.07,842.8000,-0.09
2026-03-18 13:50:00,841.6,843.7,841.5,843,301088,0.1410,-0.2651,-153.19,842.8000,0.02
2026-03-18 13:55:00,843,843.9,842.7,843.4,212518,0.2032,-0.2651,-176.65,842.8000,0.07
2026-03-18 14:00:00,843.2,844,843,843.15,144239,0.2110,-0.2651,-179.59,842.8000,0.04
2026-03-18 14:05:00,843.1,843.95,842.6,843.9,221877,0.2474,-0.2651,-193.32,842.8000,0.13
2026-03-18 14:10:00,843.9,844.45,843.6,844.3,353053,0.2771,-0.2651,-204.53,842.8000,0.18
2026-03-18 14:15:00,844.25,845.9,843.85,845.5,236854,0.3513,-0.2651,-232.52,842.8000,0.32
2026-03-18 14:20:00,845.4,846.75,844.65,846.15,265665,0.4138,-0.2651,-256.09,842.8000,0.40
2026-03-18 14:25:00,846.2,846.8,845.45,845.95,163554,0.4103,-0.2651,-254.77,842.8000,0.37
2026-03-18 14:30:00,845.95,846.6,844.65,845.15,191683,0.3266,-0.2651,-223.20,842.8000,0.28
2026-03-18 14:35:00,845.15,845.25,843.9,844.95,188033,0.2344,-0.2651,-188.42,842.8000,0.26
2026-03-18 14:40:00,844.9,845.5,844.3,844.45,431014,0.1220,-0.2651,-146.02,842.8000,0.20
2026-03-18 14:45:00,844.3,844.85,843.5,844.05,193199,0.0091,-0.2651,-103.43,842.8000,0.15
2026-03-18 14:50:00,844,844.6,843.4,843.9,231180,-0.0824,-0.2651,-68.92,842.8000,0.13
2026-03-18 14:55:00,843.75,844.3,843.35,844.3,154709,-0.1203,-0.2651,-54.62,842.8000,0.18
2026-03-18 15:00:00,844.3,844.5,842.6,843.1,519941,-0.2245,-0.2651,-15.31,842.8000,0.04
2026-03-18 15:05:00,843.25,844.5,843,843.75,509180,-0.2463,-0.2651,-7.09,842.8000,0.11
2026-03-18 15:10:00,843.75,844.8,843.5,843.8,514506,-0.2529,-0.2651,-4.60,842.8000,0.12
2026-03-18 15:15:00,843.95,843.95,842.6,842.8,458283,-0.3161,-0.2651,19.24,842.8000,0.00
2026-03-18 15:20:00,842.7,842.8,841,841.85,450473,-0.4076,-0.2651,53.75,842.8000,-0.11
2026-03-18 15:25:00,841.85,843,841.5,842,362595,-0.4409,-0.2651,66.31,842.8000,-0.09
2026-03-19 09:15:00,770,806.85,770,804.6,27449014,-2.8313,-0.4409,542.16,842.0000,-4.44
2026-03-19 09:20:00,804.6,810,802.5,810,8842991,-3.8359,-0.4409,770.02,842.0000,-3.80
2026-03-19 09:25:00,809.9,814.5,809,811.5,7829097,-4.1595,-0.4409,843.41,842.0000,-3.62
2026-03-19 09:30:00,811.7,812.3,805.5,807.9,3277776,-4.3551,-0.4409,887.78,842.0000,-4.05
2026-03-19 09:35:00,807.9,808,799.5,800.85,5763420,-4.6707,-0.4409,959.36,842.0000,-4.89
2026-03-19 09:40:00,800.85,803.5,800.8,802.65,2016625,-4.4693,-0.4409,913.68,842.0000,-4.67
2026-03-19 09:45:00,802.65,802.7,799.5,801.1,6869067,-4.1582,-0.4409,843.12,842.0000,-4.86
2026-03-19 09:50:00,801,801.7,798.3,800.8,5533910,-3.7053,-0.4409,740.39,842.0000,-4.89
2026-03-19 09:55:00,800.85,803.55,800.3,801,1416152,-3.1470,-0.4409,613.77,842.0000,-4.87
2026-03-19 10:00:00,800.95,805,799.7,803.55,3907257,-2.3947,-0.4409,443.14,842.0000,-4.57
2026-03-19 10:05:00,803.9,804.15,800.75,801,1101997,-1.8802,-0.4409,326.45,842.0000,-4.87
2026-03-19 10:10:00,801.05,801.3,799,799.7,4508722,-1.4577,-0.4409,230.62,842.0000,-5.02
2026-03-19 10:15:00,799.5,800.9,797.3,799.45,3807309,-1.0448,-0.4409,136.97,842.0000,-5.05
2026-03-19 10:20:00,799.55,803,799.05,803,1818338,-0.4145,-0.4409,-5.99,842.0000,-4.63
2026-03-19 10:25:00,803,805.5,802.45,805.2,2373212,0.2337,-0.4409,-153.01,842.0000,-4.37
2026-03-19 10:30:00,805.2,805.95,803.1,804.1,1805743,0.6481,-0.4409,-246.99,842.0000,-4.50
2026-03-19 10:35:00,804.1,805.4,802.8,805.15,1445430,1.0299,-0.4409,-333.59,842.0000,-4.38
2026-03-19 10:40:00,805.15,805.9,804.45,805,1316614,1.2923,-0.4409,-393.11,842.0000,-4.39
2026-03-19 10:45:00,804.95,806.95,804.75,805.35,1528956,1.4951,-0.4409,-439.10,842.0000,-4.35
2026-03-19 10:50:00,805.35,806,805,806,830030,1.6657,-0.4409,-477.80,842.0000,-4.28
2026-03-19 10:55:00,805.9,809.55,805,806.45,2378261,1.7906,-0.4409,-506.12,842.0000,-4.22
2026-03-19 11:00:00,806.15,806.7,803.55,804.5,2109386,1.7230,-0.4409,-490.79,842.0000,-4.45
2026-03-19 11:05:00,804.5,804.7,803.65,804,814075,1.6269,-0.4409,-469.00,842.0000,-4.51
2026-03-19 11:10:00,804.1,805.4,803.05,803.65,2020127,1.5239,-0.4409,-445.63,842.0000,-4.55
2026-03-19 11:15:00,803.45,803.65,800.8,801.3,1445210,1.2909,-0.4409,-392.79,842.0000,-4.83
2026-03-19 11:20:00,801.3,802.75,800.6,802.7,2196045,1.2249,-0.4409,-377.82,842.0000,-4.67
2026-03-19 11:25:00,802.7,804.6,802.45,803.7,608581,1.2387,-0.4409,-380.95,842.0000,-4.55
2026-03-19 11:30:00,803.7,805.3,803.35,804.35,1111655,1.2768,-0.4409,-389.59,842.0000,-4.47
2026-03-19 11:35:00,804.35,805.95,804.2,805.85,414554,1.3793,-0.4409,-412.84,842.0000,-4.29
2026-03-19 11:40:00,805.9,806.35,805.3,806.15,1563690,1.4372,-0.4409,-425.97,842.0000,-4.26
2026-03-19 11:45:00,806.2,809.8,806,808.9,1115622,1.6170,-0.4409,-466.75,842.0000,-3.93
2026-03-19 11:50:00,808.7,809,808,808.85,560117,1.6816,-0.4409,-481.40,842.0000,-3.94
2026-03-19 11:55:00,808.85,809.1,808.2,808.95,574225,1.6763,-0.4409,-480.20,842.0000,-3.93
2026-03-19 12:00:00,808.95,809.9,808.75,809.1,481041,1.6267,-0.4409,-468.95,842.0000,-3.91
2026-03-19 12:05:00,809.1,810.9,808.5,810.7,1199038,1.6410,-0.4409,-472.19,842.0000,-3.72
2026-03-19 12:10:00,810.65,813.9,810.05,813.35,1147468,1.7576,-0.4409,-498.64,842.0000,-3.40
2026-03-19 12:15:00,813.05,815.65,812.8,815,1060074,1.8646,-0.4409,-522.91,842.0000,-3.21
2026-03-19 12:20:00,815,815.15,812.85,813.7,980525,1.7674,-0.4409,-500.86,842.0000,-3.36
2026-03-19 12:25:00,813.7,814.9,812.25,813.4,944736,1.6070,-0.4409,-464.48,842.0000,-3.40
2026-03-19 12:30:00,813.4,814.15,812.5,813.2,570700,1.4183,-0.4409,-421.68,842.0000,-3.42
2026-03-19 12:35:00,813.3,813.95,812.9,813.3,682749,1.2375,-0.4409,-380.68,842.0000,-3.41
2026-03-19 12:40:00,813.3,813.35,811.6,812.5,655146,1.0109,-0.4409,-329.28,842.0000,-3.50
2026-03-19 12:45:00,812.45,814.2,812.15,813.95,1271923,0.9089,-0.4409,-306.15,842.0000,-3.33
2026-03-19 12:50:00,813.95,814.9,813.35,814.4,855693,0.8243,-0.4409,-286.96,842.0000,-3.28
2026-03-19 12:55:00,814.3,814.5,813.2,814.2,532756,0.7117,-0.4409,-261.42,842.0000,-3.30
2026-03-19 13:00:00,814.3,814.3,813.05,813.3,641824,0.5412,-0.4409,-222.75,842.0000,-3.41
2026-03-19 13:05:00,813.4,814.25,813.05,813.75,632105,0.4283,-0.4409,-197.14,842.0000,-3.36
2026-03-19 13:10:00,813.7,814.4,811.2,811.85,1948507,0.2064,-0.4409,-146.81,842.0000,-3.58
2026-03-19 13:15:00,811.75,812.7,811,812.4,1063141,0.0837,-0.4409,-118.98,842.0000,-3.52
2026-03-19 13:20:00,812.4,812.6,810.1,810.2,906228,-0.1461,-0.4409,-66.86,842.0000,-3.78
2026-03-19 13:25:00,810.2,810.85,809,809.4,1510245,-0.3412,-0.4409,-22.61,842.0000,-3.87
2026-03-19 13:30:00,809.3,810.4,809.1,809.4,802878,-0.4525,-0.4409,2.63,842.0000,-3.87
2026-03-19 13:35:00,809.4,810.85,809.25,810.6,526413,-0.4280,-0.4409,-2.93,842.0000,-3.73
2026-03-19 13:40:00,810.6,811.8,810.05,810.8,603941,-0.3823,-0.4409,-13.29,842.0000,-3.71
2026-03-19 13:45:00,810.8,811,809.4,809.5,682200,-0.4207,-0.4409,-4.58,842.0000,-3.86
2026-03-19 13:50:00,809.65,809.7,809.1,809.45,576030,-0.4290,-0.4409,-2.70,842.0000,-3.87
2026-03-19 13:55:00,809.45,809.65,807.65,808.15,904367,-0.4968,-0.4409,12.68,842.0000,-4.02
2026-03-19 14:00:00,808.2,809.7,807.1,807.5,1115909,-0.5558,-0.4409,26.06,842.0000,-4.10
2026-03-19 14:05:00,807.55,808,806.25,806.3,1192967,-0.6399,-0.4409,45.13,842.0000,-4.24
2026-03-19 14:10:00,806.35,808.35,806.3,807.7,1087838,-0.5680,-0.4409,28.83,842.0000,-4.07
2026-03-19 14:15:00,807.75,808.95,806.5,806.85,670427,-0.5444,-0.4409,23.47,842.0000,-4.17
2026-03-19 14:20:00,806.85,807.2,805.2,806.65,1141800,-0.5096,-0.4409,15.58,842.0000,-4.20
2026-03-19 14:25:00,806.7,806.75,805.2,806,882869,-0.4972,-0.4409,12.77,842.0000,-4.28
2026-03-19 14:30:00,806,806.3,804.7,805.05,949664,-0.5174,-0.4409,17.35,842.0000,-4.39
2026-03-19 14:35:00,805,805.15,804,804.35,950446,-0.5398,-0.4409,22.43,842.0000,-4.47
2026-03-19 14:40:00,804.4,804.95,804,804.8,1337084,-0.4880,-0.4409,10.68,842.0000,-4.42
2026-03-19 14:45:00,804.85,805.2,802.05,802.65,1334314,-0.5570,-0.4409,26.33,842.0000,-4.67
2026-03-19 14:50:00,802.5,802.75,800.8,801.3,914340,-0.6459,-0.4409,46.50,842.0000,-4.83
2026-03-19 14:55:00,801.3,801.9,798.8,800,3829043,-0.7379,-0.4409,67.36,842.0000,-4.99
2026-03-19 15:00:00,800.05,803.85,799.35,800.15,4795489,-0.7328,-0.4409,66.21,842.0000,-4.97
2026-03-19 15:05:00,800.15,800.2,794.45,794.55,3456876,-1.0324,-0.4409,134.16,842.0000,-5.64
2026-03-19 15:10:00,794.65,797.7,794.5,796.75,3140949,-1.0072,-0.4409,128.44,842.0000,-5.37
2026-03-19 15:15:00,796.7,798.9,795.8,798.6,2290801,-0.7997,-0.4409,81.38,842.0000,-5.15
2026-03-19 15:20:00,798.55,799.05,797.25,798.55,2203644,-0.6083,-0.4409,37.97,842.0000,-5.16
2026-03-19 15:25:00,798.55,801.8,798,800,2065611,-0.3398,-0.4409,-22.93,842.0000,-4.99
2026-03-20 09:15:00,785,792,781,792,15063866,-0.6395,-0.3398,88.20,800.0000,-1.00
2026-03-20 09:20:00,792,793.75,789.6,791.5,3912902,-0.7995,-0.3398,135.29,800.0000,-1.06
2026-03-20 09:25:00,791.5,792.15,790,791.2,1830704,-0.8489,-0.3398,149.82,800.0000,-1.10
2026-03-20 09:30:00,791.2,793.55,790.95,791.5,1592957,-0.7862,-0.3398,131.37,800.0000,-1.06
2026-03-20 09:35:00,791.5,791.9,788.4,788.9,2177755,-0.8399,-0.3398,147.17,800.0000,-1.39
2026-03-20 09:40:00,788.95,789,785.45,785.45,1971202,-1.0159,-0.3398,198.97,800.0000,-1.82
2026-03-20 09:45:00,785.55,788.95,785.5,788.5,1848257,-0.8423,-0.3398,147.88,800.0000,-1.44
2026-03-20 09:50:00,788.5,788.6,786.1,786.3,1121512,-0.7918,-0.3398,133.02,800.0000,-1.71
2026-03-20 09:55:00,786.3,786.5,784.6,785.75,1628529,-0.7140,-0.3398,110.12,800.0000,-1.78
2026-03-20 10:00:00,785.75,785.85,783.55,784.45,1120766,-0.6693,-0.3398,96.97,800.0000,-1.94
2026-03-20 10:05:00,784.35,785.2,782.85,784,1042415,-0.5921,-0.3398,74.25,800.0000,-2.00
2026-03-20 10:10:00,784,784.7,782.6,783.9,947586,-0.4747,-0.3398,39.70,800.0000,-2.01
2026-03-20 10:15:00,783.9,783.9,781.2,782,1100482,-0.4522,-0.3398,33.08,800.0000,-2.25
2026-03-20 10:20:00,781.95,782.95,781.15,782.1,928362,-0.3617,-0.3398,6.44,800.0000,-2.24
2026-03-20 10:25:00,782.15,784.4,782,783.2,950777,-0.1685,-0.3398,-50.41,800.0000,-2.10
2026-03-20 10:30:00,783.2,783.6,782.05,782.2,669235,-0.0549,-0.3398,-83.84,800.0000,-2.22
2026-03-20 10:35:00,782.2,784,782.05,783.9,1014438,0.1754,-0.3398,-151.62,800.0000,-2.01
2026-03-20 10:40:00,783.8,784.15,781.45,781.55,1197420,0.2079,-0.3398,-161.18,800.0000,-2.31
2026-03-20 10:45:00,781.8,783.45,781.2,782.35,1323353,0.3153,-0.3398,-192.79,800.0000,-2.21
2026-03-20 10:50:00,782.35,783.45,780.7,783.4,1368811,0.4791,-0.3398,-240.99,800.0000,-2.08
2026-03-20 10:55:00,783.4,783.7,782,783.5,1034253,0.6081,-0.3398,-278.96,800.0000,-2.06
2026-03-20 11:00:00,783.4,783.45,780.65,780.9,877103,0.5348,-0.3398,-257.39,800.0000,-2.39
2026-03-20 11:05:00,780.9,781.45,780.75,781.05,802914,0.5128,-0.3398,-250.91,800.0000,-2.37
2026-03-20 11:10:00,781.05,781.3,780,781.15,1139008,0.5198,-0.3398,-252.97,800.0000,-2.36
2026-03-20 11:15:00,781.15,781.7,780,780.7,665593,0.5082,-0.3398,-249.56,800.0000,-2.41
2026-03-20 11:20:00,780.7,782.15,780.3,781.75,641119,0.5803,-0.3398,-270.78,800.0000,-2.28
2026-03-20 11:25:00,781.75,782.4,781.5,781.8,525304,0.6358,-0.3398,-287.11,800.0000,-2.28
2026-03-20 11:30:00,781.65,781.95,780.6,780.8,406698,0.6096,-0.3398,-279.40,800.0000,-2.40
2026-03-20 11:35:00,780.8,781.95,780.55,781.5,477579,0.6406,-0.3398,-288.52,800.0000,-2.31
2026-03-20 11:40:00,781.45,781.95,781,781.3,470362,0.6470,-0.3398,-290.41,800.0000,-2.34
2026-03-20 11:45:00,781.3,781.8,780.55,781.35,482766,0.6521,-0.3398,-291.91,800.0000,-2.33
2026-03-20 11:50:00,781.35,781.55,780.25,780.35,512947,0.5876,-0.3398,-272.93,800.0000,-2.46
2026-03-20 11:55:00,780.35,781,778.65,780.8,1244640,0.5740,-0.3398,-268.92,800.0000,-2.40
2026-03-20 12:00:00,780.8,780.9,779.6,780.45,563944,0.5408,-0.3398,-259.15,800.0000,-2.44
2026-03-20 12:05:00,780.3,781.2,780.15,780.45,529286,0.5181,-0.3398,-252.47,800.0000,-2.44
2026-03-20 12:10:00,780.45,782.2,780.3,781.65,602651,0.5785,-0.3398,-270.25,800.0000,-2.29
2026-03-20 12:15:00,781.7,781.95,780,780.55,588091,0.5398,-0.3398,-258.86,800.0000,-2.43
2026-03-20 12:20:00,780.5,781.45,780,781,582964,0.5387,-0.3398,-258.53,800.0000,-2.38
2026-03-20 12:25:00,781.05,781.9,780.7,781.55,698930,0.5663,-0.3398,-266.66,800.0000,-2.31
2026-03-20 12:30:00,781.55,781.75,780,781.2,570304,0.5518,-0.3398,-262.39,800.0000,-2.35
2026-03-20 12:35:00,781.2,781.95,780.8,781.9,510078,0.5774,-0.3398,-269.92,800.0000,-2.26
2026-03-20 12:40:00,781.9,784.35,781.85,783.15,837534,0.6606,-0.3398,-294.41,800.0000,-2.11
2026-03-20 12:45:00,783.1,785.6,782.9,785.15,1052756,0.8218,-0.3398,-341.85,800.0000,-1.86
2026-03-20 12:50:00,785.1,787,784.75,786.75,1123836,0.9962,-0.3398,-393.17,800.0000,-1.66
2026-03-20 12:55:00,786.85,789,786.2,786.8,1736846,1.0684,-0.3398,-414.42,800.0000,-1.65
2026-03-20 13:00:00,786.8,787.65,785.7,786.85,1013520,1.0704,-0.3398,-415.01,800.0000,-1.64
2026-03-20 13:05:00,786.75,787.95,785.15,785.75,1244372,0.9524,-0.3398,-380.28,800.0000,-1.78
2026-03-20 13:10:00,785.75,785.8,784.85,785.1,644867,0.7920,-0.3398,-333.08,800.0000,-1.86
2026-03-20 13:15:00,785.3,786,784.95,785.35,861528,0.6690,-0.3398,-296.88,800.0000,-1.83
2026-03-20 13:20:00,785.3,786.15,785,785.55,463292,0.5712,-0.3398,-268.10,800.0000,-1.81
2026-03-20 13:25:00,785.5,786,785.35,785.55,505297,0.4802,-0.3398,-241.32,800.0000,-1.81
2026-03-20 13:30:00,785.5,785.7,784.05,784.3,810608,0.3175,-0.3398,-193.44,800.0000,-1.96
2026-03-20 13:35:00,784.3,785.85,784.05,785.4,639052,0.2675,-0.3398,-178.72,800.0000,-1.83
2026-03-20 13:40:00,785.4,785.4,784,784.5,571848,0.1626,-0.3398,-147.85,800.0000,-1.94
2026-03-20 13:45:00,784.6,785.05,783.1,783.3,588705,0.0092,-0.3398,-102.71,800.0000,-2.09
2026-03-20 13:50:00,783.35,783.45,782.5,783.25,511476,-0.0931,-0.3398,-72.60,800.0000,-2.09
2026-03-20 13:55:00,783.25,783.9,782.35,783.15,588399,-0.1611,-0.3398,-52.59,800.0000,-2.11
2026-03-20 14:00:00,783.15,783.85,782.3,783.85,588310,-0.1525,-0.3398,-55.12,800.0000,-2.02
2026-03-20 14:05:00,783.85,784.4,783.3,784.05,563701,-0.1279,-0.3398,-62.36,800.0000,-1.99
2026-03-20 14:10:00,784.05,784.45,783.1,783.2,537660,-0.1614,-0.3398,-52.50,800.0000,-2.10
2026-03-20 14:15:00,783.2,783.8,782.55,783.05,862059,-0.1844,-0.3398,-45.73,800.0000,-2.12
2026-03-20 14:20:00,783.05,783.4,782.3,782.55,665127,-0.2216,-0.3398,-34.79,800.0000,-2.18
2026-03-20 14:25:00,782.7,783.05,781.45,781.55,950440,-0.2971,-0.3398,-12.57,800.0000,-2.31
2026-03-20 14:30:00,781.5,782.25,780.9,781.75,721530,-0.3155,-0.3398,-7.15,800.0000,-2.28
2026-03-20 14:35:00,781.75,782,780.15,781.5,745391,-0.3250,-0.3398,-4.36,800.0000,-2.31
2026-03-20 14:40:00,781.5,782.05,779.55,780.05,1324575,-0.4043,-0.3398,18.98,800.0000,-2.49
2026-03-20 14:45:00,780.05,780.05,779.25,779.45,921408,-0.4681,-0.3398,37.76,800.0000,-2.57
2026-03-20 14:50:00,779.5,780.6,778.8,780.2,1020413,-0.4316,-0.3398,27.02,800.0000,-2.47
2026-03-20 14:55:00,780.15,780.65,779.75,780.35,712498,-0.3714,-0.3398,9.30,800.0000,-2.46
2026-03-20 15:00:00,780.25,786.5,779.05,781.8,3817370,-0.2157,-0.3398,-36.52,800.0000,-2.28
2026-03-20 15:05:00,781.8,782.85,780.5,780.8,2937903,-0.1642,-0.3398,-51.68,800.0000,-2.40
2026-03-20 15:10:00,780.75,780.8,779.1,779.75,3354272,-0.1835,-0.3398,-46.00,800.0000,-2.53
2026-03-20 15:15:00,779.65,779.75,778.2,779.25,3125914,-0.2107,-0.3398,-37.99,800.0000,-2.59
2026-03-20 15:20:00,779.25,781.25,779.05,779.5,2868019,-0.1930,-0.3398,-43.20,800.0000,-2.56
2026-03-20 15:25:00,779.5,781.35,778.75,781,2275300,-0.0679,-0.3398,-80.02,800.0000,-2.38
2026-03-23 09:15:00,763.15,768.7,756.3,758.3,8259843,-1.4263,-0.0679,2000.59,781.0000,-2.91
2026-03-23 09:20:00,758.3,764.4,757.15,761.95,2249708,-1.9585,-0.0679,2784.39,781.0000,-2.44
2026-03-23 09:25:00,761.85,763,760.6,762.2,1184464,-2.1574,-0.0679,3077.32,781.0000,-2.41
2026-03-23 09:30:00,762.15,762.45,760.05,760.7,1005462,-2.2438,-0.0679,3204.57,781.0000,-2.60
2026-03-23 09:35:00,760.65,761.6,759.6,760.25,1050726,-2.1830,-0.0679,3115.02,781.0000,-2.66
2026-03-23 09:40:00,760.25,760.4,758.5,759.7,875137,-2.0345,-0.0679,2896.32,781.0000,-2.73
2026-03-23 09:45:00,759.7,759.8,757.3,757.6,974440,-1.9331,-0.0679,2746.98,781.0000,-3.00
2026-03-23 09:50:00,757.6,758.1,756.5,757.05,938954,-1.7633,-0.0679,2496.91,781.0000,-3.07
2026-03-23 09:55:00,757.05,757.65,755,755.6,1307060,-1.6129,-0.0679,2275.41,781.0000,-3.25
2026-03-23 10:00:00,755.6,755.7,754.05,755.05,845232,-1.4214,-0.0679,1993.37,781.0000,-3.32
2026-03-23 10:05:00,755.05,756.1,754.55,754.95,407538,-1.1822,-0.0679,1641.09,781.0000,-3.34
2026-03-23 10:10:00,754.95,755.5,752.8,753.4,671434,-1.0156,-0.0679,1395.73,781.0000,-3.53
2026-03-23 10:15:00,753.4,754.05,753,753.55,445906,-0.7923,-0.0679,1066.86,781.0000,-3.51
2026-03-23 10:20:00,753.55,753.55,751.3,752.1,673500,-0.6455,-0.0679,850.66,781.0000,-3.70
2026-03-23 10:25:00,752.1,753.9,751.6,753,375336,-0.4030,-0.0679,493.52,781.0000,-3.59
2026-03-23 10:30:00,753.25,754.95,753,754.5,566334,-0.0739,-0.0679,8.84,781.0000,-3.39
2026-03-23 10:35:00,754.5,756.3,754.25,754.65,523813,0.2062,-0.0679,-403.68,781.0000,-3.37
2026-03-23 10:40:00,754.65,754.75,753.45,754.3,364036,0.4085,-0.0679,-701.62,781.0000,-3.42
2026-03-23 10:45:00,754.35,754.95,753.5,753.7,420273,0.5346,-0.0679,-887.33,781.0000,-3.50
2026-03-23 10:50:00,753.75,753.85,751.6,752.3,433073,0.5540,-0.0679,-915.91,781.0000,-3.67
2026-03-23 10:55:00,752.3,752.5,751.3,752,410452,0.5744,-0.0679,-945.95,781.0000,-3.71
2026-03-23 11:00:00,752.2,752.25,750.4,751,616613,0.5485,-0.0679,-907.81,781.0000,-3.84
2026-03-23 11:05:00,751,754,750.5,753.25,533449,0.7010,-0.0679,-1132.40,781.0000,-3.55
2026-03-23 11:10:00,753.2,754.4,752.95,753.7,267285,0.8409,-0.0679,-1338.44,781.0000,-3.50
2026-03-23 11:15:00,753.7,754,752.55,753.8,346856,0.9414,-0.0679,-1486.45,781.0000,-3.48
2026-03-23 11:20:00,753.8,754.65,752.5,753.4,390803,0.9777,-0.0679,-1539.91,781.0000,-3.53
2026-03-23 11:25:00,753.35,754.5,753.25,753.9,338343,1.0272,-0.0679,-1612.81,781.0000,-3.47
2026-03-23 11:30:00,753.9,754,751.1,751.85,377766,0.9172,-0.0679,-1450.81,781.0000,-3.73
2026-03-23 11:35:00,751.8,752,751,751.65,382989,0.8290,-0.0679,-1320.91,781.0000,-3.76
2026-03-23 11:40:00,751.65,752.45,750.15,751.25,354904,0.7445,-0.0679,-1196.47,781.0000,-3.81
2026-03-23 11:45:00,751.25,752,750.65,751.2,359009,0.6874,-0.0679,-1112.37,781.0000,-3.82
2026-03-23 11:50:00,751.2,751.85,750.85,751.7,219059,0.6839,-0.0679,-1107.22,781.0000,-3.75
2026-03-23 11:55:00,751.7,752.5,751.1,752,454571,0.6999,-0.0679,-1130.78,781.0000,-3.71
2026-03-23 12:00:00,752,752,751,751,437650,0.6427,-0.0679,-1046.54,781.0000,-3.84
2026-03-23 12:05:00,751.05,751.55,750.3,750.7,504420,0.5859,-0.0679,-962.89,781.0000,-3.88
2026-03-23 12:10:00,750.7,751.25,750.5,751.05,576789,0.5724,-0.0679,-943.00,781.0000,-3.83
2026-03-23 12:15:00,751.05,751.2,749.05,750.05,1091862,0.4993,-0.0679,-835.35,781.0000,-3.96
2026-03-23 12:20:00,750.05,750.4,749,749.5,827347,0.4203,-0.0679,-719.00,781.0000,-4.03
2026-03-23 12:25:00,749.5,750.3,748.25,749.4,867735,0.3695,-0.0679,-644.18,781.0000,-4.05
2026-03-23 12:30:00,749.45,750,748,749.95,445733,0.3796,-0.0679,-659.06,781.0000,-3.98
2026-03-23 12:35:00,749.9,751.3,749.25,750.35,634958,0.4170,-0.0679,-714.14,781.0000,-3.92
2026-03-23 12:40:00,750.35,750.6,748.35,749.1,537594,0.3632,-0.0679,-634.90,781.0000,-4.08
2026-03-23 12:45:00,749.1,750.2,748.35,750,360769,0.3915,-0.0679,-676.58,781.0000,-3.97
2026-03-23 12:50:00,749.9,750.15,747.6,747.9,527815,0.2775,-0.0679,-508.69,781.0000,-4.24
2026-03-23 12:55:00,747.9,748.1,746.05,747.95,533249,0.2167,-0.0679,-419.15,781.0000,-4.23
2026-03-23 13:00:00,747.95,748.05,746,746.55,457455,0.0995,-0.0679,-246.54,781.0000,-4.41
2026-03-23 13:05:00,746.55,747.45,745.75,747,521132,0.0710,-0.0679,-204.57,781.0000,-4.35
2026-03-23 13:10:00,747,747,745.8,746.55,420693,0.0418,-0.0679,-161.56,781.0000,-4.41
2026-03-23 13:15:00,746.55,747.45,746.3,746.75,527154,0.0553,-0.0679,-181.44,781.0000,-4.39
2026-03-23 13:20:00,746.75,748.5,746.4,747.75,559695,0.1456,-0.0679,-314.43,781.0000,-4.26
2026-03-23 13:25:00,747.75,749,747.1,748.75,615861,0.2790,-0.0679,-510.90,781.0000,-4.13
2026-03-23 13:30:00,748.7,750,748.55,749.65,1032790,0.4255,-0.0679,-726.66,781.0000,-4.01
2026-03-23 13:35:00,749.65,750,748.6,749.65,776918,0.5141,-0.0679,-857.14,781.0000,-4.01
2026-03-23 13:40:00,749.55,751,749.1,750.8,1115802,0.6339,-0.0679,-1033.58,781.0000,-3.87
2026-03-23 13:45:00,750.55,751,749.5,750.4,899389,0.6667,-0.0679,-1081.89,781.0000,-3.92
2026-03-23 13:50:00,750.45,752,750.2,751.4,1248370,0.7310,-0.0679,-1176.58,781.0000,-3.79
2026-03-23 13:55:00,751.45,753,750.35,751,1987279,0.7208,-0.0679,-1161.56,781.0000,-3.84
2026-03-23 14:00:00,750.95,752.5,750.5,751.7,924770,0.7328,-0.0679,-1179.23,781.0000,-3.75
2026-03-23 14:05:00,751.85,753.2,750.85,751.85,1062498,0.7215,-0.0679,-1162.59,781.0000,-3.73
2026-03-23 14:10:00,751.85,753.4,751.2,752.9,1019907,0.7518,-0.0679,-1207.22,781.0000,-3.60
2026-03-23 14:15:00,752.75,753.35,752.05,753,769911,0.7444,-0.0679,-1196.32,781.0000,-3.59
2026-03-23 14:20:00,753,753,750.95,751.25,726073,0.5940,-0.0679,-974.82,781.0000,-3.81
2026-03-23 14:25:00,751.35,752.65,750.5,751.2,998963,0.4688,-0.0679,-790.43,781.0000,-3.82
2026-03-23 14:30:00,751.2,751.95,747,747.6,1072703,0.1386,-0.0679,-304.12,781.0000,-4.28
2026-03-23 14:35:00,747.5,749.9,746.95,749.45,874745,0.0445,-0.0679,-165.54,781.0000,-4.04
2026-03-23 14:40:00,749.4,751.75,748.65,751.6,1169662,0.1225,-0.0679,-280.41,781.0000,-3.76
2026-03-23 14:45:00,751.65,752.45,749.6,750.5,836769,0.0965,-0.0679,-242.12,781.0000,-3.91
2026-03-23 14:50:00,750.5,752.1,750.1,750.3,939553,0.0639,-0.0679,-194.11,781.0000,-3.93
2026-03-23 14:55:00,750.3,750.75,748.65,749.65,1114858,0.0001,-0.0679,-100.15,781.0000,-4.01
2026-03-23 15:00:00,749.6,749.65,744.3,744.6,2682358,-0.3608,-0.0679,431.37,781.0000,-4.66
2026-03-23 15:05:00,744.6,746.5,744.1,746,2556846,-0.4766,-0.0679,601.91,781.0000,-4.48
2026-03-23 15:10:00,746,746.5,743.55,743.65,1820400,-0.6708,-0.0679,887.92,781.0000,-4.78
2026-03-23 15:15:00,743.6,743.7,741.4,742.1,1891737,-0.8514,-0.0679,1153.90,781.0000,-4.98
2026-03-23 15:20:00,742.3,742.55,741.05,741.8,1963779,-0.9324,-0.0679,1273.20,781.0000,-5.02
2026-03-23 15:25:00,741.65,743.15,741.15,742.3,1432761,-0.8934,-0.0679,1215.76,781.0000,-4.96
2026-03-24 09:15:00,755,758.5,752.5,753.2,3368495,-0.1156,-0.8934,-87.06,742.3000,1.47
2026-03-24 09:20:00,753.3,756.3,753.3,755.6,1330279,0.5423,-0.8934,-160.70,742.3000,1.79
2026-03-24 09:25:00,755.6,758.8,755.5,758.1,1494790,1.0957,-0.8934,-222.64,742.3000,2.13
2026-03-24 09:30:00,758.1,759.2,755.5,755.8,1186602,1.2459,-0.8934,-239.46,742.3000,1.82
2026-03-24 09:35:00,755.8,756.45,752.65,752.85,1219246,1.0911,-0.8934,-222.13,742.3000,1.42
2026-03-24 09:40:00,752.85,754,750.5,751,1198236,0.8209,-0.8934,-191.88,742.3000,1.17
2026-03-24 09:45:00,751.05,751.35,748.7,749.6,891882,0.5195,-0.8934,-158.15,742.3000,0.98
2026-03-24 09:50:00,749.6,750.4,747.7,749.9,974643,0.3215,-0.8934,-135.99,742.3000,1.02
2026-03-24 09:55:00,749.9,752.9,749.4,752,561257,0.3130,-0.8934,-135.03,742.3000,1.31
2026-03-24 10:00:00,751.95,752.25,751.1,751.35,330003,0.2474,-0.8934,-127.69,742.3000,1.22
2026-03-24 10:05:00,751.25,751.55,749.25,750.1,429694,0.1106,-0.8934,-112.38,742.3000,1.05
2026-03-24 10:10:00,750.1,753.3,749.7,752.45,930209,0.1659,-0.8934,-118.57,742.3000,1.37
2026-03-24 10:15:00,752.4,755.2,751.8,755.05,945209,0.3542,-0.8934,-139.65,742.3000,1.72
2026-03-24 10:20:00,755.05,758.15,754.25,758,672422,0.6376,-0.8934,-171.37,742.3000,2.12
2026-03-24 10:25:00,758,758.75,756.4,757.4,437477,0.7376,-0.8934,-182.56,742.3000,2.03
2026-03-24 10:30:00,757.5,757.5,754.2,754.3,373456,0.5564,-0.8934,-162.28,742.3000,1.62
2026-03-24 10:35:00,754.4,754.5,752.05,752.35,348366,0.2804,-0.8934,-131.39,742.3000,1.35
2026-03-24 10:40:00,752.35,755.75,752.1,755.3,366354,0.2716,-0.8934,-130.40,742.3000,1.75
2026-03-24 10:45:00,755.3,757.45,754.5,755.6,397432,0.2609,-0.8934,-129.20,742.3000,1.79
2026-03-24 10:50:00,755.35,756.05,754.25,755.2,258207,0.2044,-0.8934,-122.88,742.3000,1.74
2026-03-24 10:55:00,755.2,755.3,753.15,753.7,279595,0.0515,-0.8934,-105.76,742.3000,1.54
2026-03-24 11:00:00,753.7,756.2,753.5,755.95,611442,0.0853,-0.8934,-109.55,742.3000,1.84
2026-03-24 11:05:00,755.95,756.65,755.4,756.45,338113,0.1226,-0.8934,-113.72,742.3000,1.91
2026-03-24 11:10:00,756.1,757.8,756.05,757.3,399924,0.1821,-0.8934,-120.38,742.3000,2.02
2026-03-24 11:15:00,757.45,757.9,756.8,757.15,375730,0.1882,-0.8934,-121.07,742.3000,2.00
2026-03-24 11:20:00,756.85,757.7,756.5,756.75,530266,0.1441,-0.8934,-116.13,742.3000,1.95
2026-03-24 11:25:00,756.75,758.8,756,758.2,619961,0.1886,-0.8934,-121.11,742.3000,2.14
2026-03-24 11:30:00,758.1,758.8,757.55,758.65,315825,0.2220,-0.8934,-124.85,742.3000,2.20
2026-03-24 11:35:00,758.5,759.7,757.8,758.2,558157,0.1889,-0.8934,-121.14,742.3000,2.14
2026-03-24 11:40:00,758.2,758.25,756.1,756.8,312088,0.0546,-0.8934,-106.11,742.3000,1.95
2026-03-24 11:45:00,756.8,757.95,756.05,756.8,207406,-0.0467,-0.8934,-94.77,742.3000,1.95
2026-03-24 11:50:00,756.8,758,755.8,757.4,287384,-0.0837,-0.8934,-90.63,742.3000,2.03
2026-03-24 11:55:00,757.25,758.6,757.15,757.4,366894,-0.1166,-0.8934,-86.95,742.3000,2.03
2026-03-24 12:00:00,757.45,757.85,757.05,757.15,231077,-0.1608,-0.8934,-82.00,742.3000,2.00
2026-03-24 12:05:00,757.3,757.4,755.5,756.45,298297,-0.2381,-0.8934,-73.35,742.3000,1.91
2026-03-24 12:10:00,756.7,757,755.9,756.7,274960,-0.2710,-0.8934,-69.67,742.3000,1.94
2026-03-24 12:15:00,756.7,757.4,756.15,757.05,981828,-0.2674,-0.8934,-70.07,742.3000,1.99
2026-03-24 12:20:00,757.15,761.2,757.05,761.15,904512,-0.0010,-0.8934,-99.89,742.3000,2.54
2026-03-24 12:25:00,761,763.05,759.4,760.15,715326,0.0905,-0.8934,-110.13,742.3000,2.40
2026-03-24 12:30:00,760.2,764.3,759.95,764.15,750602,0.3866,-0.8934,-143.27,742.3000,2.94
2026-03-24 12:35:00,764.15,765.85,763.5,765.8,795564,0.6444,-0.8934,-172.13,742.3000,3.17
2026-03-24 12:40:00,765.8,766.9,765,765.45,566443,0.7358,-0.8934,-182.36,742.3000,3.12
2026-03-24 12:45:00,765.45,770.55,765.45,769.85,1958209,1.0194,-0.8934,-214.10,742.3000,3.71
2026-03-24 12:50:00,769.75,772.2,768.2,772,914537,1.2627,-0.8934,-241.34,742.3000,4.00
2026-03-24 12:55:00,772.1,772.1,768.35,769.6,596004,1.1748,-0.8934,-231.50,742.3000,3.68
2026-03-24 13:00:00,769.6,771.7,767.6,768.25,714900,0.9482,-0.8934,-206.13,742.3000,3.50
2026-03-24 13:05:00,768.25,770.15,767.5,769.15,477588,0.7880,-0.8934,-188.20,742.3000,3.62
2026-03-24 13:10:00,769.15,772.5,768.85,771.85,583658,0.7909,-0.8934,-188.53,742.3000,3.98
2026-03-24 13:15:00,771.85,772.05,769.65,770.25,411640,0.6196,-0.8934,-169.35,742.3000,3.77
2026-03-24 13:20:00,770.15,771.9,769.4,770.5,379030,0.4649,-0.8934,-152.04,742.3000,3.80
2026-03-24 13:25:00,770.5,771.4,769.6,770.9,300776,0.3370,-0.8934,-137.72,742.3000,3.85
2026-03-24 13:30:00,770.95,771.5,770,771.5,384759,0.2448,-0.8934,-127.40,742.3000,3.93
2026-03-24 13:35:00,771.4,772.75,770.65,771,589008,0.1089,-0.8934,-112.19,742.3000,3.87
2026-03-24 13:40:00,771,771.8,769.6,769.9,626829,-0.0857,-0.8934,-90.41,742.3000,3.72
2026-03-24 13:45:00,770.05,770.25,767.05,767.1,730701,-0.4152,-0.8934,-53.53,742.3000,3.34
2026-03-24 13:50:00,767.1,768.35,766.35,767.4,469725,-0.6133,-0.8934,-31.35,742.3000,3.38
2026-03-24 13:55:00,767.4,768.15,766.85,767,375251,-0.7618,-0.8934,-14.73,742.3000,3.33
2026-03-24 14:00:00,766.85,767,765.6,766.05,530100,-0.9049,-0.8934,1.29,742.3000,3.20
2026-03-24 14:05:00,766.05,766.8,765.75,766.6,684425,-0.9392,-0.8934,5.13,742.3000,3.27
2026-03-24 14:10:00,766.6,768.1,766.25,767.8,414006,-0.8600,-0.8934,-3.74,742.3000,3.44
2026-03-24 14:15:00,767.8,769,766.4,766.65,594181,-0.8618,-0.8934,-3.54,742.3000,3.28
2026-03-24 14:20:00,766.65,768.45,765.5,767.6,907040,-0.7782,-0.8934,-12.89,742.3000,3.41
2026-03-24 14:25:00,767.85,768.15,766.9,767.5,403772,-0.7108,-0.8934,-20.44,742.3000,3.39
2026-03-24 14:30:00,767.5,767.5,766.75,767,417479,-0.6810,-0.8934,-23.77,742.3000,3.33
2026-03-24 14:35:00,767.15,767.6,765.95,766.2,584261,-0.6938,-0.8934,-22.34,742.3000,3.22
2026-03-24 14:40:00,766.15,768.65,766.05,767.3,689332,-0.6099,-0.8934,-31.73,742.3000,3.37
2026-03-24 14:45:00,767.3,767.9,766.95,767.8,559507,-0.5067,-0.8934,-43.28,742.3000,3.44
2026-03-24 14:50:00,767.8,767.9,764.3,765.8,908216,-0.5551,-0.8934,-37.87,742.3000,3.17
2026-03-24 14:55:00,765.65,767.8,765.65,767,730962,-0.4906,-0.8934,-45.09,742.3000,3.33
2026-03-24 15:00:00,767,767,764.3,764.85,3092493,-0.5714,-0.8934,-36.04,742.3000,3.04
2026-03-24 15:05:00,764.8,765.75,763.6,764.95,3077545,-0.5940,-0.8934,-33.51,742.3000,3.05
2026-03-24 15:10:00,764.95,765.85,764,764.3,2470061,-0.6256,-0.8934,-29.98,742.3000,2.96
2026-03-24 15:15:00,764.3,766.7,762.4,765.4,3086287,-0.5480,-0.8934,-38.66,742.3000,3.11
2026-03-24 15:20:00,765.65,766,764.1,764.9,2109510,-0.5070,-0.8934,-43.25,742.3000,3.04
2026-03-24 15:25:00,764.8,766.7,764.7,766.5,1298861,-0.3557,-0.8934,-60.19,742.3000,3.26
2026-03-25 09:15:00,768.2,779.4,768.2,775.5,3730856,0.3297,-0.3557,-192.69,766.5000,1.17
2026-03-25 09:20:00,775.45,777.85,775.3,777.2,1675164,0.8473,-0.3557,-338.21,766.5000,1.40
2026-03-25 09:25:00,777.2,783.4,777,782.35,1757153,1.4510,-0.3557,-507.93,766.5000,2.07
2026-03-25 09:30:00,782.35,786.45,781.5,786.4,1835380,2.0033,-0.3557,-663.20,766.5000,2.60
2026-03-25 09:35:00,786.25,787.3,784.45,785.2,1210848,2.1550,-0.3557,-705.85,766.5000,2.44
2026-03-25 09:40:00,785.15,787.6,783.05,787.45,1263635,2.2628,-0.3557,-736.15,766.5000,2.73
2026-03-25 09:45:00,787.45,788.35,785.15,785.65,893785,2.0738,-0.3557,-683.02,766.5000,2.50
2026-03-25 09:50:00,785.6,788,785.4,787.4,1173373,1.9306,-0.3557,-642.76,766.5000,2.73
2026-03-25 09:55:00,787.4,787.55,785.05,785.25,729043,1.5703,-0.3557,-541.47,766.5000,2.45
2026-03-25 10:00:00,785.25,787.3,785,785.25,722563,1.2264,-0.3557,-444.78,766.5000,2.45
2026-03-25 10:05:00,785.2,785.6,783,785.35,748962,0.9145,-0.3557,-357.10,766.5000,2.46
2026-03-25 10:10:00,785.2,785.75,784.1,784.3,471032,0.5634,-0.3557,-258.39,766.5000,2.32
2026-03-25 10:15:00,784.4,785.05,783,783.8,833039,0.2400,-0.3557,-167.47,766.5000,2.26
2026-03-25 10:20:00,783.65,784.35,781.1,781.45,659144,-0.1677,-0.3557,-52.85,766.5000,1.95
2026-03-25 10:25:00,781.45,783.25,781.1,783,740568,-0.3576,-0.3557,0.53,766.5000,2.15
2026-03-25 10:30:00,783.05,783.6,781.9,782.85,787378,-0.5086,-0.3557,42.99,766.5000,2.13
2026-03-25 10:35:00,782.9,783.05,781.3,782.1,451025,-0.6646,-0.3557,86.84,766.5000,2.04
2026-03-25 10:40:00,782.1,785.7,781.7,785,591387,-0.5810,-0.3557,63.34,766.5000,2.41
2026-03-25 10:45:00,785.05,785.85,784.3,784.55,451177,-0.5641,-0.3557,58.59,766.5000,2.35
2026-03-25 10:50:00,784.55,785.7,783.7,785.7,428741,-0.4865,-0.3557,36.77,766.5000,2.50
2026-03-25 10:55:00,785.65,786.45,784.6,786.15,434816,-0.4185,-0.3557,17.66,766.5000,2.56
2026-03-25 11:00:00,786.15,787.7,786.1,787.35,664223,-0.3113,-0.3557,-12.48,766.5000,2.72
2026-03-25 11:05:00,787.4,790.45,787.3,790.1,1092157,-0.0854,-0.3557,-75.99,766.5000,3.08
2026-03-25 11:10:00,790.1,791.5,789.9,791.35,606941,0.1074,-0.3557,-130.19,766.5000,3.24
2026-03-25 11:15:00,791.3,792.2,790,790.5,955452,0.1352,-0.3557,-138.01,766.5000,3.13
2026-03-25 11:20:00,790.6,790.75,789.5,789.7,621060,0.0609,-0.3557,-117.12,766.5000,3.03
2026-03-25 11:25:00,789.7,790.7,789,790.1,602586,0.0030,-0.3557,-100.84,766.5000,3.08
2026-03-25 11:30:00,790.05,791.4,789.5,789.75,641618,-0.0895,-0.3557,-74.84,766.5000,3.03
2026-03-25 11:35:00,789.75,790.45,788.3,790,469026,-0.1603,-0.3557,-54.93,766.5000,3.07
2026-03-25 11:40:00,790,791.65,789.5,790.25,416506,-0.2134,-0.3557,-40.01,766.5000,3.10
2026-03-25 11:45:00,790.2,791.1,789,790.25,527178,-0.2682,-0.3557,-24.60,766.5000,3.10
2026-03-25 11:50:00,790.15,791.55,790.05,791.25,456751,-0.2566,-0.3557,-27.86,766.5000,3.23
2026-03-25 11:55:00,791.25,791.85,791,791.75,392415,-0.2355,-0.3557,-33.79,766.5000,3.29
2026-03-25 12:00:00,791.65,792.8,791.15,792.4,538610,-0.1993,-0.3557,-43.97,766.5000,3.38
2026-03-25 12:05:00,792.4,792.7,791.3,791.55,426779,-0.2508,-0.3557,-29.49,766.5000,3.27
2026-03-25 12:10:00,791.5,792.85,791.25,792.65,446429,-0.2297,-0.3557,-35.42,766.5000,3.41
2026-03-25 12:15:00,792.7,793,791.65,792.3,429596,-0.2561,-0.3557,-28.00,766.5000,3.37
2026-03-25 12:20:00,792.3,792.75,791.4,791.75,304664,-0.3230,-0.3557,-9.19,766.5000,3.29
2026-03-25 12:25:00,791.7,792.95,791.3,792.7,425523,-0.3155,-0.3557,-11.30,766.5000,3.42
2026-03-25 12:30:00,792.6,794.8,791.7,794.1,560573,-0.2322,-0.3557,-34.72,766.5000,3.60
2026-03-25 12:35:00,794,794.8,793.5,793.8,383572,-0.2137,-0.3557,-39.92,766.5000,3.56
2026-03-25 12:40:00,793.55,794.65,793.5,794.05,422446,-0.2013,-0.3557,-43.41,766.5000,3.59
2026-03-25 12:45:00,794,794.1,792,792.35,428957,-0.3173,-0.3557,-10.80,766.5000,3.37
2026-03-25 12:50:00,792.15,792.45,790.75,790.85,416950,-0.4942,-0.3557,38.94,766.5000,3.18
2026-03-25 12:55:00,790.8,791.9,790.5,790.6,367441,-0.6191,-0.3557,74.05,766.5000,3.14
2026-03-25 13:00:00,790.5,792.2,790.3,791.6,369926,-0.6237,-0.3557,75.34,766.5000,3.27
2026-03-25 13:05:00,791.6,792.5,790.4,790.7,280147,-0.6724,-0.3557,89.04,766.5000,3.16
2026-03-25 13:10:00,790.65,791.95,790.6,791.65,243519,-0.6268,-0.3557,76.22,766.5000,3.28
2026-03-25 13:15:00,791.55,792.7,791.1,791.15,326879,-0.6154,-0.3557,73.01,766.5000,3.22
2026-03-25 13:20:00,791.1,792.3,791,791.95,304026,-0.5417,-0.3557,52.29,766.5000,3.32
2026-03-25 13:25:00,791.9,793.5,791.8,792.95,382385,-0.4189,-0.3557,17.77,766.5000,3.45
2026-03-25 13:30:00,792.9,793.5,791.6,793.2,513301,-0.3186,-0.3557,-10.43,766.5000,3.48
2026-03-25 13:35:00,793.1,793.9,792.85,793.25,375176,-0.2497,-0.3557,-29.80,766.5000,3.49
2026-03-25 13:40:00,793.2,793.25,792.25,792.65,500873,-0.2450,-0.3557,-31.12,766.5000,3.41
2026-03-25 13:45:00,792.65,793.5,791.9,792,359228,-0.2835,-0.3557,-20.30,766.5000,3.33
2026-03-25 13:50:00,791.95,792.75,791,791.45,457776,-0.3399,-0.3557,-4.44,766.5000,3.26
2026-03-25 13:55:00,791.45,792.5,791.05,791.65,368844,-0.3560,-0.3557,0.08,766.5000,3.28
2026-03-25 14:00:00,791.6,791.95,791,791.65,451793,-0.3580,-0.3557,0.65,766.5000,3.28
2026-03-25 14:05:00,791.55,791.95,789.5,790.2,558127,-0.4427,-0.3557,24.46,766.5000,3.09
2026-03-25 14:10:00,790.2,790.95,788.35,788.6,526350,-0.5834,-0.3557,64.01,766.5000,2.88
2026-03-25 14:15:00,788.6,789.25,787.05,787.45,1003196,-0.7217,-0.3557,102.90,766.5000,2.73
2026-03-25 14:20:00,787.45,788.5,784.3,784.5,960646,-0.9646,-0.3557,171.18,766.5000,2.35
2026-03-25 14:25:00,784.5,785.85,783.6,785.2,798465,-1.0250,-0.3557,188.16,766.5000,2.44
2026-03-25 14:30:00,785.15,786.7,784.15,785.85,555621,-0.9689,-0.3557,172.39,766.5000,2.52
2026-03-25 14:35:00,785.8,787.3,785.25,786.9,426886,-0.8149,-0.3557,129.10,766.5000,2.66
2026-03-25 14:40:00,786.9,788.6,786.9,787.4,478752,-0.6409,-0.3557,80.18,766.5000,2.73
2026-03-25 14:45:00,787.35,788,785.55,786.3,390375,-0.5641,-0.3557,58.59,766.5000,2.58
2026-03-25 14:50:00,786.2,786.9,785.25,785.4,554198,-0.5381,-0.3557,51.28,766.5000,2.47
2026-03-25 14:55:00,785.3,786.1,785,785.25,540895,-0.4964,-0.3557,39.56,766.5000,2.45
2026-03-25 15:00:00,785.25,786.25,781.45,784.2,3838544,-0.5032,-0.3557,41.47,766.5000,2.31
2026-03-25 15:05:00,784.15,784.25,781.1,783.25,2032771,-0.5326,-0.3557,49.73,766.5000,2.19
2026-03-25 15:10:00,783.15,783.6,780.5,781.65,3062290,-0.6149,-0.3557,72.87,766.5000,1.98
2026-03-25 15:15:00,781.6,782.5,780,780.15,1182157,-0.7182,-0.3557,101.91,766.5000,1.78
2026-03-25 15:20:00,780.35,781,779.35,780.4,1241697,-0.7159,-0.3557,101.27,766.5000,1.81
2026-03-25 15:25:00,780.4,780.5,779.1,780.1,856564,-0.6811,-0.3557,91.48,766.5000,1.77
2026-03-27 09:15:00,773.2,774.9,766.15,768.45,4700412,-1.3505,-0.6811,98.28,780.1000,-1.49
2026-03-27 09:20:00,768.45,768.45,764.85,766.8,1789785,-1.7849,-0.6811,162.06,780.1000,-1.70
2026-03-27 09:25:00,766.8,767.2,763.35,764.1,1228798,-2.1122,-0.6811,210.12,780.1000,-2.05
2026-03-27 09:30:00,764.1,766.95,763,765.25,928603,-2.1047,-0.6811,209.01,780.1000,-1.90
2026-03-27 09:35:00,765.2,766.3,764.55,765.65,546693,-1.9308,-0.6811,183.48,780.1000,-1.85
2026-03-27 09:40:00,765.65,766.1,765.05,766,421955,-1.6605,-0.6811,143.80,780.1000,-1.81
2026-03-27 09:45:00,765.8,766,763.6,763.85,680557,-1.4998,-0.6811,120.20,780.1000,-2.08
2026-03-27 09:50:00,763.85,765.75,762.8,764.8,2612638,-1.2148,-0.6811,78.36,780.1000,-1.96
2026-03-27 09:55:00,764.7,765,763.45,764.55,540480,-0.9408,-0.6811,38.13,780.1000,-1.99
2026-03-27 10:00:00,764.55,766.3,764.1,766.1,1268965,-0.5710,-0.6811,-16.17,780.1000,-1.79
2026-03-27 10:05:00,766.1,766.1,763.4,764.8,917987,-0.3410,-0.6811,-49.93,780.1000,-1.96
2026-03-27 10:10:00,764.8,764.95,763.55,763.55,294323,-0.2069,-0.6811,-69.62,780.1000,-2.12
2026-03-27 10:15:00,763.75,764.4,762.3,762.6,766172,-0.1202,-0.6811,-82.35,780.1000,-2.24
2026-03-27 10:20:00,762.6,764.4,762.1,763.9,764930,0.0761,-0.6811,-111.17,780.1000,-2.08
2026-03-27 10:25:00,763.9,764.05,762.3,763.1,397317,0.1966,-0.6811,-128.87,780.1000,-2.18
2026-03-27 10:30:00,763.15,764.6,762.5,763.4,679782,0.3330,-0.6811,-148.89,780.1000,-2.14
2026-03-27 10:35:00,763.4,763.85,762.1,763.15,440124,0.4363,-0.6811,-164.06,780.1000,-2.17
2026-03-27 10:40:00,763.15,763.25,760.15,760.6,898304,0.3658,-0.6811,-153.71,780.1000,-2.50
2026-03-27 10:45:00,760.6,760.85,759.25,760.1,905392,0.3200,-0.6811,-146.98,780.1000,-2.56
2026-03-27 10:50:00,760.1,761.3,759.8,760.7,576547,0.3615,-0.6811,-153.08,780.1000,-2.49
2026-03-27 10:55:00,760.7,762,760.2,761.8,691489,0.4867,-0.6811,-171.46,780.1000,-2.35
2026-03-27 11:00:00,761.8,762.7,761.2,761.85,583234,0.5897,-0.6811,-186.58,780.1000,-2.34
2026-03-27 11:05:00,761.95,762.5,761.5,762.2,304542,0.6911,-0.6811,-201.47,780.1000,-2.29
2026-03-27 11:10:00,762.15,762.4,760.75,761.55,500697,0.7208,-0.6811,-205.83,780.1000,-2.38
2026-03-27 11:15:00,761.7,761.95,759.6,759.85,487868,0.6354,-0.6811,-193.29,780.1000,-2.60
2026-03-27 11:20:00,760,760.5,759.4,760.1,479793,0.6053,-0.6811,-188.87,780.1000,-2.56
2026-03-27 11:25:00,760.4,761.2,759.3,760.15,597389,0.5973,-0.6811,-187.70,780.1000,-2.56
2026-03-27 11:30:00,760.15,761.9,760,761.5,470988,0.6852,-0.6811,-200.60,780.1000,-2.38
2026-03-27 11:35:00,761.5,762.2,760.15,761.5,452175,0.7408,-0.6811,-208.77,780.1000,-2.38
2026-03-27 11:40:00,761.75,762.9,761,762,427267,0.8036,-0.6811,-217.99,780.1000,-2.32
2026-03-27 11:45:00,762,762.1,761,761.8,307865,0.8210,-0.6811,-220.54,780.1000,-2.35
2026-03-27 11:50:00,761.75,762.6,761,761.6,283887,0.8072,-0.6811,-218.51,780.1000,-2.37
2026-03-27 11:55:00,761.6,761.95,760.6,760.95,387250,0.7440,-0.6811,-209.24,780.1000,-2.45
2026-03-27 12:00:00,760.95,761.2,760,760.75,338873,0.6802,-0.6811,-199.87,780.1000,-2.48
2026-03-27 12:05:00,760.75,761.6,760.3,760.5,267999,0.6146,-0.6811,-190.24,780.1000,-2.51
2026-03-27 12:10:00,760.5,760.55,759.7,760,310858,0.5340,-0.6811,-178.40,780.1000,-2.58
2026-03-27 12:15:00,760.05,760.05,758.35,758.35,442307,0.3735,-0.6811,-154.84,780.1000,-2.79
2026-03-27 12:20:00,758.4,759.1,758.35,758.8,284417,0.3047,-0.6811,-144.74,780.1000,-2.73
2026-03-27 12:25:00,758.8,760.5,758.1,760,658894,0.3439,-0.6811,-150.49,780.1000,-2.58
2026-03-27 12:30:00,760.15,760.25,758.6,760,441192,0.3716,-0.6811,-154.56,780.1000,-2.58
2026-03-27 12:35:00,760.1,760.3,758.85,759,335064,0.3259,-0.6811,-147.85,780.1000,-2.70
2026-03-27 12:40:00,759.05,760.5,759,760.25,639858,0.3793,-0.6811,-155.69,780.1000,-2.54
2026-03-27 12:45:00,760.3,760.5,759.45,760.05,504174,0.3988,-0.6811,-158.55,780.1000,-2.57
2026-03-27 12:50:00,760.25,760.8,759.2,760.1,449015,0.4110,-0.6811,-160.34,780.1000,-2.56
2026-03-27 12:55:00,760.1,760.2,759.15,759.65,433209,0.3852,-0.6811,-156.56,780.1000,-2.62
2026-03-27 13:00:00,759.65,759.9,759.05,759.1,313582,0.3296,-0.6811,-148.39,780.1000,-2.69
2026-03-27 13:05:00,759.1,760.1,759,759.1,561828,0.2926,-0.6811,-142.96,780.1000,-2.69
2026-03-27 13:10:00,759.1,759.75,758.25,759.4,489411,0.2876,-0.6811,-142.23,780.1000,-2.65
2026-03-27 13:15:00,759.5,760.5,759.25,759.95,623785,0.3184,-0.6811,-146.75,780.1000,-2.58
2026-03-27 13:20:00,759.65,760.4,759.05,759.95,739884,0.3341,-0.6811,-149.05,780.1000,-2.58
2026-03-27 13:25:00,760.05,760.75,758.8,759.15,680801,0.2876,-0.6811,-142.23,780.1000,-2.69
2026-03-27 13:30:00,759.15,759.65,758.65,759.3,400898,0.2647,-0.6811,-138.86,780.1000,-2.67
2026-03-27 13:35:00,759.25,759.55,758.7,759.25,297380,0.2443,-0.6811,-135.87,780.1000,-2.67
2026-03-27 13:40:00,759.25,760.2,759.1,760,458177,0.2771,-0.6811,-140.68,780.1000,-2.58
2026-03-27 13:45:00,760.05,760.45,759.5,760,508214,0.2930,-0.6811,-143.02,780.1000,-2.58
2026-03-27 13:50:00,760.2,761.85,760,761.5,341772,0.3926,-0.6811,-157.64,780.1000,-2.38
2026-03-27 13:55:00,761.75,762,760.7,761.5,433865,0.4427,-0.6811,-165.00,780.1000,-2.38
2026-03-27 14:00:00,761.5,762.35,761.1,761.25,666364,0.4423,-0.6811,-164.94,780.1000,-2.42
2026-03-27 14:05:00,761.3,761.65,760.2,761.65,770260,0.4506,-0.6811,-166.16,780.1000,-2.37
2026-03-27 14:10:00,761.65,763.45,760.35,762.25,1532513,0.4758,-0.6811,-169.86,780.1000,-2.29
2026-03-27 14:15:00,762.2,762.65,761.5,761.95,949357,0.4517,-0.6811,-166.32,780.1000,-2.33
2026-03-27 14:20:00,761.75,762.05,760.55,761.05,658824,0.3586,-0.6811,-152.65,780.1000,-2.44
2026-03-27 14:25:00,761.05,761.75,760.85,760.95,542090,0.2774,-0.6811,-140.73,780.1000,-2.45
2026-03-27 14:30:00,760.9,761.15,759,759.35,498310,0.1116,-0.6811,-116.39,780.1000,-2.66
2026-03-27 14:35:00,759.35,759.7,757.15,757.45,658334,-0.1180,-0.6811,-82.68,780.1000,-2.90
2026-03-27 14:40:00,757.25,758.65,757.25,758.05,420811,-0.2157,-0.6811,-68.33,780.1000,-2.83
2026-03-27 14:45:00,758.05,758.65,757.6,758.65,463695,-0.2251,-0.6811,-66.95,780.1000,-2.75
2026-03-27 14:50:00,758.6,758.65,756.3,756.9,675250,-0.3282,-0.6811,-51.81,780.1000,-2.97
2026-03-27 14:55:00,756.9,757.3,755.9,756.1,525453,-0.4232,-0.6811,-37.87,780.1000,-3.08
2026-03-27 15:00:00,756.2,756.35,754.55,755.4,2946762,-0.5007,-0.6811,-26.49,780.1000,-3.17
2026-03-27 15:05:00,755.4,756.6,754.7,755.95,2559137,-0.4824,-0.6811,-29.17,780.1000,-3.10
2026-03-27 15:10:00,755.95,758.05,755.85,756.4,3003102,-0.4103,-0.6811,-39.76,780.1000,-3.04
2026-03-27 15:15:00,756.4,757.3,755.5,755.95,2791431,-0.3646,-0.6811,-46.47,780.1000,-3.10
2026-03-27 15:20:00,756.05,756.75,755,755.35,2402117,-0.3468,-0.6811,-49.08,780.1000,-3.17
2026-03-27 15:25:00,755.35,760,755,757.95,2742979,-0.1422,-0.6811,-79.12,780.1000,-2.84
2026-03-30 09:15:00,745.2,750.05,738.3,741.15,6571603,-1.0692,-0.1422,651.90,757.9500,-2.22
2026-03-30 09:20:00,741.15,743,739.1,741.45,2598597,-1.5629,-0.1422,999.09,757.9500,-2.18
2026-03-30 09:25:00,741.45,747,740.6,745.2,2116170,-1.5356,-0.1422,979.89,757.9500,-1.68
2026-03-30 09:30:00,745.25,751,745,750.85,2056079,-1.0584,-0.1422,644.30,757.9500,-0.94
2026-03-30 09:35:00,750.85,750.9,747.6,748.25,1484496,-0.8482,-0.1422,496.48,757.9500,-1.28
2026-03-30 09:40:00,748.25,751,746.6,747.05,1140825,-0.7252,-0.1422,409.99,757.9500,-1.44
2026-03-30 09:45:00,747.15,748.3,745,745.5,1687888,-0.6840,-0.1422,381.01,757.9500,-1.64
2026-03-30 09:50:00,745.5,746.65,743.7,743.9,709788,-0.6977,-0.1422,390.65,757.9500,-1.85
2026-03-30 09:55:00,743.75,745,743.25,743.75,573939,-0.6512,-0.1422,357.95,757.9500,-1.87
2026-03-30 10:00:00,743.75,746.8,743.7,745.85,721902,-0.4241,-0.1422,198.24,757.9500,-1.60
2026-03-30 10:05:00,745.85,745.9,744.15,744.55,668413,-0.3119,-0.1422,119.34,757.9500,-1.77
2026-03-30 10:10:00,744.55,744.65,742.8,744.15,956135,-0.2194,-0.1422,54.29,757.9500,-1.82
2026-03-30 10:15:00,744.15,744.9,743.55,744.35,1226478,-0.1052,-0.1422,-26.02,757.9500,-1.79
2026-03-30 10:20:00,744.35,744.9,743.55,744.45,901703,0.0103,-0.1422,-107.24,757.9500,-1.78
2026-03-30 10:25:00,744.45,745.5,743.85,745.15,1356177,0.1589,-0.1422,-211.74,757.9500,-1.69
2026-03-30 10:30:00,745.15,745.5,744.05,744.85,665220,0.2563,-0.1422,-280.24,757.9500,-1.73
2026-03-30 10:35:00,744.95,745.95,744.8,745.8,545854,0.3957,-0.1422,-378.27,757.9500,-1.60
2026-03-30 10:40:00,745.75,746.2,744.7,745.35,663045,0.4639,-0.1422,-426.23,757.9500,-1.66
2026-03-30 10:45:00,745.6,746.15,745.05,745.9,601744,0.5465,-0.1422,-484.32,757.9500,-1.59
2026-03-30 10:50:00,745.85,746.45,745,745.15,573535,0.5498,-0.1422,-486.64,757.9500,-1.69
2026-03-30 10:55:00,745.15,747.15,744.65,745.55,692655,0.5752,-0.1422,-504.50,757.9500,-1.64
2026-03-30 11:00:00,745.55,746.75,745.3,746.3,539650,0.6342,-0.1422,-545.99,757.9500,-1.54
2026-03-30 11:05:00,746.3,746.6,744.9,745,877031,0.5789,-0.1422,-507.10,757.9500,-1.71
2026-03-30 11:10:00,745.05,746,744.4,745.9,572854,0.5939,-0.1422,-517.65,757.9500,-1.59
2026-03-30 11:15:00,745.9,746,744.4,744.6,477744,0.5105,-0.1422,-459.00,757.9500,-1.76
2026-03-30 11:20:00,744.6,745.05,744,744.75,964345,0.4611,-0.1422,-424.26,757.9500,-1.74
2026-03-30 11:25:00,744.75,745.45,744,744.2,742979,0.3899,-0.1422,-374.19,757.9500,-1.81
2026-03-30 11:30:00,744.15,745.15,743.65,744.9,562328,0.3877,-0.1422,-372.64,757.9500,-1.72
2026-03-30 11:35:00,744.65,745.2,743.2,743.45,972169,0.2907,-0.1422,-304.43,757.9500,-1.91
2026-03-30 11:40:00,743.45,743.45,742.1,742.35,694455,0.1610,-0.1422,-213.22,757.9500,-2.06
2026-03-30 11:45:00,742.5,742.65,740.4,742.1,940541,0.0716,-0.1422,-150.35,757.9500,-2.09
2026-03-30 11:50:00,742.1,743.3,741.45,743,370703,0.0853,-0.1422,-159.99,757.9500,-1.97
2026-03-30 11:55:00,743,743.2,742,742.6,382332,0.0798,-0.1422,-156.12,757.9500,-2.03
2026-03-30 12:00:00,742.6,744.75,742.5,744.45,694479,0.2059,-0.1422,-244.80,757.9500,-1.78
2026-03-30 12:05:00,744.45,746,744,744.25,710466,0.2766,-0.1422,-294.51,757.9500,-1.81
2026-03-30 12:10:00,744.3,745,744,744.15,660623,0.3147,-0.1422,-321.31,757.9500,-1.82
2026-03-30 12:15:00,744.15,745,743.55,744.25,679277,0.3423,-0.1422,-340.72,757.9500,-1.81
2026-03-30 12:20:00,744.2,746,743.4,743.4,550538,0.3005,-0.1422,-311.32,757.9500,-1.92
2026-03-30 12:25:00,743.55,743.75,742.75,743.4,487103,0.2709,-0.1422,-290.51,757.9500,-1.92
2026-03-30 12:30:00,743.45,744.3,743,744,379923,0.2883,-0.1422,-302.74,757.9500,-1.84
2026-03-30 12:35:00,743.85,745,743.6,744.45,394109,0.3239,-0.1422,-327.78,757.9500,-1.78
2026-03-30 12:40:00,744.45,744.95,744,744.2,530933,0.3237,-0.1422,-327.64,757.9500,-1.81
2026-03-30 12:45:00,744.2,744.6,743.6,743.7,351567,0.2844,-0.1422,-300.00,757.9500,-1.88
2026-03-30 12:50:00,743.7,744,742.7,743.05,405812,0.2124,-0.1422,-249.37,757.9500,-1.97
2026-03-30 12:55:00,743,744.3,742.35,744.2,374083,0.2380,-0.1422,-267.37,757.9500,-1.81
2026-03-30 13:00:00,744.1,744.35,742.95,743.05,372539,0.1762,-0.1422,-223.91,757.9500,-1.97
2026-03-30 13:05:00,743,743.45,742.25,742.7,477213,0.1135,-0.1422,-179.82,757.9500,-2.01
2026-03-30 13:10:00,742.7,742.8,741.45,742.55,634898,0.0659,-0.1422,-146.34,757.9500,-2.03
2026-03-30 13:15:00,742.5,742.85,740.15,740.55,1106264,-0.0877,-0.1422,-38.33,757.9500,-2.30
2026-03-30 13:20:00,740.65,740.8,739.2,739.65,868449,-0.2295,-0.1422,61.39,757.9500,-2.41
2026-03-30 13:25:00,739.7,739.9,737.2,738.65,944810,-0.3623,-0.1422,154.78,757.9500,-2.55
2026-03-30 13:30:00,738.65,739.15,738.05,738.9,349936,-0.4018,-0.1422,182.56,757.9500,-2.51
2026-03-30 13:35:00,738.8,739.35,737.6,738.95,492376,-0.3927,-0.1422,176.16,757.9500,-2.51
2026-03-30 13:40:00,739,739.25,737.1,737.45,543079,-0.4516,-0.1422,217.58,757.9500,-2.70
2026-03-30 13:45:00,737.45,737.45,736.5,737,680927,-0.4820,-0.1422,238.96,757.9500,-2.76
2026-03-30 13:50:00,736.85,737.9,736.05,736.4,1120367,-0.5014,-0.1422,252.60,757.9500,-2.84
2026-03-30 13:55:00,736.35,737.9,736,737.15,1244780,-0.4256,-0.1422,199.30,757.9500,-2.74
2026-03-30 14:00:00,737.15,737.65,735.65,736,1481492,-0.4144,-0.1422,191.42,757.9500,-2.90
2026-03-30 14:05:00,736,736.75,735,735.6,1148787,-0.3955,-0.1422,178.13,757.9500,-2.95
2026-03-30 14:10:00,735.8,735.95,734.1,734.6,812341,-0.4101,-0.1422,188.40,757.9500,-3.08
2026-03-30 14:15:00,734.55,734.6,732.85,733.15,1206299,-0.4727,-0.1422,232.42,757.9500,-3.27
2026-03-30 14:20:00,733.2,733.8,730.95,731.4,1521889,-0.5802,-0.1422,308.02,757.9500,-3.50
2026-03-30 14:25:00,731.4,732.5,730.5,731.95,1237892,-0.5621,-0.1422,295.29,757.9500,-3.43
2026-03-30 14:30:00,732,733.4,729.65,731.2,3401916,-0.5479,-0.1422,285.30,757.9500,-3.53
2026-03-30 14:35:00,731.15,732.85,729.85,731.9,1776928,-0.4432,-0.1422,211.67,757.9500,-3.44
2026-03-30 14:40:00,732,732.5,730.75,731.85,1539592,-0.3340,-0.1422,134.88,757.9500,-3.44
2026-03-30 14:45:00,731.8,732,729.85,731,1540868,-0.2780,-0.1422,95.50,757.9500,-3.56
2026-03-30 14:50:00,731,731.75,730.5,731.05,826698,-0.2003,-0.1422,40.86,757.9500,-3.55
2026-03-30 14:55:00,731.05,731.9,730.05,731.45,1439114,-0.0902,-0.1422,-36.57,757.9500,-3.50
2026-03-30 15:00:00,731.45,732.35,727,727.55,7715249,-0.2398,-0.1422,68.64,757.9500,-4.01
2026-03-30 15:05:00,727.55,731.45,726.65,730.9,6129716,-0.0811,-0.1422,-42.97,757.9500,-3.57
2026-03-30 15:10:00,730.9,731.85,729.8,731.55,5126732,0.0904,-0.1422,-163.57,757.9500,-3.48
2026-03-30 15:15:00,731.55,733.9,731,731.95,5610767,0.2448,-0.1422,-272.15,757.9500,-3.43
2026-03-30 15:20:00,731.9,736.85,731.05,736.2,4382564,0.6254,-0.1422,-539.80,757.9500,-2.87
2026-03-30 15:25:00,736.2,737,733.5,735,3478239,0.7787,-0.1422,-647.61,757.9500,-3.03
2026-04-01 09:15:00,743,752.65,743,752.15,7586750,1.9508,0.7787,150.52,735.0000,2.33
2026-04-01 09:20:00,752.1,754.4,749.7,754.4,2079051,2.7446,0.7787,252.46,735.0000,2.64
2026-04-01 09:25:00,754.25,755.9,750.45,751.7,1238471,2.9376,0.7787,277.24,735.0000,2.27
2026-04-01 09:30:00,751.8,751.9,747,747,1671946,2.6096,0.7787,235.12,735.0000,1.63
2026-04-01 09:35:00,747.1,747.1,744.15,746.5,1378092,2.2342,0.7787,186.91,735.0000,1.56
2026-04-01 09:40:00,746.45,748.05,745.1,747.15,1214007,1.9172,0.7787,146.21,735.0000,1.65
2026-04-01 09:45:00,747.1,747.85,745.1,747.4,1192700,1.6235,0.7787,108.49,735.0000,1.69
2026-04-01 09:50:00,747.15,748.6,745.6,747.15,1092717,1.3241,0.7787,70.04,735.0000,1.65
2026-04-01 09:55:00,747.1,747.35,745.4,747.25,767306,1.0563,0.7787,35.65,735.0000,1.67
2026-04-01 10:00:00,747.3,748.25,747,747.7,593698,0.8421,0.7787,8.14,735.0000,1.73
2026-04-01 10:05:00,747.7,747.7,746.5,746.6,356244,0.5720,0.7787,-26.54,735.0000,1.58
2026-04-01 10:10:00,746.55,746.6,745.7,745.85,419196,0.3020,0.7787,-61.22,735.0000,1.48
2026-04-01 10:15:00,745.8,746.4,745,745.25,583754,0.0552,0.7787,-92.91,735.0000,1.39
2026-04-01 10:20:00,745.25,745.25,741.4,741.8,1147568,-0.3463,0.7787,-144.47,735.0000,0.93
2026-04-01 10:25:00,741.8,741.9,740,741.35,876830,-0.6313,0.7787,-181.07,735.0000,0.86
2026-04-01 10:30:00,741.35,742.7,740.05,741.05,565341,-0.8174,0.7787,-204.97,735.0000,0.82
2026-04-01 10:35:00,741.05,742.5,741.05,741.95,325215,-0.8534,0.7787,-209.59,735.0000,0.95
2026-04-01 10:40:00,741.95,742.45,741.35,741.85,471996,-0.8552,0.7787,-209.82,735.0000,0.93
2026-04-01 10:45:00,741.85,742.75,741.15,741.6,735182,-0.8431,0.7787,-208.27,735.0000,0.90
2026-04-01 10:50:00,741.7,742.7,741.15,741.5,639985,-0.8114,0.7787,-204.20,735.0000,0.88
2026-04-01 10:55:00,741.5,742.25,740.7,741.1,434542,-0.7865,0.7787,-201.00,735.0000,0.83
2026-04-01 11:00:00,741.35,741.4,740,740.6,748153,-0.7716,0.7787,-199.09,735.0000,0.76
2026-04-01 11:05:00,740.65,741.1,739.1,741.05,660696,-0.7015,0.7787,-190.09,735.0000,0.82
2026-04-01 11:10:00,741.05,741.8,740.5,741.2,525034,-0.6179,0.7787,-179.35,735.0000,0.84
2026-04-01 11:15:00,741.2,741.9,740.6,741.9,1028595,-0.4938,0.7787,-163.41,735.0000,0.94
2026-04-01 11:20:00,741.9,742.3,741.65,742.2,330299,-0.3752,0.7787,-148.18,735.0000,0.98
2026-04-01 11:25:00,742.2,746.95,741.75,746.2,1979670,-0.0292,0.7787,-103.75,735.0000,1.52
2026-04-01 11:30:00,746.2,747.3,745.15,747.05,1929418,0.2401,0.7787,-69.17,735.0000,1.64
2026-04-01 11:35:00,747,747.2,746.1,746.8,802530,0.3765,0.7787,-51.65,735.0000,1.61
2026-04-01 11:40:00,746.75,747.5,745.5,746.5,843652,0.4184,0.7787,-46.27,735.0000,1.56
2026-04-01 11:45:00,746.5,747.25,744.25,744.75,712706,0.3054,0.7787,-60.78,735.0000,1.33
2026-04-01 11:50:00,744.7,744.7,743.3,743.55,545515,0.1357,0.7787,-82.57,735.0000,1.16
2026-04-01 11:55:00,743.55,744.85,743.45,743.6,389928,0.0187,0.7787,-97.60,735.0000,1.17
2026-04-01 12:00:00,743.55,748,743.55,747.15,871079,0.1643,0.7787,-78.90,735.0000,1.65
2026-04-01 12:05:00,747.3,748.45,745.8,746.7,1206331,0.2111,0.7787,-72.89,735.0000,1.59
2026-04-01 12:10:00,746.55,747.25,745.85,746.65,398860,0.2187,0.7787,-71.91,735.0000,1.59
2026-04-01 12:15:00,746.65,747,745.3,745.5,688981,0.1305,0.7787,-83.24,735.0000,1.43
2026-04-01 12:20:00,745.5,746.15,745.4,745.75,387708,0.0760,0.7787,-90.24,735.0000,1.46
2026-04-01 12:25:00,745.75,746.85,745.6,746.1,316431,0.0517,0.7787,-93.36,735.0000,1.51
2026-04-01 12:30:00,746.1,747.2,746.05,746.75,424804,0.0666,0.7787,-91.45,735.0000,1.60
2026-04-01 12:35:00,746.75,747.1,746.05,747,414377,0.0796,0.7787,-89.78,735.0000,1.63
2026-04-01 12:40:00,747.05,747.3,745.05,745.1,599415,-0.0467,0.7787,-106.00,735.0000,1.37
2026-04-01 12:45:00,745.05,746.9,745,746.65,705409,-0.0333,0.7787,-104.28,735.0000,1.59
2026-04-01 12:50:00,746.55,746.75,746.1,746.55,270833,-0.0383,0.7787,-104.92,735.0000,1.57
2026-04-01 12:55:00,746.55,747.25,746,747.05,415334,-0.0163,0.7787,-102.09,735.0000,1.64
2026-04-01 13:00:00,747.05,747.55,746.9,747.5,1011861,0.0185,0.7787,-97.62,735.0000,1.70
2026-04-01 13:05:00,747.55,749.25,747.1,749.15,640649,0.1359,0.7787,-82.55,735.0000,1.93
2026-04-01 13:10:00,749.15,749.15,747,749,585467,0.1837,0.7787,-76.41,735.0000,1.90
2026-04-01 13:15:00,749,749.9,747.2,747.95,796666,0.1277,0.7787,-83.60,735.0000,1.76
2026-04-01 13:20:00,748,748.2,745.8,746.55,556200,-0.0132,0.7787,-101.70,735.0000,1.57
2026-04-01 13:25:00,746.55,747.75,746.25,747.55,771071,-0.0467,0.7787,-106.00,735.0000,1.71
2026-04-01 13:30:00,747.6,747.6,746.25,746.8,385088,-0.1227,0.7787,-115.76,735.0000,1.61
2026-04-01 13:35:00,746.8,747.6,745.55,747.25,1196375,-0.1445,0.7787,-118.56,735.0000,1.67
2026-04-01 13:40:00,747.3,747.5,745.2,746.1,1852093,-0.2330,0.7787,-129.92,735.0000,1.51
2026-04-01 13:45:00,746.1,747.75,745.1,747.4,1037085,-0.2017,0.7787,-125.90,735.0000,1.69
2026-04-01 13:50:00,747.4,747.9,745.9,746.05,656737,-0.2656,0.7787,-134.11,735.0000,1.50
2026-04-01 13:55:00,746.05,748.4,745.3,747.25,779379,-0.2226,0.7787,-128.59,735.0000,1.67
2026-04-01 14:00:00,747.25,748.8,746.9,748.4,395559,-0.1174,0.7787,-115.08,735.0000,1.82
2026-04-01 14:05:00,748.4,749.9,748,749.2,830748,-0.0009,0.7787,-100.12,735.0000,1.93
2026-04-01 14:10:00,749.45,749.95,748.7,749.75,530529,0.1006,0.7787,-87.08,735.0000,2.01
2026-04-01 14:15:00,749.75,749.8,747.8,748.4,324849,0.0660,0.7787,-91.52,735.0000,1.82
2026-04-01 14:20:00,748.35,748.5,747.5,748.1,445259,0.0148,0.7787,-98.10,735.0000,1.78
2026-04-01 14:25:00,748.05,750.6,747.9,750.05,946686,0.0993,0.7787,-87.25,735.0000,2.05
2026-04-01 14:30:00,750.05,750.05,747.55,747.65,506300,-0.0134,0.7787,-101.72,735.0000,1.72
2026-04-01 14:35:00,747.6,747.65,745,745,470606,-0.2596,0.7787,-133.34,735.0000,1.36
2026-04-01 14:40:00,745,745.6,744.15,744.85,609304,-0.4165,0.7787,-153.49,735.0000,1.34
2026-04-01 14:45:00,744.8,744.85,743.7,744.75,616240,-0.5051,0.7787,-164.86,735.0000,1.33
2026-04-01 14:50:00,744.6,745.6,744.2,745.5,621190,-0.4908,0.7787,-163.03,735.0000,1.43
2026-04-01 14:55:00,745.5,746.45,744.05,744.15,763834,-0.5457,0.7787,-170.08,735.0000,1.24
2026-04-01 15:00:00,744.2,745.2,742.5,742.65,2439887,-0.6493,0.7787,-183.38,735.0000,1.04
2026-04-01 15:05:00,742.65,742.95,741.1,742,2420960,-0.7224,0.7787,-192.77,735.0000,0.95
2026-04-01 15:10:00,741.75,742.2,740.4,740.75,2239727,-0.8092,0.7787,-203.92,735.0000,0.78
2026-04-01 15:15:00,740.75,741.85,740.7,741.4,1565865,-0.7769,0.7787,-199.77,735.0000,0.87
2026-04-01 15:20:00,741.45,742.75,741.25,742.7,1513479,-0.6283,0.7787,-180.69,735.0000,1.05
2026-04-01 15:25:00,742.7,744.9,741.6,744,2107006,-0.4133,0.7787,-153.08,735.0000,1.22
2026-04-02 09:15:00,730,731,726.65,727.75,2504102,-1.2870,-0.4133,211.40,744.0000,-2.18
2026-04-02 09:20:00,727.9,730.9,727.1,730.45,944164,-1.5849,-0.4133,283.47,744.0000,-1.82
2026-04-02 09:25:00,730.45,731,729.05,730.75,553291,-1.6559,-0.4133,300.65,744.0000,-1.78
2026-04-02 09:30:00,730.8,733.8,730.75,731.7,977069,-1.5357,-0.4133,271.57,744.0000,-1.65
2026-04-02 09:35:00,731.7,734.4,731.6,732.25,471182,-1.3240,-0.4133,220.35,744.0000,-1.58
2026-04-02 09:40:00,732.25,733,731.3,732.45,419130,-1.0853,-0.4133,162.59,744.0000,-1.55
2026-04-02 09:45:00,732.3,733.35,732.1,733.1,312577,-0.8111,-0.4133,96.25,744.0000,-1.47
2026-04-02 09:50:00,733.1,733.9,731.55,732.45,313137,-0.6100,-0.4133,47.59,744.0000,-1.55
2026-04-02 09:55:00,732.35,732.45,731.2,732.35,234027,-0.4289,-0.4133,3.77,744.0000,-1.57
2026-04-02 10:00:00,732.2,732.55,731.35,731.8,365990,-0.2976,-0.4133,-27.99,744.0000,-1.64
2026-04-02 10:05:00,731.8,732.6,730.65,731.8,371163,-0.1684,-0.4133,-59.25,744.0000,-1.64
2026-04-02 10:10:00,731.75,732.35,730.5,731.65,375964,-0.0567,-0.4133,-86.28,744.0000,-1.66
2026-04-02 10:15:00,731.65,731.85,729.1,729.85,725839,-0.0669,-0.4133,-83.81,744.0000,-1.90
2026-04-02 10:20:00,729.85,730.9,729.15,730.1,289970,-0.0220,-0.4133,-94.68,744.0000,-1.87
2026-04-02 10:25:00,730.4,731.2,730.05,730.15,180096,0.0423,-0.4133,-110.23,744.0000,-1.86
2026-04-02 10:30:00,730.15,730.7,728.9,729.4,452576,0.0644,-0.4133,-115.58,744.0000,-1.96
2026-04-02 10:35:00,729.5,729.65,729.1,729.35,143535,0.1033,-0.4133,-124.99,744.0000,-1.97
2026-04-02 10:40:00,729.15,730.5,728.9,730.3,337484,0.2142,-0.4133,-151.83,744.0000,-1.84
2026-04-02 10:45:00,730.3,730.45,728.95,730.3,447079,0.3035,-0.4133,-173.43,744.0000,-1.84
2026-04-02 10:50:00,730.3,731.85,730,731.65,287517,0.4599,-0.4133,-211.28,744.0000,-1.66
2026-04-02 10:55:00,731.65,732,731.05,731.7,245228,0.5662,-0.4133,-236.99,744.0000,-1.65
2026-04-02 11:00:00,731.65,731.8,730.45,731.75,249155,0.6342,-0.4133,-253.45,744.0000,-1.65
2026-04-02 11:05:00,731.7,732,730.3,731.2,373779,0.6349,-0.4133,-253.62,744.0000,-1.72
2026-04-02 11:10:00,731.05,732,730.5,731.65,615035,0.6558,-0.4133,-258.67,744.0000,-1.66
2026-04-02 11:15:00,731.65,732,730.45,731.1,488748,0.6229,-0.4133,-250.71,744.0000,-1.73
2026-04-02 11:20:00,731.1,731.8,730.55,731.7,362581,0.6299,-0.4133,-252.41,744.0000,-1.65
2026-04-02 11:25:00,731.55,731.7,730.45,731,334588,0.5773,-0.4133,-239.68,744.0000,-1.75
2026-04-02 11:30:00,730.95,732,730.8,731.85,514871,0.5877,-0.4133,-242.20,744.0000,-1.63
2026-04-02 11:35:00,731.8,733.25,731.6,733,540793,0.6547,-0.4133,-258.41,744.0000,-1.48
2026-04-02 11:40:00,733,733.25,732.35,732.8,503239,0.6661,-0.4133,-261.17,744.0000,-1.51
2026-04-02 11:45:00,732.6,733.6,732.55,733.35,251298,0.6884,-0.4133,-266.56,744.0000,-1.43
2026-04-02 11:50:00,733.35,734.1,733.1,733.8,377431,0.7085,-0.4133,-271.43,744.0000,-1.37
2026-04-02 11:55:00,733.8,736.35,733.3,735.6,477839,0.8105,-0.4133,-296.10,744.0000,-1.13
2026-04-02 12:00:00,735.6,736.25,735,735.75,372293,0.8515,-0.4133,-306.02,744.0000,-1.11
2026-04-02 12:05:00,735.85,735.9,734.5,735.25,314924,0.8087,-0.4133,-295.67,744.0000,-1.18
2026-04-02 12:10:00,735.1,735.95,734.9,735.1,144401,0.7360,-0.4133,-278.08,744.0000,-1.20
2026-04-02 12:15:00,735.1,735.5,734.55,735,219167,0.6500,-0.4133,-257.27,744.0000,-1.21
2026-04-02 12:20:00,735.1,735.25,734.05,735.05,213716,0.5682,-0.4133,-237.48,744.0000,-1.20
2026-04-02 12:25:00,735.05,735.55,734.65,735.45,166111,0.5143,-0.4133,-224.44,744.0000,-1.15
2026-04-02 12:30:00,735.4,736.3,734.55,735.9,218493,0.4829,-0.4133,-216.84,744.0000,-1.09
2026-04-02 12:35:00,736.05,737.95,735.45,737.45,375326,0.5362,-0.4133,-229.74,744.0000,-0.88
2026-04-02 12:40:00,737.5,737.8,736,737.4,304894,0.5365,-0.4133,-229.81,744.0000,-0.89
2026-04-02 12:45:00,737.4,737.9,736.25,736.7,312630,0.4609,-0.4133,-211.52,744.0000,-0.98
2026-04-02 12:50:00,736.75,738,736.2,737.25,438864,0.4204,-0.4133,-201.72,744.0000,-0.91
2026-04-02 12:55:00,737.2,739.45,737.05,737.45,1537883,0.3807,-0.4133,-192.11,744.0000,-0.88
2026-04-02 13:00:00,737.4,739.2,737.4,738.05,896108,0.3683,-0.4133,-189.11,744.0000,-0.80
2026-04-02 13:05:00,737.95,738.25,735.8,737.7,664661,0.3121,-0.4133,-175.51,744.0000,-0.85
2026-04-02 13:10:00,737.7,738.45,737.35,737.75,395247,0.2563,-0.4133,-162.01,744.0000,-0.84
2026-04-02 13:15:00,737.75,739,737.45,738.35,458644,0.2381,-0.4133,-157.61,744.0000,-0.76
2026-04-02 13:20:00,738.4,739.4,738,739.15,674269,0.2568,-0.4133,-162.13,744.0000,-0.65
2026-04-02 13:25:00,739.15,740.95,738.55,740.95,632836,0.3607,-0.4133,-187.27,744.0000,-0.41
2026-04-02 13:30:00,740.95,742.5,740.15,741.6,718140,0.4384,-0.4133,-206.07,744.0000,-0.32
2026-04-02 13:35:00,741.4,742.2,740.15,742.05,291465,0.4819,-0.4133,-216.60,744.0000,-0.26
2026-04-02 13:40:00,742.05,742.75,741.85,742.05,475282,0.4718,-0.4133,-214.15,744.0000,-0.26
2026-04-02 13:45:00,742,743,741.6,742.3,344627,0.4436,-0.4133,-207.33,744.0000,-0.23
2026-04-02 13:50:00,742.35,743.25,741.5,742.55,340953,0.4044,-0.4133,-197.85,744.0000,-0.19
2026-04-02 13:55:00,742.2,743.2,740.65,742.4,472300,0.3340,-0.4133,-180.81,744.0000,-0.22
2026-04-02 14:00:00,742.35,742.9,741.8,742.55,275913,0.2661,-0.4133,-164.38,744.0000,-0.19
2026-04-02 14:05:00,742.4,743.5,741.65,743.4,410431,0.2474,-0.4133,-159.86,744.0000,-0.08
2026-04-02 14:10:00,743.15,745.9,743.05,745.6,565784,0.3461,-0.4133,-183.74,744.0000,0.22
2026-04-02 14:15:00,745.3,748.2,745.25,747.9,1343936,0.5188,-0.4133,-225.53,744.0000,0.52
2026-04-02 14:20:00,747.9,748.55,746.65,748.55,556233,0.6223,-0.4133,-250.57,744.0000,0.61
2026-04-02 14:25:00,748.5,749.25,747,748.4,723246,0.6246,-0.4133,-251.13,744.0000,0.59
2026-04-02 14:30:00,748.65,749.55,747.4,748.05,548866,0.5491,-0.4133,-232.86,744.0000,0.54
2026-04-02 14:35:00,748.05,748.45,743.85,745,534604,0.2553,-0.4133,-161.77,744.0000,0.13
2026-04-02 14:40:00,744.95,745.5,743.4,744.05,1334736,-0.0265,-0.4133,-93.59,744.0000,0.01
2026-04-02 14:45:00,744.15,746.4,743.1,745.1,591317,-0.1583,-0.4133,-61.70,744.0000,0.15
2026-04-02 14:50:00,745.1,746.85,745,746,553776,-0.1985,-0.4133,-51.97,744.0000,0.27
2026-04-02 14:55:00,746.05,747.75,745.65,747.75,409399,-0.1243,-0.4133,-69.92,744.0000,0.50
2026-04-02 15:00:00,747.5,749.5,747.25,749.45,2500961,0.0146,-0.4133,-103.53,744.0000,0.73
2026-04-02 15:05:00,749.4,752,748.5,751.85,2404570,0.2316,-0.4133,-156.04,744.0000,1.06
2026-04-02 15:10:00,751.85,753,751,752.95,2118160,0.4026,-0.4133,-197.41,744.0000,1.20
2026-04-02 15:15:00,752.95,755,751.4,752.05,3132536,0.4072,-0.4133,-198.52,744.0000,1.08
2026-04-02 15:20:00,752.05,752.95,748.75,750,2274284,0.2331,-0.4133,-156.40,744.0000,0.81
2026-04-02 15:25:00,749.8,752,748.35,751,1255982,0.1500,-0.4133,-136.29,744.0000,0.94
2026-04-06 09:15:00,759,760.7,746.1,750.35,3853396,0.0229,0.1500,-84.73,751.0000,-0.09
2026-04-06 09:20:00,750.25,751.8,747.5,748.4,818416,-0.2083,0.1500,-238.87,751.0000,-0.35
2026-04-06 09:25:00,748.6,748.7,746.2,746.45,621088,-0.4921,0.1500,-428.07,751.0000,-0.61
2026-04-06 09:30:00,746.45,749.5,746.3,749.1,552190,-0.4993,0.1500,-432.87,751.0000,-0.25
2026-04-06 09:35:00,749.15,751.45,748.3,750.4,932674,-0.4178,0.1500,-378.53,751.0000,-0.08
2026-04-06 09:40:00,750.4,750.65,745,745.85,697515,-0.6573,0.1500,-538.20,751.0000,-0.69
2026-04-06 09:45:00,746,747,745.8,746.05,325914,-0.7808,0.1500,-620.53,751.0000,-0.66
2026-04-06 09:50:00,746.15,747.5,745,745.7,466495,-0.8586,0.1500,-672.40,751.0000,-0.71
2026-04-06 09:55:00,745.7,747,745.5,746.2,306459,-0.8473,0.1500,-664.87,751.0000,-0.64
2026-04-06 10:00:00,746.2,746.95,746,746.55,316385,-0.7884,0.1500,-625.60,751.0000,-0.59
2026-04-06 10:05:00,746.55,747.5,746.15,746.45,285259,-0.7298,0.1500,-586.53,751.0000,-0.61
2026-04-06 10:10:00,746.45,750.05,745.35,748.25,1027041,-0.5514,0.1500,-467.60,751.0000,-0.37
2026-04-06 10:15:00,748.5,750.5,747.75,748.75,1178324,-0.3891,0.1500,-359.40,751.0000,-0.30
2026-04-06 10:20:00,748.75,750.5,748.5,749.05,451884,-0.2572,0.1500,-271.47,751.0000,-0.26
2026-04-06 10:25:00,749.2,750.8,747.8,750,1063212,-0.1092,0.1500,-172.80,751.0000,-0.13
2026-04-06 10:30:00,750,750.75,749.05,750.75,340513,0.0286,0.1500,-80.93,751.0000,-0.03
2026-04-06 10:35:00,750.75,753.5,750.45,753.45,664961,0.2772,0.1500,84.80,751.0000,0.33
2026-04-06 10:40:00,753.5,754.2,752.05,753.9,404473,0.4379,0.1500,191.93,751.0000,0.39
2026-04-06 10:45:00,753.9,754.75,753.4,754,383645,0.5119,0.1500,241.27,751.0000,0.40
2026-04-06 10:50:00,754,755,752.3,753.95,576207,0.5168,0.1500,244.53,751.0000,0.39
2026-04-06 10:55:00,754.1,754.95,753.35,754.25,395662,0.4993,0.1500,232.87,751.0000,0.43
2026-04-06 11:00:00,754.25,754.5,752.4,752.7,465128,0.3496,0.1500,133.07,751.0000,0.23
2026-04-06 11:05:00,752.7,753.15,751.3,752.25,310363,0.1942,0.1500,29.47,751.0000,0.17
2026-04-06 11:10:00,752.25,753.05,751.15,751.8,369742,0.0429,0.1500,-71.40,751.0000,0.11
2026-04-06 11:15:00,751.8,755.45,751.7,755.25,412505,0.1509,0.1500,0.60,751.0000,0.57
2026-04-06 11:20:00,755.25,756.65,754.9,755.9,609854,0.2368,0.1500,57.87,751.0000,0.65
2026-04-06 11:25:00,755.9,756.1,754,755.5,317120,0.2368,0.1500,57.87,751.0000,0.60
2026-04-06 11:30:00,755.5,755.9,753.9,754.7,391481,0.1568,0.1500,4.53,751.0000,0.49
2026-04-06 11:35:00,754.5,756.4,754.5,755.25,314505,0.1167,0.1500,-22.20,751.0000,0.57
2026-04-06 11:40:00,755.1,756.25,754.65,756,270862,0.1162,0.1500,-22.53,751.0000,0.67
2026-04-06 11:45:00,756,756.25,755.1,755.3,293105,0.0478,0.1500,-68.13,751.0000,0.57
2026-04-06 11:50:00,755.35,756.35,755.1,756.3,300494,0.0487,0.1500,-67.53,751.0000,0.71
2026-04-06 11:55:00,756.3,758.55,755.85,758.2,882205,0.1504,0.1500,0.27,751.0000,0.96
2026-04-06 12:00:00,758.2,758.5,756.35,756.9,314496,0.1054,0.1500,-29.73,751.0000,0.79
2026-04-06 12:05:00,757.05,759,756.75,758.05,622009,0.1268,0.1500,-15.47,751.0000,0.94
2026-04-06 12:10:00,758.05,758.35,756.05,756.6,341254,0.0226,0.1500,-84.93,751.0000,0.75
2026-04-06 12:15:00,756.6,758,756.3,757.1,348030,-0.0305,0.1500,-120.33,751.0000,0.81
2026-04-06 12:20:00,757.4,759.9,757,759,751996,0.0407,0.1500,-72.87,751.0000,1.07
2026-04-06 12:25:00,759,761,758.85,760.05,484292,0.1316,0.1500,-12.27,751.0000,1.21
2026-04-06 12:30:00,760,760.5,757.6,757.65,554166,0.0097,0.1500,-93.53,751.0000,0.89
2026-04-06 12:35:00,757.65,759.8,757.55,759.3,401986,0.0192,0.1500,-87.20,751.0000,1.11
2026-04-06 12:40:00,759.4,760,758.7,759.65,506805,0.0276,0.1500,-81.60,751.0000,1.15
2026-04-06 12:45:00,759.7,764.05,759.55,763.7,648024,0.2709,0.1500,80.60,751.0000,1.69
2026-04-06 12:50:00,763.9,765,762.45,764.2,674805,0.4215,0.1500,181.00,751.0000,1.76
2026-04-06 12:55:00,764.1,765.8,764,765.75,372965,0.5722,0.1500,281.47,751.0000,1.96
2026-04-06 13:00:00,765.75,765.8,763.05,763.25,352002,0.4553,0.1500,203.53,751.0000,1.63
2026-04-06 13:05:00,763.35,765.25,763.1,765.2,338784,0.4597,0.1500,206.47,751.0000,1.89
2026-04-06 13:10:00,765.2,768.05,765.05,767.7,583469,0.5739,0.1500,282.60,751.0000,2.22
2026-04-06 13:15:00,767.7,768.05,766.35,767.35,314259,0.5679,0.1500,278.60,751.0000,2.18
2026-04-06 13:20:00,767.45,769,767.3,768.2,368284,0.5620,0.1500,274.67,751.0000,2.29
2026-04-06 13:25:00,768.2,768.4,766.35,767.05,346221,0.4277,0.1500,185.13,751.0000,2.14
2026-04-06 13:30:00,767.25,769,767.25,768.35,515393,0.3753,0.1500,150.20,751.0000,2.31
2026-04-06 13:35:00,768.4,769,767.35,767.4,330347,0.2324,0.1500,54.93,751.0000,2.18
2026-04-06 13:40:00,767.4,768.15,767.2,767.35,356727,0.0974,0.1500,-35.07,751.0000,2.18
2026-04-06 13:45:00,767.35,768.55,766.5,766.5,363372,-0.0770,0.1500,-151.33,751.0000,2.06
2026-04-06 13:50:00,766.55,768.5,766.1,767.9,345785,-0.1232,0.1500,-182.13,751.0000,2.25
2026-04-06 13:55:00,767.9,768.35,766.8,767.5,386418,-0.2011,0.1500,-234.07,751.0000,2.20
2026-04-06 14:00:00,767.5,768.65,767.3,768.45,366027,-0.2083,0.1500,-238.87,751.0000,2.32
2026-04-06 14:05:00,768.5,768.7,766.85,767.55,414029,-0.2883,0.1500,-292.20,751.0000,2.20
2026-04-06 14:10:00,767.55,770,767.5,769.7,623486,-0.2145,0.1500,-243.00,751.0000,2.49
2026-04-06 14:15:00,769.7,771.7,769.6,769.9,934392,-0.1721,0.1500,-214.73,751.0000,2.52
2026-04-06 14:20:00,769.95,770,768.5,768.85,517085,-0.2310,0.1500,-254.00,751.0000,2.38
2026-04-06 14:25:00,768.9,769.1,767.25,767.25,571646,-0.3848,0.1500,-356.53,751.0000,2.16
2026-04-06 14:30:00,767.35,768.8,767.25,768.7,441184,-0.3946,0.1500,-363.07,751.0000,2.36
2026-04-06 14:35:00,768.7,769.05,767.95,768.5,412789,-0.4180,0.1500,-378.67,751.0000,2.33
2026-04-06 14:40:00,768.55,769,767.5,768.35,352273,-0.4445,0.1500,-396.33,751.0000,2.31
2026-04-06 14:45:00,768.25,769,768,768.65,296744,-0.4419,0.1500,-394.60,751.0000,2.35
2026-04-06 14:50:00,768.65,769,767.5,768,344796,-0.4808,0.1500,-420.53,751.0000,2.26
2026-04-06 14:55:00,768,769.25,766.8,767.35,688773,-0.5425,0.1500,-461.67,751.0000,2.18
2026-04-06 15:00:00,767.35,771.5,767.2,769.95,1004641,-0.4067,0.1500,-371.13,751.0000,2.52
2026-04-06 15:05:00,770,771.8,769.65,771.4,1573413,-0.2267,0.1500,-251.13,751.0000,2.72
2026-04-06 15:10:00,771.4,772.75,770.65,772.45,634273,-0.0534,0.1500,-135.60,751.0000,2.86
2026-04-06 15:15:00,772.45,772.7,771.3,771.7,712173,-0.0081,0.1500,-105.40,751.0000,2.76
2026-04-06 15:20:00,771.75,772.15,770.8,771.45,737133,-0.0135,0.1500,-109.00,751.0000,2.72
2026-04-06 15:25:00,771.65,772.1,770.05,770.9,563149,-0.0696,0.1500,-146.40,751.0000,2.65
2026-04-07 09:15:00,766,767.6,761,762.35,1110404,-0.6648,-0.0696,855.17,770.9000,-1.11
2026-04-07 09:20:00,762.3,765.6,761.7,763.35,1037421,-0.9558,-0.0696,1273.28,770.9000,-0.98
2026-04-07 09:25:00,763.5,767,763.2,767,623235,-0.8695,-0.0696,1149.28,770.9000,-0.51
2026-04-07 09:30:00,767,767.05,764.8,765.1,455870,-0.9035,-0.0696,1198.13,770.9000,-0.75
2026-04-07 09:35:00,765.1,766.45,764.25,765.8,360481,-0.8432,-0.0696,1111.49,770.9000,-0.66
2026-04-07 09:40:00,765.8,766.5,763.1,763.35,419673,-0.9259,-0.0696,1230.32,770.9000,-0.98
2026-04-07 09:45:00,763.45,765,763.05,763.2,553939,-0.9451,-0.0696,1257.90,770.9000,-1.00
2026-04-07 09:50:00,763.4,765.5,763.1,764.95,440563,-0.8001,-0.0696,1049.57,770.9000,-0.77
2026-04-07 09:55:00,765.1,766.85,764.95,766.8,577402,-0.5516,-0.0696,692.53,770.9000,-0.53
2026-04-07 10:00:00,766.8,767.95,766,767.25,706290,-0.3393,-0.0696,387.50,770.9000,-0.47
2026-04-07 10:05:00,767.25,767.8,766.4,766.8,287034,-0.2174,-0.0696,212.36,770.9000,-0.53
2026-04-07 10:10:00,766.8,768,766.4,767.25,405342,-0.1008,-0.0696,44.83,770.9000,-0.47
2026-04-07 10:15:00,767.45,769.5,767.2,768.9,438115,0.0834,-0.0696,-219.83,770.9000,-0.26
2026-04-07 10:20:00,768.9,769.5,765.5,766.4,486878,0.0351,-0.0696,-150.43,770.9000,-0.58
2026-04-07 10:25:00,766.15,766.85,765.7,765.9,176560,-0.0288,-0.0696,-58.62,770.9000,-0.65
2026-04-07 10:30:00,765.9,766.05,764.1,764.5,362938,-0.1565,-0.0696,124.86,770.9000,-0.83
2026-04-07 10:35:00,764.6,765.2,763.25,764.3,536431,-0.2405,-0.0696,245.55,770.9000,-0.86
2026-04-07 10:40:00,764.3,765.4,764.2,764.65,309254,-0.2571,-0.0696,269.40,770.9000,-0.81
2026-04-07 10:45:00,764.65,765.2,763.8,764.7,507879,-0.2491,-0.0696,257.90,770.9000,-0.80
2026-04-07 10:50:00,764.7,765.1,761.5,762.05,741463,-0.3980,-0.0696,471.84,770.9000,-1.15
2026-04-07 10:55:00,762.15,763.5,761.15,761.6,649319,-0.4959,-0.0696,612.50,770.9000,-1.21
2026-04-07 11:00:00,761.6,762.55,761.1,762.25,355830,-0.4855,-0.0696,597.56,770.9000,-1.12
2026-04-07 11:05:00,762.4,763.3,761.9,762.1,763860,-0.4577,-0.0696,557.61,770.9000,-1.14
2026-04-07 11:10:00,762.1,763.75,762,762.85,622298,-0.3620,-0.0696,420.11,770.9000,-1.04
2026-04-07 11:15:00,762.75,765,761.95,763.75,1022409,-0.2183,-0.0696,213.65,770.9000,-0.93
2026-04-07 11:20:00,763.75,767.7,763.25,767,1146415,0.0984,-0.0696,-241.38,770.9000,-0.51
2026-04-07 11:25:00,767,769.7,766.6,768,901285,0.3631,-0.0696,-621.70,770.9000,-0.38
2026-04-07 11:30:00,768,768.25,766.65,767.15,573906,0.4625,-0.0696,-764.51,770.9000,-0.49
2026-04-07 11:35:00,767.2,767.8,766.25,767.15,275952,0.5062,-0.0696,-827.30,770.9000,-0.49
2026-04-07 11:40:00,767.2,767.2,766,766.15,194008,0.4477,-0.0696,-743.25,770.9000,-0.62
2026-04-07 11:45:00,766.15,766.6,765.1,765.35,287489,0.3400,-0.0696,-588.51,770.9000,-0.72
2026-04-07 11:50:00,765.5,767.6,765.4,767.55,203671,0.3979,-0.0696,-671.70,770.9000,-0.43
2026-04-07 11:55:00,767.6,768.95,767.2,767.65,582114,0.4214,-0.0696,-705.46,770.9000,-0.42
2026-04-07 12:00:00,768,768.3,766.2,766.2,367986,0.3224,-0.0696,-563.22,770.9000,-0.61
2026-04-07 12:05:00,766.35,766.45,765.3,766.45,192646,0.2595,-0.0696,-472.84,770.9000,-0.58
2026-04-07 12:10:00,766.45,766.45,765,765.95,326533,0.1741,-0.0696,-350.14,770.9000,-0.64
2026-04-07 12:15:00,765.95,766.3,765.15,765.75,166276,0.0979,-0.0696,-240.66,770.9000,-0.67
2026-04-07 12:20:00,765.75,765.95,764.05,764.65,358400,-0.0264,-0.0696,-62.07,770.9000,-0.81
2026-04-07 12:25:00,764.7,764.7,763.5,764.4,232616,-0.1199,-0.0696,72.27,770.9000,-0.84
2026-04-07 12:30:00,764.45,765.05,763.35,764.6,812253,-0.1602,-0.0696,130.17,770.9000,-0.82
2026-04-07 12:35:00,764.55,764.85,763.35,764.8,221998,-0.1647,-0.0696,136.64,770.9000,-0.79
2026-04-07 12:40:00,764.85,765.05,763.75,764.45,188094,-0.1812,-0.0696,160.34,770.9000,-0.84
2026-04-07 12:45:00,764.45,765.9,764.15,765.5,410125,-0.1147,-0.0696,64.80,770.9000,-0.70
2026-04-07 12:50:00,765.5,766.65,764.3,765.8,1030393,-0.0472,-0.0696,-32.18,770.9000,-0.66
2026-04-07 12:55:00,765.8,766.4,764.65,765.1,219760,-0.0463,-0.0696,-33.48,770.9000,-0.75
2026-04-07 13:00:00,765.1,766.35,764.85,766,168334,0.0150,-0.0696,-121.55,770.9000,-0.64
2026-04-07 13:05:00,766,766,763.5,763.6,642791,-0.0997,-0.0696,43.25,770.9000,-0.95
2026-04-07 13:10:00,763.6,765.45,762.65,764.45,1069944,-0.1111,-0.0696,59.63,770.9000,-0.84
2026-04-07 13:15:00,764.55,766,764.45,765.6,153147,-0.0377,-0.0696,-45.83,770.9000,-0.69
2026-04-07 13:20:00,765.55,766.35,765,765.9,321991,0.0308,-0.0696,-144.25,770.9000,-0.65
2026-04-07 13:25:00,765.9,766.9,765,766.85,270527,0.1341,-0.0696,-292.67,770.9000,-0.53
2026-04-07 13:30:00,766.9,770.5,766.85,769,844974,0.3301,-0.0696,-574.28,770.9000,-0.25
2026-04-07 13:35:00,769.15,770.3,768.5,769.9,462728,0.4933,-0.0696,-808.76,770.9000,-0.13
2026-04-07 13:40:00,769.9,771.9,769.35,771.75,478573,0.6869,-0.0696,-1086.93,770.9000,0.11
2026-04-07 13:45:00,771.6,772.25,769.8,769.8,414686,0.6454,-0.0696,-1027.30,770.9000,-0.14
2026-04-07 13:50:00,769.95,770.95,769.1,769.6,542102,0.5689,-0.0696,-917.39,770.9000,-0.17
2026-04-07 13:55:00,769.6,770.2,767.5,768.2,643956,0.3966,-0.0696,-669.83,770.9000,-0.35
2026-04-07 14:00:00,768.2,769.9,768.05,769.7,375548,0.3575,-0.0696,-613.65,770.9000,-0.16
2026-04-07 14:05:00,769.65,770.1,768.6,769.95,497312,0.3233,-0.0696,-564.51,770.9000,-0.12
2026-04-07 14:10:00,770,771,768.95,771,777439,0.3442,-0.0696,-594.54,770.9000,0.01
2026-04-07 14:15:00,771,772,769.05,769.4,1014368,0.2288,-0.0696,-428.74,770.9000,-0.19
2026-04-07 14:20:00,769.25,770,768.25,768.95,301468,0.1068,-0.0696,-253.45,770.9000,-0.25
2026-04-07 14:25:00,768.85,769.5,768.2,768.65,299291,-0.0036,-0.0696,-94.83,770.9000,-0.29
2026-04-07 14:30:00,768.7,770.85,768.6,769.6,570038,-0.0212,-0.0696,-69.54,770.9000,-0.17
2026-04-07 14:35:00,769.75,770.25,768.05,768.85,514209,-0.0881,-0.0696,26.58,770.9000,-0.27
2026-04-07 14:40:00,768.85,770.2,768.3,769.6,568820,-0.0865,-0.0696,24.28,770.9000,-0.17
2026-04-07 14:45:00,769.65,770.7,769.05,770.25,375154,-0.0482,-0.0696,-30.75,770.9000,-0.08
2026-04-07 14:50:00,770.2,771.55,770.1,770.75,562664,0.0016,-0.0696,-102.30,770.9000,-0.02
2026-04-07 14:55:00,770.95,772.4,770.95,772.05,1283169,0.1071,-0.0696,-253.88,770.9000,0.15
2026-04-07 15:00:00,772.05,774,771.2,772.1,3202434,0.1619,-0.0696,-332.61,770.9000,0.16
2026-04-07 15:05:00,772.05,773.3,770.05,772.9,4001644,0.2296,-0.0696,-429.89,770.9000,0.26
2026-04-07 15:10:00,772.85,773.4,770.4,770.4,2342929,0.0906,-0.0696,-230.17,770.9000,-0.06
2026-04-07 15:15:00,770.4,772.65,770.3,771.55,2398886,0.0622,-0.0696,-189.37,770.9000,0.08
2026-04-07 15:20:00,771.5,772.5,770.7,772.15,2081635,0.0693,-0.0696,-199.57,770.9000,0.16
2026-04-07 15:25:00,772.15,773,771.85,772.4,1335076,0.0758,-0.0696,-208.91,770.9000,0.19
2026-04-08 09:15:00,800,811.4,796,807.95,10684247,2.3342,0.0758,2979.42,772.4000,4.60
2026-04-08 09:20:00,807.95,810.45,804.85,805.5,3210244,3.4552,0.0758,4458.31,772.4000,4.29
2026-04-08 09:25:00,805.25,806.95,804.15,805.5,2329314,3.9531,0.0758,5115.17,772.4000,4.29
2026-04-08 09:30:00,805.5,809.45,805.5,807.4,1782423,4.1465,0.0758,5370.32,772.4000,4.53
2026-04-08 09:35:00,807.4,811.95,807.25,811.3,1950286,4.2572,0.0758,5516.36,772.4000,5.04
2026-04-08 09:40:00,811.3,811.75,810,811.4,1923942,4.0579,0.0758,5253.43,772.4000,5.05
2026-04-08 09:45:00,811.4,813.2,810.5,810.5,2016945,3.6018,0.0758,4651.72,772.4000,4.93
2026-04-08 09:50:00,810.55,815.25,810.5,812.3,3055832,3.1728,0.0758,4085.75,772.4000,5.17
2026-04-08 09:55:00,812.25,815,811.55,812.35,1610131,2.6642,0.0758,3414.78,772.4000,5.17
2026-04-08 10:00:00,812.35,813.8,810.1,810.6,616839,2.0115,0.0758,2553.69,772.4000,4.95
2026-04-08 10:05:00,810.6,812.35,810.05,810.4,574730,1.3971,0.0758,1743.14,772.4000,4.92
2026-04-08 10:10:00,810.25,810.55,808,808.65,952586,0.7367,0.0758,871.90,772.4000,4.69
2026-04-08 10:15:00,808.65,810.25,807.6,810,1098645,0.2783,0.0758,267.15,772.4000,4.87
2026-04-08 10:20:00,809.85,810.45,808.9,809.75,1017835,-0.1322,0.0758,-274.41,772.4000,4.84
2026-04-08 10:25:00,809.55,811.4,809.05,811.1,454959,-0.3887,0.0758,-612.80,772.4000,5.01
2026-04-08 10:30:00,811.1,811.5,809.4,809.9,491793,-0.6972,0.0758,-1019.79,772.4000,4.85
2026-04-08 10:35:00,809.75,810,808.3,808.5,568903,-1.0332,0.0758,-1463.06,772.4000,4.67
2026-04-08 10:40:00,808.3,809.7,808,809,455994,-1.2453,0.0758,-1742.88,772.4000,4.74
2026-04-08 10:45:00,808.7,810,808.1,809.3,1332136,-1.3784,0.0758,-1918.47,772.4000,4.78
2026-04-08 10:50:00,809.25,812.05,809.25,811.6,1057170,-1.3244,0.0758,-1847.23,772.4000,5.08
2026-04-08 10:55:00,811.55,811.6,810.05,810.5,593661,-1.3698,0.0758,-1907.12,772.4000,4.93
2026-04-08 11:00:00,810.45,811.95,810.1,810.75,237922,-1.3859,0.0758,-1928.36,772.4000,4.97
2026-04-08 11:05:00,810.75,810.9,810.25,810.65,265975,-1.4020,0.0758,-1949.60,772.4000,4.95
2026-04-08 11:10:00,810.4,810.85,810,810.1,372112,-1.4427,0.0758,-2003.30,772.4000,4.88
2026-04-08 11:15:00,810.1,811.5,810,810.35,474553,-1.4424,0.0758,-2002.90,772.4000,4.91
2026-04-08 11:20:00,810.3,811,810.2,811,191764,-1.3876,0.0758,-1930.61,772.4000,5.00
2026-04-08 11:25:00,810.9,811,809.3,809.65,653869,-1.4259,0.0758,-1981.13,772.4000,4.82
2026-04-08 11:30:00,809.65,809.75,808,808.5,627889,-1.5047,0.0758,-2085.09,772.4000,4.67
2026-04-08 11:35:00,808.5,809.5,808,809.1,391273,-1.4895,0.0758,-2065.04,772.4000,4.75
2026-04-08 11:40:00,808.9,811.1,807.9,810,705181,-1.3937,0.0758,-1938.65,772.4000,4.87
2026-04-08 11:45:00,810,811.1,810,810.45,246300,-1.2779,0.0758,-1785.88,772.4000,4.93
2026-04-08 11:50:00,810.45,810.45,808.2,808.5,295941,-1.3059,0.0758,-1822.82,772.4000,4.67
2026-04-08 11:55:00,808.3,808.5,805.05,805.45,843381,-1.4899,0.0758,-2065.57,772.4000,4.28
2026-04-08 12:00:00,805.55,807.2,804.65,805.95,824011,-1.5319,0.0758,-2120.98,772.4000,4.34
2026-04-08 12:05:00,805.9,807.35,805.8,807,208243,-1.4442,0.0758,-2005.28,772.4000,4.48
2026-04-08 12:10:00,807,807.05,806.05,806.65,220931,-1.3659,0.0758,-1901.98,772.4000,4.43
2026-04-08 12:15:00,806.6,806.85,806.05,806.55,260962,-1.2784,0.0758,-1786.54,772.4000,4.42
2026-04-08 12:20:00,806.55,808.45,806.25,808.4,381202,-1.0625,0.0758,-1501.72,772.4000,4.66
2026-04-08 12:25:00,808.4,808.65,807.1,807.25,366031,-0.9664,0.0758,-1374.93,772.4000,4.51
2026-04-08 12:30:00,807.2,807.4,805.05,806.45,372184,-0.9259,0.0758,-1321.50,772.4000,4.41
2026-04-08 12:35:00,806.45,807,805.5,807,275204,-0.8341,0.0758,-1200.40,772.4000,4.48
2026-04-08 12:40:00,806.8,807.65,805.45,807.1,458558,-0.7417,0.0758,-1078.50,772.4000,4.49
2026-04-08 12:45:00,807.1,807.7,806.1,807.7,407776,-0.6203,0.0758,-918.34,772.4000,4.57
2026-04-08 12:50:00,807.5,808.4,807.2,808.2,299360,-0.4920,0.0758,-749.08,772.4000,4.63
2026-04-08 12:55:00,808.25,808.9,807.8,808.85,227515,-0.3554,0.0758,-568.87,772.4000,4.72
2026-04-08 13:00:00,808.85,809.6,807.7,809.4,396739,-0.2264,0.0758,-398.68,772.4000,4.79
2026-04-08 13:05:00,809.4,810,808,809.8,878166,-0.1179,0.0758,-255.54,772.4000,4.84
2026-04-08 13:10:00,809.75,811.45,809.55,810.7,849527,0.0043,0.0758,-94.33,772.4000,4.96
2026-04-08 13:15:00,810.6,811.05,810.05,810.6,495519,0.0647,0.0758,-14.64,772.4000,4.95
2026-04-08 13:20:00,810.6,812,810.4,811.95,598588,0.1757,0.0758,131.79,772.4000,5.12
2026-04-08 13:25:00,812.05,813.05,811.7,812.45,733083,0.2579,0.0758,240.24,772.4000,5.19
2026-04-08 13:30:00,812.3,812.6,811.25,812.1,366181,0.2629,0.0758,246.83,772.4000,5.14
2026-04-08 13:35:00,812.1,813.5,811.9,813,576963,0.2984,0.0758,293.67,772.4000,5.26
2026-04-08 13:40:00,812.95,813,810.75,811.25,427992,0.1815,0.0758,139.45,772.4000,5.03
2026-04-08 13:45:00,811.25,812.3,810.95,811.75,366715,0.1182,0.0758,55.94,772.4000,5.09
2026-04-08 13:50:00,811.7,812.45,810.2,811.15,569125,0.0215,0.0758,-71.64,772.4000,5.02
2026-04-08 13:55:00,810.95,812.5,810.65,812.45,254312,0.0300,0.0758,-60.42,772.4000,5.19
2026-04-08 14:00:00,812.3,812.5,811.6,812,363377,-0.0077,0.0758,-110.16,772.4000,5.13
2026-04-08 14:05:00,812,812.5,811.2,812.45,510680,-0.0149,0.0758,-119.66,772.4000,5.19
2026-04-08 14:10:00,812.45,813,811.2,811.4,597756,-0.0983,0.0758,-229.68,772.4000,5.05
2026-04-08 14:15:00,811.4,812,810.5,812,862313,-0.1196,0.0758,-257.78,772.4000,5.13
2026-04-08 14:20:00,811.85,813,811.35,811.85,518704,-0.1484,0.0758,-295.78,772.4000,5.11
2026-04-08 14:25:00,811.75,812.95,811.75,812.75,397301,-0.1131,0.0758,-249.21,772.4000,5.22
2026-04-08 14:30:00,812.75,813.5,812.3,813.5,331265,-0.0488,0.0758,-164.38,772.4000,5.32
2026-04-08 14:35:00,813.45,814.45,813.4,814.2,545447,0.0273,0.0758,-63.98,772.4000,5.41
2026-04-08 14:40:00,814,815,813.65,814.25,597163,0.0652,0.0758,-13.98,772.4000,5.42
2026-04-08 14:45:00,814.3,815,813.75,814.1,626045,0.0643,0.0758,-15.17,772.4000,5.40
2026-04-08 14:50:00,814.1,814.85,813.15,814.75,580402,0.0900,0.0758,18.73,772.4000,5.48
2026-04-08 14:55:00,814.7,815.85,814.2,815.6,795980,0.1436,0.0758,89.45,772.4000,5.59
2026-04-08 15:00:00,815.55,816.95,814.25,815.95,1378055,0.1797,0.0758,137.07,772.4000,5.64
2026-04-08 15:05:00,815.95,817.35,815.6,816.05,1448900,0.1864,0.0758,145.91,772.4000,5.65
2026-04-08 15:10:00,816.1,816.75,815,815.5,1399841,0.1326,0.0758,74.93,772.4000,5.58
2026-04-08 15:15:00,815.4,816.4,815.1,816,1068406,0.1103,0.0758,45.51,772.4000,5.64
2026-04-08 15:20:00,816,817,815.8,816.7,1254765,0.1215,0.0758,60.29,772.4000,5.74
2026-04-08 15:25:00,816.7,817.8,816,817.5,1059404,0.1592,0.0758,110.03,772.4000,5.84
2026-04-09 09:15:00,815,819,808.5,809.55,1785097,-0.3473,0.1592,-318.15,817.5000,-0.97
2026-04-09 09:20:00,809.55,813.85,809.05,811.75,878981,-0.5198,0.1592,-426.51,817.5000,-0.70
2026-04-09 09:25:00,811.5,812,810.1,811,762610,-0.6609,0.1592,-515.14,817.5000,-0.80
2026-04-09 09:30:00,810.8,811.25,806,806.25,1189094,-1.0287,0.1592,-746.17,817.5000,-1.38
2026-04-09 09:35:00,806.25,807.9,805.5,805.95,500676,-1.2331,0.1592,-874.56,817.5000,-1.41
2026-04-09 09:40:00,805.95,806.9,804.35,804.95,461721,-1.3661,0.1592,-958.10,817.5000,-1.54
2026-04-09 09:45:00,805,805.95,803,803.05,506495,-1.5017,0.1592,-1043.28,817.5000,-1.77
2026-04-09 09:50:00,803.05,803.15,801.1,802.1,604389,-1.5679,0.1592,-1084.86,817.5000,-1.88
2026-04-09 09:55:00,802,802.5,800.2,801.15,552651,-1.5834,0.1592,-1094.60,817.5000,-2.00
2026-04-09 10:00:00,801.15,803.4,800.45,802.25,493554,-1.4320,0.1592,-999.50,817.5000,-1.87
2026-04-09 10:05:00,802.05,802.5,800.55,801.75,373580,-1.2827,0.1592,-905.72,817.5000,-1.93
2026-04-09 10:10:00,801.6,803.6,801.15,802.95,431227,-1.0311,0.1592,-747.68,817.5000,-1.78
2026-04-09 10:15:00,802.95,804.9,802.5,804.85,440753,-0.6816,0.1592,-528.14,817.5000,-1.55
2026-04-09 10:20:00,804.8,804.9,803.55,804.5,353096,-0.4311,0.1592,-370.79,817.5000,-1.59
2026-04-09 10:25:00,804.45,804.7,802,803.2,375052,-0.3155,0.1592,-298.18,817.5000,-1.75
2026-04-09 10:30:00,803.45,803.9,802.25,803.45,255406,-0.1907,0.1592,-219.79,817.5000,-1.72
2026-04-09 10:35:00,803.45,804,802.6,802.85,317158,-0.1206,0.1592,-175.75,817.5000,-1.79
2026-04-09 10:40:00,802.85,803.15,801,801.3,404336,-0.1488,0.1592,-193.47,817.5000,-1.98
2026-04-09 10:45:00,801.2,803.25,801.2,802.45,169305,-0.0645,0.1592,-140.52,817.5000,-1.84
2026-04-09 10:50:00,802.45,802.85,801.75,802.4,193957,0.0095,0.1592,-94.03,817.5000,-1.85
2026-04-09 10:55:00,802.4,804,802.2,803.35,294646,0.1370,0.1592,-13.94,817.5000,-1.73
2026-04-09 11:00:00,803.35,804.2,802.15,803.05,323722,0.2111,0.1592,32.60,817.5000,-1.77
2026-04-09 11:05:00,803,804,802.2,803.2,443602,0.2763,0.1592,73.56,817.5000,-1.75
2026-04-09 11:10:00,803.1,803.8,802.3,803.2,356618,0.3221,0.1592,102.32,817.5000,-1.75
2026-04-09 11:15:00,803.2,803.5,802,802.25,413894,0.2921,0.1592,83.48,817.5000,-1.87
2026-04-09 11:20:00,802.35,802.95,801.45,802.4,433153,0.2857,0.1592,79.46,817.5000,-1.85
2026-04-09 11:25:00,802.2,803.7,802.2,803.35,296813,0.3448,0.1592,116.58,817.5000,-1.73
2026-04-09 11:30:00,803.3,804.25,802.3,803.15,680293,0.3676,0.1592,130.90,817.5000,-1.76
2026-04-09 11:35:00,803,803.6,802.6,802.6,149460,0.3434,0.1592,115.70,817.5000,-1.82
2026-04-09 11:40:00,802.6,803.15,802,802.35,276752,0.3093,0.1592,94.28,817.5000,-1.85
2026-04-09 11:45:00,802.3,802.4,801,801.8,527867,0.2510,0.1592,57.66,817.5000,-1.92
2026-04-09 11:50:00,802,803,801.5,802.4,413292,0.2534,0.1592,59.17,817.5000,-1.85
2026-04-09 11:55:00,802.35,803,801.5,801.9,323868,0.2228,0.1592,39.95,817.5000,-1.91
2026-04-09 12:00:00,801.9,802.95,801.4,801.8,440075,0.1983,0.1592,24.56,817.5000,-1.92
2026-04-09 12:05:00,801.6,803.5,801.3,803.5,390932,0.2933,0.1592,84.23,817.5000,-1.71
2026-04-09 12:10:00,803.5,803.7,802.5,802.8,298659,0.3043,0.1592,91.14,817.5000,-1.80
2026-04-09 12:15:00,802.75,803.5,802.4,803,268479,0.3190,0.1592,100.38,817.5000,-1.77
2026-04-09 12:20:00,803,803.35,802.5,802.75,226885,0.3056,0.1592,91.96,817.5000,-1.80
2026-04-09 12:25:00,802.65,802.95,801.75,802.5,361737,0.2747,0.1592,72.55,817.5000,-1.83
2026-04-09 12:30:00,802.25,803,801.95,802,409716,0.2178,0.1592,36.81,817.5000,-1.90
2026-04-09 12:35:00,802,802.4,801.5,801.75,305371,0.1631,0.1592,2.45,817.5000,-1.93
2026-04-09 12:40:00,801.75,802.9,801.1,801.6,345333,0.1187,0.1592,-25.44,817.5000,-1.94
2026-04-09 12:45:00,801.55,801.85,799.1,799.6,985812,-0.0353,0.1592,-122.17,817.5000,-2.19
2026-04-09 12:50:00,799.55,800.8,799.25,800.6,371030,-0.0584,0.1592,-136.68,817.5000,-2.07
2026-04-09 12:55:00,800.7,801.55,800.1,800.5,385076,-0.0683,0.1592,-142.90,817.5000,-2.08
2026-04-09 13:00:00,800.35,801.25,800.1,800.6,230949,-0.0565,0.1592,-135.49,817.5000,-2.07
2026-04-09 13:05:00,800.55,801,800.1,800.95,190616,-0.0156,0.1592,-109.80,817.5000,-2.02
2026-04-09 13:10:00,800.9,801,799.5,799.85,226276,-0.0512,0.1592,-132.16,817.5000,-2.16
2026-04-09 13:15:00,799.8,800.1,799.6,799.75,166650,-0.0688,0.1592,-143.22,817.5000,-2.17
2026-04-09 13:20:00,799.7,800.1,797.3,798.4,712618,-0.1539,0.1592,-196.67,817.5000,-2.34
2026-04-09 13:25:00,798.4,798.65,796.7,797,481377,-0.2797,0.1592,-275.69,817.5000,-2.51
2026-04-09 13:30:00,797,798.85,796.75,798.7,442968,-0.2259,0.1592,-241.90,817.5000,-2.30
2026-04-09 13:35:00,798.6,798.85,797.15,797.35,404626,-0.2565,0.1592,-261.12,817.5000,-2.46
2026-04-09 13:40:00,797.35,798.3,797,797.45,465031,-0.2452,0.1592,-254.02,817.5000,-2.45
2026-04-09 13:45:00,797.2,798.5,796.35,798.1,763475,-0.1727,0.1592,-208.48,817.5000,-2.37
2026-04-09 13:50:00,798,798.95,797.05,798.1,386768,-0.1067,0.1592,-167.02,817.5000,-2.37
2026-04-09 13:55:00,798.1,798.75,798,798.35,248036,-0.0320,0.1592,-120.10,817.5000,-2.34
2026-04-09 14:00:00,798.3,798.7,797.25,798.45,205536,0.0348,0.1592,-78.14,817.5000,-2.33
2026-04-09 14:05:00,798.55,799.6,797.95,798.8,344855,0.1089,0.1592,-31.60,817.5000,-2.29
2026-04-09 14:10:00,798.8,798.85,797,797.35,618660,0.0686,0.1592,-56.91,817.5000,-2.46
2026-04-09 14:15:00,797.35,797.75,796.6,796.85,413315,0.0192,0.1592,-87.94,817.5000,-2.53
2026-04-09 14:20:00,796.8,798.05,795.5,796,955065,-0.0556,0.1592,-134.92,817.5000,-2.63
2026-04-09 14:25:00,796.05,796.35,795.2,796,357563,-0.0882,0.1592,-155.40,817.5000,-2.63
2026-04-09 14:30:00,796,796.25,794.45,794.95,893518,-0.1594,0.1592,-200.13,817.5000,-2.76
2026-04-09 14:35:00,794.85,795.5,793.5,794.5,732182,-0.2123,0.1592,-233.35,817.5000,-2.81
2026-04-09 14:40:00,794.5,794.9,793.1,794.1,627792,-0.2474,0.1592,-255.40,817.5000,-2.86
2026-04-09 14:45:00,794.1,795.35,793.2,794.3,1208566,-0.2306,0.1592,-244.85,817.5000,-2.84
2026-04-09 14:50:00,794.25,794.6,793.5,794.05,758560,-0.2103,0.1592,-232.10,817.5000,-2.87
2026-04-09 14:55:00,794,794.55,793.65,794.45,600118,-0.1470,0.1592,-192.34,817.5000,-2.82
2026-04-09 15:00:00,794.45,799,794,794.55,5092626,-0.0789,0.1592,-149.56,817.5000,-2.81
2026-04-09 15:05:00,794.15,798.5,793.7,797.8,3079900,0.1900,0.1592,19.35,817.5000,-2.41
2026-04-09 15:10:00,797.55,799.45,797,798.95,1818446,0.4361,0.1592,173.93,817.5000,-2.27
2026-04-09 15:15:00,798.8,800,797.55,799.05,1894821,0.5870,0.1592,268.72,817.5000,-2.26
2026-04-09 15:20:00,799.4,800.65,799,799.6,1619649,0.6977,0.1592,338.25,817.5000,-2.19
2026-04-09 15:25:00,799.6,800.5,798,798,974840,0.6387,0.1592,301.19,817.5000,-2.39
2026-04-10 09:15:00,804,806.85,801,806.3,2119239,1.1067,0.6387,73.27,798.0000,1.04
2026-04-10 09:20:00,806.3,807.6,804.6,805,923887,1.2652,0.6387,98.09,798.0000,0.88
2026-04-10 09:25:00,805.1,807.4,804.8,807.25,647406,1.4453,0.6387,126.29,798.0000,1.16
2026-04-10 09:30:00,807.25,807.95,805.6,805.75,800184,1.3867,0.6387,117.11,798.0000,0.97
2026-04-10 09:35:00,805.75,806.9,804.55,806.4,524935,1.3157,0.6387,106.00,798.0000,1.05
2026-04-10 09:40:00,806.4,806.85,805.15,805.5,480694,1.1386,0.6387,78.27,798.0000,0.94
2026-04-10 09:45:00,805.5,812,805.4,810.7,2179125,1.2912,0.6387,102.16,798.0000,1.59
2026-04-10 09:50:00,810.7,811,809.8,810.4,393471,1.2883,0.6387,101.71,798.0000,1.55
2026-04-10 09:55:00,810.5,810.9,809.3,809.4,382565,1.1406,0.6387,78.58,798.0000,1.43
2026-04-10 10:00:00,809.4,810.6,808.75,809.15,489696,0.9551,0.6387,49.54,798.0000,1.40
2026-04-10 10:05:00,809.15,809.7,807.7,809.6,401502,0.7982,0.6387,24.97,798.0000,1.45
2026-04-10 10:10:00,809.6,810.25,809.4,810,439429,0.6623,0.6387,3.70,798.0000,1.50
2026-04-10 10:15:00,810.15,811.2,810,810.75,508665,0.5676,0.6387,-11.13,798.0000,1.60
2026-04-10 10:20:00,810.85,811.8,810.35,811.6,400455,0.5088,0.6387,-20.34,798.0000,1.70
2026-04-10 10:25:00,811.6,811.7,810.5,811.1,267844,0.3883,0.6387,-39.20,798.0000,1.64
2026-04-10 10:30:00,811.1,811.55,808.9,810,585227,0.1961,0.6387,-69.30,798.0000,1.50
2026-04-10 10:35:00,810.25,810.8,809.7,810.15,223095,0.0485,0.6387,-92.41,798.0000,1.52
2026-04-10 10:40:00,810.15,810.5,809.7,810,229599,-0.0826,0.6387,-112.93,798.0000,1.50
2026-04-10 10:45:00,810,810.3,809.4,810,243442,-0.1869,0.6387,-129.26,798.0000,1.50
2026-04-10 10:50:00,810.1,810.3,809.75,810.3,187385,-0.2493,0.6387,-139.03,798.0000,1.54
2026-04-10 10:55:00,810.25,810.45,809.55,810.4,277249,-0.2943,0.6387,-146.08,798.0000,1.55
2026-04-10 11:00:00,810.4,811.5,810.15,811.3,369888,-0.2744,0.6387,-142.96,798.0000,1.67
2026-04-10 11:05:00,811.25,811.5,810.55,811.4,187809,-0.2652,0.6387,-141.52,798.0000,1.68
2026-04-10 11:10:00,811.4,812.25,811.05,811.8,456996,-0.2435,0.6387,-138.12,798.0000,1.73
2026-04-10 11:15:00,811.9,812.1,809.05,810.4,375584,-0.3294,0.6387,-151.57,798.0000,1.55
2026-04-10 11:20:00,810.4,810.85,809.9,810.15,265076,-0.4041,0.6387,-163.27,798.0000,1.52
2026-04-10 11:25:00,810.15,810.8,806.6,806.95,861086,-0.6552,0.6387,-202.58,798.0000,1.12
2026-04-10 11:30:00,806.95,810.35,806.55,809.4,1185046,-0.6417,0.6387,-200.47,798.0000,1.43
2026-04-10 11:35:00,809.5,810.4,807.95,808,704230,-0.7072,0.6387,-210.72,798.0000,1.25
2026-04-10 11:40:00,808.05,809.15,807.05,808.5,508491,-0.6960,0.6387,-208.97,798.0000,1.32
2026-04-10 11:45:00,808.5,809,807.2,808.35,479559,-0.6771,0.6387,-206.01,798.0000,1.30
2026-04-10 11:50:00,808.45,810.35,808,809.8,463079,-0.5508,0.6387,-186.24,798.0000,1.48
2026-04-10 11:55:00,809.9,809.9,808.7,809.35,288853,-0.4838,0.6387,-175.75,798.0000,1.42
2026-04-10 12:00:00,809.35,810.1,808.8,810,280166,-0.3862,0.6387,-160.47,798.0000,1.50
2026-04-10 12:05:00,810,811,809.3,810.6,260656,-0.2768,0.6387,-143.34,798.0000,1.58
2026-04-10 12:10:00,810.9,810.9,809.4,809.8,241195,-0.2544,0.6387,-139.83,798.0000,1.48
2026-04-10 12:15:00,809.8,810.45,809.3,810,188914,-0.2234,0.6387,-134.98,798.0000,1.50
2026-04-10 12:20:00,810,810.8,809.45,810.55,351490,-0.1658,0.6387,-125.96,798.0000,1.57
2026-04-10 12:25:00,810.75,811,810,810.25,326975,-0.1483,0.6387,-123.22,798.0000,1.54
2026-04-10 12:30:00,810.25,810.25,808.6,808.95,417001,-0.2205,0.6387,-134.52,798.0000,1.37
2026-04-10 12:35:00,809.3,809.85,808.95,809.2,201226,-0.2455,0.6387,-138.44,798.0000,1.40
2026-04-10 12:40:00,809.3,809.7,808.7,809.2,193303,-0.2552,0.6387,-139.96,798.0000,1.40
2026-04-10 12:45:00,809.15,809.85,808.7,809.4,164187,-0.2414,0.6387,-137.80,798.0000,1.43
2026-04-10 12:50:00,809.4,810,808.65,809.6,357103,-0.2130,0.6387,-133.35,798.0000,1.45
2026-04-10 12:55:00,809.7,809.95,809,809.9,217130,-0.1701,0.6387,-126.63,798.0000,1.49
2026-04-10 13:00:00,809.9,810.4,809.45,810,260788,-0.1327,0.6387,-120.78,798.0000,1.50
2026-04-10 13:05:00,810,810.25,809.55,809.6,156386,-0.1324,0.6387,-120.73,798.0000,1.45
2026-04-10 13:10:00,809.8,810,809.35,809.75,161070,-0.1198,0.6387,-118.76,798.0000,1.47
2026-04-10 13:15:00,809.75,810.1,809.5,809.75,141511,-0.1097,0.6387,-117.18,798.0000,1.47
2026-04-10 13:20:00,809.8,810.3,809.4,810.2,155785,-0.0725,0.6387,-111.35,798.0000,1.53
2026-04-10 13:25:00,810.3,810.5,810,810.35,132536,-0.0394,0.6387,-106.17,798.0000,1.55
2026-04-10 13:30:00,810.3,810.8,810.2,810.5,174717,-0.0104,0.6387,-101.63,798.0000,1.57
2026-04-10 13:35:00,810.45,810.6,810,810.25,146134,-0.0110,0.6387,-101.72,798.0000,1.54
2026-04-10 13:40:00,810.25,810.6,809.8,809.9,169095,-0.0366,0.6387,-105.73,798.0000,1.49
2026-04-10 13:45:00,809.9,810.75,809.75,810.4,308497,-0.0221,0.6387,-103.46,798.0000,1.55
2026-04-10 13:50:00,810.45,811,809.55,810.6,410027,-0.0023,0.6387,-100.36,798.0000,1.58
2026-04-10 13:55:00,810.65,811.95,810.15,811.85,283499,0.0867,0.6387,-86.43,798.0000,1.74
2026-04-10 14:00:00,811.85,812.2,810.75,810.85,442792,0.0707,0.6387,-88.93,798.0000,1.61
2026-04-10 14:05:00,810.9,811.6,810.75,811.1,312146,0.0693,0.6387,-89.15,798.0000,1.64
2026-04-10 14:10:00,811.15,812,810,810.85,447624,0.0451,0.6387,-92.94,798.0000,1.61
2026-04-10 14:15:00,810.95,810.95,808,810.15,706149,-0.0210,0.6387,-103.29,798.0000,1.52
2026-04-10 14:20:00,810.15,810.5,808.35,808.55,422263,-0.1672,0.6387,-126.18,798.0000,1.32
2026-04-10 14:25:00,808.55,810,808.05,809.6,425795,-0.1866,0.6387,-129.22,798.0000,1.45
2026-04-10 14:30:00,809.4,811.25,808,808.25,1635891,-0.2781,0.6387,-143.54,798.0000,1.28
2026-04-10 14:35:00,808.25,810.7,807.25,810.25,1038955,-0.1956,0.6387,-130.62,798.0000,1.54
2026-04-10 14:40:00,810.25,811.9,809.8,810.85,704182,-0.0973,0.6387,-115.23,798.0000,1.61
2026-04-10 14:45:00,810.85,810.85,807.1,809.6,1239312,-0.1120,0.6387,-117.54,798.0000,1.45
2026-04-10 14:50:00,809.7,810,808.35,808.8,479175,-0.1679,0.6387,-126.29,798.0000,1.35
2026-04-10 14:55:00,808.8,810.1,808.3,809.2,679583,-0.1697,0.6387,-126.57,798.0000,1.40
2026-04-10 15:00:00,809.2,809.75,808.5,809.25,717990,-0.1594,0.6387,-124.96,798.0000,1.41
2026-04-10 15:05:00,809.3,810.95,809.25,810.35,916506,-0.0747,0.6387,-111.70,798.0000,1.55
2026-04-10 15:10:00,810.35,811.5,810.3,810.3,733489,-0.0211,0.6387,-103.30,798.0000,1.54
2026-04-10 15:15:00,810.3,810.85,809.9,809.95,697592,-0.0088,0.6387,-101.38,798.0000,1.50
2026-04-10 15:20:00,810.05,811,809.65,810.55,741940,0.0376,0.6387,-94.11,798.0000,1.57
2026-04-10 15:25:00,810.55,812,810,810.1,717391,0.0358,0.6387,-94.39,798.0000,1.52
2026-04-13 09:15:00,791.5,793.95,788.35,790.7,3234857,-1.2055,0.0358,-3467.32,810.1000,-2.39
2026-04-13 09:20:00,790.7,790.75,787.85,789.8,1462143,-1.9753,0.0358,-5617.60,810.1000,-2.51
2026-04-13 09:25:00,789.8,790.3,789,789.35,659181,-2.3760,0.0358,-6736.87,810.1000,-2.56
2026-04-13 09:30:00,789.55,789.7,787.5,788.8,900614,-2.5252,0.0358,-7153.63,810.1000,-2.63
2026-04-13 09:35:00,788.5,790.2,788.1,789.9,579799,-2.3980,0.0358,-6798.32,810.1000,-2.49
2026-04-13 09:40:00,789.9,790.45,789.65,789.85,361309,-2.1721,0.0358,-6167.32,810.1000,-2.50
2026-04-13 09:45:00,789.85,789.95,789.1,789.7,303300,-1.8977,0.0358,-5400.84,810.1000,-2.52
2026-04-13 09:50:00,789.7,790.3,789.55,790,523695,-1.5741,0.0358,-4496.93,810.1000,-2.48
2026-04-13 09:55:00,790,791.25,789.95,790.95,635449,-1.1917,0.0358,-3428.77,810.1000,-2.36
2026-04-13 10:00:00,791,792.2,790.4,792.05,630472,-0.7801,0.0358,-2279.05,810.1000,-2.23
2026-04-13 10:05:00,792.05,792.6,791.1,792,1086249,-0.4434,0.0358,-1338.55,810.1000,-2.23
2026-04-13 10:10:00,791.8,792,791,791.2,251073,-0.2182,0.0358,-709.50,810.1000,-2.33
2026-04-13 10:15:00,791.2,791.35,789.65,791.2,414326,-0.0231,0.0358,-164.53,810.1000,-2.33
2026-04-13 10:20:00,791.2,792.1,790.8,791.5,317208,0.1621,0.0358,352.79,810.1000,-2.30
2026-04-13 10:25:00,791.5,791.8,790.6,791.6,249507,0.3182,0.0358,788.83,810.1000,-2.28
2026-04-13 10:30:00,791.7,792,791,791.85,265218,0.4568,0.0358,1175.98,810.1000,-2.25
2026-04-13 10:35:00,791.8,792.75,791.5,792.55,456763,0.6048,0.0358,1589.39,810.1000,-2.17
2026-04-13 10:40:00,792.5,792.9,791.8,792.7,264903,0.7145,0.0358,1895.81,810.1000,-2.15
2026-04-13 10:45:00,792.7,792.8,791.1,791.5,314582,0.7066,0.0358,1873.74,810.1000,-2.30
2026-04-13 10:50:00,791.5,791.85,790.55,791.7,253282,0.7132,0.0358,1892.18,810.1000,-2.27
2026-04-13 10:55:00,791.7,792,789.1,789.9,1790389,0.5992,0.0358,1573.74,810.1000,-2.49
2026-04-13 11:00:00,789.75,790.25,789.1,789.75,490219,0.5196,0.0358,1351.40,810.1000,-2.51
2026-04-13 11:05:00,789.95,790,789.3,789.8,226998,0.4773,0.0358,1233.24,810.1000,-2.51
2026-04-13 11:10:00,789.8,790.05,789.2,790,344400,0.4691,0.0358,1210.34,810.1000,-2.48
2026-04-13 11:15:00,789.95,790.2,789.35,789.5,346805,0.4369,0.0358,1120.39,810.1000,-2.54
2026-04-13 11:20:00,789.6,790.1,788.45,789.45,678641,0.4191,0.0358,1070.67,810.1000,-2.55
2026-04-13 11:25:00,789.45,789.6,788.75,789.05,313434,0.3879,0.0358,983.52,810.1000,-2.60
2026-04-13 11:30:00,789.05,789.05,787.35,788.2,542212,0.3205,0.0358,795.25,810.1000,-2.70
2026-04-13 11:35:00,788.1,790,788,789.45,352808,0.3670,0.0358,925.14,810.1000,-2.55
2026-04-13 11:40:00,789.45,790,788.4,788.7,261968,0.3542,0.0358,889.39,810.1000,-2.64
2026-04-13 11:45:00,788.7,789.95,788.4,789.9,276188,0.4284,0.0358,1096.65,810.1000,-2.49
2026-04-13 11:50:00,789.9,790.25,789.2,790,718713,0.4822,0.0358,1246.93,810.1000,-2.48
2026-04-13 11:55:00,790,790.4,789.55,789.85,325264,0.5032,0.0358,1305.59,810.1000,-2.50
2026-04-13 12:00:00,789.85,790.2,789.8,790,184365,0.5206,0.0358,1354.19,810.1000,-2.48
2026-04-13 12:05:00,789.95,791.2,789.95,791.1,337536,0.5942,0.0358,1559.78,810.1000,-2.35
2026-04-13 12:10:00,791.1,791.75,790.7,791.65,324748,0.6628,0.0358,1751.40,810.1000,-2.28
2026-04-13 12:15:00,791.7,793,791.3,792.75,957719,0.7583,0.0358,2018.16,810.1000,-2.14
2026-04-13 12:20:00,792.6,792.85,791,791.5,329739,0.7138,0.0358,1893.85,810.1000,-2.30
2026-04-13 12:25:00,791.55,793.1,791.5,792.8,409711,0.7452,0.0358,1981.56,810.1000,-2.14
2026-04-13 12:30:00,792.8,793.8,792.65,793.1,523873,0.7568,0.0358,2013.97,810.1000,-2.10
2026-04-13 12:35:00,793.4,794.7,792.85,794.05,534630,0.7952,0.0358,2121.23,810.1000,-1.98
2026-04-13 12:40:00,794.05,794.65,793.25,794.2,315034,0.7956,0.0358,2122.35,810.1000,-1.96
2026-04-13 12:45:00,794.3,794.45,793.15,794.05,628569,0.7512,0.0358,1998.32,810.1000,-1.98
2026-04-13 12:50:00,794.1,794.8,793.1,793.35,977399,0.6441,0.0358,1699.16,810.1000,-2.07
2026-04-13 12:55:00,793.1,793.35,790.7,791.15,1133606,0.4062,0.0358,1034.64,810.1000,-2.34
2026-04-13 13:00:00,791.5,792.1,790.05,790.85,405437,0.2192,0.0358,512.29,810.1000,-2.38
2026-04-13 13:05:00,790.85,791.8,790.5,791.3,256213,0.1212,0.0358,238.55,810.1000,-2.32
2026-04-13 13:10:00,791.3,792.65,791,792.05,403859,0.1029,0.0358,187.43,810.1000,-2.23
2026-04-13 13:15:00,792.05,793.55,791.65,793.55,366802,0.1833,0.0358,412.01,810.1000,-2.04
2026-04-13 13:20:00,793.55,793.9,792.45,792.75,608568,0.1740,0.0358,386.03,810.1000,-2.14
2026-04-13 13:25:00,792.75,793.4,792,793.4,448201,0.2012,0.0358,462.01,810.1000,-2.06
2026-04-13 13:30:00,793.4,794.25,793.1,793.8,478950,0.2335,0.0358,552.23,810.1000,-2.01
2026-04-13 13:35:00,793.9,794.2,793.25,793.8,332494,0.2411,0.0358,573.46,810.1000,-2.01
2026-04-13 13:40:00,793.7,794,792.85,793.25,345005,0.1972,0.0358,450.84,810.1000,-2.08
2026-04-13 13:45:00,793.25,794,793,793.95,186128,0.2027,0.0358,466.20,810.1000,-1.99
2026-04-13 13:50:00,794,796.2,793.9,796.1,1164757,0.3310,0.0358,824.58,810.1000,-1.73
2026-04-13 13:55:00,796.2,798.4,795.65,797.2,587100,0.4616,0.0358,1189.39,810.1000,-1.59
2026-04-13 14:00:00,797.15,797.75,796.15,796.35,279356,0.4615,0.0358,1189.11,810.1000,-1.70
2026-04-13 14:05:00,796.2,796.5,794.5,794.7,408091,0.3272,0.0358,813.97,810.1000,-1.90
2026-04-13 14:10:00,794.65,794.9,793.5,794.7,623658,0.2205,0.0358,515.92,810.1000,-1.90
2026-04-13 14:15:00,794.7,795.55,794,794.7,386452,0.1362,0.0358,280.45,810.1000,-1.90
2026-04-13 14:20:00,794.7,795.75,794.25,795,343451,0.0891,0.0358,148.88,810.1000,-1.86
2026-04-13 14:25:00,795.1,796.45,795,796,450544,0.1123,0.0358,213.69,810.1000,-1.74
2026-04-13 14:30:00,796.05,797,795.85,796.05,353388,0.1175,0.0358,228.21,810.1000,-1.73
2026-04-13 14:35:00,796.05,797.25,795,795.2,642908,0.0534,0.0358,49.16,810.1000,-1.84
2026-04-13 14:40:00,795.05,795.9,794.55,795.45,305025,0.0193,0.0358,-46.09,810.1000,-1.81
2026-04-13 14:45:00,795.45,796.95,794.95,796.6,465777,0.0632,0.0358,76.54,810.1000,-1.67
2026-04-13 14:50:00,796.6,797,795.95,796.7,344891,0.0865,0.0358,141.62,810.1000,-1.65
2026-04-13 14:55:00,796.95,798.5,796.7,797.75,550337,0.1561,0.0358,336.03,810.1000,-1.52
2026-04-13 15:00:00,797.85,798.45,794,794.45,3071664,-0.0268,0.0358,-174.86,810.1000,-1.93
2026-04-13 15:05:00,794.5,796.5,792.75,794,2414179,-0.1765,0.0358,-593.02,810.1000,-1.99
2026-04-13 15:10:00,794,794.7,792.95,794.3,1093361,-0.2493,0.0358,-796.37,810.1000,-1.95
2026-04-13 15:15:00,794.3,794.45,793,793,1112423,-0.3716,0.0358,-1137.99,810.1000,-2.11
2026-04-13 15:20:00,793.6,793.6,792.05,792.8,618713,-0.4475,0.0358,-1350.00,810.1000,-2.14
2026-04-13 15:25:00,792.8,793.5,792.5,793,503277,-0.4637,0.0358,-1395.25,810.1000,-2.11
2026-04-15 09:15:00,804.95,811.5,804,806.85,3452438,0.4304,-0.4637,-192.82,793.0000,1.75
2026-04-15 09:20:00,806.8,806.9,805.1,805.6,877276,0.8837,-0.4637,-290.58,793.0000,1.59
2026-04-15 09:25:00,805.6,807.4,805.2,806.8,580365,1.1912,-0.4637,-356.89,793.0000,1.74
2026-04-15 09:30:00,806.8,808.8,806.3,808.05,603302,1.3917,-0.4637,-400.13,793.0000,1.90
2026-04-15 09:35:00,808.05,809.9,807.75,808.55,763400,1.4636,-0.4637,-415.64,793.0000,1.96
2026-04-15 09:40:00,808.8,809.9,808.4,808.9,487087,1.4382,-0.4637,-410.16,793.0000,2.01
2026-04-15 09:45:00,809,810.95,808.9,809.95,518712,1.3945,-0.4637,-400.73,793.0000,2.14
2026-04-15 09:50:00,809.95,810.75,809.45,810.1,286932,1.2811,-0.4637,-376.28,793.0000,2.16
2026-04-15 09:55:00,810.1,811.5,810,811.4,424367,1.2004,-0.4637,-358.87,793.0000,2.32
2026-04-15 10:00:00,811.4,812.65,810.85,812.65,486472,1.1384,-0.4637,-345.50,793.0000,2.48
2026-04-15 10:05:00,812.65,814.4,812.5,813.25,697854,1.0474,-0.4637,-325.88,793.0000,2.55
2026-04-15 10:10:00,813.2,814.45,812.25,813.05,343946,0.8896,-0.4637,-291.85,793.0000,2.53
2026-04-15 10:15:00,813,813.8,812.5,813.3,211432,0.7248,-0.4637,-256.31,793.0000,2.56
2026-04-15 10:20:00,813.3,814.8,812.85,814,442225,0.5913,-0.4637,-227.52,793.0000,2.65
2026-04-15 10:25:00,814,814.8,813.7,814.3,309799,0.4576,-0.4637,-198.68,793.0000,2.69
2026-04-15 10:30:00,814.2,814.6,813.4,813.75,216160,0.2755,-0.4637,-159.41,793.0000,2.62
2026-04-15 10:35:00,813.75,813.8,811.9,812,331853,-0.0047,-0.4637,-98.99,793.0000,2.40
2026-04-15 10:40:00,812.05,812.45,811.3,811.85,241501,-0.2294,-0.4637,-50.53,793.0000,2.38
2026-04-15 10:45:00,811.6,812.95,811.3,812.55,265881,-0.3530,-0.4637,-23.87,793.0000,2.47
2026-04-15 10:50:00,812.55,812.95,810.6,811.35,359577,-0.5270,-0.4637,13.65,793.0000,2.31
2026-04-15 10:55:00,811.35,811.5,810.2,810.4,240805,-0.7064,-0.4637,52.34,793.0000,2.19
2026-04-15 11:00:00,810.4,810.95,809.6,810.4,361955,-0.8175,-0.4637,76.30,793.0000,2.19
2026-04-15 11:05:00,810.4,810.6,809.3,809.5,303562,-0.9356,-0.4637,101.77,793.0000,2.08
2026-04-15 11:10:00,809.45,809.65,808.15,808.8,717866,-1.0369,-0.4637,123.61,793.0000,1.99
2026-04-15 11:15:00,808.8,809.35,807.5,808.15,393111,-1.1170,-0.4637,140.89,793.0000,1.91
2026-04-15 11:20:00,808.25,809.2,808.05,808.4,218435,-1.1194,-0.4637,141.41,793.0000,1.94
2026-04-15 11:25:00,808.45,808.45,806.5,807.7,477185,-1.1312,-0.4637,143.95,793.0000,1.85
2026-04-15 11:30:00,807.75,808.3,807.05,808.25,181621,-1.0659,-0.4637,129.87,793.0000,1.92
2026-04-15 11:35:00,808.3,809.25,808.25,809.15,183615,-0.9309,-0.4637,100.75,793.0000,2.04
2026-04-15 11:40:00,809.15,809.4,808.75,808.9,193013,-0.8305,-0.4637,79.10,793.0000,2.01
2026-04-15 11:45:00,808.95,809.5,808,809.4,262239,-0.7074,-0.4637,52.56,793.0000,2.07
2026-04-15 11:50:00,809.4,809.45,808,808.05,207284,-0.6930,-0.4637,49.45,793.0000,1.90
2026-04-15 11:55:00,808.15,809,807.55,808.95,388187,-0.6022,-0.4637,29.87,793.0000,2.01
2026-04-15 12:00:00,809,810.5,808.95,810,428341,-0.4574,-0.4637,-1.36,793.0000,2.14
2026-04-15 12:05:00,810.2,810.55,809.7,809.7,270292,-0.3714,-0.4637,-19.91,793.0000,2.11
2026-04-15 12:10:00,809.8,810.65,809.65,809.75,306326,-0.3037,-0.4637,-34.51,793.0000,2.11
2026-04-15 12:15:00,809.75,809.9,808.3,808.45,484626,-0.3363,-0.4637,-27.47,793.0000,1.95
2026-04-15 12:20:00,808.5,809.45,807.35,809.2,437550,-0.2986,-0.4637,-35.60,793.0000,2.04
2026-04-15 12:25:00,809.15,809.7,808.75,809.7,174087,-0.2341,-0.4637,-49.51,793.0000,2.11
2026-04-15 12:30:00,809.6,809.8,808.6,808.8,324108,-0.2449,-0.4637,-47.19,793.0000,1.99
2026-04-15 12:35:00,808.8,809.55,808.6,809.35,195817,-0.2093,-0.4637,-54.86,793.0000,2.06
2026-04-15 12:40:00,809.3,809.6,808.1,809.4,547552,-0.1779,-0.4637,-61.63,793.0000,2.07
2026-04-15 12:45:00,809.4,809.7,808.4,809,360664,-0.1791,-0.4637,-61.38,793.0000,2.02
2026-04-15 12:50:00,809,810.25,807.6,808.7,797831,-0.1938,-0.4637,-58.21,793.0000,1.98
2026-04-15 12:55:00,808.65,809.1,807.9,808.45,294270,-0.2127,-0.4637,-54.13,793.0000,1.95
2026-04-15 13:00:00,808.4,809.25,808.15,809,153590,-0.1816,-0.4637,-60.84,793.0000,2.02
2026-04-15 13:05:00,809,809.05,808.65,809,145570,-0.1555,-0.4637,-66.47,793.0000,2.02
2026-04-15 13:10:00,808.95,810.4,808.75,810.4,283427,-0.0443,-0.4637,-90.45,793.0000,2.19
2026-04-15 13:15:00,810.35,811.75,810.05,811.5,727325,0.0955,-0.4637,-120.60,793.0000,2.33
2026-04-15 13:20:00,811.5,812.25,809.7,810.1,1034178,0.0861,-0.4637,-118.57,793.0000,2.16
2026-04-15 13:25:00,810.1,810.8,809.25,809.3,320324,0.0218,-0.4637,-104.70,793.0000,2.06
2026-04-15 13:30:00,809.3,810.6,808.95,809.95,396523,0.0189,-0.4637,-104.08,793.0000,2.14
2026-04-15 13:35:00,809.95,810.6,809.4,809.55,307144,-0.0125,-0.4637,-97.30,793.0000,2.09
2026-04-15 13:40:00,809.55,810.5,809.15,810.4,262242,0.0199,-0.4637,-104.29,793.0000,2.19
2026-04-15 13:45:00,810.4,810.5,809,809.35,403805,-0.0309,-0.4637,-93.34,793.0000,2.06
2026-04-15 13:50:00,809.35,809.35,808.5,808.65,491144,-0.1087,-0.4637,-76.56,793.0000,1.97
2026-04-15 13:55:00,808.65,810.5,808.5,810.2,333190,-0.0555,-0.4637,-88.03,793.0000,2.17
2026-04-15 14:00:00,810.35,811.5,810.2,811.45,503957,0.0579,-0.4637,-112.49,793.0000,2.33
2026-04-15 14:05:00,811.45,811.9,810.6,811.1,415659,0.1010,-0.4637,-121.78,793.0000,2.28
2026-04-15 14:10:00,811.1,811.7,810.5,811.2,272872,0.1262,-0.4637,-127.22,793.0000,2.30
2026-04-15 14:15:00,811.2,811.5,810.85,811.3,247658,0.1385,-0.4637,-129.87,793.0000,2.31
2026-04-15 14:20:00,811.3,812.45,810.6,810.65,702629,0.0940,-0.4637,-120.27,793.0000,2.23
2026-04-15 14:25:00,810.85,811.75,810.65,811.15,256795,0.0894,-0.4637,-119.28,793.0000,2.29
2026-04-15 14:30:00,811.1,811.5,810.8,811.45,376469,0.0970,-0.4637,-120.92,793.0000,2.33
2026-04-15 14:35:00,811.45,811.75,810.9,811.35,352417,0.0862,-0.4637,-118.59,793.0000,2.31
2026-04-15 14:40:00,811.45,811.9,811.2,811.7,247055,0.0928,-0.4637,-120.01,793.0000,2.36
2026-04-15 14:45:00,811.65,812,811.4,811.95,299153,0.1036,-0.4637,-122.34,793.0000,2.39
2026-04-15 14:50:00,811.95,812.85,811.05,811.9,904532,0.0969,-0.4637,-120.90,793.0000,2.38
2026-04-15 14:55:00,811.8,813.1,810.75,813,1038869,0.1528,-0.4637,-132.95,793.0000,2.52
2026-04-15 15:00:00,813,813.1,810.55,810.8,1342951,0.0340,-0.4637,-107.33,793.0000,2.24
2026-04-15 15:05:00,810.8,811.1,810.05,810.45,1822834,-0.0699,-0.4637,-84.93,793.0000,2.20
2026-04-15 15:10:00,810.5,810.55,808.15,808.45,1531448,-0.2643,-0.4637,-43.00,793.0000,1.95
2026-04-15 15:15:00,808.45,809.35,808,809.15,1099679,-0.3324,-0.4637,-28.32,793.0000,2.04
2026-04-15 15:20:00,809.2,810.25,809.15,810.15,723180,-0.2977,-0.4637,-35.80,793.0000,2.16
2026-04-15 15:25:00,810.15,810.25,809.35,810,457721,-0.2731,-0.4637,-41.10,793.0000,2.14
2026-04-16 09:15:00,818,819,814.85,817.7,2174712,0.2453,-0.2731,-189.82,810.0000,0.95
2026-04-16 09:20:00,817.65,820.05,815.4,815.7,948009,0.4266,-0.2731,-256.21,810.0000,0.70
2026-04-16 09:25:00,815.7,816.2,815.05,815.85,581394,0.5233,-0.2731,-291.61,810.0000,0.72
2026-04-16 09:30:00,815.9,816.35,814.2,814.35,1017841,0.4554,-0.2731,-266.75,810.0000,0.54
2026-04-16 09:35:00,814.4,814.45,811.25,812.35,588190,0.2550,-0.2731,-193.37,810.0000,0.29
2026-04-16 09:40:00,812.3,812.85,811.5,812.25,382880,0.1026,-0.2731,-137.57,810.0000,0.28
2026-04-16 09:45:00,812.25,813.9,812,813.55,389042,0.0775,-0.2731,-128.38,810.0000,0.44
2026-04-16 09:50:00,813.5,814,812.25,812.8,724148,0.0025,-0.2731,-100.92,810.0000,0.35
2026-04-16 09:55:00,812.8,812.9,811.95,812,289546,-0.1031,-0.2731,-62.25,810.0000,0.25
2026-04-16 10:00:00,812,812.7,811.15,812.25,978659,-0.1551,-0.2731,-43.21,810.0000,0.28
2026-04-16 10:05:00,812.2,812.2,810.5,810.9,430123,-0.2725,-0.2731,-0.22,810.0000,0.11
2026-04-16 10:10:00,810.85,811.4,810.2,810.55,1017719,-0.3603,-0.2731,31.93,810.0000,0.07
2026-04-16 10:15:00,810.5,811.8,809.75,811.1,890767,-0.3667,-0.2731,34.27,810.0000,0.14
2026-04-16 10:20:00,811.05,811.25,810.5,811.25,121505,-0.3464,-0.2731,26.84,810.0000,0.15
2026-04-16 10:25:00,811.2,811.9,810.65,811.35,163277,-0.3129,-0.2731,14.57,810.0000,0.17
2026-04-16 10:30:00,811.35,811.7,810.2,810.6,316815,-0.3263,-0.2731,19.48,810.0000,0.07
2026-04-16 10:35:00,810.5,811,810,810.55,327713,-0.3231,-0.2731,18.31,810.0000,0.07
2026-04-16 10:40:00,810.55,811.25,810.3,810.65,363722,-0.2993,-0.2731,9.59,810.0000,0.08
2026-04-16 10:45:00,810.6,811.4,810.3,810.5,639844,-0.2791,-0.2731,2.20,810.0000,0.06
2026-04-16 10:50:00,810.7,810.95,810.2,810.8,188493,-0.2329,-0.2731,-14.72,810.0000,0.10
2026-04-16 10:55:00,810.65,811,810.4,811,111915,-0.1786,-0.2731,-34.60,810.0000,0.12
2026-04-16 11:00:00,811,811.5,810.2,810.6,1499038,-0.1601,-0.2731,-41.38,810.0000,0.07
2026-04-16 11:05:00,810.95,811.05,809,810,858803,-0.1772,-0.2731,-35.12,810.0000,0.00
2026-04-16 11:10:00,809.85,810,808.65,808.8,638578,-0.2538,-0.2731,-7.07,810.0000,-0.15
2026-04-16 11:15:00,808.95,810.4,808.45,809.8,767457,-0.2226,-0.2731,-18.49,810.0000,-0.02
2026-04-16 11:20:00,809.55,810.45,806.85,807,1562742,-0.3675,-0.2731,34.57,810.0000,-0.37
2026-04-16 11:25:00,807,808.3,806.8,807.7,1798904,-0.3909,-0.2731,43.13,810.0000,-0.28
2026-04-16 11:30:00,807.75,808.15,807.1,807.55,397104,-0.3904,-0.2731,42.95,810.0000,-0.30
2026-04-16 11:35:00,807.55,807.7,806.35,806.75,320444,-0.4154,-0.2731,52.11,810.0000,-0.40
2026-04-16 11:40:00,806.75,807.45,805.65,805.7,314068,-0.4702,-0.2731,72.17,810.0000,-0.53
2026-04-16 11:45:00,805.75,805.85,804.25,804.8,1061748,-0.5301,-0.2731,94.10,810.0000,-0.64
2026-04-16 11:50:00,804.8,804.8,802.75,804,648087,-0.5825,-0.2731,113.29,810.0000,-0.74
2026-04-16 11:55:00,803.85,804,801.7,802,436043,-0.7027,-0.2731,157.31,810.0000,-0.99
2026-04-16 12:00:00,802.35,802.4,799.5,799.75,920900,-0.8734,-0.2731,219.81,810.0000,-1.27
2026-04-16 12:05:00,799.9,800.7,799,800.25,671277,-0.8894,-0.2731,225.67,810.0000,-1.20
2026-04-16 12:10:00,800.25,801.15,800,800.7,406998,-0.8087,-0.2731,196.12,810.0000,-1.15
2026-04-16 12:15:00,800.75,801.1,799.55,800.65,727919,-0.7017,-0.2731,156.94,810.0000,-1.15
2026-04-16 12:20:00,800.65,801,798.6,799.6,659472,-0.6460,-0.2731,136.54,810.0000,-1.28
2026-04-16 12:25:00,799.85,800.45,799.05,799.9,380395,-0.5378,-0.2731,96.92,810.0000,-1.25
2026-04-16 12:30:00,799.9,800,798.2,798.3,761752,-0.5224,-0.2731,91.29,810.0000,-1.44
2026-04-16 12:35:00,798.5,798.9,797.3,798,941295,-0.4818,-0.2731,76.42,810.0000,-1.48
2026-04-16 12:40:00,798,798.25,796.85,797.15,1143932,-0.4616,-0.2731,69.02,810.0000,-1.59
2026-04-16 12:45:00,797,799.45,796.1,798.4,715015,-0.3200,-0.2731,17.17,810.0000,-1.43
2026-04-16 12:50:00,798.4,799.1,796.5,796.8,531100,-0.2911,-0.2731,6.59,810.0000,-1.63
2026-04-16 12:55:00,796.8,797.4,796.2,797.4,467628,-0.1931,-0.2731,-29.29,810.0000,-1.56
2026-04-16 13:00:00,797.4,798.5,797.05,798.05,426557,-0.0534,-0.2731,-80.45,810.0000,-1.48
2026-04-16 13:05:00,798.05,798.3,796,796.3,911278,-0.0480,-0.2731,-82.42,810.0000,-1.69
2026-04-16 13:10:00,796.2,796.6,795.5,795.95,629824,-0.0374,-0.2731,-86.31,810.0000,-1.73
2026-04-16 13:15:00,795.95,798.8,795.65,798.45,710485,0.1577,-0.2731,-157.74,810.0000,-1.43
2026-04-16 13:20:00,798.45,799.1,796.3,797.35,1056418,0.2282,-0.2731,-183.56,810.0000,-1.56
2026-04-16 13:25:00,797.35,799.7,797.25,798.95,588419,0.3886,-0.2731,-242.29,810.0000,-1.36
2026-04-16 13:30:00,798.95,799.7,798.6,799,466127,0.4972,-0.2731,-282.06,810.0000,-1.36
2026-04-16 13:35:00,799,799.55,798.75,799.45,529506,0.5921,-0.2731,-316.81,810.0000,-1.30
2026-04-16 13:40:00,799.45,799.8,799.1,799.55,160991,0.6496,-0.2731,-337.86,810.0000,-1.29
2026-04-16 13:45:00,799.5,799.55,799.1,799.45,126071,0.6665,-0.2731,-344.05,810.0000,-1.30
2026-04-16 13:50:00,799.5,801.2,798.65,800.45,1228485,0.7257,-0.2731,-365.73,810.0000,-1.18
2026-04-16 13:55:00,800.3,801.35,799.1,799.5,1394688,0.6823,-0.2731,-349.84,810.0000,-1.30
2026-04-16 14:00:00,799.65,799.7,798.4,798.8,351415,0.5912,-0.2731,-316.48,810.0000,-1.38
2026-04-16 14:05:00,798.75,799.1,798,798.85,354525,0.5215,-0.2731,-290.96,810.0000,-1.38
2026-04-16 14:10:00,798.85,799.35,798.25,799.1,314213,0.4804,-0.2731,-275.91,810.0000,-1.35
2026-04-16 14:15:00,799.1,799.25,798.5,798.9,290720,0.4296,-0.2731,-257.31,810.0000,-1.37
2026-04-16 14:20:00,799.1,799.35,798.5,798.9,292630,0.3872,-0.2731,-241.78,810.0000,-1.37
2026-04-16 14:25:00,798.9,799.2,798.5,799,246377,0.3578,-0.2731,-231.01,810.0000,-1.36
2026-04-16 14:30:00,799.15,800.1,799,799.95,678571,0.3914,-0.2731,-243.32,810.0000,-1.24
2026-04-16 14:35:00,799.95,800.15,799.25,799.75,892355,0.3886,-0.2731,-242.29,810.0000,-1.27
2026-04-16 14:40:00,799.7,800.45,799.45,799.9,1025829,0.3845,-0.2731,-240.79,810.0000,-1.25
2026-04-16 14:45:00,799.8,800.4,799.25,799.75,498894,0.3598,-0.2731,-231.75,810.0000,-1.27
2026-04-16 14:50:00,799.75,800,799.05,799.9,461006,0.3417,-0.2731,-225.12,810.0000,-1.25
2026-04-16 14:55:00,799.85,799.95,799,799.6,511816,0.2994,-0.2731,-209.63,810.0000,-1.28
2026-04-16 15:00:00,799.55,799.6,796.6,796.7,3673720,0.0774,-0.2731,-128.34,810.0000,-1.64
2026-04-16 15:05:00,796.7,796.85,792.85,795.1,3755199,-0.1628,-0.2731,-40.39,810.0000,-1.84
2026-04-16 15:10:00,795.05,796.35,793.65,794.3,3357760,-0.3504,-0.2731,28.30,810.0000,-1.94
2026-04-16 15:15:00,794.05,794.95,792.2,792.65,2688848,-0.5486,-0.2731,100.88,810.0000,-2.14
2026-04-16 15:20:00,792.75,794.2,792.25,793.65,1461992,-0.5727,-0.2731,109.70,810.0000,-2.02
2026-04-16 15:25:00,793.65,795.1,793,794,1723785,-0.5266,-0.2731,92.82,810.0000,-1.98
2026-04-17 09:15:00,790.1,797.75,788.2,796.35,2506106,-0.3101,-0.5266,-41.11,794.0000,0.30
2026-04-17 09:20:00,796.35,797.1,795.1,795.6,886085,-0.1952,-0.5266,-62.93,794.0000,0.20
2026-04-17 09:25:00,795.6,796.95,795.45,796.55,473526,-0.0411,-0.5266,-92.20,794.0000,0.32
2026-04-17 09:30:00,796.7,797.25,795.35,795.5,561388,0.0019,-0.5266,-100.36,794.0000,0.19
2026-04-17 09:35:00,795.45,799.9,795.05,799.6,709008,0.3017,-0.5266,-157.29,794.0000,0.71
2026-04-17 09:40:00,799.75,800.15,798.6,799.15,797675,0.4557,-0.5266,-186.54,794.0000,0.65
2026-04-17 09:45:00,799.1,799.9,798.95,799.6,371992,0.5666,-0.5266,-207.60,794.0000,0.71
2026-04-17 09:50:00,799.6,800.4,799.25,799.8,625602,0.6274,-0.5266,-219.14,794.0000,0.73
2026-04-17 09:55:00,799.85,800.95,799.65,799.9,684758,0.6459,-0.5266,-222.65,794.0000,0.74
2026-04-17 10:00:00,799.95,802,799.4,801.9,458986,0.7567,-0.5266,-243.70,794.0000,0.99
2026-04-17 10:05:00,801.9,802.7,801.1,801.35,600439,0.7549,-0.5266,-243.35,794.0000,0.93
2026-04-17 10:10:00,801.35,801.35,800.3,800.85,421032,0.6843,-0.5266,-229.95,794.0000,0.86
2026-04-17 10:15:00,800.85,801.65,800.8,801.15,429506,0.6237,-0.5266,-218.44,794.0000,0.90
2026-04-17 10:20:00,801.15,801.9,801.1,801.65,266717,0.5839,-0.5266,-210.88,794.0000,0.96
2026-04-17 10:25:00,801.6,802.5,801.4,801.5,597554,0.5163,-0.5266,-198.04,794.0000,0.94
2026-04-17 10:30:00,801.4,802.45,799.95,800.2,574478,0.3604,-0.5266,-168.44,794.0000,0.78
2026-04-17 10:35:00,800.2,800.35,799,800,665687,0.2266,-0.5266,-143.03,794.0000,0.76
2026-04-17 10:40:00,800,800.5,799.8,800,581835,0.1260,-0.5266,-123.93,794.0000,0.76
2026-04-17 10:45:00,800,800.05,799.5,799.65,264491,0.0288,-0.5266,-105.47,794.0000,0.71
2026-04-17 10:50:00,799.65,800,799.25,799.45,548161,-0.0516,-0.5266,-90.20,794.0000,0.69
2026-04-17 10:55:00,799.5,800,799.35,799.75,342267,-0.0853,-0.5266,-83.80,794.0000,0.72
2026-04-17 11:00:00,799.45,800,799.4,800,466329,-0.0909,-0.5266,-82.74,794.0000,0.76
2026-04-17 11:05:00,799.95,800.2,799.8,799.95,184570,-0.0976,-0.5266,-81.47,794.0000,0.75
2026-04-17 11:10:00,800,800.05,799.8,800,379032,-0.0980,-0.5266,-81.39,794.0000,0.76
2026-04-17 11:15:00,799.95,800.65,799.95,800.2,249361,-0.0847,-0.5266,-83.92,794.0000,0.78
2026-04-17 11:20:00,800.25,800.5,800.15,800.25,187361,-0.0727,-0.5266,-86.19,794.0000,0.79
2026-04-17 11:25:00,800.25,801.45,800.2,801,202344,-0.0175,-0.5266,-96.68,794.0000,0.88
2026-04-17 11:30:00,801,801.4,800.05,801.3,255364,0.0333,-0.5266,-106.32,794.0000,0.92
2026-04-17 11:35:00,801.3,801.7,800.95,801.1,227397,0.0466,-0.5266,-108.85,794.0000,0.89
2026-04-17 11:40:00,801.1,801.3,800.8,801,134267,0.0421,-0.5266,-107.99,794.0000,0.88
2026-04-17 11:45:00,801,801.05,800.7,800.75,201768,0.0170,-0.5266,-103.23,794.0000,0.85
2026-04-17 11:50:00,800.8,803.95,800.75,803.3,1100145,0.1588,-0.5266,-130.16,794.0000,1.17
2026-04-17 11:55:00,803.35,803.55,798.9,798.9,1213805,-0.0459,-0.5266,-91.28,794.0000,0.62
2026-04-17 12:00:00,799,799.85,797.3,799.05,1399845,-0.1668,-0.5266,-68.33,794.0000,0.64
2026-04-17 12:05:00,799.1,800.65,798.9,799.95,1049616,-0.1804,-0.5266,-65.74,794.0000,0.75
2026-04-17 12:10:00,799.95,800,798.9,799.9,214695,-0.1863,-0.5266,-64.62,794.0000,0.74
2026-04-17 12:15:00,799.95,800.15,799.7,799.9,197955,-0.1835,-0.5266,-65.15,794.0000,0.74
2026-04-17 12:20:00,799.95,800,799.7,799.95,182045,-0.1718,-0.5266,-67.38,794.0000,0.75
2026-04-17 12:25:00,800,800,799.9,799.95,151118,-0.1579,-0.5266,-70.02,794.0000,0.75
2026-04-17 12:30:00,800,800,799.25,799.9,237451,-0.1461,-0.5266,-72.26,794.0000,0.74
2026-04-17 12:35:00,799.9,800.3,799.75,799.95,189197,-0.1297,-0.5266,-75.37,794.0000,0.75
2026-04-17 12:40:00,800,800,799.7,799.85,161523,-0.1204,-0.5266,-77.14,794.0000,0.74
2026-04-17 12:45:00,799.9,800,799.7,799.85,242180,-0.1094,-0.5266,-79.23,794.0000,0.74
2026-04-17 12:50:00,799.9,800,799.8,799.95,116275,-0.0913,-0.5266,-82.66,794.0000,0.75
2026-04-17 12:55:00,800,800.25,799.9,799.95,178575,-0.0759,-0.5266,-85.59,794.0000,0.75
2026-04-17 13:00:00,800,800.25,799.8,799.95,215007,-0.0629,-0.5266,-88.06,794.0000,0.75
2026-04-17 13:05:00,799.9,800,799.85,799.95,154363,-0.0518,-0.5266,-90.16,794.0000,0.75
2026-04-17 13:10:00,800,800.2,799.85,799.95,212152,-0.0424,-0.5266,-91.95,794.0000,0.75
2026-04-17 13:15:00,799.95,800,799.2,799.4,242226,-0.0695,-0.5266,-86.80,794.0000,0.68
2026-04-17 13:20:00,799.4,800.1,799.35,799.95,158802,-0.0479,-0.5266,-90.90,794.0000,0.75
2026-04-17 13:25:00,800,800.05,799.7,799.95,224197,-0.0317,-0.5266,-93.98,794.0000,0.75
2026-04-17 13:30:00,799.95,800.3,799.9,800,385591,-0.0165,-0.5266,-96.87,794.0000,0.76
2026-04-17 13:35:00,800,800,799.9,799.95,167942,-0.0091,-0.5266,-98.27,794.0000,0.75
2026-04-17 13:40:00,800,800.05,799.85,800,204929,-0.0006,-0.5266,-99.89,794.0000,0.76
2026-04-17 13:45:00,800,800.05,799.8,800,192249,0.0049,-0.5266,-100.93,794.0000,0.76
2026-04-17 13:50:00,800,800,799.85,800,165863,0.0084,-0.5266,-101.60,794.0000,0.76
2026-04-17 13:55:00,799.95,800,799.6,799.8,232747,-0.0025,-0.5266,-99.53,794.0000,0.73
2026-04-17 14:00:00,799.75,800,799.6,799.9,193822,-0.0026,-0.5266,-99.51,794.0000,0.74
2026-04-17 14:05:00,799.9,800,799.6,799.75,322516,-0.0119,-0.5266,-97.74,794.0000,0.72
2026-04-17 14:10:00,799.75,800,799.7,799.9,209095,-0.0073,-0.5266,-98.61,794.0000,0.74
2026-04-17 14:15:00,799.95,800.05,799.75,799.95,259903,-0.0006,-0.5266,-99.89,794.0000,0.75
2026-04-17 14:20:00,800,800.25,799.7,800,354434,0.0071,-0.5266,-101.35,794.0000,0.76
2026-04-17 14:25:00,800,800,799.65,799.85,198840,0.0021,-0.5266,-100.40,794.0000,0.74
2026-04-17 14:30:00,799.8,800,799.6,799.65,364818,-0.0136,-0.5266,-97.42,794.0000,0.71
2026-04-17 14:35:00,799.8,800,799.45,800,358261,-0.0002,-0.5266,-99.96,794.0000,0.76
2026-04-17 14:40:00,799.95,800.55,799.9,800,1034378,0.0085,-0.5266,-101.61,794.0000,0.76
2026-04-17 14:45:00,800,801,799.7,800.8,2068480,0.0648,-0.5266,-112.31,794.0000,0.86
2026-04-17 14:50:00,800.9,801.65,800,800,629725,0.0457,-0.5266,-108.68,794.0000,0.76
2026-04-17 14:55:00,800.15,800.35,799.75,799.85,461495,0.0218,-0.5266,-104.14,794.0000,0.74
2026-04-17 15:00:00,799.9,800,799.1,799.95,817241,0.0119,-0.5266,-102.26,794.0000,0.75
2026-04-17 15:05:00,799.95,800.2,799.3,799.85,1010432,-0.0013,-0.5266,-99.75,794.0000,0.74
2026-04-17 15:10:00,799.9,800.05,799.85,800,669541,-0.0001,-0.5266,-99.98,794.0000,0.76
2026-04-17 15:15:00,799.95,800.05,799.7,799.9,889086,-0.0058,-0.5266,-98.90,794.0000,0.74
2026-04-17 15:20:00,799.85,800.05,799.75,800,654167,-0.0028,-0.5266,-99.47,794.0000,0.76
2026-04-17 15:25:00,800,801,799.9,800,1155280,-0.0008,-0.5266,-99.85,794.0000,0.76
2026-04-20 09:15:00,797.1,809.95,790,791.95,5005634,-0.5133,-0.0008,64062.50,800.0000,-1.01
2026-04-20 09:20:00,791.95,793.9,791,793.55,1500298,-0.7044,-0.0008,87950.00,800.0000,-0.81
2026-04-20 09:25:00,793.55,795.15,793.25,793.7,1264705,-0.7750,-0.0008,96775.00,800.0000,-0.79
2026-04-20 09:30:00,793.6,793.75,791,791.45,1460248,-0.9178,-0.0008,114625.00,800.0000,-1.07
2026-04-20 09:35:00,791.2,791.8,790,790.85,1055227,-0.9908,-0.0008,123750.00,800.0000,-1.14
2026-04-20 09:40:00,790.85,792.5,790.6,791.4,1006836,-0.9408,-0.0008,117500.00,800.0000,-1.08
2026-04-20 09:45:00,791.65,792.45,791.3,792.35,801314,-0.7885,-0.0008,98462.50,800.0000,-0.96
2026-04-20 09:50:00,792.35,794.2,792,794.2,546774,-0.5209,-0.0008,65012.50,800.0000,-0.72
2026-04-20 09:55:00,794.1,795.3,793.95,794.75,661211,-0.2768,-0.0008,34500.00,800.0000,-0.66
2026-04-20 10:00:00,795.05,795.6,793.55,794.9,865578,-0.0851,-0.0008,10537.50,800.0000,-0.64
2026-04-20 10:05:00,794.95,796.2,794.5,796,564123,0.1244,-0.0008,-15650.00,800.0000,-0.50
2026-04-20 10:10:00,795.9,796.9,795.1,796.85,608092,0.3180,-0.0008,-39850.00,800.0000,-0.39
2026-04-20 10:15:00,796.8,797,795.7,796.2,475019,0.3949,-0.0008,-49462.50,800.0000,-0.47
2026-04-20 10:20:00,796.15,797.8,794.85,797.7,776352,0.5310,-0.0008,-66475.00,800.0000,-0.29
2026-04-20 10:25:00,797.7,799.45,797.15,798.7,755746,0.6640,-0.0008,-83100.00,800.0000,-0.16
2026-04-20 10:30:00,799,800,798.55,798.9,1157979,0.7354,-0.0008,-92025.00,800.0000,-0.14
2026-04-20 10:35:00,798.8,801,798.8,800.75,616094,0.8682,-0.0008,-108625.00,800.0000,0.09
2026-04-20 10:40:00,800.75,802.3,800.4,801.4,609987,0.9538,-0.0008,-119325.00,800.0000,0.17
2026-04-20 10:45:00,801.4,801.6,799.6,800.45,392254,0.9012,-0.0008,-112750.00,800.0000,0.06
2026-04-20 10:50:00,800.45,800.45,798.75,800,1087350,0.7945,-0.0008,-99412.50,800.0000,0.00
2026-04-20 10:55:00,800.05,800.1,799.2,799.9,364551,0.6801,-0.0008,-85112.50,800.0000,-0.01
2026-04-20 11:00:00,799.9,800,798.2,799.4,469405,0.5397,-0.0008,-67562.50,800.0000,-0.08
2026-04-20 11:05:00,799.4,799.4,798.15,798.45,333360,0.3604,-0.0008,-45150.00,800.0000,-0.19
2026-04-20 11:10:00,798.35,800,798.1,799.8,533388,0.3122,-0.0008,-39125.00,800.0000,-0.03
2026-04-20 11:15:00,799.75,800.4,799.45,800.25,806001,0.2904,-0.0008,-36400.00,800.0000,0.03
2026-04-20 11:20:00,800.25,801,800,800.9,260739,0.2985,-0.0008,-37412.50,800.0000,0.11
2026-04-20 11:25:00,800.9,802,800.8,801.65,368225,0.3306,-0.0008,-41425.00,800.0000,0.21
2026-04-20 11:30:00,801.75,802,800.9,801.85,342134,0.3402,-0.0008,-42625.00,800.0000,0.23
2026-04-20 11:35:00,801.85,802,800.8,802,405465,0.3312,-0.0008,-41500.00,800.0000,0.25
2026-04-20 11:40:00,801.95,802.4,801.4,801.9,624194,0.2943,-0.0008,-36887.50,800.0000,0.24
2026-04-20 11:45:00,801.95,802.5,801.5,801.5,706540,0.2221,-0.0008,-27862.50,800.0000,0.19
2026-04-20 11:50:00,801.5,802.15,800.55,800.95,424091,0.1214,-0.0008,-15275.00,800.0000,0.12
2026-04-20 11:55:00,800.9,801.05,800.25,800.65,238653,0.0239,-0.0008,-3087.50,800.0000,0.08
2026-04-20 12:00:00,800.6,801,800.25,800.65,215487,-0.0475,-0.0008,5837.50,800.0000,0.08
2026-04-20 12:05:00,800.65,801.95,800.25,800.95,345587,-0.0795,-0.0008,9837.50,800.0000,0.12
2026-04-20 12:10:00,800.9,801.5,798.55,799.4,1053606,-0.2030,-0.0008,25275.00,800.0000,-0.08
2026-04-20 12:15:00,799.3,799.9,798.6,799.2,403622,-0.2908,-0.0008,36250.00,800.0000,-0.10
2026-04-20 12:20:00,799.2,800.45,799,800.35,171435,-0.2648,-0.0008,33000.00,800.0000,0.04
2026-04-20 12:25:00,800.35,801.15,800.1,800.7,230475,-0.2192,-0.0008,27300.00,800.0000,0.09
2026-04-20 12:30:00,800.65,801.5,800.45,801.05,154723,-0.1633,-0.0008,20312.50,800.0000,0.13
2026-04-20 12:35:00,801.1,801.95,800.65,801.95,247438,-0.0684,-0.0008,8450.00,800.0000,0.24
2026-04-20 12:40:00,801.75,802,801.3,801.7,171202,-0.0272,-0.0008,3300.00,800.0000,0.21
2026-04-20 12:45:00,801.65,802.2,801.45,801.95,281198,0.0101,-0.0008,-1362.50,800.0000,0.24
2026-04-20 12:50:00,801.95,802.45,801.9,802.05,203189,0.0334,-0.0008,-4275.00,800.0000,0.26
2026-04-20 12:55:00,802.05,802.3,801.1,801.3,369155,-0.0076,-0.0008,850.00,800.0000,0.16
2026-04-20 13:00:00,801.35,801.5,799.8,800.1,421156,-0.1154,-0.0008,14325.00,800.0000,0.01
2026-04-20 13:05:00,800.1,800.15,798.8,799.05,402533,-0.2497,-0.0008,31112.50,800.0000,-0.12
2026-04-20 13:10:00,798.8,799,797,798.5,422943,-0.3610,-0.0008,45025.00,800.0000,-0.19
2026-04-20 13:15:00,798.45,798.65,797.55,798.35,275570,-0.4257,-0.0008,53112.50,800.0000,-0.21
2026-04-20 13:20:00,798.25,798.45,796,796.5,533950,-0.5654,-0.0008,70575.00,800.0000,-0.44
2026-04-20 13:25:00,796.45,796.6,794.3,796.5,837322,-0.6253,-0.0008,78062.50,800.0000,-0.44
2026-04-20 13:30:00,796.45,798,796,797.7,474187,-0.5542,-0.0008,69175.00,800.0000,-0.29
2026-04-20 13:35:00,797.7,797.75,796,796.4,456310,-0.5629,-0.0008,70262.50,800.0000,-0.45
2026-04-20 13:40:00,796.55,799.35,796.25,798.55,657581,-0.3997,-0.0008,49862.50,800.0000,-0.18
2026-04-20 13:45:00,798.6,799.55,798,798.25,565367,-0.2928,-0.0008,36500.00,800.0000,-0.22
2026-04-20 13:50:00,798.2,798.45,797.1,798.1,915653,-0.2165,-0.0008,26962.50,800.0000,-0.24
2026-04-20 13:55:00,798.1,798.55,797.6,798.3,371505,-0.1406,-0.0008,17475.00,800.0000,-0.21
2026-04-20 14:00:00,798.35,798.45,797.35,797.55,310028,-0.1292,-0.0008,16050.00,800.0000,-0.31
2026-04-20 14:05:00,797.55,797.95,797.1,797.3,327759,-0.1266,-0.0008,15725.00,800.0000,-0.34
2026-04-20 14:10:00,797.35,798.3,797.3,798.15,293272,-0.0593,-0.0008,7312.50,800.0000,-0.23
2026-04-20 14:15:00,798.1,798.5,798,798.25,327754,-0.0025,-0.0008,212.50,800.0000,-0.22
2026-04-20 14:20:00,798.1,799.35,797.45,799.2,368534,0.0988,-0.0008,-12450.00,800.0000,-0.10
2026-04-20 14:25:00,799.15,799.75,798,798.4,702165,0.1109,-0.0008,-13962.50,800.0000,-0.20
2026-04-20 14:30:00,798.25,798.85,796.2,798.8,1808130,0.1428,-0.0008,-17950.00,800.0000,-0.15
2026-04-20 14:35:00,798.75,799.65,797,797.75,997538,0.0925,-0.0008,-11662.50,800.0000,-0.28
2026-04-20 14:40:00,797.75,798.45,797.15,797.7,898055,0.0569,-0.0008,-7212.50,800.0000,-0.29
2026-04-20 14:45:00,797.7,798.3,796,798.25,689013,0.0706,-0.0008,-8925.00,800.0000,-0.22
2026-04-20 14:50:00,798.25,798.25,796.8,797.85,517990,0.0537,-0.0008,-6812.50,800.0000,-0.27
2026-04-20 14:55:00,797.8,798.1,796.9,797.9,506250,0.0471,-0.0008,-5987.50,800.0000,-0.26
2026-04-20 15:00:00,797.85,798.3,796.45,796.55,929056,-0.0422,-0.0008,5175.00,800.0000,-0.43
2026-04-20 15:05:00,796.5,796.55,794.5,795,1290110,-0.1912,-0.0008,23800.00,800.0000,-0.63
2026-04-20 15:10:00,794.65,795.85,794,795.3,893835,-0.2515,-0.0008,31337.50,800.0000,-0.59
2026-04-20 15:15:00,795.3,795.3,794.65,795,952452,-0.2906,-0.0008,36225.00,800.0000,-0.63
2026-04-20 15:20:00,795,795.35,794.5,795.15,1213310,-0.2851,-0.0008,35537.50,800.0000,-0.61
2026-04-20 15:25:00,795.15,795.55,794.5,795.2,792445,-0.2575,-0.0008,32087.50,800.0000,-0.60
2026-04-21 09:15:00,795.2,800.55,795.2,800,2444980,0.0861,-0.2575,-133.44,795.2000,0.60
2026-04-21 09:20:00,800,802.5,799.95,801.65,942095,0.4085,-0.2575,-258.64,795.2000,0.81
2026-04-21 09:25:00,801.55,802.3,800.9,801.35,480574,0.5754,-0.2575,-323.46,795.2000,0.77
2026-04-21 09:30:00,801.6,802,801,801.3,370223,0.6507,-0.2575,-352.70,795.2000,0.77
2026-04-21 09:35:00,801.3,803.5,801.2,803,539833,0.7749,-0.2575,-400.93,795.2000,0.98
2026-04-21 09:40:00,802.95,803,801.25,802,304052,0.7491,-0.2575,-390.91,795.2000,0.86
2026-04-21 09:45:00,802.15,803.3,801.9,801.9,538750,0.6864,-0.2575,-366.56,795.2000,0.84
2026-04-21 09:50:00,802,803,801.9,803,298006,0.6788,-0.2575,-363.61,795.2000,0.98
2026-04-21 09:55:00,803,803,802.25,802.45,400978,0.5994,-0.2575,-332.78,795.2000,0.91
2026-04-21 10:00:00,802.5,802.65,801.9,802.65,201548,0.5256,-0.2575,-304.12,795.2000,0.94
2026-04-21 10:05:00,802.55,803,802.55,803,275107,0.4675,-0.2575,-281.55,795.2000,0.98
2026-04-21 10:10:00,803,803,802.3,802.4,192525,0.3607,-0.2575,-240.08,795.2000,0.91
2026-04-21 10:15:00,802.4,802.95,802.35,802.75,166071,0.2887,-0.2575,-212.12,795.2000,0.95
2026-04-21 10:20:00,802.7,803,802.5,802.8,141721,0.2225,-0.2575,-186.41,795.2000,0.96
2026-04-21 10:25:00,802.8,802.9,802.25,802.45,165659,0.1374,-0.2575,-153.36,795.2000,0.91
2026-04-21 10:30:00,802.55,803.6,802.4,803.6,599997,0.1403,-0.2575,-154.49,795.2000,1.06
2026-04-21 10:35:00,803.55,804.5,803.55,803.8,340409,0.1373,-0.2575,-153.32,795.2000,1.08
2026-04-21 10:40:00,803.8,804.6,803.6,804.5,198456,0.1623,-0.2575,-163.03,795.2000,1.17
2026-04-21 10:45:00,804.5,804.65,803.2,803.85,243528,0.1171,-0.2575,-145.48,795.2000,1.09
2026-04-21 10:50:00,803.85,804.95,803.8,804.9,289290,0.1384,-0.2575,-153.75,795.2000,1.22
2026-04-21 10:55:00,804.9,805.85,804.8,805.3,421058,0.1585,-0.2575,-161.55,795.2000,1.27
2026-04-21 11:00:00,805.35,805.9,805,805.45,310113,0.1604,-0.2575,-162.29,795.2000,1.29
2026-04-21 11:05:00,805.45,806.5,805.15,806.15,438726,0.1857,-0.2575,-172.12,795.2000,1.38
2026-04-21 11:10:00,806.15,806.8,805.85,806.75,182372,0.2174,-0.2575,-184.43,795.2000,1.45
2026-04-21 11:15:00,806.55,807.4,806.45,807.1,270844,0.2351,-0.2575,-191.30,795.2000,1.50
2026-04-21 11:20:00,807.2,807.2,806.1,807,309477,0.2137,-0.2575,-182.99,795.2000,1.48
2026-04-21 11:25:00,806.95,807.5,806.75,807.3,260603,0.1941,-0.2575,-175.38,795.2000,1.52
2026-04-21 11:30:00,807.05,807.35,806.05,806.15,276316,0.0836,-0.2575,-132.47,795.2000,1.38
2026-04-21 11:35:00,806.15,806.95,805.95,806.45,207905,0.0143,-0.2575,-105.55,795.2000,1.41
2026-04-21 11:40:00,806.45,806.5,806,806.35,282972,-0.0512,-0.2575,-80.12,795.2000,1.40
2026-04-21 11:45:00,806.35,807.8,806.35,807.25,428670,-0.0468,-0.2575,-81.83,795.2000,1.52
2026-04-21 11:50:00,807.25,807.5,807.15,807.45,163008,-0.0435,-0.2575,-83.11,795.2000,1.54
2026-04-21 11:55:00,807.45,807.9,807.35,807.7,179412,-0.0377,-0.2575,-85.36,795.2000,1.57
2026-04-21 12:00:00,807.65,808.2,807.4,807.9,309706,-0.0338,-0.2575,-86.87,795.2000,1.60
2026-04-21 12:05:00,807.9,809,807.9,808.8,278107,0.0135,-0.2575,-105.24,795.2000,1.71
2026-04-21 12:10:00,808.85,811.55,808.75,810.6,1043048,0.1429,-0.2575,-155.50,795.2000,1.94
2026-04-21 12:15:00,810.55,810.65,809.4,809.7,296559,0.1444,-0.2575,-156.08,795.2000,1.82
2026-04-21 12:20:00,809.7,810.5,809.5,809.95,588196,0.1386,-0.2575,-153.83,795.2000,1.85
2026-04-21 12:25:00,810,810.15,805.8,806.3,812809,-0.1206,-0.2575,-53.17,795.2000,1.40
2026-04-21 12:30:00,806.4,809.9,806.3,808.6,801721,-0.1450,-0.2575,-43.69,795.2000,1.69
2026-04-21 12:35:00,808.55,809.9,808.35,809,504326,-0.1420,-0.2575,-44.85,795.2000,1.74
2026-04-21 12:40:00,809.1,809.4,808.2,809.4,567553,-0.1216,-0.2575,-52.78,795.2000,1.79
2026-04-21 12:45:00,809.3,809.7,808.2,809.35,330937,-0.1197,-0.2575,-53.51,795.2000,1.78
2026-04-21 12:50:00,809.3,809.65,808.35,809.3,484232,-0.1294,-0.2575,-49.75,795.2000,1.77
2026-04-21 12:55:00,809.4,809.75,808.45,808.75,263230,-0.1774,-0.2575,-31.11,795.2000,1.70
2026-04-21 13:00:00,808.75,809.3,808.4,808.6,293132,-0.2209,-0.2575,-14.21,795.2000,1.69
2026-04-21 13:05:00,808.6,809.35,808.25,809.2,384815,-0.2110,-0.2575,-18.06,795.2000,1.76
2026-04-21 13:10:00,809.1,810.5,808.5,810.25,803626,-0.1390,-0.2575,-46.02,795.2000,1.89
2026-04-21 13:15:00,810.2,812,810.1,811.5,1067521,-0.0186,-0.2575,-92.78,795.2000,2.05
2026-04-21 13:20:00,811.5,812,810.55,810.8,605326,0.0012,-0.2575,-100.47,795.2000,1.96
2026-04-21 13:25:00,810.8,812,810.65,811.85,716345,0.0688,-0.2575,-126.72,795.2000,2.09
2026-04-21 13:30:00,811.7,814.9,811.65,813.45,1578433,0.1976,-0.2575,-176.74,795.2000,2.30
2026-04-21 13:35:00,813.4,813.5,812.15,813,513558,0.2268,-0.2575,-188.08,795.2000,2.24
2026-04-21 13:40:00,812.95,813.1,811.35,811.6,394086,0.1309,-0.2575,-150.83,795.2000,2.06
2026-04-21 13:45:00,811.65,812.4,811.15,811.75,496997,0.0602,-0.2575,-123.38,795.2000,2.08
2026-04-21 13:50:00,811.65,812.95,811.5,812.55,428184,0.0504,-0.2575,-119.57,795.2000,2.18
2026-04-21 13:55:00,812.6,813.65,812.1,812.8,607580,0.0441,-0.2575,-117.13,795.2000,2.21
2026-04-21 14:00:00,812.8,812.85,811,811.9,1299585,-0.0333,-0.2575,-87.07,795.2000,2.10
2026-04-21 14:05:00,811.85,811.95,811.35,811.55,304758,-0.1159,-0.2575,-54.99,795.2000,2.06
2026-04-21 14:10:00,811.55,811.8,810.65,811.35,576995,-0.1877,-0.2575,-27.11,795.2000,2.03
2026-04-21 14:15:00,811.4,813.45,810.8,812,1423223,-0.1942,-0.2575,-24.58,795.2000,2.11
2026-04-21 14:20:00,811.85,812.55,811.35,811.7,458611,-0.2197,-0.2575,-14.68,795.2000,2.07
2026-04-21 14:25:00,811.65,812,810.45,811.65,842652,-0.2393,-0.2575,-7.07,795.2000,2.07
2026-04-21 14:30:00,811.75,811.85,810.9,811,490642,-0.2918,-0.2575,13.32,795.2000,1.99
2026-04-21 14:35:00,811,811.05,810.15,810.75,564744,-0.3361,-0.2575,30.52,795.2000,1.96
2026-04-21 14:40:00,810.8,810.8,809.2,809.65,559993,-0.4264,-0.2575,65.59,795.2000,1.82
2026-04-21 14:45:00,809.7,810.1,809,809.95,561106,-0.4505,-0.2575,74.95,795.2000,1.85
2026-04-21 14:50:00,809.95,810.7,809.8,810.35,423888,-0.4244,-0.2575,64.82,795.2000,1.91
2026-04-21 14:55:00,810.35,811.4,810.2,810.95,482523,-0.3544,-0.2575,37.63,795.2000,1.98
2026-04-21 15:00:00,811,813.6,808.3,809.8,5133963,-0.3716,-0.2575,44.31,795.2000,1.84
2026-04-21 15:05:00,809.8,814.9,809.45,812.1,4312169,-0.2214,-0.2575,-14.02,795.2000,2.13
2026-04-21 15:10:00,812.1,812.7,811.1,811.85,1331532,-0.1364,-0.2575,-47.03,795.2000,2.09
2026-04-21 15:15:00,811.8,813.7,811.05,811.5,1137136,-0.1028,-0.2575,-60.08,795.2000,2.05
2026-04-21 15:20:00,811.5,812.5,811,811.5,1055939,-0.0807,-0.2575,-68.66,795.2000,2.05
2026-04-21 15:25:00,811.6,813.5,810.55,812,749875,-0.0347,-0.2575,-86.52,795.2000,2.11
2026-04-22 09:15:00,810,813.05,807.85,809.75,1257495,-0.1517,-0.0347,337.18,812.0000,-0.28
2026-04-22 09:20:00,809.5,813,809,811.1,578128,-0.1346,-0.0347,287.90,812.0000,-0.11
2026-04-22 09:25:00,811.2,811.5,809,809.2,482089,-0.2414,-0.0347,595.68,812.0000,-0.34
2026-04-22 09:30:00,809.05,809.45,807.55,808.15,505313,-0.3655,-0.0347,953.31,812.0000,-0.47
2026-04-22 09:35:00,808.4,809.3,808,808.55,313412,-0.4006,-0.0347,1054.47,812.0000,-0.42
2026-04-22 09:40:00,808.5,808.55,806.65,806.8,423053,-0.5143,-0.0347,1382.13,812.0000,-0.64
2026-04-22 09:45:00,806.8,807.4,806.3,806.55,300921,-0.5745,-0.0347,1555.62,812.0000,-0.67
2026-04-22 09:50:00,806.6,807.6,806.3,806.45,394648,-0.5870,-0.0347,1591.64,812.0000,-0.68
2026-04-22 09:55:00,806.55,806.55,804.35,804.7,561064,-0.6730,-0.0347,1839.48,812.0000,-0.90
2026-04-22 10:00:00,804.8,805.4,803.5,804.95,476241,-0.6714,-0.0347,1834.87,812.0000,-0.87
2026-04-22 10:05:00,804.95,805.6,804.05,804.95,301339,-0.6294,-0.0347,1713.83,812.0000,-0.87
2026-04-22 10:10:00,804.8,805.25,803.1,803.6,302675,-0.6489,-0.0347,1770.03,812.0000,-1.03
2026-04-22 10:15:00,803.6,804.7,803.4,804.15,305525,-0.5833,-0.0347,1580.98,812.0000,-0.97
2026-04-22 10:20:00,804.15,804.15,802.5,802.95,294139,-0.5781,-0.0347,1565.99,812.0000,-1.11
2026-04-22 10:25:00,802.85,803,801.5,802,386837,-0.5938,-0.0347,1611.24,812.0000,-1.23
2026-04-22 10:30:00,802,803.05,801.8,801.8,401367,-0.5725,-0.0347,1549.86,812.0000,-1.26
2026-04-22 10:35:00,801.8,804.2,801.8,804,642554,-0.3748,-0.0347,980.12,812.0000,-0.99
2026-04-22 10:40:00,804,805.95,803.8,805.8,764646,-0.1014,-0.0347,192.22,812.0000,-0.76
2026-04-22 10:45:00,805.85,807.45,805.15,805.9,634696,0.0968,-0.0347,-378.96,812.0000,-0.75
2026-04-22 10:50:00,805.9,807,805.7,806.6,186168,0.2755,-0.0347,-893.95,812.0000,-0.67
2026-04-22 10:55:00,806.75,806.95,806.5,806.6,121694,0.3874,-0.0347,-1216.43,812.0000,-0.67
2026-04-22 11:00:00,806.6,806.6,805.25,805.85,182743,0.4027,-0.0347,-1260.52,812.0000,-0.76
2026-04-22 11:05:00,805.85,805.85,803.8,804,301082,0.2856,-0.0347,-923.05,812.0000,-0.99
2026-04-22 11:10:00,804,804.45,803.1,804.1,148118,0.2155,-0.0347,-721.04,812.0000,-0.97
2026-04-22 11:15:00,804.1,804.7,803.8,804.5,162756,0.1971,-0.0347,-668.01,812.0000,-0.92
2026-04-22 11:20:00,804.5,805.15,804.3,805,118951,0.2180,-0.0347,-728.24,812.0000,-0.86
2026-04-22 11:25:00,805,805,803.8,803.9,198178,0.1599,-0.0347,-560.81,812.0000,-1.00
2026-04-22 11:30:00,803.9,805,803.8,804.4,441182,0.1570,-0.0347,-552.45,812.0000,-0.94
2026-04-22 11:35:00,804.4,804.85,803.6,804,239616,0.1312,-0.0347,-478.10,812.0000,-0.99
2026-04-22 11:40:00,804,804.35,803.8,804.15,99512,0.1270,-0.0347,-465.99,812.0000,-0.97
2026-04-22 11:45:00,804.15,804.35,803.35,804.25,150360,0.1332,-0.0347,-483.86,812.0000,-0.95
2026-04-22 11:50:00,804.3,804.45,803.5,804,213583,0.1229,-0.0347,-454.18,812.0000,-0.99
2026-04-22 11:55:00,803.9,804.55,803.85,804.55,119302,0.1536,-0.0347,-542.65,812.0000,-0.92
2026-04-22 12:00:00,804.55,804.9,804.05,804.85,126818,0.1921,-0.0347,-653.60,812.0000,-0.88
2026-04-22 12:05:00,804.85,804.9,803.7,803.95,155587,0.1565,-0.0347,-551.01,812.0000,-0.99
2026-04-22 12:10:00,803.95,804.5,803.6,804.3,255710,0.1556,-0.0347,-548.41,812.0000,-0.95
2026-04-22 12:15:00,804.3,804.55,803.4,803.6,181600,0.1092,-0.0347,-414.70,812.0000,-1.03
2026-04-22 12:20:00,803.75,804,802.55,803.1,289864,0.0493,-0.0347,-242.07,812.0000,-1.10
2026-04-22 12:25:00,803.15,804.35,802.8,803.4,246642,0.0349,-0.0347,-200.58,812.0000,-1.06
2026-04-22 12:30:00,803.35,804.3,803.35,803.95,138687,0.0657,-0.0347,-289.34,812.0000,-0.99
2026-04-22 12:35:00,804,804.25,802.65,803.65,219226,0.0688,-0.0347,-298.27,812.0000,-1.03
2026-04-22 12:40:00,803.65,803.95,803.3,803.85,94026,0.0862,-0.0347,-348.41,812.0000,-1.00
2026-04-22 12:45:00,803.85,803.95,802.9,803.2,127198,0.0571,-0.0347,-264.55,812.0000,-1.08
2026-04-22 12:50:00,803.2,804.1,803,803.8,135862,0.0802,-0.0347,-331.12,812.0000,-1.01
2026-04-22 12:55:00,803.8,804.25,803.75,803.85,143976,0.0993,-0.0347,-386.17,812.0000,-1.00
2026-04-22 13:00:00,804,804.35,803.5,804,92063,0.1212,-0.0347,-449.28,812.0000,-0.99
2026-04-22 13:05:00,804.1,804.5,804,804.5,150023,0.1657,-0.0347,-577.52,812.0000,-0.92
2026-04-22 13:10:00,804.5,804.5,803.55,803.8,226217,0.1451,-0.0347,-518.16,812.0000,-1.01
2026-04-22 13:15:00,803.75,804,803.25,803.25,164041,0.0940,-0.0347,-370.89,812.0000,-1.08
2026-04-22 13:20:00,803.3,803.55,801.5,801.9,382027,-0.0248,-0.0347,-28.53,812.0000,-1.24
2026-04-22 13:25:00,801.9,802.7,801.4,802.65,202751,-0.0457,-0.0347,31.70,812.0000,-1.15
2026-04-22 13:30:00,802.65,803.4,801.85,802.7,204207,-0.0487,-0.0347,40.35,812.0000,-1.15
2026-04-22 13:35:00,802.7,803.4,802.15,802.65,153254,-0.0467,-0.0347,34.58,812.0000,-1.15
2026-04-22 13:40:00,802.45,803.15,802.1,802.45,127872,-0.0510,-0.0347,46.97,812.0000,-1.18
2026-04-22 13:45:00,802.55,802.9,802.35,802.45,246266,-0.0463,-0.0347,33.43,812.0000,-1.18
2026-04-22 13:50:00,802.7,802.85,801.6,802,269428,-0.0647,-0.0347,86.46,812.0000,-1.23
2026-04-22 13:55:00,802,802.5,801.85,802.2,255141,-0.0550,-0.0347,58.50,812.0000,-1.21
2026-04-22 14:00:00,802.2,803.5,801.85,801.95,239781,-0.0568,-0.0347,63.69,812.0000,-1.24
2026-04-22 14:05:00,802,802.3,801.9,801.95,151157,-0.0496,-0.0347,42.94,812.0000,-1.24
2026-04-22 14:10:00,802,802.05,800.95,801.55,389023,-0.0626,-0.0347,80.40,812.0000,-1.29
2026-04-22 14:15:00,801.55,801.8,800.75,801.15,277208,-0.0874,-0.0347,151.87,812.0000,-1.34
2026-04-22 14:20:00,801.2,801.85,800.95,801.45,208957,-0.0735,-0.0347,111.82,812.0000,-1.30
2026-04-22 14:25:00,801.45,801.8,801.25,801.5,143592,-0.0518,-0.0347,49.28,812.0000,-1.29
2026-04-22 14:30:00,801.5,801.85,801.25,801.45,224492,-0.0326,-0.0347,-6.05,812.0000,-1.30
2026-04-22 14:35:00,801.4,802.9,801.4,801.85,327196,0.0128,-0.0347,-136.89,812.0000,-1.25
2026-04-22 14:40:00,802,802.1,801.5,802.05,193923,0.0595,-0.0347,-271.47,812.0000,-1.23
2026-04-22 14:45:00,802.05,802.4,802,802.05,214107,0.0916,-0.0347,-363.98,812.0000,-1.23
2026-04-22 14:50:00,802.05,802.15,801.55,801.8,238222,0.0967,-0.0347,-378.67,812.0000,-1.26
2026-04-22 14:55:00,801.85,802.2,801.5,801.75,259359,0.0972,-0.0347,-380.12,812.0000,-1.26
2026-04-22 15:00:00,801.75,802,800.8,801,678780,0.0498,-0.0347,-243.52,812.0000,-1.35
2026-04-22 15:05:00,801,801.05,800.05,800.3,618810,-0.0219,-0.0347,-36.89,812.0000,-1.44
2026-04-22 15:10:00,800.2,800.3,800,800.05,578036,-0.0764,-0.0347,120.17,812.0000,-1.47
2026-04-22 15:15:00,800,800.2,799.2,799.2,783115,-0.1554,-0.0347,347.84,812.0000,-1.58
2026-04-22 15:20:00,799.35,799.35,798.5,798.7,664628,-0.2229,-0.0347,542.36,812.0000,-1.64
2026-04-22 15:25:00,798.6,799.45,798,799.4,533807,-0.2025,-0.0347,483.57,812.0000,-1.55
2026-04-23 09:15:00,792,794.35,790,791.45,2247160,-0.6798,-0.2025,235.70,799.4000,-0.99
2026-04-23 09:20:00,791.45,792.5,791.05,792.3,760497,-0.8807,-0.2025,334.91,799.4000,-0.89
2026-04-23 09:25:00,792.3,794.5,792,794.5,857130,-0.8098,-0.2025,299.90,799.4000,-0.61
2026-04-23 09:30:00,794.5,794.7,793,793.35,519289,-0.7841,-0.2025,287.21,799.4000,-0.76
2026-04-23 09:35:00,793.5,794.05,792.75,793.95,438304,-0.6747,-0.2025,233.19,799.4000,-0.68
2026-04-23 09:40:00,793.95,794,793,794,309118,-0.5520,-0.2025,172.59,799.4000,-0.68
2026-04-23 09:45:00,794,795.7,793.4,795.25,411327,-0.3497,-0.2025,72.69,799.4000,-0.52
2026-04-23 09:50:00,795.35,796.55,795.15,795.7,485851,-0.1583,-0.2025,-21.83,799.4000,-0.46
2026-04-23 09:55:00,795.75,796.5,795.5,796,676609,0.0070,-0.2025,-103.46,799.4000,-0.43
2026-04-23 10:00:00,796.15,796.6,795.75,796.6,247506,0.1664,-0.2025,-182.17,799.4000,-0.35
2026-04-23 10:05:00,796.6,796.65,795.05,795.25,353612,0.1889,-0.2025,-193.28,799.4000,-0.52
2026-04-23 10:10:00,795.25,795.6,794.6,794.6,256188,0.1687,-0.2025,-183.31,799.4000,-0.60
2026-04-23 10:15:00,794.8,795.25,794,795.25,297293,0.2054,-0.2025,-201.43,799.4000,-0.52
2026-04-23 10:20:00,795.25,795.65,794.5,794.55,384775,0.1892,-0.2025,-193.43,799.4000,-0.61
2026-04-23 10:25:00,794.55,795.4,794,794,156209,0.1498,-0.2025,-173.98,799.4000,-0.68
2026-04-23 10:30:00,794.2,794.5,793.5,793.6,175664,0.1071,-0.2025,-152.89,799.4000,-0.73
2026-04-23 10:35:00,793.7,793.85,792,792.5,608040,0.0198,-0.2025,-109.78,799.4000,-0.86
2026-04-23 10:40:00,792.5,792.9,792.2,792.75,293061,-0.0049,-0.2025,-97.58,799.4000,-0.83
2026-04-23 10:45:00,792.75,792.75,791,791.7,505935,-0.0719,-0.2025,-64.49,799.4000,-0.96
2026-04-23 10:50:00,791.75,791.8,790.1,791.5,361964,-0.1076,-0.2025,-46.86,799.4000,-0.99
2026-04-23 10:55:00,791.5,791.85,790.5,791.65,257528,-0.0992,-0.2025,-51.01,799.4000,-0.97
2026-04-23 11:00:00,791.65,792.2,791.05,791.8,350706,-0.0633,-0.2025,-68.74,799.4000,-0.95
2026-04-23 11:05:00,791.8,792.05,791.2,791.5,291159,-0.0407,-0.2025,-79.90,799.4000,-0.99
2026-04-23 11:10:00,791.55,791.7,790.75,791,434869,-0.0403,-0.2025,-80.10,799.4000,-1.05
2026-04-23 11:15:00,791,792,790.7,790.7,506382,-0.0409,-0.2025,-79.80,799.4000,-1.09
2026-04-23 11:20:00,790.75,791,790.35,790.45,346338,-0.0389,-0.2025,-80.79,799.4000,-1.12
2026-04-23 11:25:00,790.5,790.6,789.6,789.9,682584,-0.0544,-0.2025,-73.14,799.4000,-1.19
2026-04-23 11:30:00,789.9,790,788.6,789.05,324073,-0.0991,-0.2025,-51.06,799.4000,-1.29
2026-04-23 11:35:00,789.2,789.25,788,788.2,333475,-0.1594,-0.2025,-21.28,799.4000,-1.40
2026-04-23 11:40:00,788.25,788.25,786.5,786.95,718003,-0.2517,-0.2025,24.30,799.4000,-1.56
2026-04-23 11:45:00,786.85,787.4,786.55,787.35,264049,-0.2532,-0.2025,25.04,799.4000,-1.51
2026-04-23 11:50:00,787.35,788.5,786.8,788.1,339936,-0.1748,-0.2025,-13.68,799.4000,-1.41
2026-04-23 11:55:00,788.1,788.5,787.55,788.3,389639,-0.0852,-0.2025,-57.93,799.4000,-1.39
2026-04-23 12:00:00,788.3,788.4,787.25,787.55,324562,-0.0536,-0.2025,-73.53,799.4000,-1.48
2026-04-23 12:05:00,787.55,787.6,786.8,787.2,602581,-0.0345,-0.2025,-82.96,799.4000,-1.53
2026-04-23 12:10:00,787.25,787.45,786.2,786.45,351196,-0.0496,-0.2025,-75.51,799.4000,-1.62
2026-04-23 12:15:00,786.45,786.6,785.7,785.9,397840,-0.0724,-0.2025,-64.25,799.4000,-1.69
2026-04-23 12:20:00,786.05,786.55,785.55,786,499699,-0.0573,-0.2025,-71.70,799.4000,-1.68
2026-04-23 12:25:00,786.05,786.15,783.6,783.8,1158858,-0.1659,-0.2025,-18.07,799.4000,-1.95
2026-04-23 12:30:00,783.6,783.95,782.8,783.3,582256,-0.2374,-0.2025,17.23,799.4000,-2.01
2026-04-23 12:35:00,783.3,785.4,783,785,625829,-0.1410,-0.2025,-30.37,799.4000,-1.80
2026-04-23 12:40:00,785,785.6,784.6,785.55,262528,-0.0174,-0.2025,-91.41,799.4000,-1.73
2026-04-23 12:45:00,785.55,786.25,785.15,786.15,370037,0.1199,-0.2025,-159.21,799.4000,-1.66
2026-04-23 12:50:00,786.15,786.8,785.95,786.6,303522,0.2487,-0.2025,-222.81,799.4000,-1.60
2026-04-23 12:55:00,786.6,786.7,785.7,786.6,318567,0.3363,-0.2025,-266.07,799.4000,-1.60
2026-04-23 13:00:00,786.6,786.65,785.55,786,322079,0.3543,-0.2025,-274.96,799.4000,-1.68
2026-04-23 13:05:00,786,786,785.2,785.5,198276,0.3334,-0.2025,-264.64,799.4000,-1.74
2026-04-23 13:10:00,785.5,785.9,785,785.35,304538,0.3107,-0.2025,-253.43,799.4000,-1.76
2026-04-23 13:15:00,785.4,786.4,785.15,786.25,284950,0.3544,-0.2025,-275.01,799.4000,-1.64
2026-04-23 13:20:00,786.3,787,786.05,786.9,581416,0.4206,-0.2025,-307.70,799.4000,-1.56
2026-04-23 13:25:00,786.9,787.35,786,786.8,578505,0.4488,-0.2025,-321.63,799.4000,-1.58
2026-04-23 13:30:00,786.8,787,785.6,785.75,279388,0.3898,-0.2025,-292.49,799.4000,-1.71
2026-04-23 13:35:00,785.8,786,784,784.55,379995,0.2690,-0.2025,-232.84,799.4000,-1.86
2026-04-23 13:40:00,784.3,784.95,783.35,783.85,398624,0.1469,-0.2025,-172.54,799.4000,-1.95
2026-04-23 13:45:00,783.85,784.4,783.55,784.1,233616,0.0909,-0.2025,-144.89,799.4000,-1.91
2026-04-23 13:50:00,784.25,785,783.85,784.4,257554,0.0820,-0.2025,-140.49,799.4000,-1.88
2026-04-23 13:55:00,784.4,785.9,784,784.85,234854,0.1127,-0.2025,-155.65,799.4000,-1.82
2026-04-23 14:00:00,784.85,784.9,784.1,784.45,190600,0.1120,-0.2025,-155.31,799.4000,-1.87
2026-04-23 14:05:00,784.65,784.95,784.05,784.2,208670,0.1009,-0.2025,-149.83,799.4000,-1.90
2026-04-23 14:10:00,784.1,784.6,783.85,784.35,264002,0.1093,-0.2025,-153.98,799.4000,-1.88
2026-04-23 14:15:00,784.35,785.3,784.05,784.8,314139,0.1483,-0.2025,-173.23,799.4000,-1.83
2026-04-23 14:20:00,784.75,786.7,784.15,785.15,522380,0.1978,-0.2025,-197.68,799.4000,-1.78
2026-04-23 14:25:00,785.4,785.9,784.7,785.3,369468,0.2379,-0.2025,-217.48,799.4000,-1.76
2026-04-23 14:30:00,785.4,785.95,785,785.35,276920,0.2633,-0.2025,-230.02,799.4000,-1.76
2026-04-23 14:35:00,785.35,786.8,784.95,786.5,402666,0.3476,-0.2025,-271.65,799.4000,-1.61
2026-04-23 14:40:00,786.5,786.85,785,785.1,430211,0.3009,-0.2025,-248.59,799.4000,-1.79
2026-04-23 14:45:00,785.1,785.95,784.75,785.65,421582,0.2983,-0.2025,-247.31,799.4000,-1.72
2026-04-23 14:50:00,785.65,785.85,784.2,784.6,542425,0.2207,-0.2025,-208.99,799.4000,-1.85
2026-04-23 14:55:00,784.5,785.55,784.4,784.95,300988,0.1890,-0.2025,-193.33,799.4000,-1.81
2026-04-23 15:00:00,785,786.85,784.2,785.45,1956254,0.1969,-0.2025,-197.23,799.4000,-1.75
2026-04-23 15:05:00,785.4,785.75,784.1,784.65,1197712,0.1458,-0.2025,-172.00,799.4000,-1.85
2026-04-23 15:10:00,784.8,784.8,783.9,784.05,1123416,0.0728,-0.2025,-135.95,799.4000,-1.92
2026-04-23 15:15:00,783.95,784.75,783,783.6,1073499,-0.0008,-0.2025,-99.60,799.4000,-1.98
2026-04-23 15:20:00,783.55,784.25,783.15,783.55,978251,-0.0452,-0.2025,-77.68,799.4000,-1.98
2026-04-23 15:25:00,783.55,783.95,782.5,783.9,1027927,-0.0434,-0.2025,-78.57,799.4000,-1.94
2026-04-24 09:15:00,777.3,784.05,777.3,783.85,1335981,-0.0382,-0.0434,-11.98,783.9000,-0.01
2026-04-24 09:20:00,783.85,784,782,782.2,319945,-0.1332,-0.0434,206.91,783.9000,-0.22
2026-04-24 09:25:00,782.2,782.3,780.1,780.15,392960,-0.3112,-0.0434,617.05,783.9000,-0.48
2026-04-24 09:30:00,780.3,780.3,778.25,779.35,423549,-0.4513,-0.0434,939.86,783.9000,-0.58
2026-04-24 09:35:00,779.3,780,777.55,777.9,421625,-0.6010,-0.0434,1284.79,783.9000,-0.77
2026-04-24 09:40:00,777.9,778.5,777,777.7,373878,-0.6675,-0.0434,1438.02,783.9000,-0.79
2026-04-24 09:45:00,777.6,779.7,777.6,779.6,430175,-0.5429,-0.0434,1150.92,783.9000,-0.55
2026-04-24 09:50:00,779.6,779.85,778.5,778.55,320934,-0.4922,-0.0434,1034.10,783.9000,-0.68
2026-04-24 09:55:00,778.5,779,777.55,777.65,358294,-0.4796,-0.0434,1005.07,783.9000,-0.80
2026-04-24 10:00:00,777.6,779.9,777.6,779.6,697852,-0.3086,-0.0434,611.06,783.9000,-0.55
2026-04-24 10:05:00,779.6,780.7,779,780,985402,-0.1456,-0.0434,235.48,783.9000,-0.50
2026-04-24 10:10:00,779.95,781.25,779.95,780.8,385192,0.0298,-0.0434,-168.66,783.9000,-0.40
2026-04-24 10:15:00,780.8,780.85,780,780.4,187789,0.1270,-0.0434,-392.63,783.9000,-0.45
2026-04-24 10:20:00,780.45,780.55,779.75,780,233699,0.1700,-0.0434,-491.71,783.9000,-0.50
2026-04-24 10:25:00,779.95,781.3,779.5,781,233942,0.2655,-0.0434,-711.75,783.9000,-0.37
2026-04-24 10:30:00,781,783.4,780.8,782.9,646588,0.4459,-0.0434,-1127.42,783.9000,-0.13
2026-04-24 10:35:00,783.05,783.2,782.1,782.55,257859,0.5254,-0.0434,-1310.60,783.9000,-0.17
2026-04-24 10:40:00,782.55,783.25,781.7,782.7,340760,0.5682,-0.0434,-1409.22,783.9000,-0.15
2026-04-24 10:45:00,782.55,784,782.4,784,352072,0.6579,-0.0434,-1615.90,783.9000,0.01
2026-04-24 10:50:00,783.9,786.4,783.5,785.9,1159965,0.8090,-0.0434,-1964.06,783.9000,0.26
2026-04-24 10:55:00,785.95,786.05,785.15,785.6,233159,0.8485,-0.0434,-2055.07,783.9000,0.22
2026-04-24 11:00:00,785.6,786,785.4,785.6,280164,0.8331,-0.0434,-2019.59,783.9000,0.22
2026-04-24 11:05:00,785.75,787,785,785.25,548992,0.7599,-0.0434,-1850.92,783.9000,0.17
2026-04-24 11:10:00,785.05,785.5,784,784.55,333330,0.6303,-0.0434,-1552.30,783.9000,0.08
2026-04-24 11:15:00,784.5,785.65,784,785.1,262718,0.5504,-0.0434,-1368.20,783.9000,0.15
2026-04-24 11:20:00,785.1,785.8,784,784.05,197111,0.4025,-0.0434,-1027.42,783.9000,0.02
2026-04-24 11:25:00,784.05,785.15,784.05,784.95,212706,0.3433,-0.0434,-891.01,783.9000,0.13
2026-04-24 11:30:00,784.95,785.75,784.55,784.7,115078,0.2686,-0.0434,-718.89,783.9000,0.10
2026-04-24 11:35:00,784.7,785.2,784.15,784.9,110551,0.2162,-0.0434,-598.16,783.9000,0.13
2026-04-24 11:40:00,784.9,785.05,784.5,784.75,77580,0.1577,-0.0434,-463.36,783.9000,0.11
2026-04-24 11:45:00,784.75,785.35,784.2,784.5,131100,0.0916,-0.0434,-311.06,783.9000,0.08
2026-04-24 11:50:00,784.5,785.6,784.3,785.6,166459,0.1103,-0.0434,-354.15,783.9000,0.22
2026-04-24 11:55:00,785.55,786.3,785.25,786.1,247596,0.1426,-0.0434,-428.57,783.9000,0.28
2026-04-24 12:00:00,786.1,787.45,785.9,786.25,333400,0.1590,-0.0434,-466.36,783.9000,0.30
2026-04-24 12:05:00,786.25,787,786.25,786.65,252371,0.1803,-0.0434,-515.44,783.9000,0.35
2026-04-24 12:10:00,786.65,787.6,786.5,786.8,434941,0.1870,-0.0434,-530.88,783.9000,0.37
2026-04-24 12:15:00,786.9,787.5,786.8,787.3,104988,0.2063,-0.0434,-575.35,783.9000,0.43
2026-04-24 12:20:00,787.3,787.55,786.05,786.05,150971,0.1202,-0.0434,-376.96,783.9000,0.27
2026-04-24 12:25:00,786.05,786.3,785.05,785.3,194125,0.0042,-0.0434,-109.68,783.9000,0.18
2026-04-24 12:30:00,785.3,786.8,785.15,786.65,207931,0.0096,-0.0434,-122.12,783.9000,0.35
2026-04-24 12:35:00,786.8,787.15,785.4,786.1,417727,-0.0305,-0.0434,-29.72,783.9000,0.28
2026-04-24 12:40:00,786.1,786.4,785.2,785.3,119242,-0.1129,-0.0434,160.14,783.9000,0.18
2026-04-24 12:45:00,785.3,786,785.2,785.75,101967,-0.1375,-0.0434,216.82,783.9000,0.24
2026-04-24 12:50:00,785.7,786.4,785.65,786.15,153563,-0.1273,-0.0434,193.32,783.9000,0.29
2026-04-24 12:55:00,786.15,786.5,785.45,785.7,165327,-0.1500,-0.0434,245.62,783.9000,0.23
2026-04-24 13:00:00,785.7,786.1,784.85,784.9,123287,-0.2140,-0.0434,393.09,783.9000,0.13
2026-04-24 13:05:00,784.85,785.6,784.6,784.9,716488,-0.2490,-0.0434,473.73,783.9000,0.13
2026-04-24 13:10:00,784.9,785.15,784.15,784.55,358863,-0.2858,-0.0434,558.53,783.9000,0.08
2026-04-24 13:15:00,784.55,784.6,783.45,784.05,256843,-0.3306,-0.0434,661.75,783.9000,0.02
2026-04-24 13:20:00,784,785.05,783.65,783.95,320726,-0.3520,-0.0434,711.06,783.9000,0.01
2026-04-24 13:25:00,783.95,784.7,783.9,784.5,127536,-0.3151,-0.0434,626.04,783.9000,0.08
2026-04-24 13:30:00,784.45,784.85,784,784,122622,-0.3100,-0.0434,614.29,783.9000,0.01
2026-04-24 13:35:00,784,784.95,783,783.05,153765,-0.3531,-0.0434,713.59,783.9000,-0.11
2026-04-24 13:40:00,783.1,783.6,782.7,782.7,151257,-0.3851,-0.0434,787.33,783.9000,-0.15
2026-04-24 13:45:00,782.7,784,782.7,783.75,168773,-0.3181,-0.0434,632.95,783.9000,-0.02
2026-04-24 13:50:00,783.75,783.9,783.05,783.3,185764,-0.2877,-0.0434,562.90,783.9000,-0.08
2026-04-24 13:55:00,783.3,784.2,782.6,784.2,335534,-0.1950,-0.0434,349.31,783.9000,0.04
2026-04-24 14:00:00,784,784.2,782.55,783.05,326342,-0.1985,-0.0434,357.37,783.9000,-0.11
2026-04-24 14:05:00,782.85,783.05,781.2,782.5,550780,-0.2233,-0.0434,414.52,783.9000,-0.18
2026-04-24 14:10:00,782.35,782.65,781.6,781.9,346081,-0.2629,-0.0434,505.76,783.9000,-0.26
2026-04-24 14:15:00,781.8,782.6,781.55,782.05,370472,-0.2612,-0.0434,501.84,783.9000,-0.24
2026-04-24 14:20:00,782.05,782.45,781.65,782,552114,-0.2459,-0.0434,466.59,783.9000,-0.24
2026-04-24 14:25:00,782,783.8,781.8,783.5,199022,-0.1233,-0.0434,184.10,783.9000,-0.05
2026-04-24 14:30:00,783.5,784.25,783.05,784.1,246883,0.0028,-0.0434,-106.45,783.9000,0.03
2026-04-24 14:35:00,784,785.55,784,785.15,345446,0.1533,-0.0434,-453.23,783.9000,0.16
2026-04-24 14:40:00,785.05,785.3,784.4,784.65,182149,0.2119,-0.0434,-588.25,783.9000,0.10
2026-04-24 14:45:00,784.6,785.2,784,784.25,144750,0.2158,-0.0434,-597.24,783.9000,0.04
2026-04-24 14:50:00,784.2,785.3,783.8,785.15,584198,0.2676,-0.0434,-716.59,783.9000,0.16
2026-04-24 14:55:00,785.1,785.6,785,785.4,291136,0.3046,-0.0434,-801.84,783.9000,0.19
2026-04-24 15:00:00,785.4,785.45,783.55,783.6,1032691,0.1990,-0.0434,-558.53,783.9000,-0.04
2026-04-24 15:05:00,783.65,784.65,783.1,784.5,570138,0.1812,-0.0434,-517.51,783.9000,0.08
2026-04-24 15:10:00,784.5,784.8,784,784.65,458362,0.1713,-0.0434,-494.70,783.9000,0.10
2026-04-24 15:15:00,784.65,786.25,784.65,784.95,657221,0.1759,-0.0434,-505.30,783.9000,0.13
2026-04-24 15:20:00,784.95,785.15,784.8,784.95,474500,0.1699,-0.0434,-491.47,783.9000,0.13
2026-04-24 15:25:00,785,785.9,784.4,785.15,390030,0.1699,-0.0434,-491.47,783.9000,0.16
2026-04-27 09:15:00,787.5,793,786.95,788.8,1199835,0.3934,0.1699,131.55,785.1500,0.46
2026-04-27 09:20:00,788.8,790,788.35,789.15,327483,0.5339,0.1699,214.24,785.1500,0.51
2026-04-27 09:25:00,789.1,789.9,788.1,789.4,371505,0.6073,0.1699,257.45,785.1500,0.54
2026-04-27 09:30:00,789.4,789.55,787.25,787.5,265949,0.4962,0.1699,192.05,785.1500,0.30
2026-04-27 09:35:00,787.5,787.5,786.5,786.95,262761,0.3604,0.1699,112.12,785.1500,0.23
2026-04-27 09:40:00,786.9,788.05,786.8,788.05,231273,0.3207,0.1699,88.76,785.1500,0.37
2026-04-27 09:45:00,787.95,788.75,787.75,788.5,198953,0.3010,0.1699,77.16,785.1500,0.43
2026-04-27 09:50:00,788.3,789.4,788.15,789.35,223977,0.3198,0.1699,88.23,785.1500,0.53
2026-04-27 09:55:00,789.2,789.9,789.05,789.7,287819,0.3291,0.1699,93.70,785.1500,0.58
2026-04-27 10:00:00,789.55,790.05,789.2,789.9,243850,0.3216,0.1699,89.29,785.1500,0.60
2026-04-27 10:05:00,789.9,792.25,789.3,791.6,478092,0.3990,0.1699,134.84,785.1500,0.82
2026-04-27 10:10:00,791.45,792.4,790.4,790.5,323383,0.3459,0.1699,103.59,785.1500,0.68
2026-04-27 10:15:00,790.65,792.25,790.6,791.85,122619,0.3694,0.1699,117.42,785.1500,0.85
2026-04-27 10:20:00,791.6,791.95,790.2,790.6,107820,0.2729,0.1699,60.62,785.1500,0.69
2026-04-27 10:25:00,790.5,791,788.7,788.95,190080,0.0801,0.1699,-52.85,785.1500,0.48
2026-04-27 10:30:00,788.95,789,787,787.8,193218,-0.1313,0.1699,-177.28,785.1500,0.34
2026-04-27 10:35:00,787.65,788.45,787.5,787.6,179543,-0.2822,0.1699,-266.10,785.1500,0.31
2026-04-27 10:40:00,787.5,789.75,787,789.45,186876,-0.2559,0.1699,-250.62,785.1500,0.55
2026-04-27 10:45:00,789.35,790.35,788.05,790.2,170313,-0.1895,0.1699,-211.54,785.1500,0.64
2026-04-27 10:50:00,790.2,790.95,790,790.5,131785,-0.1298,0.1699,-176.40,785.1500,0.68
2026-04-27 10:55:00,790.45,790.75,790.25,790.45,51541,-0.0994,0.1699,-158.51,785.1500,0.68
2026-04-27 11:00:00,790.4,790.5,789.4,790.1,93791,-0.1079,0.1699,-163.51,785.1500,0.63
2026-04-27 11:05:00,790.05,790.25,788.4,788.6,111233,-0.2134,0.1699,-225.60,785.1500,0.44
2026-04-27 11:10:00,788.5,789.15,788.2,788.7,135344,-0.2717,0.1699,-259.92,785.1500,0.45
2026-04-27 11:15:00,788.7,789.15,788.4,788.7,82083,-0.3031,0.1699,-278.40,785.1500,0.45
2026-04-27 11:20:00,788.6,788.75,787.4,787.5,140769,-0.3918,0.1699,-330.61,785.1500,0.30
2026-04-27 11:25:00,787.4,787.5,785.2,785.7,237719,-0.5492,0.1699,-423.25,785.1500,0.07
2026-04-27 11:30:00,785.55,787.55,785.5,786.9,379712,-0.5488,0.1699,-423.01,785.1500,0.22
2026-04-27 11:35:00,786.95,787,785.3,786.15,260971,-0.5725,0.1699,-436.96,785.1500,0.13
2026-04-27 11:40:00,785.85,786.4,785,785.95,378258,-0.5739,0.1699,-437.79,785.1500,0.10
2026-04-27 11:45:00,785.95,788.05,785.4,787.45,283152,-0.4513,0.1699,-365.63,785.1500,0.29
2026-04-27 11:50:00,787.45,787.85,786.5,787.5,153403,-0.3489,0.1699,-305.36,785.1500,0.30
2026-04-27 11:55:00,787.5,787.95,787.35,787.95,116464,-0.2383,0.1699,-240.26,785.1500,0.36
2026-04-27 12:00:00,787.7,788.75,787.25,788.25,209166,-0.1373,0.1699,-180.81,785.1500,0.39
2026-04-27 12:05:00,788.25,788.5,787.4,787.9,190788,-0.0889,0.1699,-152.32,785.1500,0.35
2026-04-27 12:10:00,787.9,788,786.15,787.15,236062,-0.1012,0.1699,-159.56,785.1500,0.25
2026-04-27 12:15:00,787.15,787.3,786.65,787.25,102974,-0.0965,0.1699,-156.80,785.1500,0.27
2026-04-27 12:20:00,787.25,787.45,786.55,787.35,165479,-0.0811,0.1699,-147.73,785.1500,0.28
2026-04-27 12:25:00,787.35,787.9,787,787.4,110353,-0.0629,0.1699,-137.02,785.1500,0.29
2026-04-27 12:30:00,787.35,788.15,787.15,787.6,141409,-0.0341,0.1699,-120.07,785.1500,0.31
2026-04-27 12:35:00,787.6,788.1,787.3,787.75,104516,-0.0034,0.1699,-102.00,785.1500,0.33
2026-04-27 12:40:00,787.75,787.95,786.65,786.8,221625,-0.0432,0.1699,-125.43,785.1500,0.21
2026-04-27 12:45:00,786.8,786.95,786,786.35,131444,-0.0931,0.1699,-154.80,785.1500,0.15
2026-04-27 12:50:00,786.4,787.05,786.05,786.75,239601,-0.0923,0.1699,-154.33,785.1500,0.20
2026-04-27 12:55:00,786.75,787.35,786.05,787.25,136799,-0.0531,0.1699,-131.25,785.1500,0.27
2026-04-27 13:00:00,787.2,788.9,787.2,788.5,159681,0.0560,0.1699,-67.04,785.1500,0.43
2026-04-27 13:05:00,788.45,789.1,788.05,789,150594,0.1552,0.1699,-8.65,785.1500,0.49
2026-04-27 13:10:00,788.85,789.6,788.85,789.55,106779,0.2460,0.1699,44.79,785.1500,0.56
2026-04-27 13:15:00,789.5,790.4,789.5,789.9,297965,0.3132,0.1699,84.34,785.1500,0.60
2026-04-27 13:20:00,789.6,790.25,789.2,790.1,141628,0.3520,0.1699,107.18,785.1500,0.63
2026-04-27 13:25:00,790.05,790.75,789.7,790,149306,0.3509,0.1699,106.53,785.1500,0.62
2026-04-27 13:30:00,789.75,790.15,789.5,790,214904,0.3305,0.1699,94.53,785.1500,0.62
2026-04-27 13:35:00,789.9,790.45,789.75,790.05,125210,0.3015,0.1699,77.46,785.1500,0.62
2026-04-27 13:40:00,790.05,791.45,789.75,790.65,182116,0.3030,0.1699,78.34,785.1500,0.70
2026-04-27 13:45:00,790.55,792,790.5,791.3,154478,0.3261,0.1699,91.94,785.1500,0.78
2026-04-27 13:50:00,791.3,791.75,790.75,791.35,173807,0.3225,0.1699,89.82,785.1500,0.79
2026-04-27 13:55:00,791.4,791.7,790.8,791.45,315578,0.3047,0.1699,79.34,785.1500,0.80
2026-04-27 14:00:00,791.45,791.7,790.65,790.95,101236,0.2400,0.1699,41.26,785.1500,0.74
2026-04-27 14:05:00,790.8,791.35,790.2,790.9,185479,0.1776,0.1699,4.53,785.1500,0.73
2026-04-27 14:10:00,790.9,791.5,790.85,791.5,85493,0.1608,0.1699,-5.36,785.1500,0.81
2026-04-27 14:15:00,791.45,792.7,791.25,792.4,273733,0.1923,0.1699,13.18,785.1500,0.92
2026-04-27 14:20:00,792.35,792.6,791.75,792.15,170468,0.1786,0.1699,5.12,785.1500,0.89
2026-04-27 14:25:00,792.15,792.2,791.3,791.35,110158,0.1018,0.1699,-40.08,785.1500,0.79
2026-04-27 14:30:00,791.3,791.35,789.65,790.2,292360,-0.0331,0.1699,-119.48,785.1500,0.64
2026-04-27 14:35:00,790,791.15,789.35,790.25,330610,-0.1207,0.1699,-171.04,785.1500,0.65
2026-04-27 14:40:00,790.1,790.9,790,790.65,227927,-0.1514,0.1699,-189.11,785.1500,0.70
2026-04-27 14:45:00,790.45,790.75,789.25,789.5,218754,-0.2435,0.1699,-243.32,785.1500,0.55
2026-04-27 14:50:00,789.35,790.45,789.2,789.9,270021,-0.2697,0.1699,-258.74,785.1500,0.60
2026-04-27 14:55:00,789.75,790.2,789.55,790.05,229599,-0.2685,0.1699,-258.03,785.1500,0.62
2026-04-27 15:00:00,790,790.05,789.4,789.45,518562,-0.2976,0.1699,-275.16,785.1500,0.55
2026-04-27 15:05:00,789.55,789.95,789.25,789.8,435209,-0.2828,0.1699,-266.45,785.1500,0.59
2026-04-27 15:10:00,789.75,790.25,789.5,789.95,428721,-0.2533,0.1699,-249.09,785.1500,0.61
2026-04-27 15:15:00,790,790.2,789.3,789.55,506609,-0.2508,0.1699,-247.62,785.1500,0.56
2026-04-27 15:20:00,789.4,790.25,789.4,790.05,575436,-0.2072,0.1699,-221.95,785.1500,0.62
2026-04-27 15:25:00,790,790.3,789.6,790,347894,-0.1749,0.1699,-202.94,785.1500,0.62
2026-04-28 09:15:00,785,788.8,783.3,786.7,890425,-0.3582,-0.1749,104.80,790.0000,-0.42
2026-04-28 09:20:00,786.7,789,786.6,788.7,393909,-0.3281,-0.1749,87.59,790.0000,-0.16
2026-04-28 09:25:00,788.6,790,788.45,790,378161,-0.2098,-0.1749,19.95,790.0000,0.00
2026-04-28 09:30:00,790,790,788.8,789.7,246733,-0.1439,-0.1749,-17.72,790.0000,-0.04
2026-04-28 09:35:00,789.7,789.7,788.55,788.65,224206,-0.1619,-0.1749,-7.43,790.0000,-0.17
2026-04-28 09:40:00,788.9,791.8,788.55,791.3,531714,0.0049,-0.1749,-102.80,790.0000,0.16
2026-04-28 09:45:00,791.4,792.85,791.05,791.3,609167,0.1097,-0.1749,-162.72,790.0000,0.16
2026-04-28 09:50:00,791.55,791.7,790.6,791.2,395930,0.1635,-0.1749,-193.48,790.0000,0.15
2026-04-28 09:55:00,791.25,792.4,791,792.3,275405,0.2588,-0.1749,-247.97,790.0000,0.29
2026-04-28 10:00:00,792.4,793.8,792.3,793.2,404709,0.3616,-0.1749,-306.75,790.0000,0.41
2026-04-28 10:05:00,793.3,794.5,793.15,794.4,388384,0.4822,-0.1749,-375.70,790.0000,0.56
2026-04-28 10:10:00,794.35,794.45,793,793.25,336735,0.4565,-0.1749,-361.01,790.0000,0.41
2026-04-28 10:15:00,793.3,793.9,793.25,793.5,216857,0.4287,-0.1749,-345.11,790.0000,0.44
2026-04-28 10:20:00,793.5,793.9,793.4,793.5,225008,0.3842,-0.1749,-319.67,790.0000,0.44
2026-04-28 10:25:00,793.5,793.6,792.5,792.55,321503,0.2700,-0.1749,-254.37,790.0000,0.32
2026-04-28 10:30:00,792.65,792.75,791.6,791.7,301094,0.1239,-0.1749,-170.84,790.0000,0.22
2026-04-28 10:35:00,791.75,791.85,790.8,791.1,449655,-0.0189,-0.1749,-89.19,790.0000,0.14
2026-04-28 10:40:00,791.15,791.2,790.8,790.95,374330,-0.1233,-0.1749,-29.50,790.0000,0.12
2026-04-28 10:45:00,790.95,792.1,790.85,791.05,358268,-0.1820,-0.1749,4.06,790.0000,0.13
2026-04-28 10:50:00,791.05,791.2,790.7,790.85,280328,-0.2277,-0.1749,30.19,790.0000,0.11
2026-04-28 10:55:00,791.05,791.2,790.2,790.65,273388,-0.2624,-0.1749,50.03,790.0000,0.08
2026-04-28 11:00:00,790.65,790.9,790.25,790.5,183488,-0.2844,-0.1749,62.61,790.0000,0.06
2026-04-28 11:05:00,790.5,790.55,789.35,789.4,362438,-0.3575,-0.1749,104.40,790.0000,-0.08
2026-04-28 11:10:00,789.45,790,789.25,790,297764,-0.3493,-0.1749,99.71,790.0000,0.00
2026-04-28 11:15:00,790,790,789.5,789.65,173216,-0.3506,-0.1749,100.46,790.0000,-0.04
2026-04-28 11:20:00,789.7,790,788.2,788.5,452245,-0.4078,-0.1749,133.16,790.0000,-0.19
2026-04-28 11:25:00,788.6,788.6,787,787.25,544113,-0.5027,-0.1749,187.42,790.0000,-0.35
2026-04-28 11:30:00,787.3,788.05,787.05,787.5,487419,-0.5193,-0.1749,196.91,790.0000,-0.32
2026-04-28 11:35:00,787.5,788.85,787.15,788.65,265955,-0.4273,-0.1749,144.31,790.0000,-0.17
2026-04-28 11:40:00,788.65,788.8,787.5,788.2,308785,-0.3732,-0.1749,113.38,790.0000,-0.23
2026-04-28 11:45:00,788.3,788.65,787,787.8,272964,-0.3417,-0.1749,95.37,790.0000,-0.28
2026-04-28 11:50:00,787.85,787.9,787.1,787.5,245134,-0.3189,-0.1749,82.33,790.0000,-0.32
2026-04-28 11:55:00,787.55,788.2,787,787.3,430106,-0.2955,-0.1749,68.95,790.0000,-0.34
2026-04-28 12:00:00,787.45,787.45,785.8,786.35,505459,-0.3202,-0.1749,83.08,790.0000,-0.46
2026-04-28 12:05:00,786.45,786.45,785.5,785.75,250870,-0.3507,-0.1749,100.51,790.0000,-0.54
2026-04-28 12:10:00,785.9,787,785.75,787,190676,-0.2644,-0.1749,51.17,790.0000,-0.38
2026-04-28 12:15:00,787,788.25,786.85,787,314577,-0.1885,-0.1749,7.78,790.0000,-0.38
2026-04-28 12:20:00,787.05,787.3,785.3,786,299139,-0.1866,-0.1749,6.69,790.0000,-0.51
2026-04-28 12:25:00,785.95,786.35,785.4,785.4,223132,-0.2052,-0.1749,17.32,790.0000,-0.58
2026-04-28 12:30:00,785.45,785.6,785.2,785.45,362030,-0.1936,-0.1749,10.69,790.0000,-0.58
2026-04-28 12:35:00,785.45,786.55,785.4,786.25,294559,-0.1155,-0.1749,-33.96,790.0000,-0.47
2026-04-28 12:40:00,786.25,786.8,786.1,786.8,258750,-0.0155,-0.1749,-91.14,790.0000,-0.41
2026-04-28 12:45:00,786.8,787,786.25,786.9,301341,0.0643,-0.1749,-136.76,790.0000,-0.39
2026-04-28 12:50:00,786.9,787.15,786.3,786.3,231636,0.0825,-0.1749,-147.17,790.0000,-0.47
2026-04-28 12:55:00,786.35,786.5,785.35,785.55,270151,0.0513,-0.1749,-129.33,790.0000,-0.56
2026-04-28 13:00:00,785.55,787.35,785.45,786.7,269844,0.1120,-0.1749,-164.04,790.0000,-0.42
2026-04-28 13:05:00,786.7,787.25,786.25,787.15,243745,0.1821,-0.1749,-204.12,790.0000,-0.36
2026-04-28 13:10:00,787.15,787.3,786.6,786.6,195384,0.1903,-0.1749,-208.81,790.0000,-0.43
2026-04-28 13:15:00,786.65,787.2,786.5,787,203945,0.2193,-0.1749,-225.39,790.0000,-0.38
2026-04-28 13:20:00,787.05,787.2,786.5,787.15,249077,0.2435,-0.1749,-239.22,790.0000,-0.36
2026-04-28 13:25:00,787.15,787.25,786.5,786.65,196268,0.2213,-0.1749,-226.53,790.0000,-0.42
2026-04-28 13:30:00,786.7,786.7,785.45,785.65,435394,0.1388,-0.1749,-179.36,790.0000,-0.55
2026-04-28 13:35:00,785.65,786.4,784.25,785.8,1257301,0.0960,-0.1749,-154.89,790.0000,-0.53
2026-04-28 13:40:00,785.85,787.15,785.6,786.5,768754,0.1150,-0.1749,-165.75,790.0000,-0.44
2026-04-28 13:45:00,786.55,786.55,784.6,784.8,708423,0.0185,-0.1749,-110.58,790.0000,-0.66
2026-04-28 13:50:00,784.85,785.95,784.35,785.65,435404,0.0173,-0.1749,-109.89,790.0000,-0.55
2026-04-28 13:55:00,785.65,786.2,784.5,785.2,453284,-0.0071,-0.1749,-95.94,790.0000,-0.61
2026-04-28 14:00:00,785.2,785.4,784.7,784.8,280800,-0.0416,-0.1749,-76.21,790.0000,-0.66
2026-04-28 14:05:00,784.8,785.15,784.55,785,464670,-0.0422,-0.1749,-75.87,790.0000,-0.63
2026-04-28 14:10:00,785,785.05,783.5,783.75,619651,-0.1140,-0.1749,-34.82,790.0000,-0.79
2026-04-28 14:15:00,783.75,785.45,783.5,784.85,838359,-0.0764,-0.1749,-56.32,790.0000,-0.65
2026-04-28 14:20:00,784.9,785.5,784.25,784.95,273939,-0.0358,-0.1749,-79.53,790.0000,-0.64
2026-04-28 14:25:00,784.95,785.7,784.6,784.9,327252,-0.0050,-0.1749,-97.14,790.0000,-0.65
2026-04-28 14:30:00,785.05,786.4,784.9,785.05,497390,0.0308,-0.1749,-117.61,790.0000,-0.63
2026-04-28 14:35:00,785.15,786.4,784.9,785.65,349472,0.0966,-0.1749,-155.23,790.0000,-0.55
2026-04-28 14:40:00,785.8,786.3,785.4,786.05,355598,0.1647,-0.1749,-194.17,790.0000,-0.50
2026-04-28 14:45:00,786.1,786.35,785.7,786,372101,0.2015,-0.1749,-215.21,790.0000,-0.51
2026-04-28 14:50:00,786,786.3,785.1,785.7,337496,0.2005,-0.1749,-214.64,790.0000,-0.54
2026-04-28 14:55:00,785.65,785.95,785,785.25,348653,0.1658,-0.1749,-194.80,790.0000,-0.60
2026-04-28 15:00:00,785.25,785.85,782.8,785.1,2442150,0.1304,-0.1749,-174.56,790.0000,-0.62
2026-04-28 15:05:00,785.1,786.7,782.35,783.15,2257584,-0.0185,-0.1749,-89.42,790.0000,-0.87
2026-04-28 15:10:00,783.15,783.45,781.5,781.75,976176,-0.1958,-0.1749,11.95,790.0000,-1.04
2026-04-28 15:15:00,781.75,781.75,778.3,778.95,1382089,-0.4704,-0.1749,168.95,790.0000,-1.40
2026-04-28 15:20:00,778.95,781.25,778.3,780.85,1176572,-0.4906,-0.1749,180.50,790.0000,-1.16
2026-04-28 15:25:00,781.05,782.9,780,782.35,807890,-0.3747,-0.1749,114.24,790.0000,-0.97
2026-04-29 09:15:00,785.5,786,780.9,781.8,1228404,-0.3096,-0.3747,-17.37,782.3500,-0.07
2026-04-29 09:20:00,782,783.6,781.1,782,379816,-0.2311,-0.3747,-38.32,782.3500,-0.04
2026-04-29 09:25:00,782.15,783,781.85,782.9,214882,-0.1031,-0.3747,-72.48,782.3500,0.07
2026-04-29 09:30:00,783,783.7,780.55,781.15,344474,-0.1197,-0.3747,-68.05,782.3500,-0.15
2026-04-29 09:35:00,781.15,781.8,780.25,781.75,327948,-0.0759,-0.3747,-79.74,782.3500,-0.08
2026-04-29 09:40:00,781.75,784,781,783.9,327583,0.1027,-0.3747,-127.41,782.3500,0.20
2026-04-29 09:45:00,783.9,785.8,783.75,785.45,400949,0.3178,-0.3747,-184.81,782.3500,0.40
2026-04-29 09:50:00,785.45,785.55,784.9,785.1,179675,0.4225,-0.3747,-212.76,782.3500,0.35
2026-04-29 09:55:00,785.1,785.3,784.55,785.2,225784,0.4804,-0.3747,-228.21,782.3500,0.36
2026-04-29 10:00:00,785.25,787.3,784.8,786,411857,0.5494,-0.3747,-246.62,782.3500,0.47
2026-04-29 10:05:00,786,786.75,785.7,785.85,179376,0.5599,-0.3747,-249.43,782.3500,0.45
2026-04-29 10:10:00,785.85,787.55,785.7,786.55,244177,0.5861,-0.3747,-256.42,782.3500,0.54
2026-04-29 10:15:00,786.65,787,785.25,785.35,246631,0.4982,-0.3747,-232.96,782.3500,0.38
2026-04-29 10:20:00,785.5,785.85,784.75,785,276416,0.3966,-0.3747,-205.84,782.3500,0.34
2026-04-29 10:25:00,784.9,786.6,784.75,786.25,281859,0.3928,-0.3747,-204.83,782.3500,0.50
2026-04-29 10:30:00,786.15,786.4,785,786.4,365454,0.3795,-0.3747,-201.28,782.3500,0.52
2026-04-29 10:35:00,786.4,786.55,785,785.05,512369,0.2643,-0.3747,-170.54,782.3500,0.35
2026-04-29 10:40:00,785.1,785.55,784.9,785.25,182074,0.1896,-0.3747,-150.60,782.3500,0.37
2026-04-29 10:45:00,785.15,785.55,785,785.55,168773,0.1502,-0.3747,-140.09,782.3500,0.41
2026-04-29 10:50:00,785.55,787,785.3,786.9,199581,0.2016,-0.3747,-153.80,782.3500,0.58
2026-04-29 10:55:00,786.95,787.1,786.6,786.7,287958,0.2078,-0.3747,-155.46,782.3500,0.56
2026-04-29 11:00:00,786.8,787.5,786.05,786.2,366660,0.1658,-0.3747,-144.25,782.3500,0.49
2026-04-29 11:05:00,786.15,788.25,786,788.05,347273,0.2454,-0.3747,-165.49,782.3500,0.73
2026-04-29 11:10:00,788.15,788.35,787.15,787.45,216567,0.2401,-0.3747,-164.08,782.3500,0.65
2026-04-29 11:15:00,787.45,790,787.45,787.85,744233,0.2451,-0.3747,-165.41,782.3500,0.70
2026-04-29 11:20:00,787.9,789.25,787.85,789.2,226432,0.3164,-0.3747,-184.44,782.3500,0.88
2026-04-29 11:25:00,789.2,789.2,786.6,786.8,283455,0.1854,-0.3747,-149.48,782.3500,0.57
2026-04-29 11:30:00,786.95,787.95,786.75,787.25,138747,0.1161,-0.3747,-130.98,782.3500,0.63
2026-04-29 11:35:00,787.2,787.3,786.05,786.05,170633,-0.0166,-0.3747,-95.57,782.3500,0.47
2026-04-29 11:40:00,786.15,786.75,785.1,785.2,187644,-0.1597,-0.3747,-57.38,782.3500,0.36
2026-04-29 11:45:00,785.25,785.7,784.7,785.1,187194,-0.2535,-0.3747,-32.35,782.3500,0.35
2026-04-29 11:50:00,785.2,785.35,785,785.05,109280,-0.3078,-0.3747,-17.85,782.3500,0.35
2026-04-29 11:55:00,785.05,785.25,784.5,785.05,296557,-0.3306,-0.3747,-11.77,782.3500,0.35
2026-04-29 12:00:00,785.05,785.2,784.75,785.05,111090,-0.3316,-0.3747,-11.50,782.3500,0.35
2026-04-29 12:05:00,785.05,785.15,784.5,785,304896,-0.3215,-0.3747,-14.20,782.3500,0.34
2026-04-29 12:10:00,785,786.65,784.8,785,559140,-0.3009,-0.3747,-19.70,782.3500,0.34
2026-04-29 12:15:00,785,785,784.65,785,149085,-0.2742,-0.3747,-26.82,782.3500,0.34
2026-04-29 12:20:00,785,786.05,784.65,786.05,225853,-0.1774,-0.3747,-52.66,782.3500,0.47
2026-04-29 12:25:00,786.05,786.2,785.75,786.05,138800,-0.1083,-0.3747,-71.10,782.3500,0.47
2026-04-29 12:30:00,786.05,786.8,785.8,786.75,164152,-0.0153,-0.3747,-95.92,782.3500,0.56
2026-04-29 12:35:00,786.75,787.2,786.7,787.1,125254,0.0654,-0.3747,-117.45,782.3500,0.61
2026-04-29 12:40:00,787.1,787.2,786.3,786.5,170634,0.0735,-0.3747,-119.62,782.3500,0.53
2026-04-29 12:45:00,786.5,786.6,785.35,785.55,159616,0.0132,-0.3747,-103.52,782.3500,0.41
2026-04-29 12:50:00,785.55,786.1,785.45,785.5,130636,-0.0295,-0.3747,-92.13,782.3500,0.40
2026-04-29 12:55:00,785.6,785.85,785,785.5,158711,-0.0556,-0.3747,-85.16,782.3500,0.40
2026-04-29 13:00:00,785.65,786.4,785.35,786.3,144457,-0.0188,-0.3747,-94.98,782.3500,0.50
2026-04-29 13:05:00,786.3,786.85,785.7,786,351578,-0.0147,-0.3747,-96.08,782.3500,0.47
2026-04-29 13:10:00,786,787.05,785.65,786.35,452276,0.0103,-0.3747,-102.75,782.3500,0.51
2026-04-29 13:15:00,786.35,787.15,786.15,786.5,180071,0.0343,-0.3747,-109.15,782.3500,0.53
2026-04-29 13:20:00,786.55,787,785.5,785.7,251699,-0.0044,-0.3747,-98.83,782.3500,0.43
2026-04-29 13:25:00,785.7,786,785,785,180139,-0.0738,-0.3747,-80.30,782.3500,0.34
2026-04-29 13:30:00,785.05,786.05,785,786.05,218921,-0.0471,-0.3747,-87.43,782.3500,0.47
2026-04-29 13:35:00,786.05,786.15,785.05,785.45,280944,-0.0667,-0.3747,-82.20,782.3500,0.40
2026-04-29 13:40:00,785.5,786.3,785.1,786,498374,-0.0408,-0.3747,-89.11,782.3500,0.47
2026-04-29 13:45:00,786.05,786.9,785.9,786.7,660902,0.0220,-0.3747,-105.87,782.3500,0.56
2026-04-29 13:50:00,786.65,787.5,786.5,787.35,461225,0.1013,-0.3747,-127.03,782.3500,0.64
2026-04-29 13:55:00,787.35,787.65,786.75,786.95,235204,0.1196,-0.3747,-131.92,782.3500,0.59
2026-04-29 14:00:00,787,787,783.95,784.2,440640,-0.0515,-0.3747,-86.26,782.3500,0.24
2026-04-29 14:05:00,784.25,784.85,783.5,783.7,254103,-0.1887,-0.3747,-49.64,782.3500,0.17
2026-04-29 14:10:00,783.7,785,783.1,783.95,386534,-0.2491,-0.3747,-33.52,782.3500,0.20
2026-04-29 14:15:00,783.95,784,783.05,783.35,239006,-0.3119,-0.3747,-16.76,782.3500,0.13
2026-04-29 14:20:00,783.35,784.5,782.7,783.95,297842,-0.2957,-0.3747,-21.08,782.3500,0.20
2026-04-29 14:25:00,784.05,784.05,782,782,361965,-0.3928,-0.3747,4.83,782.3500,-0.04
2026-04-29 14:30:00,782.15,782.8,781.5,782.5,458475,-0.3986,-0.3747,6.38,782.3500,0.02
2026-04-29 14:35:00,782.45,782.7,781.9,782.5,183200,-0.3779,-0.3747,0.85,782.3500,0.02
2026-04-29 14:40:00,782.5,783.4,782.15,783.4,299670,-0.2833,-0.3747,-24.39,782.3500,0.13
2026-04-29 14:45:00,783.4,783.55,781.1,781.45,409642,-0.3287,-0.3747,-12.28,782.3500,-0.12
2026-04-29 14:50:00,781.45,781.8,781,781.15,280353,-0.3533,-0.3747,-5.71,782.3500,-0.15
2026-04-29 14:55:00,781.2,781.3,780.55,780.6,241706,-0.3788,-0.3747,1.09,782.3500,-0.22
2026-04-29 15:00:00,780.6,781.2,780,780.35,831116,-0.3835,-0.3747,2.35,782.3500,-0.26
2026-04-29 15:05:00,780.35,781.05,779,779.25,1150628,-0.4282,-0.3747,14.28,782.3500,-0.40
2026-04-29 15:10:00,779.25,779.25,778.05,778.15,842331,-0.4948,-0.3747,32.05,782.3500,-0.54
2026-04-29 15:15:00,778.1,778.9,777.35,778.1,835659,-0.5034,-0.3747,34.35,782.3500,-0.54
2026-04-29 15:20:00,778.1,778.55,777.4,777.75,846564,-0.4932,-0.3747,31.63,782.3500,-0.59
2026-04-29 15:25:00,777.85,778.75,777.45,778.3,602491,-0.4133,-0.3747,10.30,782.3500,-0.52
2026-04-30 09:15:00,770,772.25,767.55,767.95,1860916,-0.9884,-0.4133,139.15,778.3000,-1.33
2026-04-30 09:20:00,767.9,768.35,765.4,766.35,815257,-1.3834,-0.4133,234.72,778.3000,-1.54
2026-04-30 09:25:00,766.25,766.45,762.95,763.5,1041404,-1.7213,-0.4133,316.48,778.3000,-1.90
2026-04-30 09:30:00,763.45,765.4,763.3,764.8,560985,-1.7370,-0.4133,320.28,778.3000,-1.73
2026-04-30 09:35:00,764.6,765.5,764.3,765.05,401882,-1.6129,-0.4133,290.25,778.3000,-1.70
2026-04-30 09:40:00,765.05,767.7,764.35,767.3,597449,-1.2765,-0.4133,208.86,778.3000,-1.41
2026-04-30 09:45:00,767.3,769,767.25,768.7,922789,-0.8759,-0.4133,111.93,778.3000,-1.23
2026-04-30 09:50:00,768.55,769.6,768,768.45,615996,-0.5594,-0.4133,35.35,778.3000,-1.27
2026-04-30 09:55:00,768.45,768.9,766.25,767,420972,-0.3875,-0.4133,-6.24,778.3000,-1.45
2026-04-30 10:00:00,766.95,767.55,766.15,767,650497,-0.2219,-0.4133,-46.31,778.3000,-1.45
2026-04-30 10:05:00,766.95,767.65,764.8,765,692917,-0.1959,-0.4133,-52.60,778.3000,-1.71
2026-04-30 10:10:00,765.25,766.4,764.8,765,1007304,-0.1308,-0.4133,-68.35,778.3000,-1.71
2026-04-30 10:15:00,765,765.5,763.8,764.8,466718,-0.0571,-0.4133,-86.18,778.3000,-1.73
2026-04-30 10:20:00,764.8,765,762.5,763.15,646782,-0.0742,-0.4133,-82.05,778.3000,-1.95
2026-04-30 10:25:00,763.15,764.2,763,763.55,321881,-0.0163,-0.4133,-96.06,778.3000,-1.90
2026-04-30 10:30:00,763.55,764.05,762.25,763.15,651732,0.0345,-0.4133,-108.35,778.3000,-1.95
2026-04-30 10:35:00,763.2,765.2,762.35,765,584998,0.2217,-0.4133,-153.64,778.3000,-1.71
2026-04-30 10:40:00,765,767.75,764.8,767.6,623111,0.5319,-0.4133,-228.70,778.3000,-1.37
2026-04-30 10:45:00,767.4,767.5,765,766.05,325940,0.6370,-0.4133,-254.13,778.3000,-1.57
2026-04-30 10:50:00,766.05,767.05,765.4,766,296156,0.7022,-0.4133,-269.90,778.3000,-1.58
2026-04-30 10:55:00,765.9,766.65,765.25,765.95,317195,0.7374,-0.4133,-278.42,778.3000,-1.59
2026-04-30 11:00:00,765.95,766.9,765.55,766.1,349893,0.7631,-0.4133,-284.64,778.3000,-1.57
2026-04-30 11:05:00,766.05,767.65,765.95,767.15,679420,0.8371,-0.4133,-302.54,778.3000,-1.43
2026-04-30 11:10:00,767.2,767.5,765.6,765.65,426312,0.7729,-0.4133,-287.01,778.3000,-1.63
2026-04-30 11:15:00,765.9,766.55,765.15,765.6,362611,0.7162,-0.4133,-273.29,778.3000,-1.63
2026-04-30 11:20:00,765.5,765.85,765,765.2,252133,0.6432,-0.4133,-255.63,778.3000,-1.68
2026-04-30 11:25:00,765.25,766.05,765,765.2,231257,0.5879,-0.4133,-242.25,778.3000,-1.68
2026-04-30 11:30:00,765.15,765.85,765.05,765.8,155057,0.5836,-0.4133,-241.20,778.3000,-1.61
2026-04-30 11:35:00,765.8,766.85,765.15,766.25,384907,0.6004,-0.4133,-245.27,778.3000,-1.55
2026-04-30 11:40:00,766.25,767.45,765.5,766.9,277487,0.6411,-0.4133,-255.12,778.3000,-1.46
2026-04-30 11:45:00,767.15,768,766.85,768,427959,0.7219,-0.4133,-274.67,778.3000,-1.32
2026-04-30 11:50:00,768,768.4,767.55,768.4,397300,0.7772,-0.4133,-288.05,778.3000,-1.27
2026-04-30 11:55:00,768.4,769,767,767.15,460690,0.7066,-0.4133,-270.97,778.3000,-1.43
2026-04-30 12:00:00,767,767.45,765.55,767,594861,0.6294,-0.4133,-252.29,778.3000,-1.45
2026-04-30 12:05:00,766.95,771,766.55,770,1136753,0.7516,-0.4133,-281.85,778.3000,-1.07
2026-04-30 12:10:00,770.1,770.5,768.2,770.4,560649,0.8249,-0.4133,-299.59,778.3000,-1.02
2026-04-30 12:15:00,770.45,771.15,769.7,770.1,271193,0.8170,-0.4133,-297.68,778.3000,-1.05
2026-04-30 12:20:00,770.1,772.35,769.4,771.5,614092,0.8653,-0.4133,-309.36,778.3000,-0.87
2026-04-30 12:25:00,771.4,772.4,769.85,770.95,593753,0.8199,-0.4133,-298.38,778.3000,-0.94
2026-04-30 12:30:00,770.95,771.4,770,770.6,399376,0.7290,-0.4133,-276.39,778.3000,-0.99
2026-04-30 12:35:00,770.55,771.5,770,770.45,398441,0.6255,-0.4133,-251.34,778.3000,-1.01
2026-04-30 12:40:00,770.25,770.9,770,770.5,216930,0.5309,-0.4133,-228.45,778.3000,-1.00
2026-04-30 12:45:00,770.5,771.3,770.15,770.85,279036,0.4646,-0.4133,-212.41,778.3000,-0.96
2026-04-30 12:50:00,770.85,771.5,770.45,771.5,208852,0.4378,-0.4133,-205.93,778.3000,-0.87
2026-04-30 12:55:00,771.4,773.55,771.3,772.95,473307,0.4871,-0.4133,-217.86,778.3000,-0.69
2026-04-30 13:00:00,772.7,773.5,772.35,772.7,201141,0.4720,-0.4133,-214.20,778.3000,-0.72
2026-04-30 13:05:00,772.7,773.6,771.15,773.35,592224,0.4736,-0.4133,-214.59,778.3000,-0.64
2026-04-30 13:10:00,773.35,774.6,772.7,773.9,419145,0.4781,-0.4133,-215.68,778.3000,-0.57
2026-04-30 13:15:00,773.7,774.45,773.45,774,387156,0.4545,-0.4133,-209.97,778.3000,-0.55
2026-04-30 13:20:00,774,776.6,773.45,775.15,1044708,0.4804,-0.4133,-216.24,778.3000,-0.40
2026-04-30 13:25:00,775,775.7,774.15,775.05,481373,0.4552,-0.4133,-210.14,778.3000,-0.42
2026-04-30 13:30:00,775.1,775.3,774,774.3,217765,0.3566,-0.4133,-186.28,778.3000,-0.51
2026-04-30 13:35:00,774.4,775.85,774.2,774.9,538291,0.3027,-0.4133,-173.24,778.3000,-0.44
2026-04-30 13:40:00,774.75,777.55,774.4,777.35,872442,0.3969,-0.4133,-196.03,778.3000,-0.12
2026-04-30 13:45:00,777.45,778.8,776.25,777.25,777891,0.4153,-0.4133,-200.48,778.3000,-0.13
2026-04-30 13:50:00,777.25,777.3,775,776.4,503142,0.3366,-0.4133,-181.44,778.3000,-0.24
2026-04-30 13:55:00,776.4,778,776.25,776.75,565414,0.2768,-0.4133,-166.97,778.3000,-0.20
2026-04-30 14:00:00,776.7,777.2,775.95,776.25,244281,0.1772,-0.4133,-142.87,778.3000,-0.26
2026-04-30 14:05:00,776.25,776.9,775.2,776.75,289322,0.1212,-0.4133,-129.32,778.3000,-0.20
2026-04-30 14:10:00,776.75,776.95,775.85,776.45,400229,0.0443,-0.4133,-110.72,778.3000,-0.24
2026-04-30 14:15:00,776.4,776.65,774.15,774.45,356144,-0.1505,-0.4133,-63.59,778.3000,-0.49
2026-04-30 14:20:00,774.45,775.95,774.3,775.55,698855,-0.2106,-0.4133,-49.04,778.3000,-0.35
2026-04-30 14:25:00,775.55,775.95,774.2,774.9,429960,-0.2944,-0.4133,-28.77,778.3000,-0.44
2026-04-30 14:30:00,774.75,775.9,774.5,775.35,339590,-0.3178,-0.4133,-23.11,778.3000,-0.38
2026-04-30 14:35:00,775.4,776.4,774.9,776.25,418466,-0.2726,-0.4133,-34.04,778.3000,-0.26
2026-04-30 14:40:00,776.4,777.5,775.6,776.35,572712,-0.2373,-0.4133,-42.58,778.3000,-0.25
2026-04-30 14:45:00,776.55,776.75,774.6,774.7,434448,-0.3212,-0.4133,-22.28,778.3000,-0.46
2026-04-30 14:50:00,774.7,774.7,772.9,773.4,826484,-0.4523,-0.4133,9.44,778.3000,-0.63
2026-04-30 14:55:00,773.4,774.3,772.9,774.2,333067,-0.4711,-0.4133,13.98,778.3000,-0.53
2026-04-30 15:00:00,774.1,774.9,771.3,772.75,2842229,-0.5609,-0.4133,35.71,778.3000,-0.71
2026-04-30 15:05:00,772.75,773,769.6,770.15,3160411,-0.7628,-0.4133,84.56,778.3000,-1.05
2026-04-30 15:10:00,770.15,771.9,769.5,771.85,1339764,-0.7482,-0.4133,81.03,778.3000,-0.83
2026-04-30 15:15:00,771.6,772.5,770.35,772.15,1442518,-0.6862,-0.4133,66.03,778.3000,-0.79
2026-04-30 15:20:00,772.15,772.45,771.05,771.85,1377504,-0.6345,-0.4133,53.52,778.3000,-0.83
2026-04-30 15:25:00,771.9,775,771.85,774.75,872039,-0.3863,-0.4133,-6.53,778.3000,-0.46
2026-05-04 09:15:00,772.6,784.4,772.6,779,1408577,0.0590,-0.3863,-115.27,774.7500,0.55
2026-05-04 09:20:00,779.05,780.45,778.8,779.8,347275,0.3843,-0.3863,-199.48,774.7500,0.65
2026-05-04 09:25:00,779.6,783,779.6,782.9,409257,0.7632,-0.3863,-297.57,774.7500,1.05
2026-05-04 09:30:00,782.9,783.8,781.55,783.4,715013,0.9881,-0.3863,-355.79,774.7500,1.12
2026-05-04 09:35:00,783.25,784.4,782.05,783.65,527457,1.0866,-0.3863,-381.28,774.7500,1.15
2026-05-04 09:40:00,783.65,786.6,783.2,785.85,662473,1.2226,-0.3863,-416.49,774.7500,1.43
2026-05-04 09:45:00,785.85,786,784.15,784.35,261950,1.1361,-0.3863,-394.10,774.7500,1.24
2026-05-04 09:50:00,784.15,784.5,782.6,782.95,281630,0.9184,-0.3863,-337.74,774.7500,1.06
2026-05-04 09:55:00,783.15,784,782.8,783.75,203319,0.7683,-0.3863,-298.89,774.7500,1.16
2026-05-04 10:00:00,783.75,784.45,782.2,782.7,301519,0.5485,-0.3863,-241.99,774.7500,1.03
2026-05-04 10:05:00,782.9,783.6,781.9,782.7,219673,0.3624,-0.3863,-193.81,774.7500,1.03
2026-05-04 10:10:00,782.7,783.15,779.3,779.5,373667,0.0020,-0.3863,-100.52,774.7500,0.61
2026-05-04 10:15:00,779.5,780,778.6,779,255731,-0.2763,-0.3863,-28.48,774.7500,0.55
2026-05-04 10:20:00,778.8,779.8,778.2,779.1,295518,-0.4497,-0.3863,16.41,774.7500,0.56
2026-05-04 10:25:00,779.1,782,779,782,252236,-0.3685,-0.3863,-4.61,774.7500,0.94
2026-05-04 10:30:00,782,783,780,781.6,384999,-0.3418,-0.3863,-11.52,774.7500,0.88
2026-05-04 10:35:00,781.6,783.5,781.45,783.45,341987,-0.2063,-0.3863,-46.60,774.7500,1.12
2026-05-04 10:40:00,783.45,784.3,783,783.05,325624,-0.1528,-0.3863,-60.45,774.7500,1.07
2026-05-04 10:45:00,783.05,784.4,783.05,783.65,227222,-0.0893,-0.3863,-76.88,774.7500,1.15
2026-05-04 10:50:00,783.65,784.25,782.65,782.8,169819,-0.1152,-0.3863,-70.18,774.7500,1.04
2026-05-04 10:55:00,782.85,782.9,781.7,781.9,203219,-0.1988,-0.3863,-48.54,774.7500,0.92
2026-05-04 11:00:00,782,784.5,781.65,784.35,376101,-0.0998,-0.3863,-74.17,774.7500,1.24
2026-05-04 11:05:00,784.25,785.45,784,784.75,362596,-0.0223,-0.3863,-94.23,774.7500,1.29
2026-05-04 11:10:00,784.65,785.25,784.25,785.25,198133,0.0443,-0.3863,-111.47,774.7500,1.36
2026-05-04 11:15:00,785.2,785.5,785.05,785.15,145670,0.0620,-0.3863,-116.05,774.7500,1.34
2026-05-04 11:20:00,785.15,785.4,783.45,783.9,693522,-0.0253,-0.3863,-93.45,774.7500,1.18
2026-05-04 11:25:00,783.9,784.55,782.7,784.35,329941,-0.0654,-0.3863,-83.07,774.7500,1.24
2026-05-04 11:30:00,784.4,784.7,783.8,784.3,197743,-0.1054,-0.3863,-72.72,774.7500,1.23
2026-05-04 11:35:00,784.3,785.1,783.95,784.8,241290,-0.1081,-0.3863,-72.02,774.7500,1.30
2026-05-04 11:40:00,784.7,784.95,784,784,213555,-0.1698,-0.3863,-56.04,774.7500,1.19
2026-05-04 11:45:00,784.05,784.9,784,784.65,159691,-0.1725,-0.3863,-55.35,774.7500,1.28
2026-05-04 11:50:00,784.7,784.7,782.7,782.7,137881,-0.3035,-0.3863,-21.43,774.7500,1.03
2026-05-04 11:55:00,782.7,783.55,781.75,783.45,205297,-0.3351,-0.3863,-13.25,774.7500,1.12
2026-05-04 12:00:00,783.3,784.2,783.05,783.8,465650,-0.3275,-0.3863,-15.22,774.7500,1.17
2026-05-04 12:05:00,783.8,784.3,783.15,783.5,338759,-0.3364,-0.3863,-12.92,774.7500,1.13
2026-05-04 12:10:00,783.5,783.65,778.85,779,517129,-0.6225,-0.3863,61.14,774.7500,0.55
2026-05-04 12:15:00,778.9,780.05,778.05,779.65,355467,-0.7373,-0.3863,90.86,774.7500,0.63
2026-05-04 12:20:00,779.9,780.5,779.4,779.85,412512,-0.7657,-0.3863,98.21,774.7500,0.66
2026-05-04 12:25:00,779.85,780.4,779.3,779.9,355530,-0.7462,-0.3863,93.17,774.7500,0.66
2026-05-04 12:30:00,779.9,780.1,778.5,778.7,343312,-0.7760,-0.3863,100.88,774.7500,0.51
2026-05-04 12:35:00,778.5,779.35,778.4,779.05,304879,-0.7342,-0.3863,90.06,774.7500,0.56
2026-05-04 12:40:00,779.05,779.35,778,778.1,385639,-0.7312,-0.3863,89.28,774.7500,0.43
2026-05-04 12:45:00,778.3,779.15,777,777.7,521071,-0.7158,-0.3863,85.30,774.7500,0.38
2026-05-04 12:50:00,777.7,778.25,777.25,777.6,253298,-0.6727,-0.3863,74.14,774.7500,0.37
2026-05-04 12:55:00,777.6,777.95,776.5,776.75,354324,-0.6608,-0.3863,71.06,774.7500,0.26
2026-05-04 13:00:00,776.8,777.2,776.05,776.75,228209,-0.6134,-0.3863,58.79,774.7500,0.26
2026-05-04 13:05:00,776.75,777.2,776.1,776.85,322461,-0.5383,-0.3863,39.35,774.7500,0.27
2026-05-04 13:10:00,776.75,777,776.05,776.15,183410,-0.4998,-0.3863,29.38,774.7500,0.18
2026-05-04 13:15:00,776.15,776.45,774.7,776.25,350997,-0.4339,-0.3863,12.32,774.7500,0.19
2026-05-04 13:20:00,776.25,776.3,774.35,775.05,262897,-0.4364,-0.3863,12.97,774.7500,0.04
2026-05-04 13:25:00,775.05,776.2,773.5,773.65,216312,-0.4932,-0.3863,27.67,774.7500,-0.14
2026-05-04 13:30:00,773.65,774.1,772.6,773.5,299185,-0.5004,-0.3863,29.54,774.7500,-0.16
2026-05-04 13:35:00,773.45,773.9,773.1,773.9,271199,-0.4398,-0.3863,13.85,774.7500,-0.11
2026-05-04 13:40:00,773.9,776.35,773.8,775.75,250189,-0.2463,-0.3863,-36.24,774.7500,0.13
2026-05-04 13:45:00,775.75,776.9,775.35,776.5,163334,-0.0493,-0.3863,-87.24,774.7500,0.23
2026-05-04 13:50:00,776.5,776.7,774.75,775,364817,-0.0039,-0.3863,-98.99,774.7500,0.03
2026-05-04 13:55:00,775,775.4,773.5,774.9,193301,0.0334,-0.3863,-108.65,774.7500,0.02
2026-05-04 14:00:00,774.9,775.2,774,775.15,208523,0.0860,-0.3863,-122.26,774.7500,0.05
2026-05-04 14:05:00,775.1,775.35,774.55,775.1,158694,0.1260,-0.3863,-132.62,774.7500,0.05
2026-05-04 14:10:00,775.2,776.75,775.1,776.45,244084,0.2451,-0.3863,-163.45,774.7500,0.22
2026-05-04 14:15:00,776.6,777.8,776.25,777.5,286658,0.3879,-0.3863,-200.41,774.7500,0.35
2026-05-04 14:20:00,777.5,777.8,776.9,777.1,170691,0.4446,-0.3863,-215.09,774.7500,0.30
2026-05-04 14:25:00,777.1,777.7,776.8,777.1,185148,0.4688,-0.3863,-221.36,774.7500,0.30
2026-05-04 14:30:00,777.2,777.45,775.7,776.45,462233,0.4289,-0.3863,-211.03,774.7500,0.22
2026-05-04 14:35:00,776.8,776.9,775.05,776.2,522836,0.3755,-0.3863,-197.20,774.7500,0.19
2026-05-04 14:40:00,776.35,776.45,774.3,774.65,304315,0.2325,-0.3863,-160.19,774.7500,-0.01
2026-05-04 14:45:00,774.65,774.9,774,774.5,197596,0.1298,-0.3863,-133.60,774.7500,-0.03
2026-05-04 14:50:00,774.55,775,774,774.85,480808,0.0892,-0.3863,-123.09,774.7500,0.01
2026-05-04 14:55:00,774.9,775.45,773.7,774,261376,0.0130,-0.3863,-103.37,774.7500,-0.10
2026-05-04 15:00:00,774,775.45,773.1,775,552860,0.0364,-0.3863,-109.42,774.7500,0.03
2026-05-04 15:05:00,775.05,775.9,775,775.55,306067,0.0923,-0.3863,-123.89,774.7500,0.10
2026-05-04 15:10:00,775.55,779.25,775.35,778.9,1169410,0.3440,-0.3863,-189.05,774.7500,0.54
2026-05-04 15:15:00,779.15,781.2,779,781.05,1066148,0.6280,-0.3863,-262.57,774.7500,0.81
2026-05-04 15:20:00,781.1,782.4,780.35,780.7,1980942,0.7563,-0.3863,-295.78,774.7500,0.77
2026-05-04 15:25:00,780.7,781,779,779.5,467116,0.7243,-0.3863,-287.50,774.7500,0.61
2026-05-05 09:15:00,774.4,775.25,769.3,772.95,1660593,0.2505,0.7243,-65.41,779.5000,-0.84
2026-05-05 09:20:00,773.1,774,772.5,773.45,678472,-0.0261,0.7243,-103.60,779.5000,-0.78
2026-05-05 09:25:00,773.45,773.5,771.3,771.8,488263,-0.3017,0.7243,-141.65,779.5000,-0.99
2026-05-05 09:30:00,771.75,773.2,771.15,772.6,263576,-0.4052,0.7243,-155.94,779.5000,-0.89
2026-05-05 09:35:00,772.6,773,771.1,771.4,286284,-0.5221,0.7243,-172.08,779.5000,-1.04
2026-05-05 09:40:00,771.5,771.5,770.55,770.8,475812,-0.6018,0.7243,-183.09,779.5000,-1.12
2026-05-05 09:45:00,770.9,771.75,770.5,771.7,301910,-0.5570,0.7243,-176.90,779.5000,-1.00
2026-05-05 09:50:00,771.5,772.5,771.15,772,365400,-0.4734,0.7243,-165.36,779.5000,-0.96
2026-05-05 09:55:00,772.15,773.7,771.8,772.85,429454,-0.3337,0.7243,-146.07,779.5000,-0.85
2026-05-05 10:00:00,772.65,773.25,771.6,772.2,386205,-0.2612,0.7243,-136.06,779.5000,-0.94
2026-05-05 10:05:00,772.35,772.45,771.05,771.5,400320,-0.2372,0.7243,-132.75,779.5000,-1.03
2026-05-05 10:10:00,771.4,772.2,771.3,771.95,314477,-0.1709,0.7243,-123.60,779.5000,-0.97
2026-05-05 10:15:00,771.95,771.95,770.75,771.3,378247,-0.1513,0.7243,-120.89,779.5000,-1.05
2026-05-05 10:20:00,771.3,771.9,770.8,771.55,241611,-0.1044,0.7243,-114.41,779.5000,-1.02
2026-05-05 10:25:00,771.55,771.65,770.15,770.4,295492,-0.1318,0.7243,-118.20,779.5000,-1.17
2026-05-05 10:30:00,770.4,771.15,770.1,770.3,258707,-0.1371,0.7243,-118.93,779.5000,-1.18
2026-05-05 10:35:00,770.3,770.7,769.5,770.55,571441,-0.1055,0.7243,-114.57,779.5000,-1.15
2026-05-05 10:40:00,770.5,770.85,770,770.45,337828,-0.0747,0.7243,-110.31,779.5000,-1.16
2026-05-05 10:45:00,770.3,771.35,769,769,467336,-0.1319,0.7243,-118.21,779.5000,-1.35
2026-05-05 10:50:00,769,769.3,767,767.15,461317,-0.2665,0.7243,-136.79,779.5000,-1.58
2026-05-05 10:55:00,767.35,767.4,766.5,766.95,244971,-0.3367,0.7243,-146.49,779.5000,-1.61
2026-05-05 11:00:00,766.9,768.75,766.1,768.65,398347,-0.2407,0.7243,-133.23,779.5000,-1.39
2026-05-05 11:05:00,768.45,768.7,766.5,766.8,250213,-0.2717,0.7243,-137.51,779.5000,-1.63
2026-05-05 11:10:00,766.7,767.55,766.5,766.9,198654,-0.2556,0.7243,-135.29,779.5000,-1.62
2026-05-05 11:15:00,766.9,767.95,766.6,766.85,230951,-0.2197,0.7243,-130.33,779.5000,-1.62
2026-05-05 11:20:00,766.85,766.85,766,766.25,255751,-0.2080,0.7243,-128.72,779.5000,-1.70
2026-05-05 11:25:00,766.05,766.45,765.6,766.4,233716,-0.1637,0.7243,-122.60,779.5000,-1.68
2026-05-05 11:30:00,766.4,767.45,766.1,766.8,254723,-0.0849,0.7243,-111.72,779.5000,-1.63
2026-05-05 11:35:00,766.8,767.4,765,765.45,580910,-0.1002,0.7243,-113.83,779.5000,-1.80
2026-05-05 11:40:00,765.45,766.3,764.6,765.95,318240,-0.0553,0.7243,-107.63,779.5000,-1.74
2026-05-05 11:45:00,765.9,765.95,764.5,765.1,232149,-0.0611,0.7243,-108.44,779.5000,-1.85
2026-05-05 11:50:00,765.1,765.7,764.85,765.1,322731,-0.0440,0.7243,-106.07,779.5000,-1.85
2026-05-05 11:55:00,765.1,765.8,764.9,765.5,229993,0.0122,0.7243,-98.32,779.5000,-1.80
2026-05-05 12:00:00,765.6,766.25,763.7,764.4,667184,-0.0057,0.7243,-100.79,779.5000,-1.94
2026-05-05 12:05:00,764.4,766.5,764.3,765.35,513020,0.0616,0.7243,-91.50,779.5000,-1.82
2026-05-05 12:10:00,765.35,766,765,765.75,203904,0.1436,0.7243,-80.17,779.5000,-1.76
2026-05-05 12:15:00,765.8,766.15,765.4,765.95,205476,0.2174,0.7243,-69.98,779.5000,-1.74
2026-05-05 12:20:00,766,767,765.3,766.85,287908,0.3263,0.7243,-54.95,779.5000,-1.62
2026-05-05 12:25:00,766.85,766.9,765.7,765.95,209730,0.3360,0.7243,-53.61,779.5000,-1.74
2026-05-05 12:30:00,765.9,766.85,765.65,766.65,376306,0.3843,0.7243,-46.94,779.5000,-1.65
2026-05-05 12:35:00,766.85,767.1,765.35,765.5,376545,0.3354,0.7243,-53.69,779.5000,-1.80
2026-05-05 12:40:00,765.6,766.05,764.5,764.8,458665,0.2560,0.7243,-64.66,779.5000,-1.89
2026-05-05 12:45:00,764.7,767.4,764.65,767.1,727817,0.3525,0.7243,-51.33,779.5000,-1.59
2026-05-05 12:50:00,767,768.8,766.95,768.6,410776,0.5024,0.7243,-30.64,779.5000,-1.40
2026-05-05 12:55:00,768.65,770.8,768.4,770.3,726516,0.6895,0.7243,-4.80,779.5000,-1.18
2026-05-05 13:00:00,770.5,771.35,770.05,770.2,483321,0.7737,0.7243,6.82,779.5000,-1.19
2026-05-05 13:05:00,770.15,772.7,770,772.25,833765,0.9244,0.7243,27.63,779.5000,-0.93
2026-05-05 13:10:00,772.25,774,772.1,774,1210802,1.0876,0.7243,50.16,779.5000,-0.71
2026-05-05 13:15:00,773.75,774.5,770.6,770.75,922891,0.9286,0.7243,28.21,779.5000,-1.12
2026-05-05 13:20:00,770.75,773,770.35,771.55,622804,0.8322,0.7243,14.90,779.5000,-1.02
2026-05-05 13:25:00,771.3,772.95,770.85,772.3,462136,0.7751,0.7243,7.01,779.5000,-0.92
2026-05-05 13:30:00,772.6,772.65,771.35,772.45,563846,0.7056,0.7243,-2.58,779.5000,-0.90
2026-05-05 13:35:00,772.55,773.5,772.1,773.2,597168,0.6686,0.7243,-7.69,779.5000,-0.81
2026-05-05 13:40:00,773.2,775,772.6,774.7,969065,0.7002,0.7243,-3.33,779.5000,-0.62
2026-05-05 13:45:00,774.9,775.6,774.45,775.15,627075,0.7046,0.7243,-2.72,779.5000,-0.56
2026-05-05 13:50:00,775.15,775.45,772.4,773.5,901041,0.5561,0.7243,-23.22,779.5000,-0.77
2026-05-05 13:55:00,773.55,775.3,773.45,774.1,904696,0.4619,0.7243,-36.23,779.5000,-0.69
2026-05-05 14:00:00,774.2,775.35,773.05,773.8,786362,0.3481,0.7243,-51.94,779.5000,-0.73
2026-05-05 14:05:00,774,774.2,773.05,773.65,237020,0.2368,0.7243,-67.31,779.5000,-0.75
2026-05-05 14:10:00,773.65,773.95,772,772.85,293203,0.0909,0.7243,-87.45,779.5000,-0.85
2026-05-05 14:15:00,772.95,774,772.6,773.55,373331,0.0264,0.7243,-96.36,779.5000,-0.76
2026-05-05 14:20:00,773.65,774.55,772.85,773.85,327261,-0.0091,0.7243,-101.26,779.5000,-0.72
2026-05-05 14:25:00,773.6,776.75,773.6,776.2,880025,0.1061,0.7243,-85.35,779.5000,-0.42
2026-05-05 14:30:00,776.2,776.9,774.6,775.6,786016,0.1212,0.7243,-83.27,779.5000,-0.50
2026-05-05 14:35:00,775.6,776.6,773.8,774.95,1088968,0.0695,0.7243,-90.40,779.5000,-0.58
2026-05-05 14:40:00,774.95,775.65,774.3,775.1,309763,0.0293,0.7243,-95.95,779.5000,-0.56
2026-05-05 14:45:00,775.15,775.7,774.15,774.15,433175,-0.0717,0.7243,-109.90,779.5000,-0.69
2026-05-05 14:50:00,774.25,775.1,773,773.6,816287,-0.1798,0.7243,-124.82,779.5000,-0.76
2026-05-05 14:55:00,773.6,774.05,773,773,320005,-0.2896,0.7243,-139.98,779.5000,-0.83
2026-05-05 15:00:00,773,773.6,770.8,771.9,1114881,-0.4259,0.7243,-158.80,779.5000,-0.97
2026-05-05 15:05:00,771.75,772.95,770.6,772.55,1654723,-0.4589,0.7243,-163.36,779.5000,-0.89
2026-05-05 15:10:00,772.4,773.45,771.75,772.9,897690,-0.4437,0.7243,-161.26,779.5000,-0.85
2026-05-05 15:15:00,772.9,773.5,772.75,773.25,367888,-0.3980,0.7243,-154.95,779.5000,-0.80
2026-05-05 15:20:00,773.2,773.8,772.15,773.4,608753,-0.3474,0.7243,-147.96,779.5000,-0.78
2026-05-05 15:25:00,773.4,773.8,772.25,773.2,346184,-0.3180,0.7243,-143.90,779.5000,-0.81
2026-05-06 09:15:00,775.15,779.9,775.15,776.2,1734162,-0.0984,-0.3180,-69.06,773.2000,0.39
2026-05-06 09:20:00,776.3,777,775.25,776.3,577766,0.0440,-0.3180,-113.84,773.2000,0.40
2026-05-06 09:25:00,776.3,777.65,776,777.65,391500,0.2102,-0.3180,-166.10,773.2000,0.58
2026-05-06 09:30:00,777.65,778.45,777.4,777.85,519331,0.3088,-0.3180,-197.11,773.2000,0.60
2026-05-06 09:35:00,777.85,778,776.7,776.85,222885,0.2825,-0.3180,-188.84,773.2000,0.47
2026-05-06 09:40:00,776.85,777.1,775.75,775.8,288422,0.1756,-0.3180,-155.22,773.2000,0.34
2026-05-06 09:45:00,775.8,776.5,775.15,775.4,480852,0.0647,-0.3180,-120.35,773.2000,0.28
2026-05-06 09:50:00,775.4,777.3,774.5,777.3,503580,0.1038,-0.3180,-132.64,773.2000,0.53
2026-05-06 09:55:00,777.3,777.7,776.8,776.95,254146,0.0911,-0.3180,-128.65,773.2000,0.48
2026-05-06 10:00:00,776.95,776.95,774.85,775.1,215207,-0.0495,-0.3180,-84.43,773.2000,0.25
2026-05-06 10:05:00,775.1,775.45,774.25,775.35,252140,-0.1286,-0.3180,-59.56,773.2000,0.28
2026-05-06 10:10:00,775.35,777.2,775.2,777,218118,-0.0754,-0.3180,-76.29,773.2000,0.49
2026-05-06 10:15:00,777,777.55,776.35,777.15,207699,-0.0376,-0.3180,-88.18,773.2000,0.51
2026-05-06 10:20:00,777.25,778.4,777,778.05,326579,0.0364,-0.3180,-111.45,773.2000,0.63
2026-05-06 10:25:00,778.05,778.65,777.95,778.15,283598,0.0782,-0.3180,-124.59,773.2000,0.64
2026-05-06 10:30:00,778.15,779,778,778.35,242195,0.1037,-0.3180,-132.61,773.2000,0.67
2026-05-06 10:35:00,778.35,778.5,778,778.3,178570,0.1016,-0.3180,-131.95,773.2000,0.66
2026-05-06 10:40:00,778.3,779.35,778,778.5,352577,0.0979,-0.3180,-130.79,773.2000,0.69
2026-05-06 10:45:00,778.65,778.7,778,778,151132,0.0486,-0.3180,-115.28,773.2000,0.62
2026-05-06 10:50:00,778.05,778.4,777.5,777.65,586795,-0.0172,-0.3180,-94.59,773.2000,0.58
2026-05-06 10:55:00,777.65,778.25,777.25,777.6,194550,-0.0709,-0.3180,-77.70,773.2000,0.57
2026-05-06 11:00:00,777.6,778.05,777.4,778,272233,-0.0851,-0.3180,-73.24,773.2000,0.62
2026-05-06 11:05:00,778.05,778.5,777.95,778.5,222519,-0.0674,-0.3180,-78.81,773.2000,0.69
2026-05-06 11:10:00,778.5,778.55,778,778.05,100264,-0.0910,-0.3180,-71.38,773.2000,0.63
2026-05-06 11:15:00,778.05,778.95,778,778.35,190494,-0.0912,-0.3180,-71.32,773.2000,0.67
2026-05-06 11:20:00,778.35,778.75,778.1,778.5,94331,-0.0861,-0.3180,-72.92,773.2000,0.69
2026-05-06 11:25:00,778.55,779,778.35,779,110300,-0.0554,-0.3180,-82.58,773.2000,0.75
2026-05-06 11:30:00,779,779.4,778.4,778.4,231483,-0.0804,-0.3180,-74.72,773.2000,0.67
2026-05-06 11:35:00,778.55,778.55,776.05,776.4,302216,-0.2281,-0.3180,-28.27,773.2000,0.41
2026-05-06 11:40:00,776.4,777.25,776.3,776.85,197675,-0.2881,-0.3180,-9.40,773.2000,0.47
2026-05-06 11:45:00,776.9,777.2,776.6,777,71699,-0.3084,-0.3180,-3.02,773.2000,0.49
2026-05-06 11:50:00,777,777.05,775.8,776.9,229085,-0.3182,-0.3180,0.06,773.2000,0.48
2026-05-06 11:55:00,776.9,777.8,776,776,200878,-0.3710,-0.3180,16.67,773.2000,0.36
2026-05-06 12:00:00,776.1,776.2,775.4,776,112749,-0.3899,-0.3180,22.61,773.2000,0.36
2026-05-06 12:05:00,776,776.45,775.35,775.9,171144,-0.3919,-0.3180,23.24,773.2000,0.35
2026-05-06 12:10:00,775.85,776.45,775.5,776,201119,-0.3697,-0.3180,16.26,773.2000,0.36
2026-05-06 12:15:00,776,776,775.35,775.6,111258,-0.3644,-0.3180,14.59,773.2000,0.31
2026-05-06 12:20:00,775.6,775.6,773.5,774.7,315753,-0.4012,-0.3180,26.16,773.2000,0.19
2026-05-06 12:25:00,774.75,775.35,774.2,775,216879,-0.3848,-0.3180,21.01,773.2000,0.23
2026-05-06 12:30:00,775.15,775.95,774.75,775.9,141179,-0.2969,-0.3180,-6.64,773.2000,0.35
2026-05-06 12:35:00,775.9,776.15,775.4,775.6,185415,-0.2446,-0.3180,-23.08,773.2000,0.31
2026-05-06 12:40:00,775.75,776.4,775.05,775.45,183720,-0.2073,-0.3180,-34.81,773.2000,0.29
2026-05-06 12:45:00,775.45,775.95,774.85,775.5,206042,-0.1680,-0.3180,-47.17,773.2000,0.30
2026-05-06 12:50:00,775.5,775.55,774.9,775.25,141182,-0.1484,-0.3180,-53.33,773.2000,0.27
2026-05-06 12:55:00,775.25,776.2,775.05,776.2,149480,-0.0652,-0.3180,-79.50,773.2000,0.39
2026-05-06 13:00:00,776.2,776.4,775.15,775.4,332632,-0.0580,-0.3180,-81.76,773.2000,0.28
2026-05-06 13:05:00,775.5,776.55,775.15,776.4,115551,0.0161,-0.3180,-105.06,773.2000,0.41
2026-05-06 13:10:00,776.4,776.6,776.1,776.55,68309,0.0740,-0.3180,-123.27,773.2000,0.43
2026-05-06 13:15:00,776.55,777.65,776.4,777.2,195839,0.1505,-0.3180,-147.33,773.2000,0.52
2026-05-06 13:20:00,777.45,778.45,776.95,777.9,232622,0.2375,-0.3180,-174.69,773.2000,0.61
2026-05-06 13:25:00,777.9,778,777.05,777.35,297503,0.2462,-0.3180,-177.42,773.2000,0.54
2026-05-06 13:30:00,777.55,778.3,777,777.85,570517,0.2717,-0.3180,-185.44,773.2000,0.60
2026-05-06 13:35:00,778.05,778.9,777.5,778.45,285916,0.3123,-0.3180,-198.21,773.2000,0.68
2026-05-06 13:40:00,778.45,778.9,778.3,778.8,127006,0.3435,-0.3180,-208.02,773.2000,0.72
2026-05-06 13:45:00,778.8,779.7,778.25,779.15,326128,0.3664,-0.3180,-215.22,773.2000,0.77
2026-05-06 13:50:00,779.15,780.55,778.9,779.6,843959,0.3885,-0.3180,-222.17,773.2000,0.83
2026-05-06 13:55:00,779.7,780.25,779.5,780,210582,0.4048,-0.3180,-227.30,773.2000,0.88
2026-05-06 14:00:00,779.95,781,779.5,780.7,239238,0.4348,-0.3180,-236.73,773.2000,0.97
2026-05-06 14:05:00,780.7,781,780.3,780.75,159976,0.4294,-0.3180,-235.03,773.2000,0.98
2026-05-06 14:10:00,780.75,781.9,780.3,781.9,284141,0.4713,-0.3180,-248.21,773.2000,1.13
2026-05-06 14:15:00,781.9,783.85,781.85,782.9,598749,0.5300,-0.3180,-266.67,773.2000,1.25
2026-05-06 14:20:00,782.9,787.8,782.6,787.25,1528224,0.8088,-0.3180,-354.34,773.2000,1.82
2026-05-06 14:25:00,787.3,793.65,787.25,792,1539189,1.2345,-0.3180,-488.21,773.2000,2.43
2026-05-06 14:30:00,792,793.2,790.25,792.35,943017,1.4464,-0.3180,-554.84,773.2000,2.48
2026-05-06 14:35:00,792.4,792.75,788.85,791.35,1156688,1.4238,-0.3180,-547.74,773.2000,2.35
2026-05-06 14:40:00,791.25,795.85,791,795,1376753,1.5488,-0.3180,-587.04,773.2000,2.82
2026-05-06 14:45:00,795,796.85,794,795.8,1090921,1.5745,-0.3180,-595.13,773.2000,2.92
2026-05-06 14:50:00,795.85,797.25,795.4,796.35,1085811,1.5169,-0.3180,-577.01,773.2000,2.99
2026-05-06 14:55:00,796.25,798.3,795.7,798,1092243,1.4770,-0.3180,-564.47,773.2000,3.21
2026-05-06 15:00:00,798.15,798.95,796.2,797.5,1695227,1.3096,-0.3180,-511.82,773.2000,3.14
2026-05-06 15:05:00,797.5,797.85,795.25,795.5,1564832,0.9724,-0.3180,-405.79,773.2000,2.88
2026-05-06 15:10:00,795.55,796.6,795.5,796,866442,0.7037,-0.3180,-321.29,773.2000,2.95
2026-05-06 15:15:00,796,796.45,795.65,795.75,996350,0.4427,-0.3180,-239.21,773.2000,2.92
2026-05-06 15:20:00,795.7,796.2,795.2,795.45,882357,0.1959,-0.3180,-161.60,773.2000,2.88
2026-05-06 15:25:00,795.45,796.7,795,796,1005551,0.0248,-0.3180,-107.80,773.2000,2.95
2026-05-07 09:15:00,794,796.55,791.85,792.35,1644690,-0.3581,0.0248,-1543.95,796.0000,-0.46
2026-05-07 09:20:00,792.3,794.75,792,794.7,543436,-0.4698,0.0248,-1994.35,796.0000,-0.16
2026-05-07 09:25:00,794.7,794.7,793,793.8,434548,-0.6121,0.0248,-2568.15,796.0000,-0.28
2026-05-07 09:30:00,793.8,795.15,793.55,794.15,432530,-0.6849,0.0248,-2861.69,796.0000,-0.23
2026-05-07 09:35:00,794.15,795.9,793.1,793.75,451304,-0.7566,0.0248,-3150.81,796.0000,-0.28
2026-05-07 09:40:00,793.6,795.4,793.6,795,308117,-0.7169,0.0248,-2990.73,796.0000,-0.13
2026-05-07 09:45:00,795.1,795.5,793.4,793.4,321505,-0.7897,0.0248,-3284.27,796.0000,-0.33
2026-05-07 09:50:00,793.45,793.8,792.05,792.95,587246,-0.8540,0.0248,-3543.55,796.0000,-0.38
2026-05-07 09:55:00,792.8,794.95,792.5,793.7,1205712,-0.8310,0.0248,-3450.81,796.0000,-0.29
2026-05-07 10:00:00,793.7,797.95,793.45,795.55,1584475,-0.6825,0.0248,-2852.02,796.0000,-0.06
2026-05-07 10:05:00,795.55,795.55,792.2,792.35,463303,-0.7838,0.0248,-3260.48,796.0000,-0.46
2026-05-07 10:10:00,792.2,792.55,790.3,790.35,494426,-0.9579,0.0248,-3962.50,796.0000,-0.71
2026-05-07 10:15:00,790.4,792.5,790.3,792.05,442467,-0.9304,0.0248,-3851.61,796.0000,-0.50
2026-05-07 10:20:00,792,793.7,792,792.7,848367,-0.8427,0.0248,-3497.98,796.0000,-0.41
2026-05-07 10:25:00,792.55,795.05,792.1,793.6,836827,-0.7040,0.0248,-2938.71,796.0000,-0.30
2026-05-07 10:30:00,793.5,793.7,792.65,793,429686,-0.6348,0.0248,-2659.68,796.0000,-0.38
2026-05-07 10:35:00,793,793.05,792,792.05,303971,-0.6337,0.0248,-2655.24,796.0000,-0.50
2026-05-07 10:40:00,792.05,792.75,791.85,792.2,205317,-0.6036,0.0248,-2533.87,796.0000,-0.48
2026-05-07 10:45:00,792.25,792.9,791.15,791.55,266681,-0.6066,0.0248,-2545.97,796.0000,-0.56
2026-05-07 10:50:00,791.45,791.55,790,791.45,462701,-0.5938,0.0248,-2494.35,796.0000,-0.57
2026-05-07 10:55:00,791.45,791.5,790.6,790.95,176680,-0.5958,0.0248,-2502.42,796.0000,-0.63
2026-05-07 11:00:00,791,791.45,790.75,790.8,206125,-0.5834,0.0248,-2452.42,796.0000,-0.65
2026-05-07 11:05:00,790.8,791,790,790.4,224169,-0.5772,0.0248,-2427.42,796.0000,-0.70
2026-05-07 11:10:00,790.3,790.85,790.05,790.75,176586,-0.5260,0.0248,-2220.97,796.0000,-0.66
2026-05-07 11:15:00,790.75,791.35,789.6,789.85,288223,-0.5279,0.0248,-2228.63,796.0000,-0.77
2026-05-07 11:20:00,789.8,790,788.75,789.65,429377,-0.5171,0.0248,-2185.08,796.0000,-0.80
2026-05-07 11:25:00,789.65,790.15,788.55,789.65,198321,-0.4850,0.0248,-2055.65,796.0000,-0.80
2026-05-07 11:30:00,789.6,791.5,789.25,790.55,287834,-0.3826,0.0248,-1642.74,796.0000,-0.68
2026-05-07 11:35:00,790.55,791.25,790.2,791.25,150437,-0.2534,0.0248,-1121.77,796.0000,-0.60
2026-05-07 11:40:00,791.15,791.35,790.25,790.3,155641,-0.2190,0.0248,-983.06,796.0000,-0.72
2026-05-07 11:45:00,790.3,790.7,789.65,790.55,323574,-0.1687,0.0248,-780.24,796.0000,-0.68
2026-05-07 11:50:00,790.6,792.35,790.55,791.9,302812,-0.0404,0.0248,-262.90,796.0000,-0.52
2026-05-07 11:55:00,791.95,792.35,791.7,791.75,158057,0.0343,0.0248,38.31,796.0000,-0.53
2026-05-07 12:00:00,791.8,793.55,791.75,792.95,647375,0.1576,0.0248,535.48,796.0000,-0.38
2026-05-07 12:05:00,792.95,793.8,792.7,793.35,248937,0.2536,0.0248,922.58,796.0000,-0.33
2026-05-07 12:10:00,793.35,793.85,792.5,793.35,212526,0.3012,0.0248,1114.52,796.0000,-0.33
2026-05-07 12:15:00,793.25,795.2,793.2,794.2,438730,0.3696,0.0248,1390.32,796.0000,-0.23
2026-05-07 12:20:00,794.2,794.9,794,794.25,306581,0.3955,0.0248,1494.76,796.0000,-0.22
2026-05-07 12:25:00,794.3,794.7,793,793.15,281392,0.3192,0.0248,1187.10,796.0000,-0.36
2026-05-07 12:30:00,793.05,794.65,792.8,793.5,390129,0.2746,0.0248,1007.26,796.0000,-0.31
2026-05-07 12:35:00,793.5,798.65,793.1,798.35,951444,0.5388,0.0248,2072.58,796.0000,0.30
2026-05-07 12:40:00,798.55,801,798.3,800.6,902889,0.8154,0.0248,3187.90,796.0000,0.58
2026-05-07 12:45:00,800.6,801.55,798.25,798.8,635264,0.8252,0.0248,3227.42,796.0000,0.35
2026-05-07 12:50:00,798.85,799,796.2,797.7,405286,0.7098,0.0248,2762.10,796.0000,0.21
2026-05-07 12:55:00,797.65,797.95,795.55,796,541725,0.4823,0.0248,1844.76,796.0000,0.00
2026-05-07 13:00:00,796,796.9,795.05,796.5,207670,0.3356,0.0248,1253.23,796.0000,0.06
2026-05-07 13:05:00,796.5,797.4,795.55,795.6,155604,0.1571,0.0248,533.47,796.0000,-0.05
2026-05-07 13:10:00,795.6,796,794.75,795.4,251633,0.0125,0.0248,-49.60,796.0000,-0.08
2026-05-07 13:15:00,795.65,796.55,793.5,794.65,348195,-0.1385,0.0248,-658.47,796.0000,-0.17
2026-05-07 13:20:00,794.65,795.7,794.25,794.9,428397,-0.2215,0.0248,-993.15,796.0000,-0.14
2026-05-07 13:25:00,794.9,796.05,794.15,795.55,220318,-0.2314,0.0248,-1033.06,796.0000,-0.06
2026-05-07 13:30:00,795.55,795.8,794.6,795.5,175449,-0.2392,0.0248,-1064.52,796.0000,-0.06
2026-05-07 13:35:00,795.25,796.2,794.75,794.9,290095,-0.2797,0.0248,-1227.82,796.0000,-0.14
2026-05-07 13:40:00,794.9,796.6,794.65,795.05,311199,-0.2902,0.0248,-1270.16,796.0000,-0.12
2026-05-07 13:45:00,795.2,796.15,794.55,795.4,240979,-0.2679,0.0248,-1180.24,796.0000,-0.08
2026-05-07 13:50:00,795.4,796.1,794.9,795.55,195310,-0.2383,0.0248,-1060.89,796.0000,-0.06
2026-05-07 13:55:00,795.6,797.2,795.6,796.45,669757,-0.1573,0.0248,-734.27,796.0000,0.06
2026-05-07 14:00:00,796.45,797.2,795.75,796.9,374259,-0.0768,0.0248,-409.68,796.0000,0.11
2026-05-07 14:05:00,796.9,797.6,795.8,797.25,464807,-0.0068,0.0248,-127.42,796.0000,0.16
2026-05-07 14:10:00,797.25,797.6,796.6,796.6,254721,-0.0111,0.0248,-144.76,796.0000,0.08
2026-05-07 14:15:00,796.6,796.85,795.75,796,362626,-0.0584,0.0248,-335.48,796.0000,0.00
2026-05-07 14:20:00,796,797.35,795.6,797.05,506196,-0.0247,0.0248,-199.60,796.0000,0.13
2026-05-07 14:25:00,797.05,797.9,796.2,797.5,1328739,0.0197,0.0248,-20.56,796.0000,0.19
2026-05-07 14:30:00,797.5,798.55,796.6,797.5,1139038,0.0397,0.0248,60.08,796.0000,0.19
2026-05-07 14:35:00,797.5,798.45,797.25,797.6,521632,0.0496,0.0248,100.00,796.0000,0.20
2026-05-07 14:40:00,797.6,798.45,796.55,796.9,1070076,0.0017,0.0248,-93.15,796.0000,0.11
2026-05-07 14:45:00,796.85,797.5,795.5,795.55,637914,-0.1216,0.0248,-590.32,796.0000,-0.06
2026-05-07 14:50:00,795.55,797.15,795.55,796.95,361999,-0.1099,0.0248,-543.15,796.0000,0.12
2026-05-07 14:55:00,797,797.4,796.4,796.85,343276,-0.1096,0.0248,-541.94,796.0000,0.11
2026-05-07 15:00:00,796.75,799.25,792.8,796.6,5841523,-0.1259,0.0248,-607.66,796.0000,0.08
2026-05-07 15:05:00,796.6,798.5,794.75,797.25,3291241,-0.0939,0.0248,-478.63,796.0000,0.16
2026-05-07 15:10:00,797.2,797.25,795.1,795.3,1413849,-0.1990,0.0248,-902.42,796.0000,-0.09
2026-05-07 15:15:00,795.3,796.3,795.2,796.15,962274,-0.2055,0.0248,-928.63,796.0000,0.02
2026-05-07 15:20:00,796.15,796.2,795.35,795.4,956894,-0.2515,0.0248,-1114.11,796.0000,-0.08
2026-05-07 15:25:00,795.35,796.5,795,795.55,671083,-0.2617,0.0248,-1155.24,796.0000,-0.06
2026-05-08 09:15:00,784,787.95,784,786,1742035,-0.8675,-0.2617,231.49,795.5500,-1.20
2026-05-08 09:20:00,786.15,788.75,785.1,787.75,646777,-1.0916,-0.2617,317.12,795.5500,-0.98
2026-05-08 09:25:00,787.65,788.7,786.75,787.15,450849,-1.2123,-0.2617,363.24,795.5500,-1.06
2026-05-08 09:30:00,787,787.2,784,785.2,610568,-1.3453,-0.2617,414.06,795.5500,-1.30
2026-05-08 09:35:00,785.1,785.55,784.75,785.45,326571,-1.3354,-0.2617,410.28,795.5500,-1.27
2026-05-08 09:40:00,785.5,785.5,784.75,785.05,275665,-1.2751,-0.2617,387.24,795.5500,-1.32
2026-05-08 09:45:00,785,785.35,784.1,785,439311,-1.1609,-0.2617,343.60,795.5500,-1.33
2026-05-08 09:50:00,784.95,785.2,784.4,784.85,238131,-1.0228,-0.2617,290.83,795.5500,-1.34
2026-05-08 09:55:00,784.8,785.5,784.8,785.2,279741,-0.8427,-0.2617,222.01,795.5500,-1.30
2026-05-08 10:00:00,785.2,785.25,784.55,784.85,172844,-0.6884,-0.2617,163.05,795.5500,-1.34
2026-05-08 10:05:00,784.85,785.1,784.5,784.9,180134,-0.5314,-0.2617,103.06,795.5500,-1.34
2026-05-08 10:10:00,784.9,784.95,783.05,783.8,424306,-0.4529,-0.2617,73.06,795.5500,-1.48
2026-05-08 10:15:00,783.95,784.8,783.2,783.75,253639,-0.3599,-0.2617,37.52,795.5500,-1.48
2026-05-08 10:20:00,784,784,783.2,783.9,225309,-0.2490,-0.2617,-4.85,795.5500,-1.46
2026-05-08 10:25:00,783.9,784.85,783.75,784.5,379159,-0.1034,-0.2617,-60.49,795.5500,-1.39
2026-05-08 10:30:00,784.55,785,784,784.4,300278,0.0119,-0.2617,-104.55,795.5500,-1.40
2026-05-08 10:35:00,784.4,784.65,783.6,783.8,251132,0.0702,-0.2617,-126.82,795.5500,-1.48
2026-05-08 10:40:00,783.8,784,783.2,783.45,194776,0.1055,-0.2617,-140.31,795.5500,-1.52
2026-05-08 10:45:00,783.45,783.8,783.1,783.25,159346,0.1338,-0.2617,-151.13,795.5500,-1.55
2026-05-08 10:50:00,783.25,783.4,782.5,782.55,379320,0.1242,-0.2617,-147.46,795.5500,-1.63
2026-05-08 10:55:00,782.6,782.75,781.95,782,366749,0.1005,-0.2617,-138.40,795.5500,-1.70
2026-05-08 11:00:00,782,783.5,781.55,783.35,248683,0.1902,-0.2617,-172.68,795.5500,-1.53
2026-05-08 11:05:00,783.35,784.1,782.75,782.95,871436,0.2342,-0.2617,-189.49,795.5500,-1.58
2026-05-08 11:10:00,782.95,783.35,782.3,783.35,147942,0.2979,-0.2617,-213.83,795.5500,-1.53
2026-05-08 11:15:00,783.25,783.45,782.55,782.6,149889,0.2963,-0.2617,-213.22,795.5500,-1.63
2026-05-08 11:20:00,782.6,782.85,781.8,782.05,216041,0.2661,-0.2617,-201.68,795.5500,-1.70
2026-05-08 11:25:00,782.05,782.2,781.5,781.8,172404,0.2381,-0.2617,-190.98,795.5500,-1.73
2026-05-08 11:30:00,781.8,782.05,780.65,781.9,376353,0.2347,-0.2617,-189.68,795.5500,-1.72
2026-05-08 11:35:00,781.8,782,781.25,781.6,170503,0.2208,-0.2617,-184.37,795.5500,-1.75
2026-05-08 11:40:00,781.5,782,781.4,781.55,225147,0.2166,-0.2617,-182.77,795.5500,-1.76
2026-05-08 11:45:00,781.55,782,781.2,781.9,170954,0.2436,-0.2617,-193.08,795.5500,-1.72
2026-05-08 11:50:00,781.9,782.5,781.6,782.45,307353,0.3011,-0.2617,-215.06,795.5500,-1.65
2026-05-08 11:55:00,782.3,782.7,782,782.7,160808,0.3547,-0.2617,-235.54,795.5500,-1.62
2026-05-08 12:00:00,782.4,782.7,781.35,781.55,222381,0.3130,-0.2617,-219.60,795.5500,-1.76
2026-05-08 12:05:00,781.5,782,780.75,780.9,403334,0.2450,-0.2617,-193.62,795.5500,-1.84
2026-05-08 12:10:00,780.9,781,780,780.5,559517,0.1794,-0.2617,-168.55,795.5500,-1.89
2026-05-08 12:15:00,780.5,780.6,779.75,780.5,460181,0.1438,-0.2617,-154.95,795.5500,-1.89
2026-05-08 12:20:00,780.5,780.7,779.6,780,322084,0.0967,-0.2617,-136.95,795.5500,-1.95
2026-05-08 12:25:00,780,780.3,779.6,780.15,194200,0.0862,-0.2617,-132.94,795.5500,-1.94
2026-05-08 12:30:00,780.1,780.55,779.5,780.45,262863,0.1084,-0.2617,-141.42,795.5500,-1.90
2026-05-08 12:35:00,780.4,780.7,780,780.15,232455,0.1116,-0.2617,-142.64,795.5500,-1.94
2026-05-08 12:40:00,780.05,780.35,779.6,779.8,256692,0.0991,-0.2617,-137.87,795.5500,-1.98
2026-05-08 12:45:00,779.9,780,779.2,779.7,223385,0.0932,-0.2617,-135.61,795.5500,-1.99
2026-05-08 12:50:00,779.7,779.8,779.1,779.8,217484,0.1043,-0.2617,-139.85,795.5500,-1.98
2026-05-08 12:55:00,779.8,779.9,779.15,779.45,186837,0.0965,-0.2617,-136.87,795.5500,-2.02
2026-05-08 13:00:00,779.45,779.5,778.6,779,275201,0.0708,-0.2617,-127.05,795.5500,-2.08
2026-05-08 13:05:00,779,779.95,778.7,779.75,300954,0.1114,-0.2617,-142.57,795.5500,-1.99
2026-05-08 13:10:00,779.75,779.75,778.6,779.1,236328,0.1020,-0.2617,-138.98,795.5500,-2.07
2026-05-08 13:15:00,779.15,779.35,778.7,779.2,179592,0.1094,-0.2617,-141.80,795.5500,-2.06
2026-05-08 13:20:00,779.2,779.6,778.6,778.9,254646,0.1010,-0.2617,-138.59,795.5500,-2.09
2026-05-08 13:25:00,778.9,780,778.6,780,490035,0.1725,-0.2617,-165.92,795.5500,-1.95
2026-05-08 13:30:00,780,781,779.6,780,585172,0.2195,-0.2617,-183.87,795.5500,-1.95
2026-05-08 13:35:00,779.9,780.1,779.2,779.65,224907,0.2260,-0.2617,-186.36,795.5500,-2.00
2026-05-08 13:40:00,779.65,779.95,779.2,779.5,261492,0.2189,-0.2617,-183.65,795.5500,-2.02
2026-05-08 13:45:00,779.6,779.9,779.25,779.3,275322,0.2001,-0.2617,-176.46,795.5500,-2.04
2026-05-08 13:50:00,779.5,779.7,778.5,779,444244,0.1680,-0.2617,-164.20,795.5500,-2.08
2026-05-08 13:55:00,779,779.75,778.7,778.9,660649,0.1417,-0.2617,-154.15,795.5500,-2.09
2026-05-08 14:00:00,779.1,779.55,778.4,778.5,468073,0.1009,-0.2617,-138.56,795.5500,-2.14
2026-05-08 14:05:00,778.6,779.35,778.45,778.9,603833,0.1040,-0.2617,-139.74,795.5500,-2.09
2026-05-08 14:10:00,778.9,779.05,778,778.15,429776,0.0608,-0.2617,-123.23,795.5500,-2.19
2026-05-08 14:15:00,778.15,778.45,777.2,777.9,637736,0.0226,-0.2617,-108.64,795.5500,-2.22
2026-05-08 14:20:00,777.9,779.5,777.7,779.3,632631,0.0948,-0.2617,-136.22,795.5500,-2.04
2026-05-08 14:25:00,779.25,779.85,778.65,779.05,387672,0.1270,-0.2617,-148.53,795.5500,-2.07
2026-05-08 14:30:00,779,779.7,778.7,779.35,623399,0.1671,-0.2617,-163.85,795.5500,-2.04
2026-05-08 14:35:00,779.3,780.05,779.15,780,1327562,0.2321,-0.2617,-188.69,795.5500,-1.95
2026-05-08 14:40:00,780,780.4,779.8,780,745063,0.2672,-0.2617,-202.10,795.5500,-1.95
2026-05-08 14:45:00,780,780,778.9,779.55,713809,0.2525,-0.2617,-196.48,795.5500,-2.01
2026-05-08 14:50:00,779.5,780.5,779.2,780.05,713936,0.2673,-0.2617,-202.14,795.5500,-1.95
2026-05-08 14:55:00,780,781,779.8,780.4,891395,0.2897,-0.2617,-210.70,795.5500,-1.90
2026-05-08 15:00:00,780.6,780.6,779.8,780,1260271,0.2672,-0.2617,-202.10,795.5500,-1.95
2026-05-08 15:05:00,780,780.7,779.95,780.3,1242822,0.2617,-0.2617,-200.00,795.5500,-1.92
2026-05-08 15:10:00,780.25,781.7,780.2,781.5,1458773,0.3241,-0.2617,-223.84,795.5500,-1.77
2026-05-08 15:15:00,781.45,782,780.45,781.7,1406716,0.3611,-0.2617,-237.98,795.5500,-1.74
2026-05-08 15:20:00,781.85,781.85,780.6,781.45,1219206,0.3508,-0.2617,-234.05,795.5500,-1.77
2026-05-08 15:25:00,781.45,781.5,779.95,781,997791,0.2978,-0.2617,-213.79,795.5500,-1.83
2026-05-11 09:15:00,771.95,774.4,769.2,771.6,2150765,-0.3511,0.2978,-217.90,781.0000,-1.20
2026-05-11 09:20:00,771.65,772.05,770.1,771.45,614697,-0.7482,0.2978,-351.24,781.0000,-1.22
2026-05-11 09:25:00,771.45,774.85,771.2,773,568759,-0.8566,0.2978,-387.64,781.0000,-1.02
2026-05-11 09:30:00,773.1,773.15,771.15,772,368805,-0.9392,0.2978,-415.38,781.0000,-1.15
2026-05-11 09:35:00,771.95,772.35,770.75,771.45,446690,-0.9703,0.2978,-425.82,781.0000,-1.22
2026-05-11 09:40:00,771.45,771.7,769.85,770.25,565006,-1.0068,0.2978,-438.08,781.0000,-1.38
2026-05-11 09:45:00,770.3,771.8,769.75,770.45,480945,-0.9532,0.2978,-420.08,781.0000,-1.35
2026-05-11 09:50:00,770.45,770.85,769.7,770.8,411894,-0.8341,0.2978,-380.09,781.0000,-1.31
2026-05-11 09:55:00,770.8,771.4,769.8,770.1,392951,-0.7453,0.2978,-350.27,781.0000,-1.40
2026-05-11 10:00:00,770.1,770.85,769.8,770.75,304126,-0.5924,0.2978,-298.93,781.0000,-1.31
2026-05-11 10:05:00,770.8,771,770.25,770.65,252483,-0.4538,0.2978,-252.38,781.0000,-1.33
2026-05-11 10:10:00,770.65,770.75,768.6,769.1,519600,-0.4229,0.2978,-242.01,781.0000,-1.52
2026-05-11 10:15:00,769,769.1,767.05,767.35,438991,-0.4729,0.2978,-258.80,781.0000,-1.75
2026-05-11 10:20:00,767.35,769.1,767.15,768.85,227719,-0.3626,0.2978,-221.76,781.0000,-1.56
2026-05-11 10:25:00,768.85,769.25,768.1,768.6,239041,-0.2683,0.2978,-190.09,781.0000,-1.59
2026-05-11 10:30:00,768.35,769.3,768.35,769.25,130084,-0.1311,0.2978,-144.02,781.0000,-1.50
2026-05-11 10:35:00,769.3,769.4,768.65,769.25,191041,-0.0153,0.2978,-105.14,781.0000,-1.50
2026-05-11 10:40:00,769.2,769.5,768.25,768.8,149090,0.0523,0.2978,-82.44,781.0000,-1.56
2026-05-11 10:45:00,768.85,769.6,768.75,769.45,177505,0.1563,0.2978,-47.52,781.0000,-1.48
2026-05-11 10:50:00,769.35,770.8,769.35,770.8,274464,0.3219,0.2978,8.09,781.0000,-1.31
2026-05-11 10:55:00,770.8,770.8,769.8,770,143749,0.3795,0.2978,27.43,781.0000,-1.41
2026-05-11 11:00:00,770,770.15,769.1,769.65,222789,0.3943,0.2978,32.40,781.0000,-1.45
2026-05-11 11:05:00,769.7,770.25,769.25,769.5,156726,0.3933,0.2978,32.07,781.0000,-1.47
2026-05-11 11:10:00,769.55,770.05,769.5,770,142475,0.4230,0.2978,42.04,781.0000,-1.41
2026-05-11 11:15:00,770,770.9,769.8,770.25,934603,0.4536,0.2978,52.32,781.0000,-1.38
2026-05-11 11:20:00,770.25,771.9,769.5,770.25,984883,0.4660,0.2978,56.48,781.0000,-1.38
2026-05-11 11:25:00,770.3,770.3,769.5,769.95,328783,0.4463,0.2978,49.87,781.0000,-1.41
2026-05-11 11:30:00,769.95,770.8,769.5,770.45,232164,0.4574,0.2978,53.59,781.0000,-1.35
2026-05-11 11:35:00,770.4,771,770,770.6,178681,0.4640,0.2978,55.81,781.0000,-1.33
2026-05-11 11:40:00,770.6,771.3,770,770.8,277673,0.4694,0.2978,57.62,781.0000,-1.31
2026-05-11 11:45:00,770.8,771,769.5,769.65,226888,0.3867,0.2978,29.85,781.0000,-1.45
2026-05-11 11:50:00,769.65,769.9,769,769.65,318503,0.3255,0.2978,9.30,781.0000,-1.45
2026-05-11 11:55:00,769.65,770,769,769,205204,0.2389,0.2978,-19.78,781.0000,-1.54
2026-05-11 12:00:00,769.05,769.35,768.7,768.9,236443,0.1753,0.2978,-41.13,781.0000,-1.55
2026-05-11 12:05:00,768.9,770.15,768.7,769.9,316104,0.1994,0.2978,-33.04,781.0000,-1.42
2026-05-11 12:10:00,769.9,770.35,769.65,770.05,424104,0.2224,0.2978,-25.32,781.0000,-1.40
2026-05-11 12:15:00,770,770.7,769.7,770.5,1651314,0.2622,0.2978,-11.95,781.0000,-1.34
2026-05-11 12:20:00,770.5,770.95,769.8,770.95,357760,0.3098,0.2978,4.03,781.0000,-1.29
2026-05-11 12:25:00,770.85,771.3,769.8,770.65,1642204,0.3113,0.2978,4.53,781.0000,-1.33
2026-05-11 12:30:00,770.6,771.15,769.75,770.5,323555,0.2926,0.2978,-1.75,781.0000,-1.34
2026-05-11 12:35:00,770.35,770.8,769.35,769.45,357138,0.2042,0.2978,-31.43,781.0000,-1.48
2026-05-11 12:40:00,769.45,771.15,769.35,771.05,437410,0.2454,0.2978,-17.60,781.0000,-1.27
2026-05-11 12:45:00,771.05,771.35,770.5,770.95,210010,0.2565,0.2978,-13.87,781.0000,-1.29
2026-05-11 12:50:00,770.95,771.6,770,771,533245,0.2573,0.2978,-13.60,781.0000,-1.28
2026-05-11 12:55:00,771,771.95,770.9,771.55,670285,0.2828,0.2978,-5.04,781.0000,-1.21
2026-05-11 13:00:00,771.55,771.6,769.85,770.2,644237,0.2006,0.2978,-32.64,781.0000,-1.38
2026-05-11 13:05:00,770.2,771.15,769.85,771.05,461571,0.1951,0.2978,-34.49,781.0000,-1.27
2026-05-11 13:10:00,771.1,771.7,770.5,771.25,568195,0.1962,0.2978,-34.12,781.0000,-1.25
2026-05-11 13:15:00,771.4,771.4,770.5,770.7,242872,0.1528,0.2978,-48.69,781.0000,-1.32
2026-05-11 13:20:00,770.75,771.2,770.05,770.45,260945,0.1028,0.2978,-65.48,781.0000,-1.35
2026-05-11 13:25:00,770.4,770.8,770,770.5,157917,0.0701,0.2978,-76.46,781.0000,-1.34
2026-05-11 13:30:00,770.5,770.9,770,770.8,263885,0.0658,0.2978,-77.90,781.0000,-1.31
2026-05-11 13:35:00,770.8,771.8,770.55,770.95,301279,0.0698,0.2978,-76.56,781.0000,-1.29
2026-05-11 13:40:00,770.95,771.55,770.75,771,300399,0.0722,0.2978,-75.76,781.0000,-1.28
2026-05-11 13:45:00,771.25,771.6,771,771.5,324186,0.1020,0.2978,-65.75,781.0000,-1.22
2026-05-11 13:50:00,771.5,772.9,771,772.65,2288196,0.1888,0.2978,-36.60,781.0000,-1.07
2026-05-11 13:55:00,772.65,772.9,770.95,771.45,241183,0.1562,0.2978,-47.55,781.0000,-1.22
2026-05-11 14:00:00,771.4,771.5,770.5,771,803366,0.0981,0.2978,-67.06,781.0000,-1.28
2026-05-11 14:05:00,770.9,771.8,770.7,771.3,297516,0.0747,0.2978,-74.92,781.0000,-1.24
2026-05-11 14:10:00,771.3,771.7,770.65,771.2,271880,0.0485,0.2978,-83.71,781.0000,-1.25
2026-05-11 14:15:00,771.05,771.55,770.65,771,669020,0.0155,0.2978,-94.80,781.0000,-1.28
2026-05-11 14:20:00,771,771.65,770.85,771.5,625190,0.0246,0.2978,-91.74,781.0000,-1.22
2026-05-11 14:25:00,771.3,771.5,770,771.2,571867,0.0085,0.2978,-97.15,781.0000,-1.25
2026-05-11 14:30:00,771.2,771.35,770.5,771.25,541162,-0.0003,0.2978,-100.10,781.0000,-1.25
2026-05-11 14:35:00,771.25,771.4,769.3,770.15,617927,-0.0774,0.2978,-125.99,781.0000,-1.39
2026-05-11 14:40:00,770.1,770.15,768.45,769.45,382438,-0.1676,0.2978,-156.28,781.0000,-1.48
2026-05-11 14:45:00,769.3,770,768.15,768.55,454446,-0.2736,0.2978,-191.87,781.0000,-1.59
2026-05-11 14:50:00,768.55,769.8,768,768.05,604528,-0.3578,0.2978,-220.15,781.0000,-1.66
2026-05-11 14:55:00,768.05,768.35,767.6,767.7,436162,-0.4136,0.2978,-238.89,781.0000,-1.70
2026-05-11 15:00:00,767.9,767.9,764.6,764.85,1101266,-0.6073,0.2978,-303.93,781.0000,-2.07
2026-05-11 15:05:00,764.85,764.85,762.8,763.6,1317819,-0.7736,0.2978,-359.77,781.0000,-2.23
2026-05-11 15:10:00,763.6,764,762.1,763.3,1558720,-0.8518,0.2978,-386.03,781.0000,-2.27
2026-05-11 15:15:00,763.25,764,762.15,762.7,1131019,-0.8879,0.2978,-398.15,781.0000,-2.34
2026-05-11 15:20:00,762.85,765.65,761.9,764.55,1826216,-0.7372,0.2978,-347.55,781.0000,-2.11
2026-05-11 15:25:00,764.8,766.35,762.45,766.25,872414,-0.4853,0.2978,-262.96,781.0000,-1.89
2026-05-12 09:15:00,756.6,759.7,756.6,759.35,1539468,-0.7309,-0.4853,50.61,766.2500,-0.90
2026-05-12 09:20:00,759.7,759.7,756.6,756.9,762965,-0.9898,-0.4853,103.96,766.2500,-1.22
2026-05-12 09:25:00,756.75,756.9,754.4,756.3,703780,-1.1231,-0.4853,131.42,766.2500,-1.30
2026-05-12 09:30:00,756.4,756.6,755.6,756.35,331941,-1.1266,-0.4853,132.15,766.2500,-1.29
2026-05-12 09:35:00,756.35,757,756,756.1,364212,-1.0653,-0.4853,119.51,766.2500,-1.32
2026-05-12 09:40:00,756.15,756.65,755.2,755.75,333275,-0.9704,-0.4853,99.96,766.2500,-1.37
2026-05-12 09:45:00,755.75,755.95,755,755.95,439087,-0.8222,-0.4853,69.42,766.2500,-1.34
2026-05-12 09:50:00,755.95,756.65,754.85,755.95,1159642,-0.6592,-0.4853,35.83,766.2500,-1.34
2026-05-12 09:55:00,755.95,756.7,755,755.3,847898,-0.5355,-0.4853,10.34,766.2500,-1.43
2026-05-12 10:00:00,755.3,757.45,754.95,757.45,303877,-0.2629,-0.4853,-45.83,766.2500,-1.15
2026-05-12 10:05:00,757.45,757.5,755.7,757.4,291543,-0.0512,-0.4853,-89.45,766.2500,-1.15
2026-05-12 10:10:00,757.4,758.9,757.1,758.1,403451,0.1593,-0.4853,-132.83,766.2500,-1.06
2026-05-12 10:15:00,758.1,758.8,757.6,758.75,249567,0.3544,-0.4853,-173.03,766.2500,-0.98
2026-05-12 10:20:00,758.8,759.05,756.5,756.75,320327,0.3598,-0.4853,-174.14,766.2500,-1.24
2026-05-12 10:25:00,756.75,757,755.7,756,227280,0.3249,-0.4853,-166.95,766.2500,-1.34
2026-05-12 10:30:00,756,756.7,755.85,756.7,208237,0.3583,-0.4853,-173.83,766.2500,-1.25
2026-05-12 10:35:00,756.7,756.95,756,756.45,140132,0.3714,-0.4853,-176.53,766.2500,-1.28
2026-05-12 10:40:00,756.6,756.6,755.2,755.65,465757,0.3352,-0.4853,-169.07,766.2500,-1.38
2026-05-12 10:45:00,755.65,755.95,754.9,754.95,352341,0.2755,-0.4853,-156.77,766.2500,-1.47
2026-05-12 10:50:00,755,755.45,754.9,754.95,263749,0.2483,-0.4853,-151.16,766.2500,-1.47
2026-05-12 10:55:00,755,756.05,754.95,755.25,326175,0.2614,-0.4853,-153.86,766.2500,-1.44
2026-05-12 11:00:00,755.3,755.6,754.8,755.05,283615,0.2667,-0.4853,-154.96,766.2500,-1.46
2026-05-12 11:05:00,755.05,755.2,754.25,755.2,377212,0.2884,-0.4853,-159.43,766.2500,-1.44
2026-05-12 11:10:00,755.2,756.2,755,756.2,289313,0.3730,-0.4853,-176.86,766.2500,-1.31
2026-05-12 11:15:00,756.2,757.6,755.8,757.15,288538,0.4885,-0.4853,-200.66,766.2500,-1.19
2026-05-12 11:20:00,757.15,757.35,756.05,756.65,211746,0.5236,-0.4853,-207.89,766.2500,-1.25
2026-05-12 11:25:00,756.65,757.35,756.5,757.15,161597,0.5691,-0.4853,-217.27,766.2500,-1.19
2026-05-12 11:30:00,757.15,757.85,756.85,757.65,181299,0.6175,-0.4853,-227.24,766.2500,-1.12
2026-05-12 11:35:00,757.7,758,757.1,758,170232,0.6541,-0.4853,-234.78,766.2500,-1.08
2026-05-12 11:40:00,758,758.5,756.65,757.5,504553,0.6257,-0.4853,-228.93,766.2500,-1.14
2026-05-12 11:45:00,757.5,757.95,757.05,757.2,163268,0.5695,-0.4853,-217.35,766.2500,-1.18
2026-05-12 11:50:00,757.2,757.2,756,756.5,262114,0.4718,-0.4853,-197.22,766.2500,-1.27
2026-05-12 11:55:00,756.5,757.5,756.25,757.25,148589,0.4448,-0.4853,-191.65,766.2500,-1.17
2026-05-12 12:00:00,757.3,757.5,756.25,756.35,243207,0.3572,-0.4853,-173.60,766.2500,-1.29
2026-05-12 12:05:00,756.35,756.85,755.5,756.2,296795,0.2832,-0.4853,-158.36,766.2500,-1.31
2026-05-12 12:10:00,756.2,756.65,755.55,755.9,333436,0.2114,-0.4853,-143.56,766.2500,-1.35
2026-05-12 12:15:00,755.9,757,755.5,756.95,326601,0.2305,-0.4853,-147.50,766.2500,-1.21
2026-05-12 12:20:00,756.95,757.15,755.5,755.85,327922,0.1677,-0.4853,-134.56,766.2500,-1.36
2026-05-12 12:25:00,755.9,756,755,755.75,358862,0.1204,-0.4853,-124.81,766.2500,-1.37
2026-05-12 12:30:00,755.75,755.85,754.8,755.15,331435,0.0531,-0.4853,-110.94,766.2500,-1.45
2026-05-12 12:35:00,755.2,755.65,754.7,755,237437,0.0054,-0.4853,-101.11,766.2500,-1.47
2026-05-12 12:40:00,755,755.3,753.45,753.5,329412,-0.1138,-0.4853,-76.55,766.2500,-1.66
2026-05-12 12:45:00,753.75,754.25,752.45,753.3,329062,-0.1882,-0.4853,-61.22,766.2500,-1.69
2026-05-12 12:50:00,753.35,753.9,752.25,752.4,288431,-0.2749,-0.4853,-43.35,766.2500,-1.81
2026-05-12 12:55:00,752.5,753.55,752.25,753.25,303608,-0.2525,-0.4853,-47.97,766.2500,-1.70
2026-05-12 13:00:00,753.25,753.55,752.65,753.35,270874,-0.2101,-0.4853,-56.71,766.2500,-1.68
2026-05-12 13:05:00,753.35,754.15,753,753.3,735926,-0.1666,-0.4853,-65.67,766.2500,-1.69
2026-05-12 13:10:00,753.3,755,753.2,755,623781,-0.0125,-0.4853,-97.42,766.2500,-1.47
2026-05-12 13:15:00,755,757.15,754.8,755.45,1209940,0.1230,-0.4853,-125.35,766.2500,-1.41
2026-05-12 13:20:00,755.6,756.35,755.25,755.35,383936,0.2044,-0.4853,-142.12,766.2500,-1.42
2026-05-12 13:25:00,755.4,755.8,754.45,755,468582,0.2312,-0.4853,-147.64,766.2500,-1.47
2026-05-12 13:30:00,755,755.95,754.8,755.05,362264,0.2473,-0.4853,-150.96,766.2500,-1.46
2026-05-12 13:35:00,755.05,755.35,754.1,754.65,407558,0.2267,-0.4853,-146.71,766.2500,-1.51
2026-05-12 13:40:00,754.65,754.95,753.6,754.25,318087,0.1836,-0.4853,-137.83,766.2500,-1.57
2026-05-12 13:45:00,754.25,754.8,752.9,754.7,431337,0.1825,-0.4853,-137.61,766.2500,-1.51
2026-05-12 13:50:00,754.55,755.75,753.5,753.55,436557,0.1052,-0.4853,-121.68,766.2500,-1.66
2026-05-12 13:55:00,753.55,754.05,753.3,753.55,229292,0.0574,-0.4853,-111.83,766.2500,-1.66
2026-05-12 14:00:00,753.6,755,753.1,753.75,539569,0.0432,-0.4853,-108.90,766.2500,-1.63
2026-05-12 14:05:00,753.8,753.95,752.35,752.75,430580,-0.0258,-0.4853,-94.68,766.2500,-1.76
2026-05-12 14:10:00,752.8,753.2,752.05,752.9,245001,-0.0522,-0.4853,-89.24,766.2500,-1.74
2026-05-12 14:15:00,752.95,753.85,752.35,752.45,474671,-0.0886,-0.4853,-81.74,766.2500,-1.80
2026-05-12 14:20:00,752.45,753.4,752.05,752.65,955144,-0.0878,-0.4853,-81.91,766.2500,-1.77
2026-05-12 14:25:00,752.65,752.85,751.1,751.75,669214,-0.1335,-0.4853,-72.49,766.2500,-1.89
2026-05-12 14:30:00,751.75,752.55,751.2,751.45,630153,-0.1676,-0.4853,-65.46,766.2500,-1.93
2026-05-12 14:35:00,751.45,753,751.1,752.75,363509,-0.0900,-0.4853,-81.45,766.2500,-1.76
2026-05-12 14:40:00,752.75,752.95,751.75,752.35,467391,-0.0548,-0.4853,-88.71,766.2500,-1.81
2026-05-12 14:45:00,752.35,753.25,752,752.4,926964,-0.0191,-0.4853,-96.06,766.2500,-1.81
2026-05-12 14:50:00,752.35,753.25,751.9,752.2,1249714,-0.0010,-0.4853,-99.79,766.2500,-1.83
2026-05-12 14:55:00,752.4,752.55,751.4,751.5,484452,-0.0267,-0.4853,-94.50,766.2500,-1.92
2026-05-12 15:00:00,751.4,751.8,747.8,751.6,3714084,-0.0274,-0.4853,-94.35,766.2500,-1.91
2026-05-12 15:05:00,751.6,751.95,748.6,749.2,2419984,-0.1719,-0.4853,-64.58,766.2500,-2.23
2026-05-12 15:10:00,749.2,750.4,748,748.9,2210732,-0.2645,-0.4853,-45.50,766.2500,-2.26
2026-05-12 15:15:00,748.85,750.2,748.8,749.95,1629216,-0.2330,-0.4853,-51.99,766.2500,-2.13
2026-05-12 15:20:00,749.95,751.5,749.6,751.3,1118524,-0.1057,-0.4853,-78.22,766.2500,-1.95
2026-05-12 15:25:00,751.3,755.55,751.1,755,1847478,0.2253,-0.4853,-146.42,766.2500,-1.47
2026-05-13 09:15:00,752,758.45,751,753.6,1653441,0.3404,0.2253,51.09,755.0000,-0.19
2026-05-13 09:20:00,753.6,754.15,751.6,753.5,531529,0.3966,0.2253,76.03,755.0000,-0.20
2026-05-13 09:25:00,753.45,753.5,750.15,750.4,557303,0.2204,0.2253,-2.17,755.0000,-0.61
2026-05-13 09:30:00,750.4,750.95,749,749.95,565640,0.0765,0.2253,-66.05,755.0000,-0.67
2026-05-13 09:35:00,749.95,749.95,747.35,748.6,570124,-0.0974,0.2253,-143.23,755.0000,-0.85
2026-05-13 09:40:00,748.6,750.55,748.25,750.35,365110,-0.0827,0.2253,-136.71,755.0000,-0.62
2026-05-13 09:45:00,750.35,750.7,748.5,749.45,362717,-0.1196,0.2253,-153.08,755.0000,-0.74
2026-05-13 09:50:00,749.25,751.45,749.15,751.1,321756,-0.0239,0.2253,-110.61,755.0000,-0.52
2026-05-13 09:55:00,751.25,751.5,749.75,750.9,379043,0.0318,0.2253,-85.89,755.0000,-0.54
2026-05-13 10:00:00,750.85,751.85,750.5,751.75,344354,0.1266,0.2253,-43.81,755.0000,-0.43
2026-05-13 10:05:00,751.75,752.85,751.4,752,268515,0.2023,0.2253,-10.21,755.0000,-0.40
2026-05-13 10:10:00,752,752,750.7,751.5,213612,0.2137,0.2253,-5.15,755.0000,-0.46
2026-05-13 10:15:00,751.45,752.65,750.9,752.05,302131,0.2508,0.2253,11.32,755.0000,-0.39
2026-05-13 10:20:00,752.05,753.35,751.8,752.95,470884,0.3237,0.2253,43.68,755.0000,-0.27
2026-05-13 10:25:00,752.95,753.8,751.7,752,629937,0.2966,0.2253,31.65,755.0000,-0.40
2026-05-13 10:30:00,752,753.95,751.2,753.6,656731,0.3701,0.2253,64.27,755.0000,-0.19
2026-05-13 10:35:00,753.6,754,750.5,750.85,278619,0.2245,0.2253,-0.36,755.0000,-0.55
2026-05-13 10:40:00,750.85,753.3,750.75,752.65,258151,0.2390,0.2253,6.08,755.0000,-0.31
2026-05-13 10:45:00,752.6,753.5,751.5,751.6,181909,0.1707,0.2253,-24.23,755.0000,-0.45
2026-05-13 10:50:00,751.65,752.9,751.55,752.45,186685,0.1749,0.2253,-22.37,755.0000,-0.34
2026-05-13 10:55:00,752.3,752.6,750.1,750.5,183614,0.0452,0.2253,-79.94,755.0000,-0.60
2026-05-13 11:00:00,750.5,751.75,750.1,751.25,195165,0.0107,0.2253,-95.25,755.0000,-0.50
2026-05-13 11:05:00,751,751.95,750.25,751.2,268180,-0.0135,0.2253,-105.99,755.0000,-0.50
2026-05-13 11:10:00,751.2,751.95,750.7,751.85,132796,0.0148,0.2253,-93.43,755.0000,-0.42
2026-05-13 11:15:00,751.95,752.5,751.4,751.65,143990,0.0202,0.2253,-91.03,755.0000,-0.44
2026-05-13 11:20:00,751.4,752.25,751,751.75,97221,0.0300,0.2253,-86.68,755.0000,-0.43
2026-05-13 11:25:00,751.85,751.85,750.5,750.85,123971,-0.0217,0.2253,-109.63,755.0000,-0.55
2026-05-13 11:30:00,750.65,751.6,750.5,751.25,158510,-0.0263,0.2253,-111.67,755.0000,-0.50
2026-05-13 11:35:00,751.45,753.95,751.1,753.8,286826,0.1361,0.2253,-39.59,755.0000,-0.16
2026-05-13 11:40:00,753.95,756.3,753.95,755.85,349569,0.3625,0.2253,60.90,755.0000,0.11
2026-05-13 11:45:00,755.95,756.75,754.4,754.8,456103,0.4184,0.2253,85.71,755.0000,-0.03
2026-05-13 11:50:00,754.8,755.8,754.25,754.25,303019,0.3955,0.2253,75.54,755.0000,-0.10
2026-05-13 11:55:00,754.4,755.15,754.05,754.05,217933,0.3459,0.2253,53.53,755.0000,-0.13
2026-05-13 12:00:00,754.05,755.6,754.05,755.6,179542,0.3930,0.2253,74.43,755.0000,0.08
2026-05-13 12:05:00,755.6,755.95,755,755.3,155806,0.3793,0.2253,68.35,755.0000,0.04
2026-05-13 12:10:00,755.3,755.95,754.65,755.95,121033,0.3880,0.2253,72.21,755.0000,0.13
2026-05-13 12:15:00,755.9,756.75,755.1,756,183450,0.3711,0.2253,64.71,755.0000,0.13
2026-05-13 12:20:00,755.95,756.6,755.3,756.25,164522,0.3509,0.2253,55.75,755.0000,0.17
2026-05-13 12:25:00,756.3,756.65,755.75,756.3,288541,0.3162,0.2253,40.35,755.0000,0.17
2026-05-13 12:30:00,756.35,756.6,755,755.2,389451,0.2000,0.2253,-11.23,755.0000,0.03
2026-05-13 12:35:00,755.2,755.7,754.2,754.7,584446,0.0768,0.2253,-65.91,755.0000,-0.04
2026-05-13 12:40:00,754.7,754.75,752.9,754.35,543295,-0.0350,0.2253,-115.53,755.0000,-0.09
2026-05-13 12:45:00,754.35,755,754.1,754.75,144362,-0.0859,0.2253,-138.13,755.0000,-0.03
2026-05-13 12:50:00,754.8,757.5,754.75,757.35,252203,0.0447,0.2253,-80.16,755.0000,0.31
2026-05-13 12:55:00,757.35,759.9,757,759.8,395196,0.2725,0.2253,20.95,755.0000,0.64
2026-05-13 13:00:00,759.8,759.95,758.15,759.05,865687,0.3445,0.2253,52.91,755.0000,0.54
2026-05-13 13:05:00,759.05,759.35,757.25,757.3,621768,0.2504,0.2253,11.14,755.0000,0.30
2026-05-13 13:10:00,757.35,757.4,755.65,756,212366,0.0853,0.2253,-62.14,755.0000,0.13
2026-05-13 13:15:00,756,756.1,753.75,754.5,244970,-0.1286,0.2253,-157.08,755.0000,-0.07
2026-05-13 13:20:00,754.45,755.75,754.4,755.4,238096,-0.2084,0.2253,-192.50,755.0000,0.05
2026-05-13 13:25:00,755.35,755.6,754.5,754.75,141905,-0.2984,0.2253,-232.45,755.0000,-0.03
2026-05-13 13:30:00,754.75,756.1,754.5,755.25,264381,-0.3161,0.2253,-240.30,755.0000,0.03
2026-05-13 13:35:00,755.35,755.6,754.5,755.4,123970,-0.3090,0.2253,-237.15,755.0000,0.05
2026-05-13 13:40:00,755.4,755.4,755,755.2,131537,-0.3085,0.2253,-236.93,755.0000,0.03
2026-05-13 13:45:00,755.2,755.55,754.7,754.75,434272,-0.3274,0.2253,-245.32,755.0000,-0.03
2026-05-13 13:50:00,754.75,755.75,754.7,755.05,124437,-0.3088,0.2253,-237.06,755.0000,0.01
2026-05-13 13:55:00,755.05,755.1,754,754.25,632959,-0.3373,0.2253,-249.71,755.0000,-0.10
2026-05-13 14:00:00,754.25,755,754,754.35,167842,-0.3354,0.2253,-248.87,755.0000,-0.09
2026-05-13 14:05:00,754.3,754.8,753.95,754.7,295822,-0.2980,0.2253,-232.27,755.0000,-0.04
2026-05-13 14:10:00,754.7,755.45,754,754.6,179985,-0.2683,0.2253,-219.09,755.0000,-0.05
2026-05-13 14:15:00,754.7,754.85,753.5,753.6,199920,-0.3018,0.2253,-233.95,755.0000,-0.19
2026-05-13 14:20:00,753.6,755.45,753.25,755.15,595117,-0.2098,0.2253,-193.12,755.0000,0.02
2026-05-13 14:25:00,755.15,755.4,753.65,753.95,403973,-0.2188,0.2253,-197.11,755.0000,-0.14
2026-05-13 14:30:00,754.05,754.45,753.7,754.15,198890,-0.2010,0.2253,-189.21,755.0000,-0.11
2026-05-13 14:35:00,754.25,754.75,753.7,753.8,243130,-0.2019,0.2253,-189.61,755.0000,-0.16
2026-05-13 14:40:00,753.7,754,752,752.65,462942,-0.2650,0.2253,-217.62,755.0000,-0.31
2026-05-13 14:45:00,752.6,753.6,751.85,753.4,451919,-0.2420,0.2253,-207.41,755.0000,-0.21
2026-05-13 14:50:00,753.25,753.85,753,753.45,190369,-0.2104,0.2253,-193.39,755.0000,-0.21
2026-05-13 14:55:00,753.3,753.5,752.5,752.85,208835,-0.2159,0.2253,-195.83,755.0000,-0.28
2026-05-13 15:00:00,752.8,752.9,750.4,750.6,805739,-0.3493,0.2253,-255.04,755.0000,-0.58
2026-05-13 15:05:00,750.5,750.6,748.6,749.3,879822,-0.4945,0.2253,-319.49,755.0000,-0.75
2026-05-13 15:10:00,749.25,750.15,748.3,750.1,839318,-0.5042,0.2253,-323.79,755.0000,-0.65
2026-05-13 15:15:00,750.1,750.35,749,749.65,722674,-0.5072,0.2253,-325.12,755.0000,-0.71
2026-05-13 15:20:00,749.7,749.7,748.35,748.8,735228,-0.5301,0.2253,-335.29,755.0000,-0.82
2026-05-13 15:25:00,748.7,749.5,748.05,749.15,570253,-0.4866,0.2253,-315.98,755.0000,-0.77
2026-05-14 09:15:00,751,753.9,750.6,751.4,1167872,-0.2814,-0.4866,-42.17,749.1500,0.30
2026-05-14 09:20:00,751.55,753.95,751.2,753.8,517207,0.0247,-0.4866,-105.08,749.1500,0.62
2026-05-14 09:25:00,753.8,754.6,753.4,754,434899,0.2375,-0.4866,-148.81,749.1500,0.65
2026-05-14 09:30:00,754.1,754.15,752.95,753.65,559534,0.3450,-0.4866,-170.90,749.1500,0.60
2026-05-14 09:35:00,753.55,754.9,752.35,752.75,711996,0.3451,-0.4866,-170.92,749.1500,0.48
2026-05-14 09:40:00,752.75,753,752.2,752.3,283693,0.3056,-0.4866,-162.80,749.1500,0.42
2026-05-14 09:45:00,752.3,752.85,750.15,751.25,578223,0.2045,-0.4866,-142.03,749.1500,0.28
2026-05-14 09:50:00,751.25,753.95,751,753.05,733768,0.2515,-0.4866,-151.69,749.1500,0.52
2026-05-14 09:55:00,753.15,753.85,751.8,753.35,596348,0.2925,-0.4866,-160.11,749.1500,0.56
2026-05-14 10:00:00,753.55,753.85,752.75,753.4,262851,0.3111,-0.4866,-163.93,749.1500,0.57
2026-05-14 10:05:00,753.4,754.25,752.75,753.75,521358,0.3329,-0.4866,-168.41,749.1500,0.61
2026-05-14 10:10:00,753.6,753.7,752.6,753.1,172854,0.2912,-0.4866,-159.84,749.1500,0.53
2026-05-14 10:15:00,753.1,753.15,752.2,752.95,190038,0.2430,-0.4866,-149.94,749.1500,0.51
2026-05-14 10:20:00,752.95,753,750.35,750.8,268995,0.0652,-0.4866,-113.40,749.1500,0.22
2026-05-14 10:25:00,750.8,751.4,750.55,751,222709,-0.0348,-0.4866,-92.85,749.1500,0.25
2026-05-14 10:30:00,751,751.2,750.1,750.9,236337,-0.0999,-0.4866,-79.47,749.1500,0.23
2026-05-14 10:35:00,750.9,752.55,750.85,752,173856,-0.0628,-0.4866,-87.09,749.1500,0.38
2026-05-14 10:40:00,752,752.05,749,749.15,390332,-0.2156,-0.4866,-55.69,749.1500,0.00
2026-05-14 10:45:00,749.15,749.15,747.35,747.55,405371,-0.3991,-0.4866,-17.98,749.1500,-0.21
2026-05-14 10:50:00,747.55,750.95,747,750.1,771086,-0.3264,-0.4866,-32.92,749.1500,0.13
2026-05-14 10:55:00,750.05,750.4,748.1,748.35,207746,-0.3708,-0.4866,-23.80,749.1500,-0.11
2026-05-14 11:00:00,748.35,750.8,748.15,750.4,227721,-0.2428,-0.4866,-50.10,749.1500,0.17
2026-05-14 11:05:00,750.4,751.15,750,750.9,168959,-0.1118,-0.4866,-77.02,749.1500,0.23
2026-05-14 11:10:00,750.8,752.35,750.55,752.05,128768,0.0560,-0.4866,-111.51,749.1500,0.39
2026-05-14 11:15:00,752.05,754.35,752,754.25,344437,0.3048,-0.4866,-162.64,749.1500,0.68
2026-05-14 11:20:00,754.35,758.7,754.15,757.25,796150,0.6418,-0.4866,-231.89,749.1500,1.08
2026-05-14 11:25:00,757.55,764.4,756.3,761.95,1384429,1.1234,-0.4866,-330.87,749.1500,1.71
2026-05-14 11:30:00,761.95,767.85,761.7,766.25,1105015,1.6423,-0.4866,-437.51,749.1500,2.28
2026-05-14 11:35:00,766.25,767.9,765.5,767.05,599898,1.9303,-0.4866,-496.69,749.1500,2.39
2026-05-14 11:40:00,767,775.45,766.8,771.7,2214287,2.2997,-0.4866,-572.61,749.1500,3.01
2026-05-14 11:45:00,771.5,773.1,766.8,769.8,2006128,2.2776,-0.4866,-568.06,749.1500,2.76
2026-05-14 11:50:00,769.65,771.35,769,771.15,519447,2.2135,-0.4866,-554.89,749.1500,2.94
2026-05-14 11:55:00,771.15,775,770.25,771.85,1362519,2.0798,-0.4866,-527.41,749.1500,3.03
2026-05-14 12:00:00,771.85,771.95,769.35,770,861155,1.7421,-0.4866,-458.01,749.1500,2.78
2026-05-14 12:05:00,770,770.5,768.45,769,380290,1.3445,-0.4866,-376.30,749.1500,2.65
2026-05-14 12:10:00,769,769.9,767.75,769.7,326840,1.0356,-0.4866,-312.82,749.1500,2.74
2026-05-14 12:15:00,769.7,771.1,769.45,769.9,356048,0.7642,-0.4866,-257.05,749.1500,2.77
2026-05-14 12:20:00,769.85,771.45,769.35,770.8,379623,0.5735,-0.4866,-217.86,749.1500,2.89
2026-05-14 12:25:00,770.8,771,769.35,769.6,297559,0.3081,-0.4866,-163.32,749.1500,2.73
2026-05-14 12:30:00,769.65,769.9,768.5,768.6,331505,0.0217,-0.4866,-104.46,749.1500,2.60
2026-05-14 12:35:00,768.6,769.75,768.55,769.3,301178,-0.1542,-0.4866,-68.31,749.1500,2.69
2026-05-14 12:40:00,769.6,769.85,768.2,769.85,297599,-0.2610,-0.4866,-46.36,749.1500,2.76
2026-05-14 12:45:00,769.75,771.5,769.35,771.4,707392,-0.2544,-0.4866,-47.72,749.1500,2.97
2026-05-14 12:50:00,771.4,771.45,770.1,770.45,535526,-0.3361,-0.4866,-30.93,749.1500,2.84
2026-05-14 12:55:00,770.5,771.75,770.2,771,465664,-0.3723,-0.4866,-23.49,749.1500,2.92
2026-05-14 13:00:00,771,773.45,770.95,773,461479,-0.2847,-0.4866,-41.49,749.1500,3.18
2026-05-14 13:05:00,773,773.3,770.6,770.85,208765,-0.3884,-0.4866,-20.18,749.1500,2.90
2026-05-14 13:10:00,770.85,772,770,771.8,211772,-0.4077,-0.4866,-16.21,749.1500,3.02
2026-05-14 13:15:00,771.8,773,771.1,772.35,291870,-0.3978,-0.4866,-18.25,749.1500,3.10
2026-05-14 13:20:00,772.3,774.2,771.65,773.85,2007543,-0.3085,-0.4866,-36.60,749.1500,3.30
2026-05-14 13:25:00,773.7,776.4,773.55,774.8,3032118,-0.2086,-0.4866,-57.13,749.1500,3.42
2026-05-14 13:30:00,774.95,775.8,774,775.4,325229,-0.1291,-0.4866,-73.47,749.1500,3.50
2026-05-14 13:35:00,775.65,777,774.4,774.65,557928,-0.1524,-0.4866,-68.68,749.1500,3.40
2026-05-14 13:40:00,774.6,776.2,774.15,775.9,1065691,-0.1109,-0.4866,-77.21,749.1500,3.57
2026-05-14 13:45:00,776,776.5,774,776.2,1096270,-0.0914,-0.4866,-81.22,749.1500,3.61
2026-05-14 13:50:00,776.25,777.9,776.2,777.2,585462,-0.0418,-0.4866,-91.41,749.1500,3.74
2026-05-14 13:55:00,777.25,777.75,776.3,777.7,1875667,-0.0078,-0.4866,-98.40,749.1500,3.81
2026-05-14 14:00:00,777.7,778.3,776.3,776.7,359185,-0.0810,-0.4866,-83.35,749.1500,3.68
2026-05-14 14:05:00,776.75,777.5,776.3,777.15,379534,-0.1249,-0.4866,-74.33,749.1500,3.74
2026-05-14 14:10:00,777.15,777.4,775.2,775.8,517480,-0.2626,-0.4866,-46.03,749.1500,3.56
2026-05-14 14:15:00,775.8,776.45,774.5,774.65,366904,-0.4387,-0.4866,-9.84,749.1500,3.40
2026-05-14 14:20:00,774.75,776,774.4,775.85,364410,-0.4785,-0.4866,-1.66,749.1500,3.56
2026-05-14 14:25:00,775.9,776.45,775.35,776.05,371390,-0.4935,-0.4866,1.42,749.1500,3.59
2026-05-14 14:30:00,776.05,776.3,775.25,775.35,446152,-0.5486,-0.4866,12.74,749.1500,3.50
2026-05-14 14:35:00,775.4,775.45,773.6,773.9,635731,-0.6725,-0.4866,38.20,749.1500,3.30
2026-05-14 14:40:00,774.1,774.35,773,773.85,597746,-0.7422,-0.4866,52.53,749.1500,3.30
2026-05-14 14:45:00,773.75,773.9,771.5,771.65,644531,-0.9097,-0.4866,86.95,749.1500,3.00
2026-05-14 14:50:00,771.65,772.8,771.5,771.8,511727,-0.9778,-0.4866,100.95,749.1500,3.02
2026-05-14 14:55:00,771.8,772.3,771,772.15,487420,-0.9649,-0.4866,98.29,749.1500,3.07
2026-05-14 15:00:00,772.1,772.15,769.4,770.5,1511255,-1.0274,-0.4866,111.14,749.1500,2.85
2026-05-14 15:05:00,770.55,771,768.6,768.7,1766962,-1.1411,-0.4866,134.50,749.1500,2.61
2026-05-14 15:10:00,768.7,769.35,767.35,769.1,1638921,-1.1380,-0.4866,133.87,749.1500,2.66
2026-05-14 15:15:00,769,770,768.1,769.95,917233,-1.0304,-0.4866,111.76,749.1500,2.78
2026-05-14 15:20:00,769.95,770,769,769.5,973813,-0.9437,-0.4866,93.94,749.1500,2.72
2026-05-14 15:25:00,769.45,771.4,769,770.1,734280,-0.8054,-0.4866,65.52,749.1500,2.80
2026-05-15 09:15:00,773,775.1,767.75,773.9,1434501,-0.4360,-0.8054,-45.87,770.1000,0.49
2026-05-15 09:20:00,773.8,779.5,772.7,779.2,594933,0.1556,-0.8054,-119.32,770.1000,1.18
2026-05-15 09:25:00,779.45,781.9,778.95,781.55,664322,0.6669,-0.8054,-182.80,770.1000,1.49
2026-05-15 09:30:00,781.35,781.7,778.25,779,440979,0.7867,-0.8054,-197.68,770.1000,1.16
2026-05-15 09:35:00,779,781.2,778.35,779.5,591059,0.8479,-0.8054,-205.28,770.1000,1.22
2026-05-15 09:40:00,779.5,780.5,779,780,248940,0.8671,-0.8054,-207.66,770.1000,1.29
2026-05-15 09:45:00,780.05,780.4,776.5,776.85,549223,0.6240,-0.8054,-177.48,770.1000,0.88
2026-05-15 09:50:00,776.75,778.15,776.6,777.8,292416,0.4896,-0.8054,-160.79,770.1000,1.00
2026-05-15 09:55:00,777.8,778.8,776.5,776.55,243753,0.2888,-0.8054,-135.86,770.1000,0.84
2026-05-15 10:00:00,776.5,778.4,775.6,778.15,346059,0.2381,-0.8054,-129.56,770.1000,1.05
2026-05-15 10:05:00,778,778.2,776.5,777.1,348969,0.1146,-0.8054,-114.23,770.1000,0.91
2026-05-15 10:10:00,777.05,778,777,778,175181,0.0760,-0.8054,-109.44,770.1000,1.03
2026-05-15 10:15:00,778,778.8,777.35,777.85,287231,0.0255,-0.8054,-103.17,770.1000,1.01
2026-05-15 10:20:00,777.8,780.4,777.6,780.2,976903,0.1296,-0.8054,-116.09,770.1000,1.31
2026-05-15 10:25:00,780.2,780.8,779.05,779.45,213929,0.1272,-0.8054,-115.79,770.1000,1.21
2026-05-15 10:30:00,779.4,779.5,778.4,779.15,159850,0.0864,-0.8054,-110.73,770.1000,1.18
2026-05-15 10:35:00,779.15,779.9,779,779.7,160993,0.0778,-0.8054,-109.66,770.1000,1.25
2026-05-15 10:40:00,779.75,780.2,779.3,779.9,154842,0.0674,-0.8054,-108.37,770.1000,1.27
2026-05-15 10:45:00,780,780.45,779.2,780,174133,0.0497,-0.8054,-106.17,770.1000,1.29
2026-05-15 10:50:00,780,780.45,779.2,779.85,152869,0.0125,-0.8054,-101.55,770.1000,1.27
2026-05-15 10:55:00,779.9,780.3,779.4,780.3,161344,0.0031,-0.8054,-100.38,770.1000,1.32
2026-05-15 11:00:00,780.3,780.3,777.2,778.4,318455,-0.1382,-0.8054,-82.84,770.1000,1.08
2026-05-15 11:05:00,778.4,778.4,776.6,777.05,271605,-0.3195,-0.8054,-60.33,770.1000,0.90
2026-05-15 11:10:00,777.05,777.3,776.1,776.6,315533,-0.4581,-0.8054,-43.12,770.1000,0.84
2026-05-15 11:15:00,776.65,776.8,774.5,775.75,382683,-0.5872,-0.8054,-27.09,770.1000,0.73
2026-05-15 11:20:00,775.8,776.4,775.1,775.25,224310,-0.6799,-0.8054,-15.58,770.1000,0.67
2026-05-15 11:25:00,775.25,775.7,774.2,775.1,228215,-0.7210,-0.8054,-10.48,770.1000,0.65
2026-05-15 11:30:00,775.05,775.7,773.25,775.45,280162,-0.6941,-0.8054,-13.82,770.1000,0.69
2026-05-15 11:35:00,775.45,776.7,775,776.55,198347,-0.5765,-0.8054,-28.42,770.1000,0.84
2026-05-15 11:40:00,776.5,776.75,775.3,775.75,195553,-0.5282,-0.8054,-34.42,770.1000,0.73
2026-05-15 11:45:00,775.75,775.95,775,775.25,146135,-0.5055,-0.8054,-37.24,770.1000,0.67
2026-05-15 11:50:00,775.25,775.8,774.45,774.8,192988,-0.4957,-0.8054,-38.45,770.1000,0.61
2026-05-15 11:55:00,774.8,774.85,774,774.4,149245,-0.4902,-0.8054,-39.14,770.1000,0.56
2026-05-15 12:00:00,774.4,776.45,773.7,776.25,184698,-0.3429,-0.8054,-57.42,770.1000,0.80
2026-05-15 12:05:00,776.4,776.5,775.7,776.15,141165,-0.2382,-0.8054,-70.42,770.1000,0.79
2026-05-15 12:10:00,776.15,777.35,775.9,776.65,157439,-0.1268,-0.8054,-84.26,770.1000,0.85
2026-05-15 12:15:00,776.65,776.7,775.05,775.8,214842,-0.1029,-0.8054,-87.22,770.1000,0.74
2026-05-15 12:20:00,775.75,776.3,774.6,774.8,188224,-0.1444,-0.8054,-82.07,770.1000,0.61
2026-05-15 12:25:00,774.8,775.85,774.3,774.7,150726,-0.1671,-0.8054,-79.25,770.1000,0.60
2026-05-15 12:30:00,774.7,775.35,774.3,775.35,131775,-0.1284,-0.8054,-84.06,770.1000,0.68
2026-05-15 12:35:00,775.35,775.85,775.05,775.5,144755,-0.0850,-0.8054,-89.45,770.1000,0.70
2026-05-15 12:40:00,775.5,776.7,775.25,776.25,137888,-0.0024,-0.8054,-99.70,770.1000,0.80
2026-05-15 12:45:00,776.5,776.9,775.65,776.9,254246,0.0941,-0.8054,-111.68,770.1000,0.88
2026-05-15 12:50:00,776.9,777.2,775.55,776,223214,0.0951,-0.8054,-111.81,770.1000,0.77
2026-05-15 12:55:00,776.05,776.5,775.55,776.5,109958,0.1253,-0.8054,-115.56,770.1000,0.83
2026-05-15 13:00:00,776.45,776.65,775.7,776.05,174472,0.1113,-0.8054,-113.82,770.1000,0.77
2026-05-15 13:05:00,776.05,776.35,774.95,775.7,219389,0.0765,-0.8054,-109.50,770.1000,0.73
2026-05-15 13:10:00,775.7,776.25,775.15,775.9,100801,0.0654,-0.8054,-108.12,770.1000,0.75
2026-05-15 13:15:00,775.95,776.2,775,776.15,127272,0.0728,-0.8054,-109.04,770.1000,0.79
2026-05-15 13:20:00,776.2,776.65,775.75,776.45,128147,0.0943,-0.8054,-111.71,770.1000,0.82
2026-05-15 13:25:00,776.35,777.25,776,776.6,149794,0.1139,-0.8054,-114.14,770.1000,0.84
2026-05-15 13:30:00,776.9,777,775.8,776.1,171313,0.0895,-0.8054,-111.11,770.1000,0.78
2026-05-15 13:35:00,776.1,776.5,773.7,775,391329,0.0002,-0.8054,-100.02,770.1000,0.64
2026-05-15 13:40:00,775,775,771.5,773.8,1238043,-0.1314,-0.8054,-83.69,770.1000,0.48
2026-05-15 13:45:00,773.8,774.35,771.5,772.6,392201,-0.2823,-0.8054,-64.95,770.1000,0.32
2026-05-15 13:50:00,772.4,773.45,771.9,773.25,227500,-0.3187,-0.8054,-60.43,770.1000,0.41
2026-05-15 13:55:00,773.3,773.65,772.55,773.1,175346,-0.3318,-0.8054,-58.80,770.1000,0.39
2026-05-15 14:00:00,773,773.2,772.2,772.45,160341,-0.3607,-0.8054,-55.21,770.1000,0.31
2026-05-15 14:05:00,772.55,773.2,772.25,772.9,152248,-0.3269,-0.8054,-59.41,770.1000,0.36
2026-05-15 14:10:00,772.85,773.4,772.05,773.1,173234,-0.2710,-0.8054,-66.35,770.1000,0.39
2026-05-15 14:15:00,773.1,773.4,772.55,773.2,193994,-0.2097,-0.8054,-73.96,770.1000,0.40
2026-05-15 14:20:00,773.3,773.45,772.25,772.4,216434,-0.2054,-0.8054,-74.50,770.1000,0.30
2026-05-15 14:25:00,772.5,772.55,771.2,771.7,296674,-0.2300,-0.8054,-71.44,770.1000,0.21
2026-05-15 14:30:00,771.75,771.85,769.5,769.75,542786,-0.3508,-0.8054,-56.44,770.1000,-0.05
2026-05-15 14:35:00,769.8,771.3,769.55,770.65,386201,-0.3429,-0.8054,-57.42,770.1000,0.07
2026-05-15 14:40:00,770.45,771.3,770.3,771,308738,-0.2890,-0.8054,-64.12,770.1000,0.12
2026-05-15 14:45:00,771,771,767.5,767.55,628879,-0.4509,-0.8054,-44.02,770.1000,-0.33
2026-05-15 14:50:00,767.5,768,767.05,767.9,421697,-0.4962,-0.8054,-38.39,770.1000,-0.29
2026-05-15 14:55:00,767.9,768.25,766.3,768.15,335613,-0.4711,-0.8054,-41.51,770.1000,-0.25
2026-05-15 15:00:00,768.1,768.85,767.5,768.85,592410,-0.3735,-0.8054,-53.63,770.1000,-0.16
2026-05-15 15:05:00,768.85,768.9,766.85,767.3,585760,-0.3784,-0.8054,-53.02,770.1000,-0.36
2026-05-15 15:10:00,767.2,767.5,766.95,767.05,604595,-0.3633,-0.8054,-54.89,770.1000,-0.40
2026-05-15 15:15:00,767.1,767.65,766.3,767.3,473385,-0.3038,-0.8054,-62.28,770.1000,-0.36
2026-05-15 15:20:00,767.25,767.3,766,767.05,580438,-0.2508,-0.8054,-68.86,770.1000,-0.40
2026-05-15 15:25:00,767.05,772,765.4,770,725261,0.0002,-0.8054,-100.02,770.1000,-0.01
2026-05-18 09:15:00,759,759,752.05,753.65,1155426,-0.8697,0.0002,-434950.00,770.0000,-2.12
2026-05-18 09:20:00,753.65,753.9,752.5,753.45,374648,-1.3637,0.0002,-681950.00,770.0000,-2.15
2026-05-18 09:25:00,753.45,753.7,751.35,752.45,421103,-1.6443,0.0002,-822250.00,770.0000,-2.28
2026-05-18 09:30:00,752.3,755,752.05,754,401100,-1.6099,0.0002,-805050.00,770.0000,-2.08
2026-05-18 09:35:00,754.2,754.7,753.15,754.05,219583,-1.4720,0.0002,-736100.00,770.0000,-2.07
2026-05-18 09:40:00,754,754.8,752.4,754.55,264242,-1.2442,0.0002,-622200.00,770.0000,-2.01
2026-05-18 09:45:00,754.4,754.65,753.1,753.2,355916,-1.0874,0.0002,-543800.00,770.0000,-2.18
2026-05-18 09:50:00,753.2,754.65,752.6,754.5,193198,-0.8117,0.0002,-405950.00,770.0000,-2.01
2026-05-18 09:55:00,754.5,755.9,754,755.6,537953,-0.4868,0.0002,-243500.00,770.0000,-1.87
2026-05-18 10:00:00,755.8,757.2,755.65,757,257196,-0.1278,0.0002,-64000.00,770.0000,-1.69
2026-05-18 10:05:00,756.95,757.1,755.65,756.6,314100,0.1191,0.0002,59450.00,770.0000,-1.74
2026-05-18 10:10:00,756.6,756.9,755.55,756.85,345752,0.3240,0.0002,161900.00,770.0000,-1.71
2026-05-18 10:15:00,756.9,758.3,756.5,757.95,262612,0.5454,0.0002,272600.00,770.0000,-1.56
2026-05-18 10:20:00,757.95,758.75,757.8,758.35,308753,0.7196,0.0002,359700.00,770.0000,-1.51
2026-05-18 10:25:00,758.35,758.6,757.75,758.45,247009,0.8343,0.0002,417050.00,770.0000,-1.50
2026-05-18 10:30:00,758.5,760.35,757.85,759.95,296445,0.9931,0.0002,496450.00,770.0000,-1.31
2026-05-18 10:35:00,759.95,761.7,759.95,760.85,421652,1.1307,0.0002,565250.00,770.0000,-1.19
2026-05-18 10:40:00,760.85,760.85,758.5,760,260757,1.1336,0.0002,566700.00,770.0000,-1.30
2026-05-18 10:45:00,760,760.85,759.45,760.25,192519,1.1194,0.0002,559600.00,770.0000,-1.27
2026-05-18 10:50:00,760.3,761.45,759.85,761.4,287294,1.1502,0.0002,575000.00,770.0000,-1.12
2026-05-18 10:55:00,761.4,761.7,760.8,761.35,189800,1.1283,0.0002,564050.00,770.0000,-1.12
2026-05-18 11:00:00,761.45,762.15,761.05,762.1,232499,1.1232,0.0002,561500.00,770.0000,-1.03
2026-05-18 11:05:00,762.1,763.35,762,763.15,292881,1.1452,0.0002,572500.00,770.0000,-0.89
2026-05-18 11:10:00,763.15,763.5,762.15,763.1,200283,1.1105,0.0002,555150.00,770.0000,-0.90
2026-05-18 11:15:00,763.1,764.9,763.1,764.9,271094,1.1574,0.0002,578600.00,770.0000,-0.66
2026-05-18 11:20:00,764.9,765.7,764.3,765.55,387828,1.1771,0.0002,588450.00,770.0000,-0.58
2026-05-18 11:25:00,765.6,765.75,764.3,764.7,468309,1.0802,0.0002,540000.00,770.0000,-0.69
2026-05-18 11:30:00,764.7,766.8,764.45,766.7,278293,1.0948,0.0002,547300.00,770.0000,-0.43
2026-05-18 11:35:00,766.7,769.9,766.25,768.7,824393,1.1760,0.0002,587900.00,770.0000,-0.17
2026-05-18 11:40:00,768.85,768.95,766.8,767.2,292569,1.0686,0.0002,534200.00,770.0000,-0.36
2026-05-18 11:45:00,767.2,767.4,766.1,766.75,364656,0.9133,0.0002,456550.00,770.0000,-0.42
2026-05-18 11:50:00,766.8,766.9,765.6,765.95,319378,0.7116,0.0002,355700.00,770.0000,-0.53
2026-05-18 11:55:00,765.95,766.4,764.3,764.5,306015,0.4483,0.0002,224050.00,770.0000,-0.71
2026-05-18 12:00:00,764.5,765.95,764,765.5,247569,0.3155,0.0002,157650.00,770.0000,-0.58
2026-05-18 12:05:00,765.5,766.2,765.2,765.9,225664,0.2326,0.0002,116200.00,770.0000,-0.53
2026-05-18 12:10:00,765.9,767.6,765.85,767.5,461181,0.2612,0.0002,130500.00,770.0000,-0.32
2026-05-18 12:15:00,767.5,768.8,767.5,768.05,264355,0.2906,0.0002,145200.00,770.0000,-0.25
2026-05-18 12:20:00,768.1,768.6,767.75,768.45,214852,0.3088,0.0002,154300.00,770.0000,-0.20
2026-05-18 12:25:00,768.45,770,768.45,769.5,222127,0.3598,0.0002,179800.00,770.0000,-0.06
2026-05-18 12:30:00,769.5,772.5,769.3,771.95,671156,0.5172,0.0002,258500.00,770.0000,0.25
2026-05-18 12:35:00,771.95,773,771.75,771.8,336098,0.5659,0.0002,282850.00,770.0000,0.23
2026-05-18 12:40:00,771.8,772.8,770.75,771.5,264744,0.5330,0.0002,266400.00,770.0000,0.19
2026-05-18 12:45:00,771.35,771.55,769.8,770.1,384293,0.3794,0.0002,189600.00,770.0000,0.01
2026-05-18 12:50:00,770.1,771.5,770,771.1,356326,0.3104,0.0002,155100.00,770.0000,0.14
2026-05-18 12:55:00,771.1,772.9,771.05,772.7,290444,0.3357,0.0002,167750.00,770.0000,0.35
2026-05-18 13:00:00,772.75,773.85,772.45,773.35,289456,0.3573,0.0002,178550.00,770.0000,0.44
2026-05-18 13:05:00,773.35,773.35,771.5,772.2,258951,0.2599,0.0002,129850.00,770.0000,0.29
2026-05-18 13:10:00,772.2,772.3,771.35,772.1,222884,0.1593,0.0002,79550.00,770.0000,0.27
2026-05-18 13:15:00,772.1,773.2,772,772.8,229636,0.1127,0.0002,56250.00,770.0000,0.36
2026-05-18 13:20:00,772.8,773.3,771.55,773.25,434343,0.0861,0.0002,42950.00,770.0000,0.42
2026-05-18 13:25:00,773.3,773.7,772.4,772.85,204688,0.0192,0.0002,9500.00,770.0000,0.37
2026-05-18 13:30:00,772.85,773.5,772.4,773.2,255283,-0.0218,0.0002,-11000.00,770.0000,0.42
2026-05-18 13:35:00,773.3,773.5,771.15,772,411546,-0.1433,0.0002,-71750.00,770.0000,0.26
2026-05-18 13:40:00,772,772.8,771.55,772.15,276131,-0.2223,0.0002,-111250.00,770.0000,0.28
2026-05-18 13:45:00,772.15,772.25,771,772.05,241559,-0.2861,0.0002,-143150.00,770.0000,0.27
2026-05-18 13:50:00,772.05,773.5,771.9,773.35,230888,-0.2469,0.0002,-123550.00,770.0000,0.44
2026-05-18 13:55:00,773.35,774.1,773,773.3,443211,-0.2308,0.0002,-115500.00,770.0000,0.43
2026-05-18 14:00:00,773.1,773.25,771.7,772,320504,-0.3094,0.0002,-154800.00,770.0000,0.26
2026-05-18 14:05:00,772,772.25,770.05,770.15,304152,-0.4775,0.0002,-238850.00,770.0000,0.02
2026-05-18 14:10:00,770.05,770.85,769.1,769.75,809445,-0.5993,0.0002,-299750.00,770.0000,-0.03
2026-05-18 14:15:00,769.75,769.75,768.5,769.05,291732,-0.7035,0.0002,-351850.00,770.0000,-0.12
2026-05-18 14:20:00,769.3,769.4,768.5,768.5,317727,-0.7800,0.0002,-390100.00,770.0000,-0.19
2026-05-18 14:25:00,768.55,770.15,768.1,769.3,652931,-0.7472,0.0002,-373700.00,770.0000,-0.09
2026-05-18 14:30:00,769.4,769.85,767.8,767.9,660501,-0.7863,0.0002,-393250.00,770.0000,-0.27
2026-05-18 14:35:00,767.9,768.35,766.5,766.6,351331,-0.8602,0.0002,-430200.00,770.0000,-0.44
2026-05-18 14:40:00,766.5,767.4,766,766.8,303842,-0.8545,0.0002,-427350.00,770.0000,-0.42
2026-05-18 14:45:00,766.8,767.7,766.8,766.85,265347,-0.8067,0.0002,-403450.00,770.0000,-0.41
2026-05-18 14:50:00,766.9,767.5,766.75,767.45,220446,-0.6981,0.0002,-349150.00,770.0000,-0.33
2026-05-18 14:55:00,767.45,768.3,767.25,767.65,430565,-0.5810,0.0002,-290600.00,770.0000,-0.31
2026-05-18 15:00:00,767.7,771.5,767.3,768.4,1556074,-0.4284,0.0002,-214300.00,770.0000,-0.21
2026-05-18 15:05:00,768.4,769.3,767.75,768.55,941167,-0.2988,0.0002,-149500.00,770.0000,-0.19
2026-05-18 15:10:00,768.55,768.8,767.75,767.75,801225,-0.2503,0.0002,-125250.00,770.0000,-0.29
2026-05-18 15:15:00,767.75,767.9,767,767.6,830034,-0.2131,0.0002,-106650.00,770.0000,-0.31
2026-05-18 15:20:00,767.6,768.6,767.45,768.25,857272,-0.1336,0.0002,-66900.00,770.0000,-0.23
2026-05-18 15:25:00,768,768.95,767.1,768.8,558548,-0.0376,0.0002,-18900.00,770.0000,-0.16
2026-05-19 09:15:00,766.7,769.9,763.5,768.5,2125737,0.0095,-0.0376,-125.27,768.8000,-0.04
2026-05-19 09:20:00,768.5,769.45,766.85,767.6,635451,-0.0150,-0.0376,-60.11,768.8000,-0.16
2026-05-19 09:25:00,767.6,768.1,766.7,767.95,514219,-0.0031,-0.0376,-91.76,768.8000,-0.11
2026-05-19 09:30:00,767.95,768.9,766.2,766.2,573813,-0.1030,-0.0376,173.94,768.8000,-0.34
2026-05-19 09:35:00,766.4,767.45,764.55,767.1,622617,-0.0985,-0.0376,161.97,768.8000,-0.22
2026-05-19 09:40:00,767.1,769.35,766.75,769,436250,0.0352,-0.0376,-193.62,768.8000,0.03
2026-05-19 09:45:00,769.1,769.2,766.2,766.6,390023,-0.0315,-0.0376,-16.22,768.8000,-0.29
2026-05-19 09:50:00,766.7,767.2,764.6,764.6,450030,-0.1947,-0.0376,417.82,768.8000,-0.55
2026-05-19 09:55:00,764.8,765.8,763.65,765.55,462184,-0.2212,-0.0376,488.30,768.8000,-0.42
2026-05-19 10:00:00,765.55,766.65,764.75,765,425596,-0.2559,-0.0376,580.59,768.8000,-0.49
2026-05-19 10:05:00,765.1,766.6,764.75,765.6,538984,-0.2198,-0.0376,484.57,768.8000,-0.42
2026-05-19 10:10:00,765.75,767.6,765.6,766.75,298706,-0.1057,-0.0376,181.12,768.8000,-0.27
2026-05-19 10:15:00,766.75,767.5,766,766.25,320474,-0.0538,-0.0376,43.09,768.8000,-0.33
2026-05-19 10:20:00,766.25,767.5,765.95,767,285597,0.0364,-0.0376,-196.81,768.8000,-0.23
2026-05-19 10:25:00,767.1,768.2,766.85,768.05,369216,0.1648,-0.0376,-538.30,768.8000,-0.10
2026-05-19 10:30:00,768.15,769.3,768.05,768.25,442493,0.2560,-0.0376,-780.85,768.8000,-0.07
2026-05-19 10:35:00,768.3,768.45,767.5,767.85,321085,0.2800,-0.0376,-844.68,768.8000,-0.12
2026-05-19 10:40:00,767.85,768.25,766.75,767.6,423462,0.2697,-0.0376,-817.29,768.8000,-0.16
2026-05-19 10:45:00,767.8,768.5,767.05,768.2,301562,0.2920,-0.0376,-876.60,768.8000,-0.08
2026-05-19 10:50:00,768.35,769,767.35,767.8,424954,0.2692,-0.0376,-815.96,768.8000,-0.13
2026-05-19 10:55:00,767.85,769,767.75,768.5,238396,0.2887,-0.0376,-867.82,768.8000,-0.04
2026-05-19 11:00:00,768.5,768.9,767.55,768.3,278137,0.2758,-0.0376,-833.51,768.8000,-0.07
2026-05-19 11:05:00,768.35,768.55,767.6,768,213879,0.2362,-0.0376,-728.19,768.8000,-0.10
2026-05-19 11:10:00,768,768.65,766.85,766.9,315053,0.1303,-0.0376,-446.54,768.8000,-0.25
2026-05-19 11:15:00,766.95,766.95,765.5,766.15,274963,0.0104,-0.0376,-127.66,768.8000,-0.34
2026-05-19 11:20:00,766.3,766.85,765.9,766.3,225800,-0.0544,-0.0376,44.68,768.8000,-0.33
2026-05-19 11:25:00,766.3,766.8,765.95,766.8,248152,-0.0590,-0.0376,56.91,768.8000,-0.26
2026-05-19 11:30:00,766.8,766.8,765.5,766.1,377711,-0.1020,-0.0376,171.28,768.8000,-0.35
2026-05-19 11:35:00,766.15,766.55,765.25,766.25,467429,-0.1123,-0.0376,198.67,768.8000,-0.33
2026-05-19 11:40:00,766.25,768,766.15,767.55,340605,-0.0279,-0.0376,-25.80,768.8000,-0.16
2026-05-19 11:45:00,767.7,768.5,767.15,768.2,225299,0.0699,-0.0376,-285.90,768.8000,-0.08
2026-05-19 11:50:00,768.2,768.55,767.7,768.55,220661,0.1517,-0.0376,-503.46,768.8000,-0.03
2026-05-19 11:55:00,768.55,768.9,768,768.1,197531,0.1679,-0.0376,-546.54,768.8000,-0.09
2026-05-19 12:00:00,768.1,768.2,767.05,767.5,264959,0.1321,-0.0376,-451.33,768.8000,-0.17
2026-05-19 12:05:00,767.5,768.3,767,767.95,606558,0.1322,-0.0376,-451.60,768.8000,-0.11
2026-05-19 12:10:00,767.95,768.45,767.6,768,596018,0.1291,-0.0376,-443.35,768.8000,-0.10
2026-05-19 12:15:00,768.1,768.75,767.15,768.55,248535,0.1557,-0.0376,-514.10,768.8000,-0.03
2026-05-19 12:20:00,768.6,768.9,767.25,768.4,478450,0.1546,-0.0376,-511.17,768.8000,-0.05
2026-05-19 12:25:00,768.4,770.8,767.65,770.4,800458,0.2729,-0.0376,-825.80,768.8000,0.21
2026-05-19 12:30:00,770.4,770.4,767.65,767.8,537132,0.1657,-0.0376,-540.69,768.8000,-0.13
2026-05-19 12:35:00,767.8,767.95,766.5,767.75,269325,0.0852,-0.0376,-326.60,768.8000,-0.14
2026-05-19 12:40:00,767.8,767.95,767,767.1,210330,-0.0129,-0.0376,-65.69,768.8000,-0.22
2026-05-19 12:45:00,767.1,767.55,765.9,767,311838,-0.0817,-0.0376,117.29,768.8000,-0.23
2026-05-19 12:50:00,767,767.35,766.25,766.95,387660,-0.1252,-0.0376,232.98,768.8000,-0.24
2026-05-19 12:55:00,767,767.05,766.1,766.25,210795,-0.1917,-0.0376,409.84,768.8000,-0.33
2026-05-19 13:00:00,766.25,766.7,765.55,765.75,242490,-0.2560,-0.0376,580.85,768.8000,-0.40
2026-05-19 13:05:00,765.8,767.25,765.05,766.85,419260,-0.2128,-0.0376,465.96,768.8000,-0.25
2026-05-19 13:10:00,766.85,767.2,765.8,766,526550,-0.2285,-0.0376,507.71,768.8000,-0.36
2026-05-19 13:15:00,766.1,767.8,765.65,767.3,304921,-0.1425,-0.0376,278.99,768.8000,-0.20
2026-05-19 13:20:00,767.3,767.75,766.6,767.7,307426,-0.0545,-0.0376,44.95,768.8000,-0.14
2026-05-19 13:25:00,767.7,767.8,766.95,767.2,312971,-0.0270,-0.0376,-28.19,768.8000,-0.21
2026-05-19 13:30:00,767.5,768.3,767.1,768.1,306833,0.0504,-0.0376,-234.04,768.8000,-0.09
2026-05-19 13:35:00,768.1,768.15,766,767.95,437691,0.0880,-0.0376,-334.04,768.8000,-0.11
2026-05-19 13:40:00,767.95,768.05,766.25,766.5,465360,0.0155,-0.0376,-141.22,768.8000,-0.30
2026-05-19 13:45:00,766.5,767.8,765.65,765.9,752269,-0.0681,-0.0376,81.12,768.8000,-0.38
2026-05-19 13:50:00,765.9,766.4,764.6,765.95,463027,-0.1125,-0.0376,199.20,768.8000,-0.37
2026-05-19 13:55:00,765.95,766.7,765.05,766.3,481931,-0.1107,-0.0376,194.41,768.8000,-0.33
2026-05-19 14:00:00,766.45,767.15,765.2,766.05,771325,-0.1180,-0.0376,213.83,768.8000,-0.36
2026-05-19 14:05:00,766.15,766.25,765,765.3,422075,-0.1623,-0.0376,331.65,768.8000,-0.46
2026-05-19 14:10:00,765.3,766,764.85,765.75,886021,-0.1505,-0.0376,300.27,768.8000,-0.40
2026-05-19 14:15:00,765.8,766.9,765.7,765.8,373956,-0.1294,-0.0376,244.15,768.8000,-0.39
2026-05-19 14:20:00,765.85,766.3,764.9,765,486890,-0.1575,-0.0376,318.88,768.8000,-0.49
2026-05-19 14:25:00,765,766.15,764.9,765.1,764492,-0.1571,-0.0376,317.82,768.8000,-0.48
2026-05-19 14:30:00,765.1,765.8,764.8,765.65,512129,-0.1099,-0.0376,192.29,768.8000,-0.41
2026-05-19 14:35:00,765.65,765.9,765,765.4,427969,-0.0865,-0.0376,130.05,768.8000,-0.44
2026-05-19 14:40:00,765.4,765.9,764.3,764.35,518520,-0.1302,-0.0376,246.28,768.8000,-0.58
2026-05-19 14:45:00,764.4,764.65,763.55,764.65,656914,-0.1272,-0.0376,238.30,768.8000,-0.54
2026-05-19 14:50:00,764.65,765.5,763.1,763.4,887865,-0.1937,-0.0376,415.16,768.8000,-0.70
2026-05-19 14:55:00,763.4,764.55,763.1,763.8,452131,-0.1946,-0.0376,417.55,768.8000,-0.65
2026-05-19 15:00:00,763.95,764,761.55,762.65,1865793,-0.2527,-0.0376,572.07,768.8000,-0.80
2026-05-19 15:05:00,762.5,762.9,761.5,761.65,1681465,-0.3335,-0.0376,786.97,768.8000,-0.93
2026-05-19 15:10:00,761.65,764.15,760.25,764,2059157,-0.2098,-0.0376,457.98,768.8000,-0.62
2026-05-19 15:15:00,764,765.05,762,762.9,1199196,-0.1840,-0.0376,389.36,768.8000,-0.77
2026-05-19 15:20:00,762.9,763.1,761.25,762,909674,-0.2078,-0.0376,452.66,768.8000,-0.88
2026-05-19 15:25:00,761.95,763,761,762.8,839524,-0.1525,-0.0376,305.59,768.8000,-0.78
2026-05-20 09:15:00,759.6,761.9,757.15,761,880832,-0.2160,-0.1525,41.64,762.8000,-0.24
2026-05-20 09:20:00,761,761.05,759.7,760.1,460648,-0.2928,-0.1525,92.00,762.8000,-0.35
2026-05-20 09:25:00,760.1,760.95,759,759.7,269713,-0.3413,-0.1525,123.80,762.8000,-0.41
2026-05-20 09:30:00,759.7,760.9,759.1,760.9,717317,-0.2667,-0.1525,74.89,762.8000,-0.25
2026-05-20 09:35:00,760.9,762,760.3,761.4,566111,-0.1628,-0.1525,6.75,762.8000,-0.18
2026-05-20 09:40:00,761.45,761.45,760.05,760.7,542949,-0.1222,-0.1525,-19.87,762.8000,-0.28
2026-05-20 09:45:00,760.7,761.05,759.5,759.5,328866,-0.1551,-0.1525,1.70,762.8000,-0.43
2026-05-20 09:50:00,759.5,760,759,759.7,225158,-0.1427,-0.1525,-6.43,762.8000,-0.41
2026-05-20 09:55:00,759.75,760.55,759,760.3,142510,-0.0765,-0.1525,-49.84,762.8000,-0.33
2026-05-20 10:00:00,760.3,760.55,758.2,758.7,251779,-0.1205,-0.1525,-20.98,762.8000,-0.54
2026-05-20 10:05:00,758.7,758.8,758.05,758.45,178748,-0.1447,-0.1525,-5.11,762.8000,-0.57
2026-05-20 10:10:00,758.5,759.2,758.1,758.1,133073,-0.1613,-0.1525,5.77,762.8000,-0.62
2026-05-20 10:15:00,758.25,758.3,757.2,757.4,233302,-0.1943,-0.1525,27.41,762.8000,-0.71
2026-05-20 10:20:00,757.2,757.95,756.5,756.75,226654,-0.2321,-0.1525,52.20,762.8000,-0.79
2026-05-20 10:25:00,756.75,758,756.5,758,364654,-0.1492,-0.1525,-2.16,762.8000,-0.63
2026-05-20 10:30:00,758,759.5,757.75,759,717368,-0.0107,-0.1525,-92.98,762.8000,-0.50
2026-05-20 10:35:00,758.95,760,758.8,759.2,272858,0.1045,-0.1525,-168.52,762.8000,-0.47
2026-05-20 10:40:00,759.3,759.3,756.7,756.95,557787,0.0424,-0.1525,-127.80,762.8000,-0.77
2026-05-20 10:45:00,756.8,756.9,755.15,755.35,285759,-0.0862,-0.1525,-43.48,762.8000,-0.98
2026-05-20 10:50:00,755.35,757.2,755.35,756.95,292488,-0.0453,-0.1525,-70.30,762.8000,-0.77
2026-05-20 10:55:00,757,757.45,756.35,756.6,377408,-0.0246,-0.1525,-83.87,762.8000,-0.81
2026-05-20 11:00:00,756.75,758.8,756.6,758.8,357708,0.1451,-0.1525,-195.15,762.8000,-0.52
2026-05-20 11:05:00,758.8,759.05,758,758.4,227931,0.2330,-0.1525,-252.79,762.8000,-0.58
2026-05-20 11:10:00,758.5,759.4,758.15,758.85,175361,0.3187,-0.1525,-308.98,762.8000,-0.52
2026-05-20 11:15:00,758.9,760.2,758.85,759.7,567461,0.4235,-0.1525,-377.70,762.8000,-0.41
2026-05-20 11:20:00,759.7,761,759.1,760.1,279758,0.5049,-0.1525,-431.08,762.8000,-0.35
2026-05-20 11:25:00,760.15,761.55,760,761.45,295788,0.6270,-0.1525,-511.15,762.8000,-0.18
2026-05-20 11:30:00,761.5,762.25,760.25,760.7,531818,0.6327,-0.1525,-514.89,762.8000,-0.28
2026-05-20 11:35:00,760.7,761.2,760,760.85,363265,0.6211,-0.1525,-507.28,762.8000,-0.26
2026-05-20 11:40:00,760.85,760.95,758.7,759.55,310346,0.5054,-0.1525,-431.41,762.8000,-0.43
2026-05-20 11:45:00,759.55,761.35,759.35,761.25,186277,0.5207,-0.1525,-441.44,762.8000,-0.20
2026-05-20 11:50:00,761.2,761.35,759.55,759.85,143082,0.4184,-0.1525,-374.36,762.8000,-0.39
2026-05-20 11:55:00,759.9,760,759,759,199409,0.2818,-0.1525,-284.79,762.8000,-0.50
2026-05-20 12:00:00,759.05,759.25,758.3,758.5,180804,0.1527,-0.1525,-200.13,762.8000,-0.56
2026-05-20 12:05:00,758.5,758.55,757.1,757.2,253867,-0.0165,-0.1525,-89.18,762.8000,-0.73
2026-05-20 12:10:00,757.1,757.4,757,757.1,173221,-0.1253,-0.1525,-17.84,762.8000,-0.75
2026-05-20 12:15:00,757.2,758.05,756.75,757.25,224323,-0.1742,-0.1525,14.23,762.8000,-0.73
2026-05-20 12:20:00,757.2,758.8,757.15,758.35,165353,-0.1221,-0.1525,-19.93,762.8000,-0.58
2026-05-20 12:25:00,758.35,758.35,757.4,757.75,146294,-0.1175,-0.1525,-22.95,762.8000,-0.66
2026-05-20 12:30:00,757.8,758.15,757.3,757.6,149390,-0.1141,-0.1525,-25.18,762.8000,-0.68
2026-05-20 12:35:00,757.5,758.15,757.3,758.15,167602,-0.0665,-0.1525,-56.39,762.8000,-0.61
2026-05-20 12:40:00,758.15,758.15,757.35,757.4,126904,-0.0767,-0.1525,-49.70,762.8000,-0.71
2026-05-20 12:45:00,757.45,758.2,757.25,757.4,213646,-0.0744,-0.1525,-51.21,762.8000,-0.71
2026-05-20 12:50:00,757.3,757.75,757.1,757.2,114317,-0.0771,-0.1525,-49.44,762.8000,-0.73
2026-05-20 12:55:00,757.2,757.8,757,757.6,150009,-0.0442,-0.1525,-71.02,762.8000,-0.68
2026-05-20 13:00:00,757.35,757.75,757.05,757.2,168250,-0.0418,-0.1525,-72.59,762.8000,-0.73
2026-05-20 13:05:00,757.2,757.6,756.1,757.35,275356,-0.0233,-0.1525,-84.72,762.8000,-0.71
2026-05-20 13:10:00,757.4,758.8,757.35,758.7,228243,0.0808,-0.1525,-152.98,762.8000,-0.54
2026-05-20 13:15:00,758.7,759,757.1,757.25,248632,0.0543,-0.1525,-135.61,762.8000,-0.73
2026-05-20 13:20:00,757.35,757.85,757,757.25,192175,0.0398,-0.1525,-126.10,762.8000,-0.73
2026-05-20 13:25:00,757.2,757.9,756.25,756.5,242701,-0.0145,-0.1525,-90.49,762.8000,-0.83
2026-05-20 13:30:00,756.65,757.7,756.5,757.6,157690,0.0273,-0.1525,-117.90,762.8000,-0.68
2026-05-20 13:35:00,757.65,758.7,757.35,757.5,216779,0.0505,-0.1525,-133.11,762.8000,-0.69
2026-05-20 13:40:00,757.65,758,757.25,757.8,154667,0.0862,-0.1525,-156.52,762.8000,-0.66
2026-05-20 13:45:00,757.95,758,757.35,757.85,155152,0.1117,-0.1525,-173.25,762.8000,-0.65
2026-05-20 13:50:00,757.85,758.15,757.4,758.15,143214,0.1451,-0.1525,-195.15,762.8000,-0.61
2026-05-20 13:55:00,758.15,759.2,757.9,759.2,163617,0.2294,-0.1525,-250.43,762.8000,-0.47
2026-05-20 14:00:00,759.15,760.7,758.95,760.05,347230,0.3278,-0.1525,-314.95,762.8000,-0.36
2026-05-20 14:05:00,760.1,761.45,759.95,761.3,280931,0.4547,-0.1525,-398.16,762.8000,-0.20
2026-05-20 14:10:00,761.3,761.45,760.45,760.5,386320,0.4609,-0.1525,-402.23,762.8000,-0.30
2026-05-20 14:15:00,760.6,761,759.75,760.3,362076,0.4284,-0.1525,-380.92,762.8000,-0.33
2026-05-20 14:20:00,760.05,761.9,759.7,761.45,310192,0.4585,-0.1525,-400.66,762.8000,-0.18
2026-05-20 14:25:00,761.4,761.45,760.3,760.65,239801,0.4008,-0.1525,-362.82,762.8000,-0.28
2026-05-20 14:30:00,760.6,761.45,759.6,760.3,230232,0.3188,-0.1525,-309.05,762.8000,-0.33
2026-05-20 14:35:00,760.3,760.8,759.55,760.6,156438,0.2668,-0.1525,-274.95,762.8000,-0.29
2026-05-20 14:40:00,760.6,761.2,760.25,760.35,168700,0.2005,-0.1525,-231.48,762.8000,-0.32
2026-05-20 14:45:00,760.25,761,760.05,760.9,223760,0.1793,-0.1525,-217.57,762.8000,-0.25
2026-05-20 14:50:00,760.9,761.1,760.2,761,196453,0.1584,-0.1525,-203.87,762.8000,-0.24
2026-05-20 14:55:00,760.95,761.1,760.45,761,192101,0.1320,-0.1525,-186.56,762.8000,-0.24
2026-05-20 15:00:00,761.05,761.05,758.25,758.3,1006306,-0.0690,-0.1525,-54.75,762.8000,-0.59
2026-05-20 15:05:00,758.25,759.85,758.15,759.4,815325,-0.1263,-0.1525,-17.18,762.8000,-0.45
2026-05-20 15:10:00,759.4,760.55,759.15,759.95,733854,-0.1253,-0.1525,-17.84,762.8000,-0.37
2026-05-20 15:15:00,759.95,760.05,759.1,759.15,500373,-0.1738,-0.1525,13.97,762.8000,-0.48
2026-05-20 15:20:00,759.15,760.6,759,760,884371,-0.1449,-0.1525,-4.98,762.8000,-0.37
2026-05-20 15:25:00,760.1,760.85,759.15,760.1,513824,-0.1166,-0.1525,-23.54,762.8000,-0.35
2026-05-21 09:15:00,767,768.25,763.35,763.8,1210981,0.1398,-0.1166,-219.90,760.1000,0.49
2026-05-21 09:20:00,763.85,763.85,762,763,1135057,0.2382,-0.1166,-304.29,760.1000,0.38
2026-05-21 09:25:00,763,763.85,762.5,763.75,530402,0.3309,-0.1166,-383.79,760.1000,0.48
2026-05-21 09:30:00,763.8,765.5,763.65,764.35,414340,0.4048,-0.1166,-447.17,760.1000,0.56
2026-05-21 09:35:00,764.35,765.2,763.45,764.65,337697,0.4429,-0.1166,-479.85,760.1000,0.60
2026-05-21 09:40:00,764.65,766.25,764.05,766.05,419308,0.5258,-0.1166,-550.94,760.1000,0.78
2026-05-21 09:45:00,766.05,766.45,763.85,765,605064,0.4749,-0.1166,-507.29,760.1000,0.64
2026-05-21 09:50:00,765.2,765.5,764.25,764.85,738572,0.3992,-0.1166,-442.37,760.1000,0.62
2026-05-21 09:55:00,765.1,765.25,763.55,763.8,561399,0.2535,-0.1166,-317.41,760.1000,0.49
2026-05-21 10:00:00,763.85,764.55,763.6,763.7,366534,0.1316,-0.1166,-212.86,760.1000,0.47
2026-05-21 10:05:00,763.7,764.1,763.1,763.45,272572,0.0212,-0.1166,-118.18,760.1000,0.44
2026-05-21 10:10:00,763.5,763.7,763,763.2,248798,-0.0762,-0.1166,-34.65,760.1000,0.41
2026-05-21 10:15:00,763.3,764.15,763.2,763.65,131617,-0.1157,-0.1166,-0.77,760.1000,0.47
2026-05-21 10:20:00,763.65,763.95,763,763.65,263623,-0.1451,-0.1166,24.44,760.1000,0.47
2026-05-21 10:25:00,763.65,765.3,763.25,764.55,680904,-0.1089,-0.1166,-6.60,760.1000,0.59
2026-05-21 10:30:00,764.55,766.8,764.1,765.5,648899,-0.0301,-0.1166,-74.19,760.1000,0.71
2026-05-21 10:35:00,765.5,765.65,763.55,763.75,272788,-0.1010,-0.1166,-13.38,760.1000,0.48
2026-05-21 10:40:00,763.75,765.15,763.55,765,148212,-0.0702,-0.1166,-39.79,760.1000,0.64
2026-05-21 10:45:00,765.05,766.05,763.6,763.8,919505,-0.1336,-0.1166,14.58,760.1000,0.49
2026-05-21 10:50:00,763.85,764.1,763.2,763.9,229789,-0.1693,-0.1166,45.20,760.1000,0.50
2026-05-21 10:55:00,763.95,764,762.1,762.85,374869,-0.2589,-0.1166,122.04,760.1000,0.36
2026-05-21 11:00:00,763.1,763.1,761.55,761.8,402827,-0.3770,-0.1166,223.33,760.1000,0.22
2026-05-21 11:05:00,762.05,762.3,761.05,761.5,309249,-0.4580,-0.1166,292.80,760.1000,0.18
2026-05-21 11:10:00,761.55,762,761,761.4,217928,-0.4976,-0.1166,326.76,760.1000,0.17
2026-05-21 11:15:00,761.4,761.4,758.55,760.1,438953,-0.5848,-0.1166,401.54,760.1000,0.00
2026-05-21 11:20:00,760.2,762,759.9,761.85,292840,-0.5012,-0.1166,329.85,760.1000,0.23
2026-05-21 11:25:00,761.85,762.75,760.85,762.65,298533,-0.3744,-0.1166,221.10,760.1000,0.34
2026-05-21 11:30:00,762.65,762.75,761.9,762.3,166575,-0.2997,-0.1166,157.03,760.1000,0.29
2026-05-21 11:35:00,762.35,762.5,761.6,761.6,129009,-0.2833,-0.1166,142.97,760.1000,0.20
2026-05-21 11:40:00,761.75,762,761.2,762,132484,-0.2334,-0.1166,100.17,760.1000,0.25
2026-05-21 11:45:00,762,762,761,761.6,143979,-0.2156,-0.1166,84.91,760.1000,0.20
2026-05-21 11:50:00,761.6,762,760.6,761,181931,-0.2312,-0.1166,98.28,760.1000,0.12
2026-05-21 11:55:00,761,761,759.7,759.95,161440,-0.2951,-0.1166,153.09,760.1000,-0.02
2026-05-21 12:00:00,760,761.2,759.85,760.3,139018,-0.2959,-0.1166,153.77,760.1000,0.03
2026-05-21 12:05:00,760.3,760.7,759.6,760.25,216130,-0.2819,-0.1166,141.77,760.1000,0.02
2026-05-21 12:10:00,760.4,760.95,759.15,759.35,164513,-0.3130,-0.1166,168.44,760.1000,-0.10
2026-05-21 12:15:00,759.3,759.9,758.45,759.9,451445,-0.2775,-0.1166,137.99,760.1000,-0.03
2026-05-21 12:20:00,759.9,760.95,758.8,758.8,789339,-0.3068,-0.1166,163.12,760.1000,-0.17
2026-05-21 12:25:00,758.9,759.9,758,758.7,606534,-0.3107,-0.1166,166.47,760.1000,-0.18
2026-05-21 12:30:00,758.8,759.5,758,758.95,171520,-0.2753,-0.1166,136.11,760.1000,-0.15
2026-05-21 12:35:00,758.95,759.3,757.4,758.45,521470,-0.2644,-0.1166,126.76,760.1000,-0.22
2026-05-21 12:40:00,758.55,759.05,756.5,758.1,554222,-0.2594,-0.1166,122.47,760.1000,-0.26
2026-05-21 12:45:00,758.15,758.4,756.9,757.75,182303,-0.2576,-0.1166,120.93,760.1000,-0.31
2026-05-21 12:50:00,757.75,758.25,757.5,757.9,172047,-0.2254,-0.1166,93.31,760.1000,-0.29
2026-05-21 12:55:00,757.9,757.95,755.55,756.05,296152,-0.3031,-0.1166,159.95,760.1000,-0.53
2026-05-21 13:00:00,756.1,756.45,755.15,756,220337,-0.3299,-0.1166,182.93,760.1000,-0.54
2026-05-21 13:05:00,756,757.1,755.2,756.75,275181,-0.2717,-0.1166,133.02,760.1000,-0.44
2026-05-21 13:10:00,756.75,757.35,755.65,756.4,1032093,-0.2328,-0.1166,99.66,760.1000,-0.49
2026-05-21 13:15:00,756.45,756.8,755.8,756.35,339073,-0.1883,-0.1166,61.49,760.1000,-0.49
2026-05-21 13:20:00,756.4,757,755.65,755.9,583834,-0.1678,-0.1166,43.91,760.1000,-0.55
2026-05-21 13:25:00,755.9,756.35,755.65,755.8,241091,-0.1407,-0.1166,20.67,760.1000,-0.57
2026-05-21 13:30:00,755.8,756.4,755.5,756.05,193075,-0.0882,-0.1166,-24.36,760.1000,-0.53
2026-05-21 13:35:00,756.15,757.3,756.05,756.75,273011,0.0064,-0.1166,-105.49,760.1000,-0.44
2026-05-21 13:40:00,756.75,758,756.55,757.55,275264,0.1287,-0.1166,-210.38,760.1000,-0.34
2026-05-21 13:45:00,757.55,758.9,757.4,757.5,340469,0.2076,-0.1166,-278.04,760.1000,-0.34
2026-05-21 13:50:00,757.5,757.5,755.7,755.9,453061,0.1556,-0.1166,-233.45,760.1000,-0.55
2026-05-21 13:55:00,756,757,755.4,756.8,228027,0.1835,-0.1166,-257.38,760.1000,-0.43
2026-05-21 14:00:00,756.9,756.9,756,756.1,241131,0.1576,-0.1166,-235.16,760.1000,-0.53
2026-05-21 14:05:00,756.15,756.5,755.7,756.05,452691,0.1403,-0.1166,-220.33,760.1000,-0.53
2026-05-21 14:10:00,756.05,757.45,755.9,757.05,583460,0.1961,-0.1166,-268.18,760.1000,-0.40
2026-05-21 14:15:00,757.1,757.4,756.55,757,389921,0.2273,-0.1166,-294.94,760.1000,-0.41
2026-05-21 14:20:00,757,758.65,756.95,758.1,322395,0.3143,-0.1166,-369.55,760.1000,-0.26
2026-05-21 14:25:00,758.15,758.6,756.95,758,542099,0.3544,-0.1166,-403.95,760.1000,-0.28
2026-05-21 14:30:00,758.05,760,757.8,758.5,1382898,0.4006,-0.1166,-443.57,760.1000,-0.21
2026-05-21 14:35:00,758.75,759.7,758.3,759.3,267822,0.4663,-0.1166,-499.91,760.1000,-0.11
2026-05-21 14:40:00,759.45,761.75,759.25,760.35,441514,0.5558,-0.1166,-576.67,760.1000,0.03
2026-05-21 14:45:00,760.45,761.05,760,760.65,482075,0.6062,-0.1166,-619.90,760.1000,0.07
2026-05-21 14:50:00,760.65,761.35,760.2,760.65,405492,0.6091,-0.1166,-622.38,760.1000,0.07
2026-05-21 14:55:00,760.65,761.25,760.2,760.65,434659,0.5806,-0.1166,-597.94,760.1000,0.07
2026-05-21 15:00:00,760.65,761.25,758.7,760.65,1334393,0.5327,-0.1166,-556.86,760.1000,0.07
2026-05-21 15:05:00,760.85,760.95,758.7,759.65,1676826,0.4100,-0.1166,-451.63,760.1000,-0.06
2026-05-21 15:10:00,759.65,759.8,757.65,757.75,944968,0.1885,-0.1166,-261.66,760.1000,-0.31
2026-05-21 15:15:00,757.95,758.5,756.95,758,828922,0.0535,-0.1166,-145.88,760.1000,-0.28
2026-05-21 15:20:00,758,759.4,757.8,759.25,724296,0.0435,-0.1166,-137.31,760.1000,-0.11
2026-05-21 15:25:00,759.25,759.35,758,758.8,456295,0.0037,-0.1166,-103.17,760.1000,-0.17
2026-05-22 09:15:00,759.15,764.45,759.15,764,843914,0.3079,0.0037,8221.62,758.8000,0.69
2026-05-22 09:20:00,764,768.5,764,768.15,1126897,0.7441,0.0037,20010.81,758.8000,1.23
2026-05-22 09:25:00,768.4,768.5,766.3,766.35,378355,0.8588,0.0037,23110.81,758.8000,0.99
2026-05-22 09:30:00,766.35,767.5,766,767.3,570078,0.9394,0.0037,25289.19,758.8000,1.12
2026-05-22 09:35:00,767.3,768,766.5,767.85,449335,0.9668,0.0037,26029.73,758.8000,1.19
2026-05-22 09:40:00,767.85,769.4,766.95,768.85,421538,0.9859,0.0037,26545.95,758.8000,1.32
2026-05-22 09:45:00,769.2,770.5,768.4,769.7,467454,0.9870,0.0037,26575.68,758.8000,1.44
2026-05-22 09:50:00,769.7,771,769.2,769.9,428169,0.9331,0.0037,25118.92,758.8000,1.46
2026-05-22 09:55:00,770,770.9,769.1,769.65,327427,0.8166,0.0037,21970.27,758.8000,1.43
2026-05-22 10:00:00,769.9,770.85,769.2,770.1,500239,0.7098,0.0037,19083.78,758.8000,1.49
2026-05-22 10:05:00,770.3,773.45,770,773.35,1072535,0.7918,0.0037,21300.00,758.8000,1.92
2026-05-22 10:10:00,773.4,775,772.75,773.85,810276,0.8105,0.0037,21805.41,758.8000,1.98
2026-05-22 10:15:00,773.85,774,771.6,772,604904,0.6367,0.0037,17108.11,758.8000,1.74
2026-05-22 10:20:00,772,772.8,771.05,771.25,218241,0.4201,0.0037,11254.05,758.8000,1.64
2026-05-22 10:25:00,771.25,772,771.1,771.4,159580,0.2446,0.0037,6510.81,758.8000,1.66
2026-05-22 10:30:00,771.4,771.5,769.75,770.5,475517,0.0364,0.0037,883.78,758.8000,1.54
2026-05-22 10:35:00,770.45,770.5,769.4,770.15,233502,-0.1463,0.0037,-4054.05,758.8000,1.50
2026-05-22 10:40:00,770.05,771.45,769.95,771.3,487899,-0.2074,0.0037,-5705.41,758.8000,1.65
2026-05-22 10:45:00,771.3,772,770.5,771.15,232330,-0.2716,0.0037,-7440.54,758.8000,1.63
2026-05-22 10:50:00,771.15,771.6,770.5,770.85,90284,-0.3433,0.0037,-9378.38,758.8000,1.59
2026-05-22 10:55:00,770.85,770.85,769.6,770.3,124454,-0.4312,0.0037,-11754.05,758.8000,1.52
2026-05-22 11:00:00,770.3,770.35,769.5,769.85,98254,-0.5171,0.0037,-14075.68,758.8000,1.46
2026-05-22 11:05:00,769.85,770,769,769.6,188033,-0.5835,0.0037,-15870.27,758.8000,1.42
2026-05-22 11:10:00,769.6,769.7,768.55,768.6,171670,-0.6806,0.0037,-18494.59,758.8000,1.29
2026-05-22 11:15:00,768.6,768.85,768,768,132029,-0.7648,0.0037,-20770.27,758.8000,1.21
2026-05-22 11:20:00,768.2,770.25,767.75,769.95,258059,-0.6721,0.0037,-18264.86,758.8000,1.47
2026-05-22 11:25:00,769.95,770.25,768,768.45,124991,-0.6919,0.0037,-18800.00,758.8000,1.27
2026-05-22 11:30:00,768.4,769.45,768.05,768.85,229602,-0.6584,0.0037,-17894.59,758.8000,1.32
2026-05-22 11:35:00,768.85,769.35,768.25,769.1,113059,-0.6013,0.0037,-16351.35,758.8000,1.36
2026-05-22 11:40:00,769.05,770.5,768.85,770.3,223135,-0.4705,0.0037,-12816.22,758.8000,1.52
2026-05-22 11:45:00,770.3,771.9,769.8,770.4,255850,-0.3694,0.0037,-10083.78,758.8000,1.53
2026-05-22 11:50:00,770.4,770.75,769.9,770.3,135695,-0.3041,0.0037,-8318.92,758.8000,1.52
2026-05-22 11:55:00,770.3,770.65,769.7,770.05,98775,-0.2736,0.0037,-7494.59,758.8000,1.48
2026-05-22 12:00:00,770,770.1,769,769.2,85672,-0.3042,0.0037,-8321.62,758.8000,1.37
2026-05-22 12:05:00,769.2,769.9,769,769.6,143820,-0.2910,0.0037,-7964.86,758.8000,1.42
2026-05-22 12:10:00,769.6,769.75,768.45,768.85,87417,-0.3238,0.0037,-8851.35,758.8000,1.32
2026-05-22 12:15:00,768.9,769.25,768.8,769,60025,-0.3254,0.0037,-8894.59,758.8000,1.34
2026-05-22 12:20:00,769,769.2,768.2,768.4,97564,-0.3547,0.0037,-9686.49,758.8000,1.27
2026-05-22 12:25:00,768.4,768.95,768.35,768.7,85629,-0.3414,0.0037,-9327.03,758.8000,1.30
2026-05-22 12:30:00,768.75,768.8,767.55,768.25,180321,-0.3493,0.0037,-9540.54,758.8000,1.25
2026-05-22 12:35:00,768.25,768.4,767.8,767.95,111665,-0.3596,0.0037,-9818.92,758.8000,1.21
2026-05-22 12:40:00,768,769.25,767.8,769.2,233321,-0.2712,0.0037,-7429.73,758.8000,1.37
2026-05-22 12:45:00,769.2,769.95,768.7,769.9,95081,-0.1600,0.0037,-4424.32,758.8000,1.46
2026-05-22 12:50:00,769.95,771,769.9,770.9,475760,-0.0209,0.0037,-664.86,758.8000,1.59
2026-05-22 12:55:00,771,772,770.5,771.6,386098,0.1093,0.0037,2854.05,758.8000,1.69
2026-05-22 13:00:00,771.6,772,771,771.1,163704,0.1504,0.0037,3964.86,758.8000,1.62
2026-05-22 13:05:00,771.2,771.9,769.95,771.2,270952,0.1713,0.0037,4529.73,758.8000,1.63
2026-05-22 13:10:00,771.2,771.4,770.6,771,113666,0.1589,0.0037,4194.59,758.8000,1.61
2026-05-22 13:15:00,771,771.15,767.95,769.75,786349,0.0590,0.0037,1494.59,758.8000,1.44
2026-05-22 13:20:00,769.75,770.5,769,769.5,456311,-0.0268,0.0037,-824.32,758.8000,1.41
2026-05-22 13:25:00,769.5,769.95,768.8,769.7,363512,-0.0706,0.0037,-2008.11,758.8000,1.44
2026-05-22 13:30:00,769.8,769.85,768.15,768.95,352270,-0.1462,0.0037,-4051.35,758.8000,1.34
2026-05-22 13:35:00,769,769,768.5,768.85,206608,-0.1959,0.0037,-5394.59,758.8000,1.32
2026-05-22 13:40:00,768.9,769.4,768.15,768.35,239524,-0.2519,0.0037,-6908.11,758.8000,1.26
2026-05-22 13:45:00,768.35,769.45,768.1,768.5,530008,-0.2669,0.0037,-7313.51,758.8000,1.28
2026-05-22 13:50:00,768.55,768.7,768.15,768.25,161340,-0.2802,0.0037,-7672.97,758.8000,1.25
2026-05-22 13:55:00,768.25,768.6,766.75,768.35,396248,-0.2689,0.0037,-7367.57,758.8000,1.26
2026-05-22 14:00:00,768.4,768.5,766.1,766.5,195358,-0.3665,0.0037,-10005.41,758.8000,1.01
2026-05-22 14:05:00,766.5,767.35,765.55,767.2,255277,-0.3637,0.0037,-9929.73,758.8000,1.11
2026-05-22 14:10:00,767.2,767.35,766.2,767.1,173484,-0.3484,0.0037,-9516.22,758.8000,1.09
2026-05-22 14:15:00,767.15,767.5,765.85,765.95,189053,-0.3922,0.0037,-10700.00,758.8000,0.94
2026-05-22 14:20:00,766.05,766.8,765.7,766.5,197838,-0.3614,0.0037,-9867.57,758.8000,1.01
2026-05-22 14:25:00,766.6,766.7,765.3,765.5,178276,-0.3836,0.0037,-10467.57,758.8000,0.88
2026-05-22 14:30:00,765.5,766.05,764.2,765.8,292618,-0.3539,0.0037,-9664.86,758.8000,0.92
2026-05-22 14:35:00,765.75,765.95,764.15,764.45,221004,-0.3979,0.0037,-10854.05,758.8000,0.74
2026-05-22 14:40:00,764.6,765.1,764.25,764.35,195966,-0.4049,0.0037,-11043.24,758.8000,0.73
2026-05-22 14:45:00,764.45,765.5,764.45,764.5,156385,-0.3716,0.0037,-10143.24,758.8000,0.75
2026-05-22 14:50:00,764.8,764.95,764.3,764.5,210069,-0.3235,0.0037,-8843.24,758.8000,0.75
2026-05-22 14:55:00,764.45,766.2,764.45,766.2,491849,-0.1594,0.0037,-4408.11,758.8000,0.98
2026-05-22 15:00:00,766.2,767,765.1,766.6,955847,-0.0137,0.0037,-470.27,758.8000,1.03
2026-05-22 15:05:00,766.65,766.75,765.5,765.75,596666,0.0329,0.0037,789.19,758.8000,0.92
2026-05-22 15:10:00,765.75,766.75,765.15,766.75,692766,0.1331,0.0037,3497.30,758.8000,1.05
2026-05-22 15:15:00,766.7,767.5,766.4,766.85,674788,0.2038,0.0037,5408.11,758.8000,1.06
2026-05-22 15:20:00,767,768.05,766.75,768.05,861995,0.3221,0.0037,8605.41,758.8000,1.22
2026-05-22 15:25:00,768,769.2,767.6,769,720403,0.4473,0.0037,11989.19,758.8000,1.34
2026-05-25 09:15:00,776,781.95,775.2,781.45,1906590,1.3032,0.4473,191.35,769.0000,1.62
2026-05-25 09:20:00,781.45,783.95,781.4,783.85,1058209,1.9278,0.4473,330.99,769.0000,1.93
2026-05-25 09:25:00,783.9,785.95,783.4,785.05,1609400,2.2938,0.4473,412.81,769.0000,2.09
2026-05-25 09:30:00,785.2,785.9,782.65,783.55,757016,2.3009,0.4473,414.40,769.0000,1.89
2026-05-25 09:35:00,783.75,783.75,782.3,782.85,505998,2.1285,0.4473,375.86,769.0000,1.80
2026-05-25 09:40:00,782.9,782.9,781.35,782.55,395198,1.8734,0.4473,318.82,769.0000,1.76
2026-05-25 09:45:00,782.55,782.65,780.65,781.05,429260,1.4989,0.4473,235.10,769.0000,1.57
2026-05-25 09:50:00,781.1,781.15,779.6,780.8,345607,1.1456,0.4473,156.11,769.0000,1.53
2026-05-25 09:55:00,780.9,780.9,779.75,780.55,232955,0.8215,0.4473,83.66,769.0000,1.50
2026-05-25 10:00:00,780.65,781.4,780.25,780.6,984684,0.5499,0.4473,22.94,769.0000,1.51
2026-05-25 10:05:00,780.65,781,779.65,780.55,366197,0.3178,0.4473,-28.95,769.0000,1.50
2026-05-25 10:10:00,780.55,781.95,780.4,781.35,455082,0.1763,0.4473,-60.59,769.0000,1.61
2026-05-25 10:15:00,781.5,783.35,781.1,783.05,270198,0.1558,0.4473,-65.17,769.0000,1.83
2026-05-25 10:20:00,783.1,783.25,782.45,782.65,162168,0.0781,0.4473,-82.54,769.0000,1.78
2026-05-25 10:25:00,782.5,783,782.15,782.9,129291,0.0097,0.4473,-97.83,769.0000,1.81
2026-05-25 10:30:00,782.9,784.05,782.75,784.05,249080,0.0083,0.4473,-98.14,769.0000,1.96
2026-05-25 10:35:00,784.1,785.6,783.95,785.05,968289,0.0393,0.4473,-91.21,769.0000,2.09
2026-05-25 10:40:00,785.05,785.4,784.7,785.15,337552,0.0314,0.4473,-92.98,769.0000,2.10
2026-05-25 10:45:00,785.15,785.9,784.55,785.4,263719,0.0091,0.4473,-97.97,769.0000,2.13
2026-05-25 10:50:00,785.45,785.5,784.7,785.5,270907,-0.0306,0.4473,-106.84,769.0000,2.15
2026-05-25 10:55:00,785.5,785.75,784.85,785.1,191163,-0.1111,0.4473,-124.84,769.0000,2.09
2026-05-25 11:00:00,785.15,785.2,783.85,784.5,325171,-0.2253,0.4473,-150.37,769.0000,2.02
2026-05-25 11:05:00,784.5,784.6,783.85,784.05,137306,-0.3447,0.4473,-177.06,769.0000,1.96
2026-05-25 11:10:00,784.1,785,784.05,784.85,175181,-0.3804,0.4473,-185.04,769.0000,2.06
2026-05-25 11:15:00,784.9,785,784.35,784.6,197760,-0.4281,0.4473,-195.71,769.0000,2.03
2026-05-25 11:20:00,784.65,784.9,784.2,784.35,157435,-0.4796,0.4473,-207.22,769.0000,2.00
2026-05-25 11:25:00,784.4,785,783.9,784.6,297862,-0.4980,0.4473,-211.33,769.0000,2.03
2026-05-25 11:30:00,784.7,784.9,783.75,783.95,200345,-0.5509,0.4473,-223.16,769.0000,1.94
2026-05-25 11:35:00,784.1,784.8,783.55,784.25,184485,-0.5607,0.4473,-225.35,769.0000,1.98
2026-05-25 11:40:00,784.3,784.95,784,784.3,167860,-0.5578,0.4473,-224.70,769.0000,1.99
2026-05-25 11:45:00,784.35,784.75,784,784.5,147044,-0.5361,0.4473,-219.85,769.0000,2.02
2026-05-25 11:50:00,784.6,784.6,784.15,784.55,114173,-0.5122,0.4473,-214.51,769.0000,2.02
2026-05-25 11:55:00,784.6,784.6,784.15,784.4,115498,-0.4997,0.4473,-211.71,769.0000,2.00
2026-05-25 12:00:00,784.4,784.4,783,783.25,287073,-0.5578,0.4473,-224.70,769.0000,1.85
2026-05-25 12:05:00,783.25,783.75,782.95,783.45,132629,-0.5695,0.4473,-227.32,769.0000,1.88
2026-05-25 12:10:00,783.45,783.8,783.35,783.45,98442,-0.5631,0.4473,-225.89,769.0000,1.88
2026-05-25 12:15:00,783.45,783.95,783.1,783.75,163523,-0.5253,0.4473,-217.44,769.0000,1.92
2026-05-25 12:20:00,783.75,783.85,783.4,783.65,85117,-0.4940,0.4473,-210.44,769.0000,1.91
2026-05-25 12:25:00,783.65,783.7,783.2,783.2,99138,-0.4897,0.4473,-209.48,769.0000,1.85
2026-05-25 12:30:00,783.25,783.85,783.1,783.6,150840,-0.4472,0.4473,-199.98,769.0000,1.90
2026-05-25 12:35:00,783.6,784,783.3,783.6,156231,-0.4074,0.4473,-191.08,769.0000,1.90
2026-05-25 12:40:00,783.6,783.8,783.1,783.35,182685,-0.3865,0.4473,-186.41,769.0000,1.87
2026-05-25 12:45:00,783.5,783.7,782.85,782.9,229107,-0.3904,0.4473,-187.28,769.0000,1.81
2026-05-25 12:50:00,782.9,783.3,782.6,783.25,145721,-0.3577,0.4473,-179.97,769.0000,1.85
2026-05-25 12:55:00,783.15,783.4,783.05,783.1,142806,-0.3348,0.4473,-174.85,769.0000,1.83
2026-05-25 13:00:00,783.2,784.9,782.85,784.35,370054,-0.2293,0.4473,-151.26,769.0000,2.00
2026-05-25 13:05:00,784.35,784.9,784,784.55,170263,-0.1439,0.4473,-132.17,769.0000,2.02
2026-05-25 13:10:00,784.6,785,784.35,784.85,214620,-0.0689,0.4473,-115.40,769.0000,2.06
2026-05-25 13:15:00,784.9,784.95,784.45,784.7,167557,-0.0329,0.4473,-107.36,769.0000,2.04
2026-05-25 13:20:00,784.7,784.9,784.35,784.4,162455,-0.0327,0.4473,-107.31,769.0000,2.00
2026-05-25 13:25:00,784.4,784.9,784.1,784.4,284348,-0.0358,0.4473,-108.00,769.0000,2.00
2026-05-25 13:30:00,784.4,784.45,784,784.25,117242,-0.0503,0.4473,-111.25,769.0000,1.98
2026-05-25 13:35:00,784.3,784.45,783.6,783.85,150605,-0.0870,0.4473,-119.45,769.0000,1.93
2026-05-25 13:40:00,783.9,783.9,783.1,783.45,177229,-0.1355,0.4473,-130.29,769.0000,1.88
2026-05-25 13:45:00,783.5,783.9,783.35,783.7,120098,-0.1470,0.4473,-132.86,769.0000,1.91
2026-05-25 13:50:00,783.7,784,783.55,783.95,213520,-0.1344,0.4473,-130.05,769.0000,1.94
2026-05-25 13:55:00,784,784,783.35,783.55,178634,-0.1486,0.4473,-133.22,769.0000,1.89
2026-05-25 14:00:00,783.6,785,783.35,784.7,429205,-0.0795,0.4473,-117.77,769.0000,2.04
2026-05-25 14:05:00,784.7,784.9,784.25,784.35,155816,-0.0575,0.4473,-112.85,769.0000,2.00
2026-05-25 14:10:00,784.3,784.6,783.85,784,265774,-0.0659,0.4473,-114.73,769.0000,1.95
2026-05-25 14:15:00,784,784,782.9,783,743792,-0.1343,0.4473,-130.02,769.0000,1.82
2026-05-25 14:20:00,783,783.75,782.95,783.5,189706,-0.1407,0.4473,-131.46,769.0000,1.89
2026-05-25 14:25:00,783.5,784.3,783.45,784.25,146158,-0.0916,0.4473,-120.48,769.0000,1.98
2026-05-25 14:30:00,784.25,785.5,784.2,785.5,389083,0.0219,0.4473,-95.10,769.0000,2.15
2026-05-25 14:35:00,785.5,786.5,785.4,786.05,441769,0.1249,0.4473,-72.08,769.0000,2.22
2026-05-25 14:40:00,786.2,786.6,786,786.4,238166,0.2030,0.4473,-54.62,769.0000,2.26
2026-05-25 14:45:00,786.5,787.7,786.35,786.85,419713,0.2673,0.4473,-40.24,769.0000,2.32
2026-05-25 14:50:00,787,787,786.2,786.95,274239,0.2967,0.4473,-33.67,769.0000,2.33
2026-05-25 14:55:00,786.95,787.2,786.5,786.8,478786,0.2859,0.4473,-36.08,769.0000,2.31
2026-05-25 15:00:00,786.85,787.1,786.4,786.8,449676,0.2595,0.4473,-41.99,769.0000,2.31
2026-05-25 15:05:00,786.8,786.8,786.05,786.6,459172,0.2114,0.4473,-52.74,769.0000,2.29
2026-05-25 15:10:00,786.6,787.3,786.3,787.1,519003,0.1963,0.4473,-56.11,769.0000,2.35
2026-05-25 15:15:00,787.1,787.2,785.85,786.5,562190,0.1320,0.4473,-70.49,769.0000,2.28
2026-05-25 15:20:00,786.5,787.05,786.05,786.85,560597,0.1007,0.4473,-77.49,769.0000,2.32
2026-05-25 15:25:00,786.85,787.85,786.1,787.45,660672,0.1074,0.4473,-75.99,769.0000,2.40
2026-05-26 09:15:00,784.05,788.35,784.05,788.2,889374,0.1468,0.1074,36.69,787.4500,0.10
2026-05-26 09:20:00,788.2,788.8,787.05,787.2,503882,0.0927,0.1074,-13.69,787.4500,-0.03
2026-05-26 09:25:00,787.1,788.35,786.5,787.95,445926,0.0943,0.1074,-12.20,787.4500,0.06
2026-05-26 09:30:00,787.9,789.9,787.85,789.5,411406,0.1816,0.1074,69.09,787.4500,0.26
2026-05-26 09:35:00,789.5,790.85,789,789.85,451935,0.2409,0.1074,124.30,787.4500,0.30
2026-05-26 09:40:00,789.75,790.3,788.15,789.05,301369,0.2058,0.1074,91.62,787.4500,0.20
2026-05-26 09:45:00,789.05,789.3,788.25,788.4,230158,0.1223,0.1074,13.87,787.4500,0.12
2026-05-26 09:50:00,788.4,789.2,787.15,787.25,286639,-0.0192,0.1074,-117.88,787.4500,-0.03
2026-05-26 09:55:00,787.2,787.9,785.75,786.6,422523,-0.1578,0.1074,-246.93,787.4500,-0.11
2026-05-26 10:00:00,786.55,787.55,785.5,787.15,312683,-0.2103,0.1074,-295.81,787.4500,-0.04
2026-05-26 10:05:00,787.15,787.4,786.15,787.2,296524,-0.2376,0.1074,-321.23,787.4500,-0.03
2026-05-26 10:10:00,787.1,788.25,787,788.05,273520,-0.1960,0.1074,-282.50,787.4500,0.08
2026-05-26 10:15:00,788,788.8,787.75,788,301231,-0.1704,0.1074,-258.66,787.4500,0.07
2026-05-26 10:20:00,788,790.15,787.6,789.85,620921,-0.0345,0.1074,-132.12,787.4500,0.30
2026-05-26 10:25:00,789.95,790.2,789.35,789.75,378126,0.0390,0.1074,-63.69,787.4500,0.29
2026-05-26 10:30:00,789.6,790.15,789,789.9,294356,0.0854,0.1074,-20.48,787.4500,0.31
2026-05-26 10:35:00,789.95,790.5,789.85,790.35,266164,0.1313,0.1074,22.25,787.4500,0.37
2026-05-26 10:40:00,790.35,790.6,789.55,789.85,389589,0.1137,0.1074,5.87,787.4500,0.30
2026-05-26 10:45:00,789.85,789.95,789.15,789.6,151271,0.0727,0.1074,-32.31,787.4500,0.27
2026-05-26 10:50:00,789.6,789.9,789,789.65,219803,0.0384,0.1074,-64.25,787.4500,0.28
2026-05-26 10:55:00,789.65,790,789.15,789.15,327476,-0.0253,0.1074,-123.56,787.4500,0.22
2026-05-26 11:00:00,789.25,790,788.85,789.5,442969,-0.0497,0.1074,-146.28,787.4500,0.26
2026-05-26 11:05:00,789.5,789.6,788.5,789.2,182587,-0.0895,0.1074,-183.33,787.4500,0.22
2026-05-26 11:10:00,789.2,790,789.2,789.55,177585,-0.0953,0.1074,-188.73,787.4500,0.27
2026-05-26 11:15:00,789.55,789.85,788.5,788.75,234369,-0.1525,0.1074,-241.99,787.4500,0.17
2026-05-26 11:20:00,788.75,788.9,787.65,787.7,183009,-0.2547,0.1074,-337.15,787.4500,0.03
2026-05-26 11:25:00,787.7,788.7,787.7,788.35,136822,-0.2705,0.1074,-351.86,787.4500,0.11
2026-05-26 11:30:00,788.35,788.55,787.1,788,192400,-0.2947,0.1074,-374.39,787.4500,0.07
2026-05-26 11:35:00,788.1,790.2,788,790.15,646120,-0.1626,0.1074,-251.40,787.4500,0.34
2026-05-26 11:40:00,790.15,790.4,789.45,789.65,264967,-0.1081,0.1074,-200.65,787.4500,0.28
2026-05-26 11:45:00,789.45,789.85,789.05,789.5,181176,-0.0827,0.1074,-177.00,787.4500,0.26
2026-05-26 11:50:00,789.6,789.85,788.95,789.2,275270,-0.0861,0.1074,-180.17,787.4500,0.22
2026-05-26 11:55:00,789.4,789.6,788.1,788.45,162458,-0.1360,0.1074,-226.63,787.4500,0.13
2026-05-26 12:00:00,788.4,788.7,786.6,787.9,274170,-0.1993,0.1074,-285.57,787.4500,0.06
2026-05-26 12:05:00,787.65,787.8,785.9,786.05,254049,-0.3502,0.1074,-426.07,787.4500,-0.18
2026-05-26 12:10:00,786.15,786.8,785.6,785.7,143799,-0.4516,0.1074,-520.48,787.4500,-0.22
2026-05-26 12:15:00,785.7,785.95,785.25,785.5,175064,-0.5060,0.1074,-571.14,787.4500,-0.25
2026-05-26 12:20:00,785.5,785.8,785.3,785.3,176097,-0.5270,0.1074,-590.69,787.4500,-0.27
2026-05-26 12:25:00,785.3,785.5,785,785.35,138172,-0.5088,0.1074,-573.74,787.4500,-0.27
2026-05-26 12:30:00,785.2,785.5,784.9,784.9,208541,-0.4977,0.1074,-563.41,787.4500,-0.32
2026-05-26 12:35:00,785.05,785.3,784.35,785.1,226677,-0.4490,0.1074,-518.06,787.4500,-0.30
2026-05-26 12:40:00,785,785.65,784.6,785.3,463159,-0.3783,0.1074,-452.23,787.4500,-0.27
2026-05-26 12:45:00,785.3,785.75,785,785.5,454678,-0.2967,0.1074,-376.26,787.4500,-0.25
2026-05-26 12:50:00,785.5,785.6,783.4,784.9,1275864,-0.2628,0.1074,-344.69,787.4500,-0.32
2026-05-26 12:55:00,784.9,785.7,784.25,785.4,425783,-0.1899,0.1074,-276.82,787.4500,-0.26
2026-05-26 13:00:00,785.4,785.45,782.65,783.3,443292,-0.2618,0.1074,-343.76,787.4500,-0.53
2026-05-26 13:05:00,783.4,783.85,782.75,782.9,183279,-0.3116,0.1074,-390.13,787.4500,-0.58
2026-05-26 13:10:00,783,783.5,782.7,783.2,150689,-0.2996,0.1074,-378.96,787.4500,-0.54
2026-05-26 13:15:00,783.05,783.5,782.05,783.5,162612,-0.2488,0.1074,-331.66,787.4500,-0.50
2026-05-26 13:20:00,783.5,783.85,782.65,782.7,388618,-0.2459,0.1074,-328.96,787.4500,-0.60
2026-05-26 13:25:00,782.65,784.55,782.55,784.35,817884,-0.1164,0.1074,-208.38,787.4500,-0.39
2026-05-26 13:30:00,784.35,784.85,783.05,783.15,482423,-0.0958,0.1074,-189.20,787.4500,-0.55
2026-05-26 13:35:00,783.2,783.7,782.7,782.75,185003,-0.0934,0.1074,-186.96,787.4500,-0.60
2026-05-26 13:40:00,782.7,784.15,782.1,782.15,385050,-0.1150,0.1074,-207.08,787.4500,-0.67
2026-05-26 13:45:00,782.2,783.1,782,782.8,338328,-0.0705,0.1074,-165.64,787.4500,-0.59
2026-05-26 13:50:00,782.8,782.95,781.3,781.85,371873,-0.0888,0.1074,-182.68,787.4500,-0.71
2026-05-26 13:55:00,781.85,782.1,781,781.15,195177,-0.1295,0.1074,-220.58,787.4500,-0.80
2026-05-26 14:00:00,781.1,781.4,780.45,780.85,238121,-0.1561,0.1074,-245.34,787.4500,-0.84
2026-05-26 14:05:00,780.65,782.25,780.35,780.65,453714,-0.1658,0.1074,-254.38,787.4500,-0.86
2026-05-26 14:10:00,780.5,780.8,779.4,780.55,697179,-0.1577,0.1074,-246.83,787.4500,-0.88
2026-05-26 14:15:00,780.6,781,779.65,780.5,208415,-0.1352,0.1074,-225.88,787.4500,-0.88
2026-05-26 14:20:00,780.7,781.75,780,781.45,361702,-0.0409,0.1074,-138.08,787.4500,-0.76
2026-05-26 14:25:00,781.45,782.05,779.45,780.85,586050,-0.0052,0.1074,-104.84,787.4500,-0.84
2026-05-26 14:30:00,780.8,781.85,779.8,780.2,670230,-0.0113,0.1074,-110.52,787.4500,-0.92
2026-05-26 14:35:00,780.2,780.3,778.6,778.8,888767,-0.0912,0.1074,-184.92,787.4500,-1.10
2026-05-26 14:40:00,778.85,778.85,777.6,778.05,372528,-0.1714,0.1074,-259.59,787.4500,-1.19
2026-05-26 14:45:00,777.85,778.85,777.5,778.35,222679,-0.1803,0.1074,-267.88,787.4500,-1.16
2026-05-26 14:50:00,778.2,778.65,777.75,778.45,154979,-0.1562,0.1074,-245.44,787.4500,-1.14
2026-05-26 14:55:00,778.45,780,778.25,779.65,204195,-0.0423,0.1074,-139.39,787.4500,-0.99
2026-05-26 15:00:00,779.8,780.65,778,778.95,1520046,0.0008,0.1074,-99.26,787.4500,-1.08
2026-05-26 15:05:00,779.05,780.55,776.75,780.2,2657226,0.1217,0.1074,13.31,787.4500,-0.92
2026-05-26 15:10:00,780.2,780.4,777.55,778.9,1294329,0.1221,0.1074,13.69,787.4500,-1.09
2026-05-26 15:15:00,778.95,779.35,778.45,779,584273,0.1359,0.1074,26.54,787.4500,-1.07
2026-05-26 15:20:00,779.1,780.2,779,780.1,599730,0.2210,0.1074,105.77,787.4500,-0.93
2026-05-26 15:25:00,780.1,781.5,779.6,780.25,512387,0.2851,0.1074,165.46,787.4500,-0.91
2026-05-27 09:15:00,769.5,773.9,762,770.5,7510321,-0.2997,0.2851,-205.12,780.2500,-1.25
2026-05-27 09:20:00,770.5,771.8,766.65,767.75,1563732,-0.8132,0.2851,-385.23,780.2500,-1.60
2026-05-27 09:25:00,767.75,767.75,764.55,765.4,1027753,-1.2277,0.2851,-530.62,780.2500,-1.90
2026-05-27 09:30:00,765.3,765.35,762.55,763.95,1412484,-1.4982,0.2851,-625.50,780.2500,-2.09
2026-05-27 09:35:00,763.9,765,763,764.85,1089647,-1.5108,0.2851,-629.92,780.2500,-1.97
2026-05-27 09:40:00,764.85,766.7,764.75,765.9,692379,-1.3482,0.2851,-572.89,780.2500,-1.84
2026-05-27 09:45:00,765.9,766,763.4,764.25,804979,-1.2535,0.2851,-539.67,780.2500,-2.05
2026-05-27 09:50:00,764.25,764.35,763.2,763.45,474816,-1.1491,0.2851,-503.05,780.2500,-2.15
2026-05-27 09:55:00,763.45,763.9,761.25,761.95,1176171,-1.0863,0.2851,-481.02,780.2500,-2.35
2026-05-27 10:00:00,761.95,762.9,761.25,762.9,658759,-0.8940,0.2851,-413.57,780.2500,-2.22
2026-05-27 10:05:00,762.85,764.25,762.75,763.65,918159,-0.6413,0.2851,-324.94,780.2500,-2.13
2026-05-27 10:10:00,763.65,764.7,762.9,764.5,590796,-0.3562,0.2851,-224.94,780.2500,-2.02
2026-05-27 10:15:00,764.4,765,764,764.7,397106,-0.1064,0.2851,-137.32,780.2500,-1.99
2026-05-27 10:20:00,764.7,765.3,764.5,765.15,526856,0.1244,0.2851,-56.37,780.2500,-1.94
2026-05-27 10:25:00,765.15,765.5,764.95,765.2,402310,0.3054,0.2851,7.12,780.2500,-1.93
2026-05-27 10:30:00,765.15,765.2,763.7,764.3,420648,0.3844,0.2851,34.83,780.2500,-2.04
2026-05-27 10:35:00,764.3,765.5,763.95,764.3,422783,0.4518,0.2851,58.47,780.2500,-2.04
2026-05-27 10:40:00,764.3,764.6,763.5,763.7,223359,0.4691,0.2851,64.54,780.2500,-2.12
2026-05-27 10:45:00,763.7,764.3,763.1,764.3,463723,0.5296,0.2851,85.76,780.2500,-2.04
2026-05-27 10:50:00,764.25,764.85,763.8,764.85,194101,0.6097,0.2851,113.85,780.2500,-1.97
2026-05-27 10:55:00,764.85,765,763.7,764.55,524958,0.6421,0.2851,125.22,780.2500,-2.01
2026-05-27 11:00:00,764.55,764.6,763.95,764.15,166725,0.6352,0.2851,122.80,780.2500,-2.06
2026-05-27 11:05:00,764.15,765,763.95,764.75,312930,0.6663,0.2851,133.71,780.2500,-1.99
2026-05-27 11:10:00,764.75,765.45,764.45,765.3,256515,0.7149,0.2851,150.75,780.2500,-1.92
2026-05-27 11:15:00,765.25,765.95,765,765.85,265211,0.7704,0.2851,170.22,780.2500,-1.85
2026-05-27 11:20:00,765.85,766.2,765.5,766,413611,0.7999,0.2851,180.57,780.2500,-1.83
2026-05-27 11:25:00,766,766.05,765.45,765.6,219208,0.7746,0.2851,171.69,780.2500,-1.88
2026-05-27 11:30:00,765.6,765.75,765,765.2,378410,0.7147,0.2851,150.68,780.2500,-1.93
2026-05-27 11:35:00,765.2,765.25,764,764.1,321720,0.5897,0.2851,106.84,780.2500,-2.07
2026-05-27 11:40:00,764.15,764.5,764,764.1,289397,0.4995,0.2851,75.20,780.2500,-2.07
2026-05-27 11:45:00,764.1,764.15,763.3,763.45,642249,0.3932,0.2851,37.92,780.2500,-2.15
2026-05-27 11:50:00,763.6,763.95,763.35,763.7,314582,0.3389,0.2851,18.87,780.2500,-2.12
2026-05-27 11:55:00,763.65,764,763.1,763.3,381923,0.2777,0.2851,-2.60,780.2500,-2.17
2026-05-27 12:00:00,763.2,763.4,762.2,762.35,505638,0.1798,0.2851,-36.93,780.2500,-2.29
2026-05-27 12:05:00,762.35,762.75,761.5,762.15,673169,0.1113,0.2851,-60.96,780.2500,-2.32
2026-05-27 12:10:00,762.05,762.2,761.3,761.7,508239,0.0488,0.2851,-82.88,780.2500,-2.38
2026-05-27 12:15:00,761.7,762.4,761.55,761.95,662643,0.0378,0.2851,-86.74,780.2500,-2.35
2026-05-27 12:20:00,761.9,762,761.25,761.55,713013,0.0181,0.2851,-93.65,780.2500,-2.40
2026-05-27 12:25:00,761.45,761.65,760.55,760.75,1086419,-0.0316,0.2851,-111.08,780.2500,-2.50
2026-05-27 12:30:00,760.7,761.4,760.5,761.15,310062,-0.0208,0.2851,-107.30,780.2500,-2.45
2026-05-27 12:35:00,761.15,762.3,761,761.75,350065,0.0401,0.2851,-85.93,780.2500,-2.37
2026-05-27 12:40:00,761.75,762.25,761.5,762.25,295290,0.1228,0.2851,-56.93,780.2500,-2.31
2026-05-27 12:45:00,762.25,762.25,761.5,761.75,252486,0.1506,0.2851,-47.18,780.2500,-2.37
2026-05-27 12:50:00,761.9,761.9,760.55,760.6,371122,0.1009,0.2851,-64.61,780.2500,-2.52
2026-05-27 12:55:00,760.7,760.8,759.5,759.75,973946,0.0240,0.2851,-91.58,780.2500,-2.63
2026-05-27 13:00:00,759.75,760,759.05,759.55,583245,-0.0244,0.2851,-108.56,780.2500,-2.65
2026-05-27 13:05:00,759.6,760.2,758.1,758.45,889881,-0.1098,0.2851,-138.51,780.2500,-2.79
2026-05-27 13:10:00,758.45,760.05,758.4,758.75,1068832,-0.1244,0.2851,-143.63,780.2500,-2.76
2026-05-27 13:15:00,758.9,760.25,758.5,759.15,519063,-0.0871,0.2851,-130.55,780.2500,-2.70
2026-05-27 13:20:00,759.05,759.9,758.4,759.6,450370,-0.0159,0.2851,-105.58,780.2500,-2.65
2026-05-27 13:25:00,759.4,759.95,758.65,759.4,461571,0.0315,0.2851,-88.95,780.2500,-2.67
2026-05-27 13:30:00,759.4,760.25,759.25,760.25,430980,0.1282,0.2851,-55.03,780.2500,-2.56
2026-05-27 13:35:00,760.2,761.2,759.75,760.65,849715,0.2220,0.2851,-22.13,780.2500,-2.51
2026-05-27 13:40:00,760.6,760.9,759.1,759.2,780577,0.1903,0.2851,-33.25,780.2500,-2.70
2026-05-27 13:45:00,759.3,759.75,758.55,758.9,554559,0.1546,0.2851,-45.77,780.2500,-2.74
2026-05-27 13:50:00,758.9,759.6,758.6,759.5,308787,0.1754,0.2851,-38.48,780.2500,-2.66
2026-05-27 13:55:00,759.55,759.8,759.3,759.35,420373,0.1822,0.2851,-36.09,780.2500,-2.68
2026-05-27 14:00:00,759.4,760.35,759.3,760,694826,0.2305,0.2851,-19.15,780.2500,-2.60
2026-05-27 14:05:00,760,761.2,759.85,760.45,728790,0.2890,0.2851,1.37,780.2500,-2.54
2026-05-27 14:10:00,760.45,760.45,759.2,759.4,499157,0.2545,0.2851,-10.73,780.2500,-2.67
2026-05-27 14:15:00,759.45,760.05,759,759.25,884429,0.2203,0.2851,-22.73,780.2500,-2.69
2026-05-27 14:20:00,759.25,761.5,759.15,761.45,1095436,0.3376,0.2851,18.41,780.2500,-2.41
2026-05-27 14:25:00,761.45,761.5,758.65,759.35,1873613,0.2685,0.2851,-5.82,780.2500,-2.68
2026-05-27 14:30:00,759.2,759.65,758.55,758.75,588511,0.1813,0.2851,-36.41,780.2500,-2.76
2026-05-27 14:35:00,758.75,759.5,758.5,759.2,855197,0.1540,0.2851,-45.98,780.2500,-2.70
2026-05-27 14:40:00,759.2,759.95,758,758.05,1728337,0.0631,0.2851,-77.87,780.2500,-2.85
2026-05-27 14:45:00,758,758.4,757.6,758.15,826069,0.0168,0.2851,-94.11,780.2500,-2.83
2026-05-27 14:50:00,758.15,758.3,757.2,757.7,1116362,-0.0343,0.2851,-112.03,780.2500,-2.89
2026-05-27 14:55:00,757.7,758.1,757.15,757.8,896397,-0.0505,0.2851,-117.71,780.2500,-2.88
2026-05-27 15:00:00,757.75,758,756.9,757.9,1721252,-0.0439,0.2851,-115.40,780.2500,-2.86
2026-05-27 15:05:00,757.85,758.95,757.35,758.95,1555719,0.0374,0.2851,-86.88,780.2500,-2.73
2026-05-27 15:10:00,758.95,759.5,758.7,759.5,1676001,0.1292,0.2851,-54.68,780.2500,-2.66
2026-05-27 15:15:00,759.55,759.95,759.1,759.35,2070780,0.1779,0.2851,-37.60,780.2500,-2.68
2026-05-27 15:20:00,759.4,759.55,758,758.4,1638012,0.1455,0.2851,-48.97,780.2500,-2.80
2026-05-27 15:25:00,758.45,760,758,759.15,1427141,0.1721,0.2851,-39.64,780.2500,-2.70
2026-05-29 09:15:00,746.05,756.7,746.05,754.75,3882401,-0.0947,0.1721,-155.03,759.1500,-0.58
2026-05-29 09:20:00,754.75,755.85,752,753.35,1393320,-0.3397,0.1721,-297.39,759.1500,-0.76
2026-05-29 09:25:00,753.35,753.4,750.5,751.1,1068136,-0.6118,0.1721,-455.49,759.1500,-1.06
2026-05-29 09:30:00,751.1,752.75,750.75,752,583200,-0.6841,0.1721,-497.50,759.1500,-0.94
2026-05-29 09:35:00,752,755.85,751.95,755.45,858706,-0.4631,0.1721,-369.09,759.1500,-0.49
2026-05-29 09:40:00,755.45,756.4,754.8,755.1,793658,-0.3113,0.1721,-280.88,759.1500,-0.53
2026-05-29 09:45:00,755,755.9,754.65,755.35,415949,-0.1719,0.1721,-199.88,759.1500,-0.50
2026-05-29 09:50:00,755.35,756.25,754.8,755.45,352402,-0.0567,0.1721,-132.95,759.1500,-0.49
2026-05-29 09:55:00,755.45,757.7,753.75,757.45,788700,0.1587,0.1721,-7.79,759.1500,-0.22
2026-05-29 10:00:00,757.45,757.6,755.5,757.4,449421,0.2944,0.1721,71.06,759.1500,-0.23
2026-05-29 10:05:00,757.25,759.4,757.25,758.6,527947,0.4521,0.1721,162.70,759.1500,-0.07
2026-05-29 10:10:00,758.6,759,758.3,758.75,434651,0.5473,0.1721,218.01,759.1500,-0.05
2026-05-29 10:15:00,758.75,759.05,757.2,757.6,492378,0.5142,0.1721,198.78,759.1500,-0.20
2026-05-29 10:20:00,757.75,759.7,757.55,759,399113,0.5638,0.1721,227.60,759.1500,-0.02
2026-05-29 10:25:00,758.95,759.6,757.95,758.15,404710,0.5180,0.1721,200.99,759.1500,-0.13
2026-05-29 10:30:00,758.15,758.15,757,757.65,540124,0.4358,0.1721,153.22,759.1500,-0.20
2026-05-29 10:35:00,757.65,758.75,757.6,757.9,441680,0.3820,0.1721,121.96,759.1500,-0.16
2026-05-29 10:40:00,757.8,758.5,756.25,757.2,567230,0.2873,0.1721,66.94,759.1500,-0.26
2026-05-29 10:45:00,757.2,758,756.75,757.45,333947,0.2319,0.1721,34.75,759.1500,-0.22
2026-05-29 10:50:00,757.45,757.95,756.9,757.95,263668,0.2195,0.1721,27.54,759.1500,-0.16
2026-05-29 10:55:00,757.9,759.85,757.6,759.05,487881,0.2725,0.1721,58.34,759.1500,-0.01
2026-05-29 11:00:00,759.05,760.4,758.5,760.15,576754,0.3631,0.1721,110.98,759.1500,0.13
2026-05-29 11:05:00,760.1,760.5,759.1,759.25,444468,0.3440,0.1721,99.88,759.1500,0.01
2026-05-29 11:10:00,759.25,759.85,758.75,759,256791,0.2979,0.1721,73.10,759.1500,-0.02
2026-05-29 11:15:00,759,759.4,758.2,758.55,309828,0.2238,0.1721,30.04,759.1500,-0.08
2026-05-29 11:20:00,758.6,758.7,757.3,757.7,642223,0.1100,0.1721,-36.08,759.1500,-0.19
2026-05-29 11:25:00,757.7,758,757.1,757.2,182538,-0.0006,0.1721,-100.35,759.1500,-0.26
2026-05-29 11:30:00,757.2,757.7,756.5,757,284155,-0.0843,0.1721,-148.98,759.1500,-0.28
2026-05-29 11:35:00,757,758,756.85,757.15,258510,-0.1241,0.1721,-172.11,759.1500,-0.26
2026-05-29 11:40:00,757.4,757.9,757.05,757.75,264143,-0.1055,0.1721,-161.30,759.1500,-0.18
2026-05-29 11:45:00,757.9,758.15,757.4,757.75,315311,-0.0891,0.1721,-151.77,759.1500,-0.18
2026-05-29 11:50:00,757.7,759.5,757.65,759.25,324403,0.0208,0.1721,-87.91,759.1500,0.01
2026-05-29 11:55:00,759.1,759.25,758.35,758.65,179367,0.0496,0.1721,-71.18,759.1500,-0.07
2026-05-29 12:00:00,758.7,758.7,757.35,757.8,189031,0.0100,0.1721,-94.19,759.1500,-0.18
2026-05-29 12:05:00,757.8,757.95,757.25,757.4,157732,-0.0418,0.1721,-124.29,759.1500,-0.23
2026-05-29 12:10:00,757.45,757.45,756.25,756.9,332965,-0.1048,0.1721,-160.89,759.1500,-0.30
2026-05-29 12:15:00,756.9,756.9,755.6,756.2,319814,-0.1840,0.1721,-206.91,759.1500,-0.39
2026-05-29 12:20:00,756.2,756.7,755.8,756.3,195481,-0.2177,0.1721,-226.50,759.1500,-0.38
2026-05-29 12:25:00,756.35,756.85,756.2,756.8,137302,-0.1951,0.1721,-213.36,759.1500,-0.31
2026-05-29 12:30:00,756.8,756.85,755.9,756,237536,-0.2210,0.1721,-228.41,759.1500,-0.41
2026-05-29 12:35:00,756.1,757.5,755.85,757.3,235667,-0.1413,0.1721,-182.10,759.1500,-0.24
2026-05-29 12:40:00,757.35,757.35,756.15,756.2,177028,-0.1526,0.1721,-188.67,759.1500,-0.39
2026-05-29 12:45:00,756.15,756.2,755.5,756.05,221390,-0.1592,0.1721,-192.50,759.1500,-0.41
2026-05-29 12:50:00,756.05,756.05,755.25,755.55,207500,-0.1845,0.1721,-207.21,759.1500,-0.47
2026-05-29 12:55:00,755.3,755.55,754.15,754.6,340482,-0.2486,0.1721,-244.45,759.1500,-0.60
2026-05-29 13:00:00,754.6,754.7,753.8,754,276403,-0.3107,0.1721,-280.53,759.1500,-0.68
2026-05-29 13:05:00,754.05,754.3,753.6,753.7,222768,-0.3484,0.1721,-302.44,759.1500,-0.72
2026-05-29 13:10:00,753.7,754.35,753.5,753.7,249022,-0.3489,0.1721,-302.73,759.1500,-0.72
2026-05-29 13:15:00,753.65,753.9,753.1,753.6,222989,-0.3317,0.1721,-292.74,759.1500,-0.73
2026-05-29 13:20:00,753.6,753.8,753,753.3,335011,-0.3163,0.1721,-283.79,759.1500,-0.77
2026-05-29 13:25:00,753.25,754,753.1,753.55,223003,-0.2670,0.1721,-255.14,759.1500,-0.74
2026-05-29 13:30:00,753.5,753.95,753.3,753.4,191898,-0.2239,0.1721,-230.10,759.1500,-0.76
2026-05-29 13:35:00,753.45,753.95,753,753.1,270692,-0.1961,0.1721,-213.95,759.1500,-0.80
2026-05-29 13:40:00,753.1,753.55,752.8,752.8,321822,-0.1788,0.1721,-203.89,759.1500,-0.84
2026-05-29 13:45:00,752.85,753.2,752,752,374577,-0.2006,0.1721,-216.56,759.1500,-0.94
2026-05-29 13:50:00,752,752.9,752,752.9,490551,-0.1368,0.1721,-179.49,759.1500,-0.82
2026-05-29 13:55:00,752.8,753.65,752.5,753.05,197547,-0.0701,0.1721,-140.73,759.1500,-0.80
2026-05-29 14:00:00,753.05,753.7,752.9,753.35,229660,0.0045,0.1721,-97.39,759.1500,-0.76
2026-05-29 14:05:00,753.3,753.85,753.2,753.25,271015,0.0546,0.1721,-68.27,759.1500,-0.78
2026-05-29 14:10:00,753.25,753.7,753.1,753.3,219723,0.0963,0.1721,-44.04,759.1500,-0.77
2026-05-29 14:15:00,753.3,753.5,752.5,753,325570,0.1078,0.1721,-37.36,759.1500,-0.81
2026-05-29 14:20:00,753,753.4,752.85,753.1,272428,0.1252,0.1721,-27.25,759.1500,-0.80
2026-05-29 14:25:00,753.1,754.45,752.85,753.7,449442,0.1770,0.1721,2.85,759.1500,-0.72
2026-05-29 14:30:00,753.7,754.9,753.65,754.15,235542,0.2376,0.1721,38.06,759.1500,-0.66
2026-05-29 14:35:00,754.15,755.5,754.1,755.05,424068,0.3288,0.1721,91.05,759.1500,-0.54
2026-05-29 14:40:00,755.05,755.45,754.65,755,400865,0.3729,0.1721,116.68,759.1500,-0.55
2026-05-29 14:45:00,755,755.25,754.1,754.8,295361,0.3749,0.1721,117.84,759.1500,-0.57
2026-05-29 14:50:00,754.75,754.8,753.7,754.15,402573,0.3207,0.1721,86.35,759.1500,-0.66
2026-05-29 14:55:00,754.15,754.6,753.3,753.6,463096,0.2398,0.1721,39.34,759.1500,-0.73
2026-05-29 15:00:00,753.6,753.65,744,744.8,14232069,-0.3806,0.1721,-321.15,759.1500,-1.89
2026-05-29 15:05:00,745.1,745.35,741.8,743.5,12503374,-0.8271,0.1721,-580.59,759.1500,-2.06
2026-05-29 15:10:00,743.5,746.05,743,745.25,12528395,-0.9447,0.1721,-648.93,759.1500,-1.83
2026-05-29 15:15:00,745.25,746.55,744.1,745.2,11283768,-0.9628,0.1721,-659.44,759.1500,-1.84
2026-05-29 15:20:00,745,745.4,739,739.15,10793936,-1.2981,0.1721,-854.27,759.1500,-2.63
2026-05-29 15:25:00,739.2,747.5,737.75,747.25,7678913,-0.9089,0.1721,-628.12,759.1500,-1.57
2026-06-01 09:15:00,749,752.35,744,749.15,2115511,-0.4794,-0.9089,-47.25,747.2500,0.25
2026-06-01 09:20:00,749.1,749.5,747.3,748,670638,-0.2408,-0.9089,-73.51,747.2500,0.10
2026-06-01 09:25:00,748.05,749,746.55,746.75,549803,-0.1401,-0.9089,-84.59,747.2500,-0.07
2026-06-01 09:30:00,746.75,748,746.5,747.4,445768,-0.0097,-0.9089,-98.93,747.2500,0.02
2026-06-01 09:35:00,747.4,747.7,745.1,746.65,533069,0.0433,-0.9089,-104.76,747.2500,-0.08
2026-06-01 09:40:00,746.65,747.25,743.5,743.75,634698,-0.0924,-0.9089,-89.83,747.2500,-0.47
2026-06-01 09:45:00,743.6,745.1,743.1,743.85,347750,-0.1475,-0.9089,-83.77,747.2500,-0.46
2026-06-01 09:50:00,743.9,745.65,743.85,744.15,313729,-0.1361,-0.9089,-85.03,747.2500,-0.41
2026-06-01 09:55:00,744.15,744.8,743.25,743.65,258691,-0.1345,-0.9089,-85.20,747.2500,-0.48
2026-06-01 10:00:00,743.65,744.7,743.6,744.55,258095,-0.0493,-0.9089,-94.58,747.2500,-0.36
2026-06-01 10:05:00,744.55,745.95,744.55,745.85,296644,0.1094,-0.9089,-112.04,747.2500,-0.19
2026-06-01 10:10:00,745.85,745.95,744.4,744.65,230442,0.1460,-0.9089,-116.06,747.2500,-0.35
2026-06-01 10:15:00,744.6,745.4,744.2,745.25,174379,0.2188,-0.9089,-124.07,747.2500,-0.27
2026-06-01 10:20:00,745.15,745.4,744.2,744.2,149510,0.2046,-0.9089,-122.51,747.2500,-0.41
2026-06-01 10:25:00,744.25,744.25,743.2,743.9,188107,0.1840,-0.9089,-120.24,747.2500,-0.45
2026-06-01 10:30:00,743.8,744.25,743.25,743.95,210835,0.1824,-0.9089,-120.07,747.2500,-0.44
2026-06-01 10:35:00,744,744.9,743.45,744.35,178915,0.2148,-0.9089,-123.63,747.2500,-0.39
2026-06-01 10:40:00,744.35,744.85,744,744,268731,0.2183,-0.9089,-124.02,747.2500,-0.43
2026-06-01 10:45:00,744,745.45,744,745.25,302403,0.3053,-0.9089,-133.59,747.2500,-0.27
2026-06-01 10:50:00,745.25,746.1,744.9,746.1,199902,0.4137,-0.9089,-145.52,747.2500,-0.15
2026-06-01 10:55:00,746.05,746.4,745,745.65,256098,0.4460,-0.9089,-149.07,747.2500,-0.21
2026-06-01 11:00:00,745.65,746.75,745.45,746,207069,0.4789,-0.9089,-152.69,747.2500,-0.17
2026-06-01 11:05:00,745.95,746.4,744.8,746.3,193951,0.5062,-0.9089,-155.69,747.2500,-0.13
2026-06-01 11:10:00,746.3,746.55,745.55,745.9,162546,0.4827,-0.9089,-153.11,747.2500,-0.18
2026-06-01 11:15:00,745.95,746.7,745.65,745.7,231451,0.4403,-0.9089,-148.44,747.2500,-0.21
2026-06-01 11:20:00,745.6,745.65,745,745.2,162584,0.3681,-0.9089,-140.50,747.2500,-0.27
2026-06-01 11:25:00,745.25,745.6,744.9,745.1,249935,0.3057,-0.9089,-133.63,747.2500,-0.29
2026-06-01 11:30:00,745.1,745.8,744.7,745.3,181310,0.2712,-0.9089,-129.84,747.2500,-0.26
2026-06-01 11:35:00,745.3,746.3,745.3,745.9,269608,0.2809,-0.9089,-130.91,747.2500,-0.18
2026-06-01 11:40:00,745.95,746,745.6,745.85,162546,0.2756,-0.9089,-130.32,747.2500,-0.19
2026-06-01 11:45:00,745.8,745.95,745.2,745.65,143991,0.2510,-0.9089,-127.62,747.2500,-0.21
2026-06-01 11:50:00,745.65,746.4,745.5,746.1,186711,0.2565,-0.9089,-128.22,747.2500,-0.15
2026-06-01 11:55:00,746.15,746.2,744.1,744.15,198968,0.1269,-0.9089,-113.96,747.2500,-0.41
2026-06-01 12:00:00,744.2,745.4,744.1,745,470646,0.0978,-0.9089,-110.76,747.2500,-0.30
2026-06-01 12:05:00,745.05,746.15,745,745.45,707917,0.1074,-0.9089,-111.82,747.2500,-0.24
2026-06-01 12:10:00,745.45,745.8,744.7,745.35,629219,0.1054,-0.9089,-111.60,747.2500,-0.25
2026-06-01 12:15:00,745.4,745.75,745,745.7,374327,0.1248,-0.9089,-113.73,747.2500,-0.21
2026-06-01 12:20:00,745.7,745.9,745.15,745.8,313116,0.1403,-0.9089,-115.44,747.2500,-0.19
2026-06-01 12:25:00,745.8,745.85,745.5,745.75,186642,0.1427,-0.9089,-115.70,747.2500,-0.20
2026-06-01 12:30:00,745.7,745.9,745.5,745.8,174187,0.1427,-0.9089,-115.70,747.2500,-0.19
2026-06-01 12:35:00,745.8,745.85,745,745.4,219086,0.1123,-0.9089,-112.36,747.2500,-0.25
2026-06-01 12:40:00,745.35,745.5,745,745.25,160268,0.0801,-0.9089,-108.81,747.2500,-0.27
2026-06-01 12:45:00,745.25,746,745.2,745.9,156266,0.0992,-0.9089,-110.91,747.2500,-0.18
2026-06-01 12:50:00,745.9,746,745.4,745.55,166656,0.0856,-0.9089,-109.42,747.2500,-0.23
2026-06-01 12:55:00,745.55,745.8,744.55,744.85,189550,0.0296,-0.9089,-103.26,747.2500,-0.32
2026-06-01 13:00:00,744.9,745.45,743.65,743.95,337094,-0.0629,-0.9089,-93.08,747.2500,-0.44
2026-06-01 13:05:00,743.9,743.95,742.4,743.1,297923,-0.1701,-0.9089,-81.29,747.2500,-0.56
2026-06-01 13:10:00,743.1,743.1,742.1,742.35,292412,-0.2740,-0.9089,-69.85,747.2500,-0.66
2026-06-01 13:15:00,742.35,743.25,742.3,743.2,207922,-0.2678,-0.9089,-70.54,747.2500,-0.54
2026-06-01 13:20:00,743.15,743.3,742.6,742.85,250716,-0.2688,-0.9089,-70.43,747.2500,-0.59
2026-06-01 13:25:00,742.85,743.2,742,742.65,232826,-0.2641,-0.9089,-70.94,747.2500,-0.62
2026-06-01 13:30:00,742.6,744.7,742.4,744.05,261960,-0.1534,-0.9089,-83.12,747.2500,-0.43
2026-06-01 13:35:00,744.05,744.6,743.5,744.55,172952,-0.0391,-0.9089,-95.70,747.2500,-0.36
2026-06-01 13:40:00,744.5,744.55,743.95,744.3,150799,0.0237,-0.9089,-102.61,747.2500,-0.39
2026-06-01 13:45:00,744.25,744.85,743.7,744.75,175964,0.0955,-0.9089,-110.51,747.2500,-0.33
2026-06-01 13:50:00,744.75,744.9,744,744.05,175103,0.0956,-0.9089,-110.52,747.2500,-0.43
2026-06-01 13:55:00,744.05,744.7,744,744.6,201183,0.1302,-0.9089,-114.33,747.2500,-0.35
2026-06-01 14:00:00,744.6,744.9,743.7,744.7,202578,0.1558,-0.9089,-117.14,747.2500,-0.34
2026-06-01 14:05:00,744.7,744.85,743.35,743.7,188969,0.1037,-0.9089,-111.41,747.2500,-0.48
2026-06-01 14:10:00,743.7,743.75,742.95,743.2,208991,0.0374,-0.9089,-104.11,747.2500,-0.54
2026-06-01 14:15:00,743.2,743.25,742,742.35,363933,-0.0568,-0.9089,-93.75,747.2500,-0.66
2026-06-01 14:20:00,742.3,742.35,741.15,741.6,423382,-0.1570,-0.9089,-82.73,747.2500,-0.76
2026-06-01 14:25:00,741.6,742.4,741.2,742,461402,-0.1820,-0.9089,-79.98,747.2500,-0.70
2026-06-01 14:30:00,742.15,742.2,741,741.35,301928,-0.2252,-0.9089,-75.22,747.2500,-0.79
2026-06-01 14:35:00,741.35,742.9,741.3,742.7,312041,-0.1493,-0.9089,-83.57,747.2500,-0.61
2026-06-01 14:40:00,742.7,743,742.4,742.75,335814,-0.0853,-0.9089,-90.62,747.2500,-0.60
2026-06-01 14:45:00,742.75,743.3,741.55,742.15,514494,-0.0736,-0.9089,-91.90,747.2500,-0.68
2026-06-01 14:50:00,742.1,742.15,740.2,740.6,546066,-0.1556,-0.9089,-82.88,747.2500,-0.89
2026-06-01 14:55:00,740.6,740.65,739.2,740.3,785961,-0.2119,-0.9089,-76.69,747.2500,-0.93
2026-06-01 15:00:00,740.2,742.3,739.8,742.1,6162747,-0.1147,-0.9089,-87.38,747.2500,-0.69
2026-06-01 15:05:00,742.15,744.7,741.3,744.3,5291000,0.0994,-0.9089,-110.94,747.2500,-0.39
2026-06-01 15:10:00,744.3,744.7,742.65,743.05,4528717,0.1552,-0.9089,-117.08,747.2500,-0.56
2026-06-01 15:15:00,743,744.75,741.8,742.6,3161378,0.1595,-0.9089,-117.55,747.2500,-0.62
2026-06-01 15:20:00,742.6,744.05,742.5,742.75,2972148,0.1693,-0.9089,-118.63,747.2500,-0.60
2026-06-01 15:25:00,742.7,744.75,740.8,742.5,3256324,0.1560,-0.9089,-117.16,747.2500,-0.64
2026-06-02 09:15:00,737,739.9,735.55,736.75,1939397,-0.2223,0.1560,-242.50,742.5000,-0.77
2026-06-02 09:20:00,736.7,736.95,734.6,735.5,903473,-0.5219,0.1560,-434.55,742.5000,-0.94
2026-06-02 09:25:00,735.5,736.95,735.25,735.85,536431,-0.6532,0.1560,-518.72,742.5000,-0.90
2026-06-02 09:30:00,735.85,736.4,735.1,735.95,343901,-0.6866,0.1560,-540.13,742.5000,-0.88
2026-06-02 09:35:00,735.95,736.4,735.55,736.05,332852,-0.6553,0.1560,-520.06,742.5000,-0.87
2026-06-02 09:40:00,736.05,736.1,734.35,735.6,569326,-0.6187,0.1560,-496.60,742.5000,-0.93
2026-06-02 09:45:00,735.6,735.9,734.6,735.2,248001,-0.5761,0.1560,-469.29,742.5000,-0.98
2026-06-02 09:50:00,735.2,735.5,734,734.65,397124,-0.5402,0.1560,-446.28,742.5000,-1.06
2026-06-02 09:55:00,734.7,735.9,734.65,735.1,402809,-0.4454,0.1560,-385.51,742.5000,-1.00
2026-06-02 10:00:00,735.2,735.9,734.95,735.35,382846,-0.3304,0.1560,-311.79,742.5000,-0.96
2026-06-02 10:05:00,735.35,735.6,733.2,733.7,587759,-0.3291,0.1560,-310.96,742.5000,-1.19
2026-06-02 10:10:00,733.7,734.8,733.15,734.35,1175249,-0.2518,0.1560,-261.41,742.5000,-1.10
2026-06-02 10:15:00,734.4,735.8,734.3,735.75,517208,-0.0824,0.1560,-152.82,742.5000,-0.91
2026-06-02 10:20:00,735.75,740.45,735.7,740.05,1540716,0.3211,0.1560,105.83,742.5000,-0.33
2026-06-02 10:25:00,740,742.4,739.5,741.9,1033686,0.6930,0.1560,344.23,742.5000,-0.08
2026-06-02 10:30:00,742,742.2,740,741.3,423455,0.8678,0.1560,456.28,742.5000,-0.16
2026-06-02 10:35:00,741.3,742.45,740.2,742,602777,0.9909,0.1560,535.19,742.5000,-0.07
2026-06-02 10:40:00,742,742,740.55,741.5,373658,0.9962,0.1560,538.59,742.5000,-0.13
2026-06-02 10:45:00,741.45,741.95,740.6,741.55,218527,0.9602,0.1560,515.51,742.5000,-0.13
2026-06-02 10:50:00,741.7,741.7,740.35,740.8,259425,0.8471,0.1560,443.01,742.5000,-0.23
2026-06-02 10:55:00,741,745.5,740.4,745,793456,1.0054,0.1560,544.49,742.5000,0.34
2026-06-02 11:00:00,745,745.7,744.05,744.95,343769,1.0521,0.1560,574.42,742.5000,0.33
2026-06-02 11:05:00,744.95,745.3,743.25,743.55,197785,0.9379,0.1560,501.22,742.5000,0.14
2026-06-02 11:10:00,743.55,744.75,743,744.3,229208,0.8638,0.1560,453.72,742.5000,0.24
2026-06-02 11:15:00,744.5,744.7,742.85,743.55,191082,0.7210,0.1560,362.18,742.5000,0.14
2026-06-02 11:20:00,743.75,746.4,743.4,746,339128,0.7453,0.1560,377.76,742.5000,0.47
2026-06-02 11:25:00,746,746.15,744.5,744.9,229347,0.6448,0.1560,313.33,742.5000,0.32
2026-06-02 11:30:00,744.9,745.3,744.6,745,250519,0.5464,0.1560,250.26,742.5000,0.34
2026-06-02 11:35:00,745,745,744,744.15,139948,0.3926,0.1560,151.67,742.5000,0.22
2026-06-02 11:40:00,744.1,745.4,743.5,744.45,1117727,0.2847,0.1560,82.50,742.5000,0.26
2026-06-02 11:45:00,744.45,745,743.3,744.85,943236,0.2169,0.1560,39.04,742.5000,0.32
2026-06-02 11:50:00,744.85,745.7,744.7,745.65,631562,0.2029,0.1560,30.06,742.5000,0.42
2026-06-02 11:55:00,745.7,745.8,744.5,745.5,881340,0.1621,0.1560,3.91,742.5000,0.40
2026-06-02 12:00:00,745.5,747.35,745,746.5,366059,0.1799,0.1560,15.32,742.5000,0.54
2026-06-02 12:05:00,746.6,747.15,746.25,747,179064,0.2009,0.1560,28.78,742.5000,0.61
2026-06-02 12:10:00,747,747.1,746.4,746.55,148787,0.1620,0.1560,3.85,742.5000,0.55
2026-06-02 12:15:00,746.55,748,746.5,747.2,433059,0.1572,0.1560,0.77,742.5000,0.63
2026-06-02 12:20:00,747.1,748.25,746.7,747.4,596651,0.1451,0.1560,-6.99,742.5000,0.66
2026-06-02 12:25:00,747.4,748.1,745.65,746.35,1544779,0.0489,0.1560,-68.65,742.5000,0.52
2026-06-02 12:30:00,746.45,749,745.7,747.5,732264,0.0453,0.1560,-70.96,742.5000,0.67
2026-06-02 12:35:00,747.5,748.85,746.45,748.3,883191,0.0775,0.1560,-50.32,742.5000,0.78
2026-06-02 12:40:00,748.35,749,747.6,748.85,340098,0.1143,0.1560,-26.73,742.5000,0.86
2026-06-02 12:45:00,748.85,751.7,748.7,751.1,924138,0.2603,0.1560,66.86,742.5000,1.16
2026-06-02 12:50:00,751.2,753.3,751,752.7,1014179,0.4251,0.1560,172.50,742.5000,1.37
2026-06-02 12:55:00,752.7,753.1,751.5,752.55,523902,0.4803,0.1560,207.88,742.5000,1.35
2026-06-02 13:00:00,752.55,752.8,751.15,751.45,635576,0.4022,0.1560,157.82,742.5000,1.21
2026-06-02 13:05:00,751.5,752.25,750.95,751.1,1014915,0.2916,0.1560,86.92,742.5000,1.16
2026-06-02 13:10:00,750.95,751.75,750.35,751,399971,0.1817,0.1560,16.47,742.5000,1.14
2026-06-02 13:15:00,751,751.3,749.4,749.6,500632,-0.0054,0.1560,-103.46,742.5000,0.96
2026-06-02 13:20:00,749.6,750,748.3,749.7,1700542,-0.1352,0.1560,-186.67,742.5000,0.97
2026-06-02 13:25:00,749.75,750.45,749.45,750.15,423088,-0.1998,0.1560,-228.08,742.5000,1.03
2026-06-02 13:30:00,750.15,750.65,749.5,749.65,246736,-0.2803,0.1560,-279.68,742.5000,0.96
2026-06-02 13:35:00,749.65,749.8,748,748.25,478152,-0.4232,0.1560,-371.28,742.5000,0.77
2026-06-02 13:40:00,748.25,748.95,747.8,747.95,231695,-0.5267,0.1560,-437.63,742.5000,0.73
2026-06-02 13:45:00,747.95,749,747.75,748.55,511210,-0.5414,0.1560,-447.05,742.5000,0.81
2026-06-02 13:50:00,748.6,748.6,746.95,747.4,355242,-0.6101,0.1560,-491.09,742.5000,0.66
2026-06-02 13:55:00,747.35,748.2,747,748.15,247935,-0.5865,0.1560,-475.96,742.5000,0.76
2026-06-02 14:00:00,748.15,750.4,747.95,750.15,267091,-0.4250,0.1560,-372.44,742.5000,1.03
2026-06-02 14:05:00,750.15,750.6,749.55,750.6,186581,-0.2836,0.1560,-281.79,742.5000,1.09
2026-06-02 14:10:00,750.55,750.6,749.65,750,169053,-0.2286,0.1560,-246.54,742.5000,1.01
2026-06-02 14:15:00,750.15,750.5,749.1,749.35,292649,-0.2332,0.1560,-249.49,742.5000,0.92
2026-06-02 14:20:00,749.35,752,749,749.25,977017,-0.2393,0.1560,-253.40,742.5000,0.91
2026-06-02 14:25:00,749.25,753.6,748.3,750.65,2366440,-0.1499,0.1560,-196.09,742.5000,1.10
2026-06-02 14:30:00,750.65,752.05,749.5,751.6,952335,-0.0335,0.1560,-121.47,742.5000,1.23
2026-06-02 14:35:00,751.7,751.8,749.25,749.25,372894,-0.1169,0.1560,-174.94,742.5000,0.91
2026-06-02 14:40:00,749.2,749.6,747.3,747.45,395685,-0.2858,0.1560,-283.21,742.5000,0.67
2026-06-02 14:45:00,747.45,748.3,746.45,748.2,346394,-0.3361,0.1560,-315.45,742.5000,0.77
2026-06-02 14:50:00,748.3,748.8,747.5,747.9,301135,-0.3755,0.1560,-340.71,742.5000,0.73
2026-06-02 14:55:00,747.9,748,746.45,746.5,279260,-0.4755,0.1560,-404.81,742.5000,0.54
2026-06-02 15:00:00,746.55,747.9,745.95,747.05,1189430,-0.4827,0.1560,-409.42,742.5000,0.61
2026-06-02 15:05:00,747,749.6,746.2,749.05,2560208,-0.3376,0.1560,-316.41,742.5000,0.88
2026-06-02 15:10:00,749,750.45,748.75,749.6,787703,-0.1966,0.1560,-226.03,742.5000,0.96
2026-06-02 15:15:00,749.6,750.7,749.35,750.25,468543,-0.0586,0.1560,-137.56,742.5000,1.04
2026-06-02 15:20:00,750.25,750.4,749.3,749.35,505567,-0.0285,0.1560,-118.27,742.5000,0.92
2026-06-02 15:25:00,749.4,749.5,748.25,749.15,432495,-0.0229,0.1560,-114.68,742.5000,0.90
2026-06-03 09:15:00,744.45,748.1,743,747.05,1570705,-0.1542,-0.0229,573.36,749.1500,-0.28
2026-06-03 09:20:00,747.1,748.25,745.15,746.85,455035,-0.2427,-0.0229,959.83,749.1500,-0.31
2026-06-03 09:25:00,746.85,747.3,745.55,746.75,314983,-0.2929,-0.0229,1179.04,749.1500,-0.32
2026-06-03 09:30:00,746.75,747.4,745,745.2,467582,-0.4083,-0.0229,1682.97,749.1500,-0.53
2026-06-03 09:35:00,745.2,745.85,744.45,744.75,390985,-0.4874,-0.0229,2028.38,749.1500,-0.59
2026-06-03 09:40:00,744.75,744.9,743.5,743.65,449743,-0.5799,-0.0229,2432.31,749.1500,-0.73
2026-06-03 09:45:00,743.85,744.2,743.2,743.95,295118,-0.5854,-0.0229,2456.33,749.1500,-0.69
2026-06-03 09:50:00,743.95,745.95,743.8,744,394494,-0.5506,-0.0229,2304.37,749.1500,-0.69
2026-06-03 09:55:00,744.4,745.9,743.8,745,864418,-0.4306,-0.0229,1780.35,749.1500,-0.55
2026-06-03 10:00:00,745,746.85,744.95,746.85,798075,-0.2081,-0.0229,808.73,749.1500,-0.31
2026-06-03 10:05:00,746.85,748.2,745.9,746.65,394815,-0.0635,-0.0229,177.29,749.1500,-0.33
2026-06-03 10:10:00,746.7,747.1,745.35,745.9,204646,-0.0102,-0.0229,-55.46,749.1500,-0.43
2026-06-03 10:15:00,745.9,746.5,745.3,746.5,263035,0.0692,-0.0229,-402.18,749.1500,-0.35
2026-06-03 10:20:00,746.5,746.9,745.55,745.65,165209,0.0682,-0.0229,-397.82,749.1500,-0.47
2026-06-03 10:25:00,745.65,746.45,745.5,746.4,203410,0.1187,-0.0229,-618.34,749.1500,-0.37
2026-06-03 10:30:00,746.45,746.85,745.5,745.65,154523,0.1029,-0.0229,-549.34,749.1500,-0.47
2026-06-03 10:35:00,745.65,746.2,745.25,746.2,128966,0.1291,-0.0229,-663.76,749.1500,-0.39
2026-06-03 10:40:00,746.2,746.9,746,746.25,162984,0.1480,-0.0229,-746.29,749.1500,-0.39
2026-06-03 10:45:00,746.25,746.7,745.8,746.2,149918,0.1547,-0.0229,-775.55,749.1500,-0.39
2026-06-03 10:50:00,746.2,746.2,745.4,746.05,143914,0.1466,-0.0229,-740.17,749.1500,-0.41
2026-06-03 10:55:00,746.1,746.2,744.45,745,265567,0.0719,-0.0229,-413.97,749.1500,-0.55
2026-06-03 11:00:00,745,745.5,744.5,745.3,196200,0.0454,-0.0229,-298.25,749.1500,-0.51
2026-06-03 11:05:00,745.35,745.35,744.8,745.05,177136,0.0152,-0.0229,-166.38,749.1500,-0.55
2026-06-03 11:10:00,745.05,746,744.5,744.8,196113,-0.0157,-0.0229,-31.44,749.1500,-0.58
2026-06-03 11:15:00,744.8,746.45,744.75,745.85,290743,0.0376,-0.0229,-264.19,749.1500,-0.44
2026-06-03 11:20:00,745.85,746.65,745.2,746.15,588328,0.0929,-0.0229,-505.68,749.1500,-0.40
2026-06-03 11:25:00,746.15,747.7,745.55,747.35,337485,0.2037,-0.0229,-989.52,749.1500,-0.24
2026-06-03 11:30:00,747.35,747.75,746.5,746.75,157012,0.2283,-0.0229,-1096.94,749.1500,-0.32
2026-06-03 11:35:00,746.85,747.5,746.3,746.75,673544,0.2352,-0.0229,-1127.07,749.1500,-0.32
2026-06-03 11:40:00,746.75,746.9,746.3,746.55,229396,0.2175,-0.0229,-1049.78,749.1500,-0.35
2026-06-03 11:45:00,746.55,746.9,746.5,746.65,206161,0.2038,-0.0229,-989.96,749.1500,-0.33
2026-06-03 11:50:00,746.65,747.15,746.35,746.8,744948,0.1962,-0.0229,-956.77,749.1500,-0.31
2026-06-03 11:55:00,746.8,747,745.3,745.35,430059,0.0901,-0.0229,-493.45,749.1500,-0.51
2026-06-03 12:00:00,745.4,745.7,742.6,743.85,539441,-0.0754,-0.0229,229.26,749.1500,-0.71
2026-06-03 12:05:00,743.85,744.7,743.2,744.1,561160,-0.1577,-0.0229,588.65,749.1500,-0.67
2026-06-03 12:10:00,744.1,744.15,743.45,743.7,120472,-0.2247,-0.0229,881.22,749.1500,-0.73
2026-06-03 12:15:00,743.8,744,743.25,743.9,184816,-0.2397,-0.0229,946.72,749.1500,-0.70
2026-06-03 12:20:00,743.9,745,743.25,743.4,605446,-0.2655,-0.0229,1059.39,749.1500,-0.77
2026-06-03 12:25:00,743.4,746.35,743.3,746.35,720013,-0.0759,-0.0229,231.44,749.1500,-0.37
2026-06-03 12:30:00,746.35,750.4,746.25,749.25,1090922,0.2357,-0.0229,-1129.26,749.1500,0.01
2026-06-03 12:35:00,749.45,751.7,748.9,750.2,972920,0.4825,-0.0229,-2206.99,749.1500,0.14
2026-06-03 12:40:00,750.4,751.5,749.6,750.4,367321,0.6268,-0.0229,-2837.12,749.1500,0.17
2026-06-03 12:45:00,750.6,751.35,749.4,749.75,356517,0.6435,-0.0229,-2910.04,749.1500,0.08
2026-06-03 12:50:00,749.8,750.4,747.7,747.8,326560,0.4950,-0.0229,-2261.57,749.1500,-0.18
2026-06-03 12:55:00,747.75,749.6,747.75,748.7,633732,0.4315,-0.0229,-1984.28,749.1500,-0.06
2026-06-03 13:00:00,748.7,749.85,747.85,748.1,1249044,0.3279,-0.0229,-1531.88,749.1500,-0.14
2026-06-03 13:05:00,748.25,748.9,747.65,748.3,314304,0.2549,-0.0229,-1213.10,749.1500,-0.11
2026-06-03 13:10:00,748.25,749.1,747.8,749.1,217659,0.2426,-0.0229,-1159.39,749.1500,-0.01
2026-06-03 13:15:00,749.2,750.1,748.65,748.7,235626,0.1918,-0.0229,-937.55,749.1500,-0.06
2026-06-03 13:20:00,748.7,750,748.7,749.6,360621,0.2022,-0.0229,-982.97,749.1500,0.06
2026-06-03 13:25:00,749.7,750.45,749.5,749.8,187454,0.2052,-0.0229,-996.07,749.1500,0.09
2026-06-03 13:30:00,749.9,750.1,748.8,749.45,165366,0.1678,-0.0229,-832.75,749.1500,0.04
2026-06-03 13:35:00,749.45,749.6,748.55,748.95,154708,0.0971,-0.0229,-524.02,749.1500,-0.03
2026-06-03 13:40:00,748.95,749.4,748.15,748.55,407520,0.0154,-0.0229,-167.25,749.1500,-0.08
2026-06-03 13:45:00,748.75,752.55,748.5,750.25,701949,0.0651,-0.0229,-384.28,749.1500,0.15
2026-06-03 13:50:00,750.35,750.6,749.3,750.35,457313,0.0923,-0.0229,-503.06,749.1500,0.16
2026-06-03 13:55:00,750.35,750.45,749.2,749.95,759095,0.0718,-0.0229,-413.54,749.1500,0.11
2026-06-03 14:00:00,750.1,750.9,749.9,750.65,167909,0.0926,-0.0229,-504.37,749.1500,0.20
2026-06-03 14:05:00,750.65,751.3,749.65,749.85,270058,0.0422,-0.0229,-284.28,749.1500,0.09
2026-06-03 14:10:00,750,750.45,749.5,750.1,179091,0.0167,-0.0229,-172.93,749.1500,0.13
2026-06-03 14:15:00,750.15,750.7,749.55,749.9,380542,-0.0206,-0.0229,-10.04,749.1500,0.10
2026-06-03 14:20:00,750.1,751.6,749.45,751.5,511255,0.0516,-0.0229,-325.33,749.1500,0.31
2026-06-03 14:25:00,751.5,751.5,749.95,750.1,481723,-0.0029,-0.0229,-87.34,749.1500,0.13
2026-06-03 14:30:00,750.2,752,749.55,751.8,729767,0.0639,-0.0229,-379.04,749.1500,0.35
2026-06-03 14:35:00,751.8,752.75,751.05,752.35,382272,0.1296,-0.0229,-665.94,749.1500,0.43
2026-06-03 14:40:00,752.4,753.1,752.1,753,466996,0.1973,-0.0229,-961.57,749.1500,0.51
2026-06-03 14:45:00,753,753.5,752.6,753.3,471709,0.2399,-0.0229,-1147.60,749.1500,0.55
2026-06-03 14:50:00,753.35,756.9,752.9,755.1,1745334,0.3598,-0.0229,-1671.18,749.1500,0.79
2026-06-03 14:55:00,755.25,755.9,754.6,755.4,613722,0.4252,-0.0229,-1956.77,749.1500,0.83
2026-06-03 15:00:00,755.3,755.55,752.8,754.05,1140642,0.3468,-0.0229,-1614.41,749.1500,0.65
2026-06-03 15:05:00,754.1,754.35,752.1,752.3,927728,0.1561,-0.0229,-781.66,749.1500,0.42
2026-06-03 15:10:00,752.4,752.95,752.25,752.9,820048,0.0546,-0.0229,-338.43,749.1500,0.50
2026-06-03 15:15:00,752.9,754.2,752.8,753.8,706501,0.0333,-0.0229,-245.41,749.1500,0.62
2026-06-03 15:20:00,753.75,754.3,753.5,753.6,813006,-0.0069,-0.0229,-69.87,749.1500,0.59
2026-06-03 15:25:00,753.6,755,752.6,753,689056,-0.0822,-0.0229,258.95,749.1500,0.51
2026-06-04 09:15:00,749.15,750.5,746.35,747,1913492,-0.5202,-0.0822,532.85,753.0000,-0.80
2026-06-04 09:20:00,746.75,748.5,746,747.35,1014902,-0.7560,-0.0822,819.71,753.0000,-0.75
2026-06-04 09:25:00,747.1,747.4,746.05,746.4,647931,-0.9339,-0.0822,1036.13,753.0000,-0.88
2026-06-04 09:30:00,746.6,746.6,745.2,746.1,474296,-1.0227,-0.0822,1144.16,753.0000,-0.92
2026-06-04 09:35:00,746,746.7,745.3,745.5,355990,-1.0678,-0.0822,1199.03,753.0000,-1.00
2026-06-04 09:40:00,745.3,745.85,745,745.8,374202,-1.0232,-0.0822,1144.77,753.0000,-0.96
2026-06-04 09:45:00,745.8,750.1,745.65,749.15,660713,-0.7278,-0.0822,785.40,753.0000,-0.51
2026-06-04 09:50:00,749.15,749.2,747.7,748.4,345143,-0.5506,-0.0822,569.83,753.0000,-0.61
2026-06-04 09:55:00,748.3,750.9,748.1,749.15,792921,-0.3599,-0.0822,337.83,753.0000,-0.51
2026-06-04 10:00:00,749.15,749.8,748.45,749.2,576723,-0.2145,-0.0822,160.95,753.0000,-0.50
2026-06-04 10:05:00,749.2,749.8,748.85,749.05,369002,-0.1175,-0.0822,42.94,753.0000,-0.52
2026-06-04 10:10:00,749.05,749.3,748,749,317267,-0.0492,-0.0822,-40.15,753.0000,-0.53
2026-06-04 10:15:00,749,750.1,748.15,749.85,234753,0.0551,-0.0822,-167.03,753.0000,-0.42
2026-06-04 10:20:00,749.75,750.4,749.25,749.9,225491,0.1253,-0.0822,-252.43,753.0000,-0.41
2026-06-04 10:25:00,749.85,750,748.7,748.75,178749,0.0936,-0.0822,-213.87,753.0000,-0.56
2026-06-04 10:30:00,748.75,749.05,747,747.45,275766,-0.0102,-0.0822,-87.59,753.0000,-0.74
2026-06-04 10:35:00,747.55,747.65,746.75,747,236064,-0.0993,-0.0822,20.80,753.0000,-0.80
2026-06-04 10:40:00,747,749,747,748.75,268678,-0.0340,-0.0822,-58.64,753.0000,-0.56
2026-06-04 10:45:00,748.9,750.8,748.7,749.65,355628,0.0704,-0.0822,-185.64,753.0000,-0.44
2026-06-04 10:50:00,749.85,750.9,749.55,750.75,207536,0.2066,-0.0822,-351.34,753.0000,-0.30
2026-06-04 10:55:00,750.7,751.85,750.5,751.1,342244,0.3072,-0.0822,-473.72,753.0000,-0.25
2026-06-04 11:00:00,751.15,752,750.5,750.95,338405,0.3476,-0.0822,-522.87,753.0000,-0.27
2026-06-04 11:05:00,750.8,751.35,749.25,749.4,230695,0.2579,-0.0822,-413.75,753.0000,-0.48
2026-06-04 11:10:00,749.5,750.45,749.1,750.35,137968,0.2505,-0.0822,-404.74,753.0000,-0.35
2026-06-04 11:15:00,750.35,751.05,749.65,750,775862,0.2115,-0.0822,-357.30,753.0000,-0.40
2026-06-04 11:20:00,750.1,750.2,749.15,749.75,163298,0.1605,-0.0822,-295.26,753.0000,-0.43
2026-06-04 11:25:00,749.75,750.65,749.4,749.8,186764,0.1236,-0.0822,-250.36,753.0000,-0.42
2026-06-04 11:30:00,749.95,750.5,748.6,750.05,226059,0.1098,-0.0822,-233.58,753.0000,-0.39
2026-06-04 11:35:00,750.1,751.9,749.8,751.55,255245,0.1909,-0.0822,-332.24,753.0000,-0.19
2026-06-04 11:40:00,751.6,751.8,750.6,750.75,219083,0.1799,-0.0822,-318.86,753.0000,-0.30
2026-06-04 11:45:00,750.6,751,750.5,750.8,209266,0.1656,-0.0822,-301.46,753.0000,-0.29
2026-06-04 11:50:00,750.8,751.1,749.65,749.85,339845,0.0858,-0.0822,-204.38,753.0000,-0.42
2026-06-04 11:55:00,749.85,752.5,749.05,751.05,1575973,0.1061,-0.0822,-229.08,753.0000,-0.26
2026-06-04 12:00:00,751,751.7,750.5,750.75,194837,0.0921,-0.0822,-212.04,753.0000,-0.30
2026-06-04 12:05:00,750.75,754.9,750.6,754.85,1259136,0.3380,-0.0822,-511.19,753.0000,0.25
2026-06-04 12:10:00,754.9,755.5,751.9,753.35,1415275,0.3758,-0.0822,-557.18,753.0000,0.05
2026-06-04 12:15:00,753.35,755.1,752.6,753.75,685923,0.4014,-0.0822,-588.32,753.0000,0.10
2026-06-04 12:20:00,753.65,754.5,753.1,754.1,339197,0.4141,-0.0822,-603.77,753.0000,0.15
2026-06-04 12:25:00,754.15,754.65,753.25,753.95,738060,0.3850,-0.0822,-568.37,753.0000,0.13
2026-06-04 12:30:00,753.95,754,752.5,752.75,222884,0.2635,-0.0822,-420.56,753.0000,-0.03
2026-06-04 12:35:00,752.75,753.75,752,753.55,280754,0.2175,-0.0822,-364.60,753.0000,0.07
2026-06-04 12:40:00,753.6,754.15,752.85,753.1,410840,0.1408,-0.0822,-271.29,753.0000,0.01
2026-06-04 12:45:00,753.1,754.7,753.05,753.8,415627,0.1221,-0.0822,-248.54,753.0000,0.11
2026-06-04 12:50:00,753.8,753.9,753.15,753.7,197771,0.0894,-0.0822,-208.76,753.0000,0.09
2026-06-04 12:55:00,753.75,754.25,753.65,754.15,212826,0.0844,-0.0822,-202.68,753.0000,0.15
2026-06-04 13:00:00,754.15,756,753.8,754.95,613334,0.1193,-0.0822,-245.13,753.0000,0.26
2026-06-04 13:05:00,755,755.75,753.95,754.8,502311,0.1164,-0.0822,-241.61,753.0000,0.24
2026-06-04 13:10:00,754.8,755.5,751.5,751.7,516082,-0.0985,-0.0822,19.83,753.0000,-0.17
2026-06-04 13:15:00,751.65,752.95,750.25,752.25,689523,-0.2019,-0.0822,145.62,753.0000,-0.10
2026-06-04 13:20:00,752.25,753.85,751.05,751.05,1641035,-0.3412,-0.0822,315.09,753.0000,-0.26
2026-06-04 13:25:00,751.15,752,750.6,751.3,300917,-0.4024,-0.0822,389.54,753.0000,-0.23
2026-06-04 13:30:00,751.3,751.5,750.6,751.4,190480,-0.4200,-0.0822,410.95,753.0000,-0.21
2026-06-04 13:35:00,751.4,751.7,751.05,751.35,182455,-0.4181,-0.0822,408.64,753.0000,-0.22
2026-06-04 13:40:00,751.5,751.5,749.6,749.75,279647,-0.5020,-0.0822,510.71,753.0000,-0.43
2026-06-04 13:45:00,749.9,752.3,749.65,751.4,388338,-0.4267,-0.0822,419.10,753.0000,-0.21
2026-06-04 13:50:00,751.3,752.15,750.5,751.55,353729,-0.3504,-0.0822,326.28,753.0000,-0.19
2026-06-04 13:55:00,751.55,752.15,750.85,751.25,309053,-0.3052,-0.0822,271.29,753.0000,-0.23
2026-06-04 14:00:00,751.15,754.65,751.05,754.3,943049,-0.0676,-0.0822,-17.76,753.0000,0.17
2026-06-04 14:05:00,754.35,755.45,753.6,755.25,699804,0.1444,-0.0822,-275.67,753.0000,0.30
2026-06-04 14:10:00,755.25,755.8,754.3,754.6,385552,0.2268,-0.0822,-375.91,753.0000,0.21
2026-06-04 14:15:00,754.7,755.3,754.25,754.75,343484,0.2741,-0.0822,-433.45,753.0000,0.23
2026-06-04 14:20:00,754.7,755.15,754,754.35,277439,0.2613,-0.0822,-417.88,753.0000,0.18
2026-06-04 14:25:00,754.3,755.05,754.25,754.6,233521,0.2523,-0.0822,-406.93,753.0000,0.21
2026-06-04 14:30:00,754.65,756,754.1,755,738379,0.2552,-0.0822,-410.46,753.0000,0.27
2026-06-04 14:35:00,755.15,757,754.9,756.85,417866,0.3574,-0.0822,-534.79,753.0000,0.51
2026-06-04 14:40:00,756.95,756.95,755.8,755.85,381755,0.3337,-0.0822,-505.96,753.0000,0.38
2026-06-04 14:45:00,755.9,757.3,755.05,755.85,475215,0.2955,-0.0822,-459.49,753.0000,0.38
2026-06-04 14:50:00,755.9,755.9,753.6,753.7,591534,0.1122,-0.0822,-236.50,753.0000,0.09
2026-06-04 14:55:00,753.6,754.75,753.6,753.8,397783,-0.0090,-0.0822,-89.05,753.0000,0.11
2026-06-04 15:00:00,753.8,755.9,751.9,752.4,3215654,-0.1807,-0.0822,119.83,753.0000,-0.08
2026-06-04 15:05:00,752.45,756,752.2,755.25,2057087,-0.1034,-0.0822,25.79,753.0000,0.30
2026-06-04 15:10:00,755.2,755.25,753.9,754,1032997,-0.1354,-0.0822,64.72,753.0000,0.13
2026-06-04 15:15:00,753.95,754.4,753.45,753.45,1073443,-0.1894,-0.0822,130.41,753.0000,0.06
2026-06-04 15:20:00,753.6,753.95,753.1,753.4,906405,-0.2220,-0.0822,170.07,753.0000,0.05
2026-06-04 15:25:00,753.45,754.2,752.2,753.25,641637,-0.2452,-0.0822,198.30,753.0000,0.03
2026-06-05 09:15:00,753.95,757,751.55,752.3,1267557,-0.3119,-0.2452,27.20,753.2500,-0.13
2026-06-05 09:20:00,752.3,754.9,752.1,754.15,583255,-0.2230,-0.2452,-9.05,753.2500,0.12
2026-06-05 09:25:00,754.15,756.5,753.75,756.25,461533,-0.0247,-0.2452,-89.93,753.2500,0.40
2026-06-05 09:30:00,756,757.9,755.5,757.8,566154,0.1967,-0.2452,-180.22,753.2500,0.60
2026-06-05 09:35:00,757.8,758.7,756.2,756.5,409674,0.2386,-0.2452,-197.31,753.2500,0.43
2026-06-05 09:40:00,756.5,756.7,755.5,755.9,186278,0.2100,-0.2452,-185.64,753.2500,0.35
2026-06-05 09:45:00,755.95,756.55,754.3,754.85,153982,0.1095,-0.2452,-144.66,753.2500,0.21
2026-06-05 09:50:00,754.85,756.3,754.6,755.5,159168,0.0774,-0.2452,-131.57,753.2500,0.30
2026-06-05 09:55:00,755.5,755.5,754.2,754.9,195669,0.0099,-0.2452,-104.04,753.2500,0.22
2026-06-05 10:00:00,754.9,757.5,754.6,756.25,323477,0.0483,-0.2452,-119.70,753.2500,0.40
2026-06-05 10:05:00,756.2,758,754.4,756.5,284795,0.0806,-0.2452,-132.87,753.2500,0.43
2026-06-05 10:10:00,756.4,756.95,754.3,754.7,252376,-0.0236,-0.2452,-90.38,753.2500,0.19
2026-06-05 10:15:00,754.85,755.95,753.7,755.4,210491,-0.0482,-0.2452,-80.34,753.2500,0.29
2026-06-05 10:20:00,755.4,757.2,755.35,756.85,158613,0.0263,-0.2452,-110.73,753.2500,0.48
2026-06-05 10:25:00,757.1,757.9,755.8,756.4,187543,0.0376,-0.2452,-115.33,753.2500,0.42
2026-06-05 10:30:00,756.35,756.55,754,754.2,147405,-0.1029,-0.2452,-58.03,753.2500,0.13
2026-06-05 10:35:00,754.15,754.85,751.75,752.15,418976,-0.3215,-0.2452,31.12,753.2500,-0.15
2026-06-05 10:40:00,752.15,752.45,750.5,751.6,206991,-0.4811,-0.2452,96.21,753.2500,-0.22
2026-06-05 10:45:00,751.6,752.75,750.1,752.65,231514,-0.4921,-0.2452,100.69,753.2500,-0.08
2026-06-05 10:50:00,752.6,753.55,752.1,753.15,156696,-0.4434,-0.2452,80.83,753.2500,-0.01
2026-06-05 10:55:00,753.15,753.75,752.5,753.45,97986,-0.3716,-0.2452,51.55,753.2500,0.03
2026-06-05 11:00:00,753.7,754.8,753.15,754.8,351438,-0.2212,-0.2452,-9.79,753.2500,0.21
2026-06-05 11:05:00,754.8,756.5,754.15,755.35,462428,-0.0800,-0.2452,-67.37,753.2500,0.28
2026-06-05 11:10:00,755.2,755.45,754.25,754.35,248023,-0.0507,-0.2452,-79.32,753.2500,0.15
2026-06-05 11:15:00,754.35,755,753.1,753.9,119708,-0.0578,-0.2452,-76.43,753.2500,0.09
2026-06-05 11:20:00,753.85,753.9,752.35,753,90693,-0.1160,-0.2452,-52.69,753.2500,-0.03
2026-06-05 11:25:00,753.05,753.1,752,752.25,158700,-0.1934,-0.2452,-21.13,753.2500,-0.13
2026-06-05 11:30:00,752.25,753,751.5,751.95,126556,-0.2494,-0.2452,1.71,753.2500,-0.17
2026-06-05 11:35:00,751.95,752.05,751.05,751.5,138482,-0.2983,-0.2452,21.66,753.2500,-0.23
2026-06-05 11:40:00,751.5,752.8,751.15,751.5,207174,-0.3106,-0.2452,26.67,753.2500,-0.23
2026-06-05 11:45:00,751.8,752.45,751.45,751.6,108312,-0.2923,-0.2452,19.21,753.2500,-0.22
2026-06-05 11:50:00,751.6,751.6,750.55,750.8,126537,-0.3126,-0.2452,27.49,753.2500,-0.33
2026-06-05 11:55:00,750.75,750.8,750,750,90689,-0.3553,-0.2452,44.90,753.2500,-0.43
2026-06-05 12:00:00,750.1,751.75,750,751.65,101339,-0.2525,-0.2452,2.98,753.2500,-0.21
2026-06-05 12:05:00,751.5,751.95,751.15,751.5,77478,-0.1784,-0.2452,-27.24,753.2500,-0.23
2026-06-05 12:10:00,751.55,752.15,751,752.1,79395,-0.0778,-0.2452,-68.27,753.2500,-0.15
2026-06-05 12:15:00,752,752.1,751.35,751.65,66695,-0.0326,-0.2452,-86.70,753.2500,-0.21
2026-06-05 12:20:00,751.65,751.9,751,751.7,153250,0.0073,-0.2452,-102.98,753.2500,-0.21
2026-06-05 12:25:00,751.55,752.5,751.55,751.9,86783,0.0515,-0.2452,-121.00,753.2500,-0.18
2026-06-05 12:30:00,751.9,751.9,750.6,751.15,90855,0.0352,-0.2452,-114.36,753.2500,-0.28
2026-06-05 12:35:00,751.15,751.35,750.2,751.15,101326,0.0297,-0.2452,-112.11,753.2500,-0.28
2026-06-05 12:40:00,751.15,751.2,750.1,750.35,64897,-0.0198,-0.2452,-91.92,753.2500,-0.38
2026-06-05 12:45:00,750.4,750.65,750,750.35,104239,-0.0433,-0.2452,-82.34,753.2500,-0.38
2026-06-05 12:50:00,750.35,750.45,749.25,750.1,179088,-0.0651,-0.2452,-73.45,753.2500,-0.42
2026-06-05 12:55:00,750.1,750.25,749.8,750,41800,-0.0750,-0.2452,-69.41,753.2500,-0.43
2026-06-05 13:00:00,749.95,750.55,749.4,750.4,93108,-0.0447,-0.2452,-81.77,753.2500,-0.38
2026-06-05 13:05:00,750.55,750.75,749.7,749.9,77745,-0.0483,-0.2452,-80.30,753.2500,-0.44
2026-06-05 13:10:00,749.9,749.9,749,749.25,91565,-0.0823,-0.2452,-66.44,753.2500,-0.53
2026-06-05 13:15:00,749.25,749.8,749.05,749.5,77782,-0.0761,-0.2452,-68.96,753.2500,-0.50
2026-06-05 13:20:00,749.55,749.6,747.75,748.2,212770,-0.1436,-0.2452,-41.44,753.2500,-0.67
2026-06-05 13:25:00,748.2,749,747.55,747.65,142541,-0.2056,-0.2452,-16.15,753.2500,-0.74
2026-06-05 13:30:00,747.65,748.2,747,747.45,160497,-0.2382,-0.2452,-2.85,753.2500,-0.77
2026-06-05 13:35:00,747.3,747.9,746.7,747.9,266189,-0.2085,-0.2452,-14.97,753.2500,-0.71
2026-06-05 13:40:00,747.9,748,746.3,747.1,109215,-0.2207,-0.2452,-9.99,753.2500,-0.82
2026-06-05 13:45:00,747.1,747.9,746.8,747.6,71843,-0.1751,-0.2452,-28.59,753.2500,-0.75
2026-06-05 13:50:00,747.65,748,747.1,747.6,71107,-0.1270,-0.2452,-48.21,753.2500,-0.75
2026-06-05 13:55:00,747.6,748,747.25,747.95,130836,-0.0574,-0.2452,-76.59,753.2500,-0.70
2026-06-05 14:00:00,748,748.35,746.75,747.75,272893,-0.0129,-0.2452,-94.74,753.2500,-0.73
2026-06-05 14:05:00,747.75,747.75,746.6,746.75,185589,-0.0374,-0.2452,-84.75,753.2500,-0.86
2026-06-05 14:10:00,746.85,747,746.2,746.5,153388,-0.0560,-0.2452,-77.16,753.2500,-0.90
2026-06-05 14:15:00,746.5,746.5,745.4,745.9,213039,-0.0921,-0.2452,-62.44,753.2500,-0.98
2026-06-05 14:20:00,745.9,746.4,745.35,746.3,191643,-0.0733,-0.2452,-70.11,753.2500,-0.92
2026-06-05 14:25:00,746.35,748,746.3,747.5,229738,0.0302,-0.2452,-112.32,753.2500,-0.76
2026-06-05 14:30:00,747.5,748,746.1,746.5,160429,0.0409,-0.2452,-116.68,753.2500,-0.90
2026-06-05 14:35:00,746.4,746.95,744.65,745.75,694808,0.0087,-0.2452,-103.55,753.2500,-1.00
2026-06-05 14:40:00,745.75,748.4,744.95,747.95,756138,0.1395,-0.2452,-156.89,753.2500,-0.70
2026-06-05 14:45:00,747.95,748.9,746.3,747,739490,0.1644,-0.2452,-167.05,753.2500,-0.83
2026-06-05 14:50:00,747.1,747.75,746.65,747.45,560530,0.2104,-0.2452,-185.81,753.2500,-0.77
2026-06-05 14:55:00,747.45,747.7,746.45,747.05,538082,0.2127,-0.2452,-186.75,753.2500,-0.82
2026-06-05 15:00:00,746.85,747.15,745.35,746.45,821825,0.1741,-0.2452,-171.00,753.2500,-0.90
2026-06-05 15:05:00,746.45,747.3,745.7,746.85,950097,0.1753,-0.2452,-171.49,753.2500,-0.85
2026-06-05 15:10:00,746.9,748,746.5,747.45,876966,0.2138,-0.2452,-187.19,753.2500,-0.77
2026-06-05 15:15:00,747.45,748.35,747,747.7,898725,0.2509,-0.2452,-202.32,753.2500,-0.74
2026-06-05 15:20:00,747.7,748,746.9,747.75,906134,0.2717,-0.2452,-210.81,753.2500,-0.73
2026-06-05 15:25:00,747.75,748.55,747.15,748.2,885057,0.3062,-0.2452,-224.88,753.2500,-0.67
2026-06-08 09:15:00,738,741.5,736.6,740.4,2207437,-0.1797,0.3062,-158.69,748.2000,-1.04
2026-06-08 09:20:00,740.3,740.35,737.15,739.55,734016,-0.5225,0.3062,-270.64,748.2000,-1.16
2026-06-08 09:25:00,739.55,740.6,738.85,739.75,506658,-0.6893,0.3062,-325.11,748.2000,-1.13
2026-06-08 09:30:00,739.75,740.8,739.25,740.2,283751,-0.7195,0.3062,-334.98,748.2000,-1.07
2026-06-08 09:35:00,740.2,740.25,737,738.4,516461,-0.8046,0.3062,-362.77,748.2000,-1.31
2026-06-08 09:40:00,738.4,738.95,738,738.7,179678,-0.7837,0.3062,-355.94,748.2000,-1.27
2026-06-08 09:45:00,738.7,739.55,738,738,161110,-0.7594,0.3062,-348.01,748.2000,-1.36
2026-06-08 09:50:00,738,739.8,737,739.8,756912,-0.5732,0.3062,-287.20,748.2000,-1.12
2026-06-08 09:55:00,739.8,740.9,739.4,739.8,679072,-0.4086,0.3062,-233.44,748.2000,-1.12
2026-06-08 10:00:00,739.8,739.8,737.7,737.7,225227,-0.3994,0.3062,-230.44,748.2000,-1.40
2026-06-08 10:05:00,737.9,739.35,737.3,739.3,174338,-0.2510,0.3062,-181.97,748.2000,-1.19
2026-06-08 10:10:00,739.3,739.9,738.5,738.85,131247,-0.1535,0.3062,-150.13,748.2000,-1.25
2026-06-08 10:15:00,738.85,740.1,738.3,740,274559,0.0096,0.3062,-96.86,748.2000,-1.10
2026-06-08 10:20:00,740,740.3,738.75,738.85,111847,0.0584,0.3062,-80.93,748.2000,-1.25
2026-06-08 10:25:00,738.85,739.45,738.5,739.15,111396,0.1255,0.3062,-59.01,748.2000,-1.21
2026-06-08 10:30:00,739.15,739.95,738.95,739.7,236879,0.2160,0.3062,-29.46,748.2000,-1.14
2026-06-08 10:35:00,739.7,739.9,738.6,739.6,179453,0.2747,0.3062,-10.29,748.2000,-1.15
2026-06-08 10:40:00,739.6,739.85,738.5,738.6,192123,0.2521,0.3062,-17.67,748.2000,-1.28
2026-06-08 10:45:00,738.6,739,738.1,739,175347,0.2687,0.3062,-12.25,748.2000,-1.23
2026-06-08 10:50:00,739,739.8,737.8,738.25,572067,0.2348,0.3062,-23.32,748.2000,-1.33
2026-06-08 10:55:00,738.25,739.25,738.2,739.15,153000,0.2760,0.3062,-9.86,748.2000,-1.21
2026-06-08 11:00:00,739.15,739.25,738.4,738.6,72004,0.2688,0.3062,-12.21,748.2000,-1.28
2026-06-08 11:05:00,738.6,739,738.1,738.8,203660,0.2789,0.3062,-8.92,748.2000,-1.26
2026-06-08 11:10:00,738.8,739.2,738.5,738.65,118008,0.2764,0.3062,-9.73,748.2000,-1.28
2026-06-08 11:15:00,738.65,739,737.2,737.6,393845,0.2080,0.3062,-32.07,748.2000,-1.42
2026-06-08 11:20:00,737.6,738.15,737.5,737.9,107402,0.1877,0.3062,-38.70,748.2000,-1.38
2026-06-08 11:25:00,737.85,738,737.2,737.75,113877,0.1693,0.3062,-44.71,748.2000,-1.40
2026-06-08 11:30:00,737.75,738,737.5,738,88093,0.1783,0.3062,-41.77,748.2000,-1.36
2026-06-08 11:35:00,738,738,737.6,738,80599,0.1876,0.3062,-38.73,748.2000,-1.36
2026-06-08 11:40:00,738,738.05,737.7,737.8,275716,0.1834,0.3062,-40.10,748.2000,-1.39
2026-06-08 11:45:00,737.8,738.05,737.7,737.95,90212,0.1929,0.3062,-37.00,748.2000,-1.37
2026-06-08 11:50:00,737.95,738.5,737.45,738.15,221468,0.2132,0.3062,-30.37,748.2000,-1.34
2026-06-08 11:55:00,738.15,738.2,737.2,737.8,185034,0.2037,0.3062,-33.47,748.2000,-1.39
2026-06-08 12:00:00,737.8,738.2,737.5,738.05,79030,0.2138,0.3062,-30.18,748.2000,-1.36
2026-06-08 12:05:00,738.05,738.5,737.5,738.3,144834,0.2351,0.3062,-23.22,748.2000,-1.32
2026-06-08 12:10:00,738.3,738.95,738.25,738.7,95287,0.2715,0.3062,-11.33,748.2000,-1.27
2026-06-08 12:15:00,738.7,739.15,738.3,738.75,156063,0.2923,0.3062,-4.54,748.2000,-1.26
2026-06-08 12:20:00,738.75,739.35,738.7,739.3,167474,0.3337,0.3062,8.98,748.2000,-1.19
2026-06-08 12:25:00,739.3,739.35,738.8,739,73903,0.3306,0.3062,7.97,748.2000,-1.23
2026-06-08 12:30:00,738.95,739.4,738.8,739.25,79548,0.3343,0.3062,9.18,748.2000,-1.20
2026-06-08 12:35:00,739.25,739.4,739,739.3,64821,0.3285,0.3062,7.28,748.2000,-1.19
2026-06-08 12:40:00,739.3,740,739.15,739.7,238946,0.3386,0.3062,10.58,748.2000,-1.14
2026-06-08 12:45:00,739.7,740.35,739.05,739.95,246460,0.3478,0.3062,13.59,748.2000,-1.10
2026-06-08 12:50:00,739.95,740.8,739.75,739.8,147855,0.3296,0.3062,7.64,748.2000,-1.12
2026-06-08 12:55:00,739.8,740.2,739.55,739.7,115266,0.2977,0.3062,-2.78,748.2000,-1.14
2026-06-08 13:00:00,739.7,739.8,738.85,738.95,102901,0.2167,0.3062,-29.23,748.2000,-1.24
2026-06-08 13:05:00,738.95,738.95,738.25,738.75,119984,0.1437,0.3062,-53.07,748.2000,-1.26
2026-06-08 13:10:00,738.75,738.8,738.4,738.65,62143,0.0857,0.3062,-72.01,748.2000,-1.28
2026-06-08 13:15:00,738.65,738.9,738.15,738.25,88806,0.0208,0.3062,-93.21,748.2000,-1.33
2026-06-08 13:20:00,738.3,738.35,737.7,737.9,146565,-0.0420,0.3062,-113.72,748.2000,-1.38
2026-06-08 13:25:00,737.9,737.9,736.6,737.6,364771,-0.0968,0.3062,-131.61,748.2000,-1.42
2026-06-08 13:30:00,737.75,738,736.75,737.5,180747,-0.1307,0.3062,-142.68,748.2000,-1.43
2026-06-08 13:35:00,737.5,737.75,737.15,737.75,87422,-0.1272,0.3062,-141.54,748.2000,-1.40
2026-06-08 13:40:00,737.75,737.75,736.7,736.9,116574,-0.1703,0.3062,-155.62,748.2000,-1.51
2026-06-08 13:45:00,736.9,736.9,735.4,736.3,361642,-0.2240,0.3062,-173.15,748.2000,-1.59
2026-06-08 13:50:00,736.3,736.4,735.3,736,254723,-0.2618,0.3062,-185.50,748.2000,-1.63
2026-06-08 13:55:00,736.1,736.2,735.5,736.2,254812,-0.2553,0.3062,-183.38,748.2000,-1.60
2026-06-08 14:00:00,736.1,736.65,735.6,735.85,296335,-0.2558,0.3062,-183.54,748.2000,-1.65
2026-06-08 14:05:00,735.85,736.5,735,735.15,229696,-0.2824,0.3062,-192.23,748.2000,-1.74
2026-06-08 14:10:00,735.15,735.6,735,735,149325,-0.2883,0.3062,-194.15,748.2000,-1.76
2026-06-08 14:15:00,735.05,736.35,734.5,735.85,314833,-0.2163,0.3062,-170.64,748.2000,-1.65
2026-06-08 14:20:00,735.75,736.7,735.25,736.05,227888,-0.1404,0.3062,-145.85,748.2000,-1.62
2026-06-08 14:25:00,736,736.85,736,736.3,212117,-0.0624,0.3062,-120.38,748.2000,-1.59
2026-06-08 14:30:00,736,737.25,736,737.2,231568,0.0544,0.3062,-82.23,748.2000,-1.47
2026-06-08 14:35:00,737.2,737.4,736.55,737.2,264840,0.1318,0.3062,-56.96,748.2000,-1.47
2026-06-08 14:40:00,737.2,738.7,736.7,738.65,338444,0.2727,0.3062,-10.94,748.2000,-1.28
2026-06-08 14:45:00,738.55,738.8,736.7,738.4,622881,0.3370,0.3062,10.06,748.2000,-1.31
2026-06-08 14:50:00,738.4,740.3,738.25,740.05,653709,0.4703,0.3062,53.59,748.2000,-1.09
2026-06-08 14:55:00,740.05,740.4,738.6,739.6,381524,0.5048,0.3062,64.86,748.2000,-1.15
2026-06-08 15:00:00,739.85,740,737.05,737.6,376214,0.3755,0.3062,22.63,748.2000,-1.42
2026-06-08 15:05:00,737.6,739.4,737.45,738.95,673138,0.3632,0.3062,18.62,748.2000,-1.24
2026-06-08 15:10:00,738.95,739.05,738.7,738.8,342148,0.3284,0.3062,7.25,748.2000,-1.26
2026-06-08 15:15:00,738.85,738.9,738.25,738.65,403149,0.2805,0.3062,-8.39,748.2000,-1.28
2026-06-08 15:20:00,738.7,739.2,738.45,739,413885,0.2582,0.3062,-15.68,748.2000,-1.23
2026-06-08 15:25:00,738.95,739.05,737.25,738,378513,0.1664,0.3062,-45.66,748.2000,-1.36
2026-06-09 09:15:00,739.45,741.9,738.65,740.05,1561186,0.2301,0.1664,38.28,738.0000,0.28
2026-06-09 09:20:00,740.25,742.6,740,741.95,617372,0.3778,0.1664,127.04,738.0000,0.54
2026-06-09 09:25:00,741.95,742.3,741.3,741.7,375347,0.4324,0.1664,159.86,738.0000,0.50
2026-06-09 09:30:00,741.7,743.95,741.6,741.95,711645,0.4567,0.1664,174.46,738.0000,0.54
2026-06-09 09:35:00,741.95,742.05,740,740.2,322815,0.3319,0.1664,99.46,738.0000,0.30
2026-06-09 09:40:00,740,740.15,739,739.15,269055,0.1643,0.1664,-1.26,738.0000,0.16
2026-06-09 09:45:00,739.15,740,738.1,738.35,248858,-0.0058,0.1664,-103.49,738.0000,0.05
2026-06-09 09:50:00,738.35,739.8,738.05,739.7,170134,-0.0314,0.1664,-118.87,738.0000,0.23
2026-06-09 09:55:00,739.55,739.9,738.3,738.75,228588,-0.1117,0.1664,-167.13,738.0000,0.10
2026-06-09 10:00:00,738.75,738.75,737.4,737.7,285680,-0.2283,0.1664,-237.20,738.0000,-0.04
2026-06-09 10:05:00,737.7,737.95,737.25,737.75,163775,-0.2908,0.1664,-274.76,738.0000,-0.03
2026-06-09 10:10:00,737.75,737.8,737.05,737.3,231759,-0.3473,0.1664,-308.71,738.0000,-0.09
2026-06-09 10:15:00,737.3,737.7,737.05,737.5,115522,-0.3548,0.1664,-313.22,738.0000,-0.07
2026-06-09 10:20:00,737.45,737.9,736.2,736.5,256737,-0.4071,0.1664,-344.65,738.0000,-0.20
2026-06-09 10:25:00,736.7,736.95,736.25,736.8,109298,-0.4007,0.1664,-340.81,738.0000,-0.16
2026-06-09 10:30:00,736.8,736.8,736.05,736.55,165348,-0.3921,0.1664,-335.64,738.0000,-0.20
2026-06-09 10:35:00,736.55,736.9,736,736.15,133438,-0.3912,0.1664,-335.10,738.0000,-0.25
2026-06-09 10:40:00,736.15,736.3,736,736.3,101877,-0.3593,0.1664,-315.93,738.0000,-0.23
2026-06-09 10:45:00,736.25,737.15,735.7,735.7,257872,-0.3566,0.1664,-314.30,738.0000,-0.31
2026-06-09 10:50:00,735.75,736.3,735.2,736.15,154335,-0.3045,0.1664,-282.99,738.0000,-0.25
2026-06-09 10:55:00,736.2,736.45,735.45,736.05,128462,-0.2586,0.1664,-255.41,738.0000,-0.26
2026-06-09 11:00:00,736,736.2,735.9,736.05,137342,-0.2120,0.1664,-227.40,738.0000,-0.26
2026-06-09 11:05:00,736,736.45,735.55,735.6,168315,-0.1957,0.1664,-217.61,738.0000,-0.33
2026-06-09 11:10:00,735.55,735.6,735,735.5,205526,-0.1764,0.1664,-206.01,738.0000,-0.34
2026-06-09 11:15:00,735.35,735.95,735.3,735.7,196014,-0.1367,0.1664,-182.15,738.0000,-0.31
2026-06-09 11:20:00,735.7,735.75,732.65,733,765641,-0.2711,0.1664,-262.92,738.0000,-0.68
2026-06-09 11:25:00,732.8,734.65,732.3,733.7,566048,-0.2899,0.1664,-274.22,738.0000,-0.58
2026-06-09 11:30:00,733.5,734.4,733.3,733.9,258312,-0.2666,0.1664,-260.22,738.0000,-0.56
2026-06-09 11:35:00,733.9,735.75,733.6,735.45,337217,-0.1313,0.1664,-178.91,738.0000,-0.35
2026-06-09 11:40:00,735.5,735.65,733.6,733.8,937280,-0.1368,0.1664,-182.21,738.0000,-0.57
2026-06-09 11:45:00,733.85,735.75,733.4,734.75,442578,-0.0641,0.1664,-138.52,738.0000,-0.44
2026-06-09 11:50:00,734.75,735.35,733.5,734,628438,-0.0545,0.1664,-132.75,738.0000,-0.54
2026-06-09 11:55:00,734,735.15,733.9,734.7,304801,0.0077,0.1664,-95.37,738.0000,-0.45
2026-06-09 12:00:00,734.75,736.45,734.65,735,332450,0.0741,0.1664,-55.47,738.0000,-0.41
2026-06-09 12:05:00,735.05,735.4,734,734.3,167436,0.0756,0.1664,-54.57,738.0000,-0.50
2026-06-09 12:10:00,734.2,734.9,733.9,734.8,280712,0.1128,0.1664,-32.21,738.0000,-0.43
2026-06-09 12:15:00,734.7,735.15,734.3,735.05,217890,0.1542,0.1664,-7.33,738.0000,-0.40
2026-06-09 12:20:00,735.05,736.15,734.85,735.4,367736,0.2021,0.1664,21.45,738.0000,-0.35
2026-06-09 12:25:00,735.2,736.7,735,736.7,267362,0.3118,0.1664,87.38,738.0000,-0.18
2026-06-09 12:30:00,736.55,737.8,736,737.4,380574,0.4153,0.1664,149.58,738.0000,-0.08
2026-06-09 12:35:00,737.2,738.2,736.95,738.2,416088,0.5151,0.1664,209.56,738.0000,0.03
2026-06-09 12:40:00,738.15,739.7,738,738.45,646217,0.5710,0.1664,243.15,738.0000,0.06
2026-06-09 12:45:00,738.3,739.85,738.15,738.35,551609,0.5728,0.1664,244.23,738.0000,0.05
2026-06-09 12:50:00,738.3,739.5,737.85,738.6,385481,0.5617,0.1664,237.56,738.0000,0.08
2026-06-09 12:55:00,738.6,739.5,737.85,739.15,557242,0.5608,0.1664,237.02,738.0000,0.16
2026-06-09 13:00:00,739,741.9,739,739.7,1368121,0.5653,0.1664,239.72,738.0000,0.23
2026-06-09 13:05:00,739.6,741.2,738.65,740.35,1170394,0.5778,0.1664,247.24,738.0000,0.32
2026-06-09 13:10:00,740.35,742.75,740.25,741.95,642699,0.6542,0.1664,293.15,738.0000,0.54
2026-06-09 13:15:00,741.7,742.75,740.85,741.2,751836,0.6150,0.1664,269.59,738.0000,0.43
2026-06-09 13:20:00,741,741.35,740.15,741,344448,0.5392,0.1664,224.04,738.0000,0.41
2026-06-09 13:25:00,740.95,742.5,740.95,742.15,756411,0.5293,0.1664,218.09,738.0000,0.56
2026-06-09 13:30:00,742.05,742.2,740.5,741.75,417837,0.4611,0.1664,177.10,738.0000,0.51
2026-06-09 13:35:00,741.75,741.85,740.85,741.5,244839,0.3685,0.1664,121.45,738.0000,0.47
2026-06-09 13:40:00,741.5,741.7,739.9,740.45,742044,0.2136,0.1664,28.37,738.0000,0.33
2026-06-09 13:45:00,740.35,740.95,738.6,738.65,439451,-0.0207,0.1664,-112.44,738.0000,0.09
2026-06-09 13:50:00,738.6,739.5,738.4,738.9,286534,-0.1615,0.1664,-197.06,738.0000,0.12
2026-06-09 13:55:00,738.85,738.9,737.8,738.6,254415,-0.2711,0.1664,-262.92,738.0000,0.08
2026-06-09 14:00:00,738.4,738.75,737.75,737.95,170823,-0.3771,0.1664,-326.62,738.0000,-0.01
2026-06-09 14:05:00,737.95,739.15,737.75,739.15,258329,-0.3564,0.1664,-314.18,738.0000,0.16
2026-06-09 14:10:00,739,739.6,738,738.05,363334,-0.4033,0.1664,-342.37,738.0000,0.01
2026-06-09 14:15:00,738,738.2,737.15,737.35,607016,-0.4637,0.1664,-378.67,738.0000,-0.09
2026-06-09 14:20:00,737.2,737.45,736.3,736.9,719986,-0.5123,0.1664,-407.87,738.0000,-0.15
2026-06-09 14:25:00,737.05,738.35,736.85,738.35,399144,-0.4286,0.1664,-357.57,738.0000,0.05
2026-06-09 14:30:00,738.1,738.35,737.05,738.05,335055,-0.3771,0.1664,-326.62,738.0000,0.01
2026-06-09 14:35:00,738,738.6,737.25,738.5,449184,-0.2997,0.1664,-280.11,738.0000,0.07
2026-06-09 14:40:00,738.5,740,738.2,739.3,429463,-0.1872,0.1664,-212.50,738.0000,0.18
2026-06-09 14:45:00,739.25,739.4,738.3,738.7,203939,-0.1474,0.1664,-188.58,738.0000,0.09
2026-06-09 14:50:00,738.6,740.65,738.5,740.35,705576,-0.0113,0.1664,-106.79,738.0000,0.32
2026-06-09 14:55:00,740.35,740.45,739.15,739.6,459853,0.0247,0.1664,-85.16,738.0000,0.22
2026-06-09 15:00:00,739.45,739.55,737,737.95,1123735,-0.0612,0.1664,-136.78,738.0000,-0.01
2026-06-09 15:05:00,737.9,740.45,737,740.1,3934294,0.0235,0.1664,-85.88,738.0000,0.28
2026-06-09 15:10:00,740,740.1,737.55,738.8,1596924,-0.0095,0.1664,-105.71,738.0000,0.11
2026-06-09 15:15:00,738.6,738.75,737.3,737.85,994680,-0.0922,0.1664,-155.41,738.0000,-0.02
2026-06-09 15:20:00,737.85,739,737.5,738.6,773137,-0.0930,0.1664,-155.89,738.0000,0.08
2026-06-09 15:25:00,738.55,739.95,738,739.7,642477,-0.0198,0.1664,-111.90,738.0000,0.23
2026-06-10 09:15:00,736.5,744,736.4,741.45,2145997,0.1373,-0.0198,-793.43,739.7000,0.24
2026-06-10 09:20:00,741.45,741.45,739.65,739.95,723690,0.1312,-0.0198,-762.63,739.7000,0.03
2026-06-10 09:25:00,739.9,740.5,739.7,739.9,472424,0.1153,-0.0198,-682.32,739.7000,0.03
2026-06-10 09:30:00,739.9,740.5,738.65,740.3,929989,0.1225,-0.0198,-718.69,739.7000,0.08
2026-06-10 09:35:00,740.35,740.95,739.4,739.7,624213,0.0798,-0.0198,-503.03,739.7000,0.00
2026-06-10 09:40:00,739.75,740.2,738.35,740.2,723372,0.0780,-0.0198,-493.94,739.7000,0.07
2026-06-10 09:45:00,740,740.4,738.5,739.4,1184906,0.0188,-0.0198,-194.95,739.7000,-0.04
2026-06-10 09:50:00,739.15,741.35,738.8,741.35,685725,0.1022,-0.0198,-616.16,739.7000,0.22
2026-06-10 09:55:00,741.3,745.35,741.25,744.7,1789460,0.3597,-0.0198,-1916.67,739.7000,0.68
2026-06-10 10:00:00,744.7,745.5,742,742,478669,0.3260,-0.0198,-1746.46,739.7000,0.31
2026-06-10 10:05:00,742.1,742.1,740.1,740.45,358199,0.1841,-0.0198,-1029.80,739.7000,0.10
2026-06-10 10:10:00,740.4,740.45,739,739.05,338328,-0.0091,-0.0198,-54.04,739.7000,-0.09
2026-06-10 10:15:00,739.05,739.45,738.6,739.15,271989,-0.1284,-0.0198,548.48,739.7000,-0.07
2026-06-10 10:20:00,739.15,739.15,738,738.4,278340,-0.2492,-0.0198,1158.59,739.7000,-0.18
2026-06-10 10:25:00,738.4,738.45,737.25,737.65,367538,-0.3640,-0.0198,1738.38,739.7000,-0.28
2026-06-10 10:30:00,737.65,738.95,737.5,738.9,345631,-0.3405,-0.0198,1619.70,739.7000,-0.11
2026-06-10 10:35:00,738.85,739.25,738.1,738.15,280485,-0.3585,-0.0198,1710.61,739.7000,-0.21
2026-06-10 10:40:00,738.15,738.9,738,738.5,393176,-0.3306,-0.0198,1569.70,739.7000,-0.16
2026-06-10 10:45:00,738.55,739,737.9,738.95,451702,-0.2681,-0.0198,1254.04,739.7000,-0.10
2026-06-10 10:50:00,738.95,740.15,738.75,739.45,527245,-0.1835,-0.0198,826.77,739.7000,-0.03
2026-06-10 10:55:00,739.45,741.35,738.95,740.95,830981,-0.0252,-0.0198,27.27,739.7000,0.17
2026-06-10 11:00:00,740.95,741.35,739.8,740.45,334999,0.0434,-0.0198,-319.19,739.7000,0.10
2026-06-10 11:05:00,740.35,740.45,738.95,739.15,369621,0.0011,-0.0198,-105.56,739.7000,-0.07
2026-06-10 11:10:00,739.15,739.4,738.2,738.2,313671,-0.0863,-0.0198,335.86,739.7000,-0.20
2026-06-10 11:15:00,738.25,739.45,738.1,738.3,500312,-0.1301,-0.0198,557.07,739.7000,-0.19
2026-06-10 11:20:00,738.4,740.9,738.3,740.6,657611,-0.0036,-0.0198,-81.82,739.7000,0.12
2026-06-10 11:25:00,740.65,741.75,740,740.95,1703728,0.0986,-0.0198,-597.98,739.7000,0.17
2026-06-10 11:30:00,740.75,742.3,740.6,741.6,314914,0.1991,-0.0198,-1105.56,739.7000,0.26
2026-06-10 11:35:00,741.7,742.7,741.6,742.45,281079,0.3056,-0.0198,-1643.43,739.7000,0.37
2026-06-10 11:40:00,742.45,743.3,741.75,742.45,358604,0.3554,-0.0198,-1894.95,739.7000,0.37
2026-06-10 11:45:00,742.45,742.6,742,742.3,196339,0.3565,-0.0198,-1900.51,739.7000,0.35
2026-06-10 11:50:00,742.3,742.5,742,742.1,210450,0.3232,-0.0198,-1732.32,739.7000,0.32
2026-06-10 11:55:00,742,743.1,742,742.85,250452,0.3298,-0.0198,-1765.66,739.7000,0.43
2026-06-10 12:00:00,743,743.3,742.05,742.65,228743,0.2998,-0.0198,-1614.14,739.7000,0.40
2026-06-10 12:05:00,742.7,743.5,742.15,743.25,270762,0.2988,-0.0198,-1609.09,739.7000,0.48
2026-06-10 12:10:00,743.2,743.25,742.1,742.5,205371,0.2292,-0.0198,-1257.58,739.7000,0.38
2026-06-10 12:15:00,742.5,742.85,742,742.65,208527,0.1771,-0.0198,-994.44,739.7000,0.40
2026-06-10 12:20:00,742.65,743,742.05,742.3,190066,0.1064,-0.0198,-637.37,739.7000,0.35
2026-06-10 12:25:00,742.3,742.85,741.65,742.55,257672,0.0658,-0.0198,-432.32,739.7000,0.39
2026-06-10 12:30:00,742.55,743.15,742.15,742.45,174951,0.0238,-0.0198,-220.20,739.7000,0.37
2026-06-10 12:35:00,742.4,743.65,742.35,743.3,257259,0.0436,-0.0198,-320.20,739.7000,0.49
2026-06-10 12:40:00,743.3,744,742.45,743.1,499091,0.0340,-0.0198,-271.72,739.7000,0.46
2026-06-10 12:45:00,743.15,745.25,742.5,745.1,395205,0.1468,-0.0198,-841.41,739.7000,0.73
2026-06-10 12:50:00,745.1,746.75,745,746.2,717495,0.2726,-0.0198,-1476.77,739.7000,0.88
2026-06-10 12:55:00,746.25,746.35,744.85,746.35,733739,0.3388,-0.0198,-1811.11,739.7000,0.90
2026-06-10 13:00:00,746.3,750.5,746.2,750.15,903665,0.5963,-0.0198,-3111.62,739.7000,1.41
2026-06-10 13:05:00,750.1,753.55,750,753.1,1030991,0.9046,-0.0198,-4668.69,739.7000,1.81
2026-06-10 13:10:00,753.2,755.95,753,753.9,1060406,1.0892,-0.0198,-5601.01,739.7000,1.92
2026-06-10 13:15:00,753.9,754.8,752.85,753.45,571049,1.1045,-0.0198,-5678.28,739.7000,1.86
2026-06-10 13:20:00,753.45,754.25,751.6,751.8,524580,0.9337,-0.0198,-4815.66,739.7000,1.64
2026-06-10 13:25:00,751.75,753.95,751.75,753.4,729026,0.8605,-0.0198,-4445.96,739.7000,1.85
2026-06-10 13:30:00,753.55,755.5,753.45,754.75,804935,0.8344,-0.0198,-4314.14,739.7000,2.03
2026-06-10 13:35:00,754.75,755.8,754.2,754.6,487124,0.7416,-0.0198,-3845.45,739.7000,2.01
2026-06-10 13:40:00,754.55,755.6,753.6,754,604559,0.5814,-0.0198,-3036.36,739.7000,1.93
2026-06-10 13:45:00,753.95,755.5,753.85,753.85,765440,0.4147,-0.0198,-2194.44,739.7000,1.91
2026-06-10 13:50:00,753.85,754.65,752.45,753.05,423999,0.2103,-0.0198,-1162.12,739.7000,1.80
2026-06-10 13:55:00,753.1,753.6,752.25,752.25,276603,-0.0074,-0.0198,-62.63,739.7000,1.70
2026-06-10 14:00:00,752.3,752.45,751,751.9,329224,-0.1935,-0.0198,877.27,739.7000,1.65
2026-06-10 14:05:00,751.95,752.7,751,751,270703,-0.3845,-0.0198,1841.92,739.7000,1.53
2026-06-10 14:10:00,751.05,751.3,749.9,750.1,388541,-0.5678,-0.0198,2767.68,739.7000,1.41
2026-06-10 14:15:00,750,751,749.6,750.45,324277,-0.6556,-0.0198,3211.11,739.7000,1.45
2026-06-10 14:20:00,750.45,751.5,749.95,749.95,393181,-0.7316,-0.0198,3594.95,739.7000,1.39
2026-06-10 14:25:00,750,750.65,749.2,749.7,385561,-0.7787,-0.0198,3832.83,739.7000,1.35
2026-06-10 14:30:00,749.75,750.35,748.3,750.05,508580,-0.7651,-0.0198,3764.14,739.7000,1.40
2026-06-10 14:35:00,750.15,750.95,749.1,749.35,325870,-0.7794,-0.0198,3836.36,739.7000,1.30
2026-06-10 14:40:00,749.35,749.9,748.05,748.2,516009,-0.8375,-0.0198,4129.80,739.7000,1.15
2026-06-10 14:45:00,748.25,749.4,747.5,748.55,357029,-0.8222,-0.0198,4052.53,739.7000,1.20
2026-06-10 14:50:00,748.6,748.7,747.6,748.4,295890,-0.7919,-0.0198,3899.49,739.7000,1.18
2026-06-10 14:55:00,748.45,749.9,748.3,749.5,470152,-0.6721,-0.0198,3294.44,739.7000,1.32
2026-06-10 15:00:00,749.45,749.5,747.25,747.3,979633,-0.7115,-0.0198,3493.43,739.7000,1.03
2026-06-10 15:05:00,747.3,747.75,746.6,747.5,1009698,-0.6940,-0.0198,3405.05,739.7000,1.05
2026-06-10 15:10:00,747.5,747.65,746.2,746.2,1266250,-0.7358,-0.0198,3616.16,739.7000,0.88
2026-06-10 15:15:00,746.35,746.9,745.3,746.6,1522977,-0.7024,-0.0198,3447.47,739.7000,0.93
2026-06-10 15:20:00,746.6,747.9,745.5,747.75,1387539,-0.5742,-0.0198,2800.00,739.7000,1.09
2026-06-10 15:25:00,747.75,748,745.6,747.8,874420,-0.4622,-0.0198,2234.34,739.7000,1.10
2026-06-11 09:15:00,743,744.3,741.3,744.25,977061,-0.5948,-0.4622,28.69,747.8000,-0.47
2026-06-11 09:20:00,744.3,744.3,742,742.4,427680,-0.7640,-0.4622,65.30,747.8000,-0.72
2026-06-11 09:25:00,742.55,742.55,740.2,741.55,373036,-0.8818,-0.4622,90.78,747.8000,-0.84
2026-06-11 09:30:00,741.65,741.7,740.15,740.6,277615,-0.9654,-0.4622,108.87,747.8000,-0.96
2026-06-11 09:35:00,740.6,741.5,740.1,741.1,160383,-0.9286,-0.4622,100.91,747.8000,-0.90
2026-06-11 09:40:00,741.15,741.95,740.3,741.85,210283,-0.8001,-0.4622,73.11,747.8000,-0.80
2026-06-11 09:45:00,741.8,743.3,741.5,743.1,555020,-0.5871,-0.4622,27.02,747.8000,-0.63
2026-06-11 09:50:00,743.1,746,742.25,743.45,1448642,-0.3885,-0.4622,-15.95,747.8000,-0.58
2026-06-11 09:55:00,743.4,743.9,741.7,742.2,301998,-0.3105,-0.4622,-32.82,747.8000,-0.75
2026-06-11 10:00:00,742.2,743.35,741.2,741.45,640908,-0.2796,-0.4622,-39.51,747.8000,-0.85
2026-06-11 10:05:00,741.45,742.4,740.5,742,184374,-0.1962,-0.4622,-57.55,747.8000,-0.78
2026-06-11 10:10:00,742,742.85,741.4,741.5,109314,-0.1509,-0.4622,-67.35,747.8000,-0.84
2026-06-11 10:15:00,741.7,743.2,741.5,743.2,130623,0.0090,-0.4622,-101.95,747.8000,-0.62
2026-06-11 10:20:00,743.2,743.35,742.25,742.7,282082,0.0919,-0.4622,-119.88,747.8000,-0.68
2026-06-11 10:25:00,742.8,745.2,742.6,744.85,287756,0.2910,-0.4622,-162.96,747.8000,-0.39
2026-06-11 10:30:00,744.95,745.8,744.1,745.75,178006,0.4722,-0.4622,-202.16,747.8000,-0.27
2026-06-11 10:35:00,745.75,745.8,744.6,745.25,221233,0.5421,-0.4622,-217.29,747.8000,-0.34
2026-06-11 10:40:00,745.25,745.5,743.65,744.5,165113,0.5215,-0.4622,-212.83,747.8000,-0.44
2026-06-11 10:45:00,744.5,744.5,743.55,744.3,174433,0.4792,-0.4622,-203.68,747.8000,-0.47
2026-06-11 10:50:00,744.3,744.45,743.3,743.5,115230,0.3860,-0.4622,-183.51,747.8000,-0.58
2026-06-11 10:55:00,743.5,743.9,743.1,743.65,67430,0.3257,-0.4622,-170.47,747.8000,-0.55
2026-06-11 11:00:00,743.65,743.85,742.5,743.4,122936,0.2627,-0.4622,-156.84,747.8000,-0.59
2026-06-11 11:05:00,743.55,744.2,742,742.45,206426,0.1562,-0.4622,-133.79,747.8000,-0.72
2026-06-11 11:10:00,742.45,743,742,742.1,130609,0.0659,-0.4622,-114.26,747.8000,-0.76
2026-06-11 11:15:00,742.15,743.2,742.1,742.75,169691,0.0542,-0.4622,-111.73,747.8000,-0.68
2026-06-11 11:20:00,742.85,743.2,742.3,743.15,157822,0.0763,-0.4622,-116.51,747.8000,-0.62
2026-06-11 11:25:00,743.15,745.25,742.65,745.15,312052,0.2202,-0.4622,-147.64,747.8000,-0.35
2026-06-11 11:30:00,745.15,745.5,743.8,744.05,150381,0.2348,-0.4622,-150.80,747.8000,-0.50
2026-06-11 11:35:00,743.8,744.35,743.4,744,231145,0.2339,-0.4622,-150.61,747.8000,-0.51
2026-06-11 11:40:00,744,746.9,743.65,746.5,528426,0.3856,-0.4622,-183.43,747.8000,-0.17
2026-06-11 11:45:00,746.5,749.2,746.35,749.05,671407,0.6273,-0.4622,-235.72,747.8000,0.17
2026-06-11 11:50:00,749.2,750,748.85,749.5,500478,0.7773,-0.4622,-268.17,747.8000,0.23
2026-06-11 11:55:00,749.5,750.35,749,750,646452,0.8633,-0.4622,-286.78,747.8000,0.29
2026-06-11 12:00:00,750,750.75,749.3,750.7,265943,0.9156,-0.4622,-298.10,747.8000,0.39
2026-06-11 12:05:00,750.75,752.5,750.5,752.25,613956,0.9961,-0.4622,-315.51,747.8000,0.60
2026-06-11 12:10:00,752.25,754.5,751.6,754.45,747386,1.1293,-0.4622,-344.33,747.8000,0.89
2026-06-11 12:15:00,754.45,755,753.9,754,624642,1.1169,-0.4622,-341.65,747.8000,0.83
2026-06-11 12:20:00,754.15,754.9,753.1,754.4,372410,1.0655,-0.4622,-330.53,747.8000,0.88
2026-06-11 12:25:00,754.5,754.5,753.5,754,158134,0.9389,-0.4622,-303.14,747.8000,0.83
2026-06-11 12:30:00,754,756,753.5,754.55,854213,0.8304,-0.4622,-279.66,747.8000,0.90
2026-06-11 12:35:00,754.7,754.8,751.8,752.1,517973,0.5454,-0.4622,-218.00,747.8000,0.58
2026-06-11 12:40:00,752.25,752.95,751.5,752.2,404800,0.3263,-0.4622,-170.60,747.8000,0.59
2026-06-11 12:45:00,752.2,752.75,751.1,751.25,225379,0.0923,-0.4622,-119.97,747.8000,0.46
2026-06-11 12:50:00,751.1,751.95,750.6,750.9,276844,-0.1008,-0.4622,-78.19,747.8000,0.41
2026-06-11 12:55:00,750.9,752,750.6,752,235970,-0.1653,-0.4622,-64.24,747.8000,0.56
2026-06-11 13:00:00,752,752.95,750.55,750.65,403912,-0.3019,-0.4622,-34.68,747.8000,0.38
2026-06-11 13:05:00,750.65,750.9,749.85,749.95,260667,-0.4342,-0.4622,-6.06,747.8000,0.29
2026-06-11 13:10:00,749.95,750.15,749.3,749.4,636776,-0.5464,-0.4622,18.22,747.8000,0.21
2026-06-11 13:15:00,749.4,750,749.25,749.3,262026,-0.6102,-0.4622,32.02,747.8000,0.20
2026-06-11 13:20:00,749.35,749.8,748.55,749.6,371580,-0.6133,-0.4622,32.69,747.8000,0.24
2026-06-11 13:25:00,749.7,749.85,748.6,749.5,140690,-0.6024,-0.4622,30.33,747.8000,0.23
2026-06-11 13:30:00,749.5,750.25,749.15,749.4,368802,-0.5819,-0.4622,25.90,747.8000,0.21
2026-06-11 13:35:00,749.4,749.9,749,749.3,105172,-0.5551,-0.4622,20.10,747.8000,0.20
2026-06-11 13:40:00,749.4,749.7,748,748.2,159864,-0.5884,-0.4622,27.30,747.8000,0.05
2026-06-11 13:45:00,748.35,748.9,747.3,747.95,238242,-0.6019,-0.4622,30.23,747.8000,0.02
2026-06-11 13:50:00,748,749,747.4,748.4,237449,-0.5563,-0.4622,20.36,747.8000,0.08
2026-06-11 13:55:00,748.45,749.2,748.15,748.4,258838,-0.5036,-0.4622,8.96,747.8000,0.08
2026-06-11 14:00:00,748.45,748.95,748.25,748.6,374637,-0.4351,-0.4622,-5.86,747.8000,0.11
2026-06-11 14:05:00,748.65,748.9,747.25,747.65,331731,-0.4329,-0.4622,-6.34,747.8000,-0.02
2026-06-11 14:10:00,747.65,748.1,747.35,747.7,192434,-0.4074,-0.4622,-11.86,747.8000,-0.01
2026-06-11 14:15:00,747.7,748.2,747.45,747.75,207234,-0.3678,-0.4622,-20.42,747.8000,-0.01
2026-06-11 14:20:00,747.75,748.15,747,747.05,249271,-0.3684,-0.4622,-20.29,747.8000,-0.10
2026-06-11 14:25:00,747.05,749.2,746.95,748.65,318009,-0.2466,-0.4622,-46.65,747.8000,0.11
2026-06-11 14:30:00,748.6,748.8,747.1,747.5,444412,-0.2294,-0.4622,-50.37,747.8000,-0.04
2026-06-11 14:35:00,747.5,748.85,746.2,747.4,1092116,-0.2110,-0.4622,-54.35,747.8000,-0.05
2026-06-11 14:40:00,747.4,748.3,745.65,747,1085315,-0.2117,-0.4622,-54.20,747.8000,-0.11
2026-06-11 14:45:00,747,748.1,746,746.85,631624,-0.2077,-0.4622,-55.06,747.8000,-0.13
2026-06-11 14:50:00,746.95,746.95,744.7,745.2,803334,-0.2964,-0.4622,-35.87,747.8000,-0.35
2026-06-11 14:55:00,745.25,745.4,744.6,745,1240586,-0.3452,-0.4622,-25.31,747.8000,-0.37
2026-06-11 15:00:00,745,745.55,743.65,744.6,1208218,-0.3784,-0.4622,-18.13,747.8000,-0.43
2026-06-11 15:05:00,744.6,745.2,743.35,744.45,1779658,-0.3834,-0.4622,-17.05,747.8000,-0.45
2026-06-11 15:10:00,744.45,744.9,743.8,744.8,647105,-0.3375,-0.4622,-26.98,747.8000,-0.40
2026-06-11 15:15:00,744.8,745.7,744.2,745.15,685032,-0.2615,-0.4622,-43.42,747.8000,-0.35
2026-06-11 15:20:00,745.1,745.7,744.3,744.35,629249,-0.2433,-0.4622,-47.36,747.8000,-0.46
2026-06-11 15:25:00,744.35,745.55,744.25,745.3,615826,-0.1501,-0.4622,-67.52,747.8000,-0.33
2026-06-12 09:15:00,754.7,761.55,753.1,757.5,2642064,0.7035,-0.1501,-568.69,745.3000,1.64
2026-06-12 09:20:00,757.5,758.2,756.1,756.35,798533,1.1354,-0.1501,-856.43,745.3000,1.48
2026-06-12 09:25:00,756.35,758,756.25,757.8,383064,1.4437,-0.1501,-1061.83,745.3000,1.68
2026-06-12 09:30:00,757.95,760,757.7,759.65,1062157,1.6806,-0.1501,-1219.65,745.3000,1.93
2026-06-12 09:35:00,759.6,759.9,757.9,759.3,557595,1.7161,-0.1501,-1243.30,745.3000,1.88
2026-06-12 09:40:00,759.2,759.45,758,758.45,262237,1.5877,-0.1501,-1157.76,745.3000,1.76
2026-06-12 09:45:00,758.45,759.4,758.1,758.85,251731,1.4394,-0.1501,-1058.96,745.3000,1.82
2026-06-12 09:50:00,758.85,759.3,758.3,758.8,255528,1.2545,-0.1501,-935.78,745.3000,1.81
2026-06-12 09:55:00,759.05,760.5,758.8,760.15,869453,1.1428,-0.1501,-861.36,745.3000,1.99
2026-06-12 10:00:00,760.05,760.5,758.4,758.9,386486,0.9142,-0.1501,-709.06,745.3000,1.82
2026-06-12 10:05:00,758.8,760,758.7,758.95,415917,0.7053,-0.1501,-569.89,745.3000,1.83
2026-06-12 10:10:00,758.95,759.6,758.5,758.7,238992,0.4990,-0.1501,-432.45,745.3000,1.80
2026-06-12 10:15:00,758.7,758.85,758,758.2,306618,0.2879,-0.1501,-291.81,745.3000,1.73
2026-06-12 10:20:00,758.15,759,758.1,758.65,186818,0.1449,-0.1501,-196.54,745.3000,1.79
2026-06-12 10:25:00,758.7,760,758.65,758.9,230610,0.0390,-0.1501,-125.98,745.3000,1.82
2026-06-12 10:30:00,758.9,760.05,758.65,759.7,725480,-0.0031,-0.1501,-97.93,745.3000,1.93
2026-06-12 10:35:00,759.75,759.8,758.4,759.5,378717,-0.0668,-0.1501,-55.50,745.3000,1.91
2026-06-12 10:40:00,759.55,759.75,758.6,758.75,141494,-0.1756,-0.1501,16.99,745.3000,1.80
2026-06-12 10:45:00,758.8,759.4,758.3,758.95,170866,-0.2461,-0.1501,63.96,745.3000,1.83
2026-06-12 10:50:00,758.95,759.35,758.35,759.2,121842,-0.2850,-0.1501,89.87,745.3000,1.87
2026-06-12 10:55:00,759.15,759.55,759,759.55,144966,-0.2950,-0.1501,96.54,745.3000,1.91
2026-06-12 11:00:00,759.55,759.55,758.5,758.75,121208,-0.3592,-0.1501,139.31,745.3000,1.80
2026-06-12 11:05:00,758.8,759.25,758.4,759.05,138410,-0.3829,-0.1501,155.10,745.3000,1.84
2026-06-12 11:10:00,759.05,759.75,758.85,759.75,146969,-0.3536,-0.1501,135.58,745.3000,1.94
2026-06-12 11:15:00,759.75,759.8,758.2,758.3,184412,-0.4291,-0.1501,185.88,745.3000,1.74
2026-06-12 11:20:00,758.3,758.3,757.05,757.5,237041,-0.5237,-0.1501,248.90,745.3000,1.64
2026-06-12 11:25:00,757.5,757.7,756.8,757.3,207391,-0.5860,-0.1501,290.41,745.3000,1.61
2026-06-12 11:30:00,757.25,758.55,757.25,757.8,182933,-0.5786,-0.1501,285.48,745.3000,1.68
2026-06-12 11:35:00,757.9,758,757,757.95,169631,-0.5491,-0.1501,265.82,745.3000,1.70
2026-06-12 11:40:00,757.95,758.55,757.95,758.3,101746,-0.4932,-0.1501,228.58,745.3000,1.74
2026-06-12 11:45:00,758.3,759.25,757.85,758.8,318735,-0.4129,-0.1501,175.08,745.3000,1.81
2026-06-12 11:50:00,758.8,759.35,758.7,759.25,160031,-0.3239,-0.1501,115.79,745.3000,1.87
2026-06-12 11:55:00,759.25,759.6,759.15,759.2,151787,-0.2653,-0.1501,76.75,745.3000,1.87
2026-06-12 12:00:00,759.25,759.6,758.65,759.4,152831,-0.2121,-0.1501,41.31,745.3000,1.89
2026-06-12 12:05:00,759.4,759.8,758.3,758.4,202102,-0.2413,-0.1501,60.76,745.3000,1.76
2026-06-12 12:10:00,758.55,758.7,758,758.1,155786,-0.2754,-0.1501,83.48,745.3000,1.72
2026-06-12 12:15:00,758.05,758.6,758,758.15,137209,-0.2878,-0.1501,91.74,745.3000,1.72
2026-06-12 12:20:00,758.15,758.9,758.1,758.85,102190,-0.2438,-0.1501,62.43,745.3000,1.82
2026-06-12 12:25:00,758.85,759,758.5,758.55,115226,-0.2300,-0.1501,53.23,745.3000,1.78
2026-06-12 12:30:00,758.55,758.55,757.8,758.35,132546,-0.2289,-0.1501,52.50,745.3000,1.75
2026-06-12 12:35:00,758.35,758.45,757.7,758.25,150457,-0.2290,-0.1501,52.56,745.3000,1.74
2026-06-12 12:40:00,758.25,758.5,757.85,758.05,109549,-0.2357,-0.1501,57.03,745.3000,1.71
2026-06-12 12:45:00,758.05,758.4,757.45,758.15,243742,-0.2265,-0.1501,50.90,745.3000,1.72
2026-06-12 12:50:00,758.15,760,758.05,759.6,612269,-0.1211,-0.1501,-19.32,745.3000,1.92
2026-06-12 12:55:00,759.55,760.1,759.1,759.55,423173,-0.0565,-0.1501,-62.36,745.3000,1.91
2026-06-12 13:00:00,759.55,759.65,759.2,759.6,106224,-0.0142,-0.1501,-90.54,745.3000,1.92
2026-06-12 13:05:00,759.55,759.7,759.05,759.45,114626,-0.0009,-0.1501,-99.40,745.3000,1.90
2026-06-12 13:10:00,759.45,759.7,759.35,759.55,97725,0.0095,-0.1501,-106.33,745.3000,1.91
2026-06-12 13:15:00,759.55,760.2,759.45,759.8,302016,0.0271,-0.1501,-118.05,745.3000,1.95
2026-06-12 13:20:00,759.85,760.2,759.4,759.4,183412,0.0067,-0.1501,-104.46,745.3000,1.89
2026-06-12 13:25:00,759.45,762.4,759.2,762.2,1272109,0.1678,-0.1501,-211.79,745.3000,2.27
2026-06-12 13:30:00,762.15,766,762,765.2,987629,0.4466,-0.1501,-397.53,745.3000,2.67
2026-06-12 13:35:00,765.3,765.8,764.5,765.1,310287,0.5857,-0.1501,-490.21,745.3000,2.66
2026-06-12 13:40:00,765.25,765.9,764.45,765.05,428890,0.6317,-0.1501,-520.85,745.3000,2.65
2026-06-12 13:45:00,765.1,765.9,764.55,765.75,622239,0.6635,-0.1501,-542.04,745.3000,2.74
2026-06-12 13:50:00,765.85,765.9,765.3,765.55,445408,0.6258,-0.1501,-516.92,745.3000,2.72
2026-06-12 13:55:00,765.55,766.6,765.45,766.45,706706,0.6151,-0.1501,-509.79,745.3000,2.84
2026-06-12 14:00:00,766.45,767.7,765.35,767.7,1093135,0.6430,-0.1501,-528.38,745.3000,3.01
2026-06-12 14:05:00,767.7,767.9,766.7,766.9,828135,0.5613,-0.1501,-473.95,745.3000,2.90
2026-06-12 14:10:00,766.9,768.95,766.25,768.95,875881,0.5957,-0.1501,-496.87,745.3000,3.17
2026-06-12 14:15:00,769,769.9,768.5,769.65,536826,0.6137,-0.1501,-508.86,745.3000,3.27
2026-06-12 14:20:00,769.7,769.85,769,769.75,358943,0.5806,-0.1501,-486.81,745.3000,3.28
2026-06-12 14:25:00,769.75,770.85,769,770.7,643735,0.5703,-0.1501,-479.95,745.3000,3.41
2026-06-12 14:30:00,770.7,770.75,769.5,770.15,422605,0.4778,-0.1501,-418.32,745.3000,3.33
2026-06-12 14:35:00,770.3,770.45,768.55,770.4,584415,0.3884,-0.1501,-358.76,745.3000,3.37
2026-06-12 14:40:00,770.4,770.8,769.3,770.6,533728,0.3018,-0.1501,-301.07,745.3000,3.39
2026-06-12 14:45:00,770.7,772.75,770.5,772.5,717531,0.3291,-0.1501,-319.25,745.3000,3.65
2026-06-12 14:50:00,772.5,774.2,772.3,774.1,883593,0.4066,-0.1501,-370.89,745.3000,3.86
2026-06-12 14:55:00,774,774.45,773.05,774,1004472,0.4020,-0.1501,-367.82,745.3000,3.85
2026-06-12 15:00:00,773.95,774,771.6,773.75,1261457,0.3358,-0.1501,-323.72,745.3000,3.82
2026-06-12 15:05:00,773.75,773.9,772.3,772.35,1077888,0.1602,-0.1501,-206.73,745.3000,3.63
2026-06-12 15:10:00,772.55,773.1,771.55,772.5,932786,0.0238,-0.1501,-115.86,745.3000,3.65
2026-06-12 15:15:00,772.35,772.55,771.3,771.95,1125568,-0.1256,-0.1501,-16.32,745.3000,3.58
2026-06-12 15:20:00,772.1,772.3,771.15,772,1122202,-0.2367,-0.1501,57.69,745.3000,3.58
2026-06-12 15:25:00,772,772.95,771.1,771.95,898306,-0.3239,-0.1501,115.79,745.3000,3.58
2026-06-15 09:15:00,790,793.5,785,788.35,5655092,0.6591,-0.3239,-303.49,771.9500,2.12
2026-06-15 09:20:00,788.15,788.75,785.9,787.85,2280340,1.1813,-0.3239,-464.71,771.9500,2.06
2026-06-15 09:25:00,788.1,788.5,786.5,787.15,1503100,1.3718,-0.3239,-523.53,771.9500,1.97
2026-06-15 09:30:00,787.2,787.3,785.2,786.9,1131901,1.3700,-0.3239,-522.97,771.9500,1.94
2026-06-15 09:35:00,787,788.25,785.65,785.85,929606,1.1937,-0.3239,-468.54,771.9500,1.80
2026-06-15 09:40:00,786,787.15,785.3,786.95,858454,1.0516,-0.3239,-424.67,771.9500,1.94
2026-06-15 09:45:00,786.95,789.95,786.8,789.75,722477,1.0446,-0.3239,-422.51,771.9500,2.31
2026-06-15 09:50:00,789.75,789.9,786.25,787.15,872701,0.7756,-0.3239,-339.46,771.9500,1.97
2026-06-15 09:55:00,787.15,787.75,784,784.2,844459,0.3323,-0.3239,-202.59,771.9500,1.59
2026-06-15 10:00:00,784.45,786.45,784.25,786,569107,0.1055,-0.3239,-132.57,771.9500,1.82
2026-06-15 10:05:00,786.05,786.3,785.15,785.5,571042,-0.1208,-0.3239,-62.70,771.9500,1.76
2026-06-15 10:10:00,785.55,785.65,784.6,785.4,330283,-0.3091,-0.3239,-4.57,771.9500,1.74
2026-06-15 10:15:00,785.5,786,784.5,784.6,321260,-0.5076,-0.3239,56.72,771.9500,1.64
2026-06-15 10:20:00,784.8,785.2,783.5,784.45,428655,-0.6596,-0.3239,103.64,771.9500,1.62
2026-06-15 10:25:00,784.45,785.5,784.05,785.1,237793,-0.7219,-0.3239,122.88,771.9500,1.70
2026-06-15 10:30:00,785.2,786.35,784.95,786.2,434465,-0.6943,-0.3239,114.36,771.9500,1.85
2026-06-15 10:35:00,786.2,787.5,785.7,787.3,338258,-0.6102,-0.3239,88.39,771.9500,1.99
2026-06-15 10:40:00,787.3,788,787,787.8,316431,-0.5320,-0.3239,64.25,771.9500,2.05
2026-06-15 10:45:00,787.8,787.95,787,787.95,270838,-0.4828,-0.3239,49.06,771.9500,2.07
2026-06-15 10:50:00,787.95,789.5,787.85,788.45,452201,-0.4308,-0.3239,33.00,771.9500,2.14
2026-06-15 10:55:00,788.75,789.35,788,788.2,387332,-0.4268,-0.3239,31.77,771.9500,2.11
2026-06-15 11:00:00,788.2,788.5,785.65,786.15,478323,-0.5669,-0.3239,75.02,771.9500,1.84
2026-06-15 11:05:00,786.1,786.3,785.3,785.45,298521,-0.7025,-0.3239,116.89,771.9500,1.75
2026-06-15 11:10:00,785.45,785.5,783.75,784.2,398210,-0.8617,-0.3239,166.04,771.9500,1.59
2026-06-15 11:15:00,784.2,784.95,783.55,784.7,272881,-0.9137,-0.3239,182.09,771.9500,1.65
2026-06-15 11:20:00,784.75,785,784,784.15,267497,-0.9608,-0.3239,196.63,771.9500,1.58
2026-06-15 11:25:00,784.15,785.25,784.05,785.25,130218,-0.8947,-0.3239,176.23,771.9500,1.72
2026-06-15 11:30:00,785.15,785.2,784.45,784.55,265848,-0.8741,-0.3239,169.87,771.9500,1.63
2026-06-15 11:35:00,784.55,784.7,783.75,783.9,309578,-0.8778,-0.3239,171.01,771.9500,1.55
2026-06-15 11:40:00,784.05,784.25,782.3,782.6,455017,-0.9361,-0.3239,189.01,771.9500,1.38
2026-06-15 11:45:00,782.65,782.8,781.8,782.25,327285,-0.9628,-0.3239,197.25,771.9500,1.33
2026-06-15 11:50:00,782.25,783.1,781.85,782.5,280082,-0.9277,-0.3239,186.42,771.9500,1.37
2026-06-15 11:55:00,782.5,782.9,781.5,781.65,347009,-0.9240,-0.3239,185.27,771.9500,1.26
2026-06-15 12:00:00,781.65,782.25,781.2,781.7,364057,-0.8804,-0.3239,171.81,771.9500,1.26
2026-06-15 12:05:00,781.7,781.7,780.15,780.4,362690,-0.8984,-0.3239,177.37,771.9500,1.09
2026-06-15 12:10:00,780.45,780.7,780,780.7,271282,-0.8498,-0.3239,162.36,771.9500,1.13
2026-06-15 12:15:00,780.7,780.75,779.1,779.25,328449,-0.8718,-0.3239,169.16,771.9500,0.95
2026-06-15 12:20:00,779.25,779.95,779.1,779.25,245158,-0.8424,-0.3239,160.08,771.9500,0.95
2026-06-15 12:25:00,779.35,779.8,778.15,778.3,294700,-0.8410,-0.3239,159.65,771.9500,0.82
2026-06-15 12:30:00,778.3,779.55,777.55,779.3,319607,-0.7308,-0.3239,125.63,771.9500,0.95
2026-06-15 12:35:00,779.3,780.95,779.05,780.35,331094,-0.5534,-0.3239,70.86,771.9500,1.09
2026-06-15 12:40:00,780.45,781,779.9,780.85,191157,-0.3770,-0.3239,16.39,771.9500,1.15
2026-06-15 12:45:00,780.9,781.15,779.55,779.75,245030,-0.3118,-0.3239,-3.74,771.9500,1.01
2026-06-15 12:50:00,779.75,780.85,779.6,779.95,179833,-0.2359,-0.3239,-27.17,771.9500,1.04
2026-06-15 12:55:00,779.95,780.85,779.8,780.25,168671,-0.1504,-0.3239,-53.57,771.9500,1.08
2026-06-15 13:00:00,780.3,780.3,778.55,779.25,204596,-0.1461,-0.3239,-54.89,771.9500,0.95
2026-06-15 13:05:00,779.15,780,779.1,779.9,147694,-0.0871,-0.3239,-73.11,771.9500,1.03
2026-06-15 13:10:00,779.9,781.55,779.6,780.05,450095,-0.0288,-0.3239,-91.11,771.9500,1.05
2026-06-15 13:15:00,780.05,780.7,779.5,779.8,213608,0.0007,-0.3239,-100.22,771.9500,1.02
2026-06-15 13:20:00,779.8,780.7,779.5,780.5,185165,0.0711,-0.3239,-121.95,771.9500,1.11
2026-06-15 13:25:00,780.5,780.5,779.05,779.15,188103,0.0326,-0.3239,-110.06,771.9500,0.93
2026-06-15 13:30:00,779.15,779.6,778.75,779.15,162410,0.0138,-0.3239,-104.26,771.9500,0.93
2026-06-15 13:35:00,779.15,779.6,778.6,779.35,212682,0.0211,-0.3239,-106.51,771.9500,0.96
2026-06-15 13:40:00,779.35,779.4,777.6,778.55,307319,-0.0194,-0.3239,-94.01,771.9500,0.85
2026-06-15 13:45:00,778.55,779,778,778.05,344839,-0.0687,-0.3239,-78.79,771.9500,0.79
2026-06-15 13:50:00,778.1,778.4,776.15,777.9,366346,-0.0983,-0.3239,-69.65,771.9500,0.77
2026-06-15 13:55:00,778.05,779,777.75,778.5,187197,-0.0660,-0.3239,-79.62,771.9500,0.85
2026-06-15 14:00:00,778.6,779,778,778.05,232855,-0.0634,-0.3239,-80.43,771.9500,0.79
2026-06-15 14:05:00,778.05,778.3,777.15,777.4,371818,-0.0922,-0.3239,-71.53,771.9500,0.71
2026-06-15 14:10:00,777.45,778.3,777.4,777.7,274112,-0.0783,-0.3239,-75.83,771.9500,0.74
2026-06-15 14:15:00,777.75,778.8,777.6,778.25,224142,-0.0223,-0.3239,-93.12,771.9500,0.82
2026-06-15 14:20:00,778.3,779.85,778.2,779.25,353852,0.0860,-0.3239,-126.55,771.9500,0.95
2026-06-15 14:25:00,779.3,779.8,778.45,778.95,335637,0.1382,-0.3239,-142.67,771.9500,0.91
2026-06-15 14:30:00,779.05,780.3,778.95,780.15,278521,0.2479,-0.3239,-176.54,771.9500,1.06
2026-06-15 14:35:00,780.2,781.1,779.8,780.2,754116,0.3140,-0.3239,-196.94,771.9500,1.07
2026-06-15 14:40:00,780.3,780.7,779.55,780.4,308311,0.3581,-0.3239,-210.56,771.9500,1.09
2026-06-15 14:45:00,780.25,780.6,779.8,780.1,349545,0.3533,-0.3239,-209.08,771.9500,1.06
2026-06-15 14:50:00,780.2,780.5,778.85,779.15,413115,0.2760,-0.3239,-185.21,771.9500,0.93
2026-06-15 14:55:00,779.15,779.95,778.85,779.05,261555,0.2108,-0.3239,-165.08,771.9500,0.92
2026-06-15 15:00:00,779.05,779.2,777.15,777.8,891836,0.0828,-0.3239,-125.56,771.9500,0.76
2026-06-15 15:05:00,777.75,778.4,776.6,776.8,712955,-0.0622,-0.3239,-80.80,771.9500,0.63
2026-06-15 15:10:00,776.75,777,775.6,776.6,747656,-0.1589,-0.3239,-50.94,771.9500,0.60
2026-06-15 15:15:00,776.6,778.5,776.05,777.7,884508,-0.1370,-0.3239,-57.70,771.9500,0.74
2026-06-15 15:20:00,777.7,778.6,777,777.95,865886,-0.0959,-0.3239,-70.39,771.9500,0.78
2026-06-15 15:25:00,778,778,776.35,777.45,895506,-0.0925,-0.3239,-71.44,771.9500,0.71
2026-06-16 09:15:00,780.5,782.85,779.45,781.75,1226070,0.1936,-0.0925,-309.30,777.4500,0.55
2026-06-16 09:20:00,781.6,783,781.1,782.45,520823,0.4117,-0.0925,-545.08,777.4500,0.64
2026-06-16 09:25:00,782.45,782.9,781.2,782.8,311300,0.5525,-0.0925,-697.30,777.4500,0.69
2026-06-16 09:30:00,782.8,783.55,782.6,782.95,256114,0.6234,-0.0925,-773.95,777.4500,0.71
2026-06-16 09:35:00,782.95,782.95,781.8,781.95,221230,0.5720,-0.0925,-718.38,777.4500,0.58
2026-06-16 09:40:00,781.85,782,780.55,780.55,301928,0.4198,-0.0925,-553.84,777.4500,0.40
2026-06-16 09:45:00,780.55,783.4,780.55,783.05,684650,0.4604,-0.0925,-597.73,777.4500,0.72
2026-06-16 09:50:00,783.1,783.9,782.45,783.1,409986,0.4622,-0.0925,-599.68,777.4500,0.73
2026-06-16 09:55:00,783.15,783.35,782.55,782.55,183875,0.4003,-0.0925,-532.76,777.4500,0.66
2026-06-16 10:00:00,782.8,782.8,780.65,780.85,293302,0.2274,-0.0925,-345.84,777.4500,0.44
2026-06-16 10:05:00,780.85,781.75,780.55,781.7,587546,0.1562,-0.0925,-268.86,777.4500,0.55
2026-06-16 10:10:00,781.7,781.8,780.45,780.65,377902,0.0309,-0.0925,-133.41,777.4500,0.41
2026-06-16 10:15:00,780.65,781.55,780.45,781.45,105120,-0.0038,-0.0925,-95.89,777.4500,0.51
2026-06-16 10:20:00,781.45,781.7,781.2,781.6,139268,-0.0213,-0.0925,-76.97,777.4500,0.53
2026-06-16 10:25:00,781.6,781.65,781.15,781.5,110745,-0.0431,-0.0925,-53.41,777.4500,0.52
2026-06-16 10:30:00,781.6,782,781.35,782,83786,-0.0280,-0.0925,-69.73,777.4500,0.59
2026-06-16 10:35:00,782,782,781.5,781.7,130032,-0.0415,-0.0925,-55.14,777.4500,0.55
2026-06-16 10:40:00,781.7,782,781.4,781.7,100274,-0.0531,-0.0925,-42.59,777.4500,0.55
2026-06-16 10:45:00,781.65,782.45,781.55,782.45,298588,-0.0149,-0.0925,-83.89,777.4500,0.64
2026-06-16 10:50:00,782.4,783.05,782.05,783,249673,0.0399,-0.0925,-143.14,777.4500,0.71
2026-06-16 10:55:00,782.95,783.7,782.9,783.1,200605,0.0733,-0.0925,-179.24,777.4500,0.73
2026-06-16 11:00:00,783.1,783.1,782.05,782.25,141074,0.0308,-0.0925,-133.30,777.4500,0.62
2026-06-16 11:05:00,782.2,782.25,781.6,781.7,116495,-0.0380,-0.0925,-58.92,777.4500,0.55
2026-06-16 11:10:00,781.7,782.3,781.5,782.1,109786,-0.0589,-0.0925,-36.32,777.4500,0.60
2026-06-16 11:15:00,782.05,782.6,781.6,782.1,171784,-0.0741,-0.0925,-19.89,777.4500,0.60
2026-06-16 11:20:00,782.1,784.5,781.9,784.5,375328,0.0683,-0.0925,-173.84,777.4500,0.91
2026-06-16 11:25:00,784.5,784.8,783.65,783.9,165310,0.1105,-0.0925,-219.46,777.4500,0.83
2026-06-16 11:30:00,783.9,784.5,783.3,784,164325,0.1321,-0.0925,-242.81,777.4500,0.84
2026-06-16 11:35:00,784.3,784.9,783.7,784.9,405678,0.1904,-0.0925,-305.84,777.4500,0.96
2026-06-16 11:40:00,784.9,786.1,784.5,786.1,500749,0.2874,-0.0925,-410.70,777.4500,1.11
2026-06-16 11:45:00,785.8,786.95,785.25,786.2,1045000,0.3326,-0.0925,-459.57,777.4500,1.13
2026-06-16 11:50:00,786.1,787.5,785.9,786,473351,0.3232,-0.0925,-449.41,777.4500,1.10
2026-06-16 11:55:00,786.05,786.2,784.1,785.25,349201,0.2442,-0.0925,-364.00,777.4500,1.00
2026-06-16 12:00:00,785.25,785.5,784.25,784.7,237318,0.1378,-0.0925,-248.97,777.4500,0.93
2026-06-16 12:05:00,784.75,785.1,784.2,784.65,225300,0.0516,-0.0925,-155.78,777.4500,0.93
2026-06-16 12:10:00,784.35,785.1,784.1,784.1,199678,-0.0496,-0.0925,-46.38,777.4500,0.86
2026-06-16 12:15:00,784.2,784.65,784,784.05,190954,-0.1229,-0.0925,32.86,777.4500,0.85
2026-06-16 12:20:00,784.15,784.8,783.5,784.1,315274,-0.1680,-0.0925,81.62,777.4500,0.86
2026-06-16 12:25:00,784.1,785.15,783.85,785,230646,-0.1387,-0.0925,49.95,777.4500,0.97
2026-06-16 12:30:00,785,785.8,783.6,783.95,814127,-0.1882,-0.0925,103.46,777.4500,0.84
2026-06-16 12:35:00,784.25,785.55,783.65,785.25,784978,-0.1343,-0.0925,45.19,777.4500,1.00
2026-06-16 12:40:00,785.3,785.5,784.75,784.8,301952,-0.1296,-0.0925,40.11,777.4500,0.95
2026-06-16 12:45:00,785,785.6,784.95,785.6,145500,-0.0760,-0.0925,-17.84,777.4500,1.05
2026-06-16 12:50:00,785.6,785.65,785,785.5,147103,-0.0519,-0.0925,-43.89,777.4500,1.04
2026-06-16 12:55:00,785.35,785.5,784.65,785.4,178331,-0.0473,-0.0925,-48.86,777.4500,1.02
2026-06-16 13:00:00,785.4,785.5,784.85,784.95,142509,-0.0775,-0.0925,-16.22,777.4500,0.96
2026-06-16 13:05:00,784.95,785.4,784.8,785.15,147293,-0.0862,-0.0925,-6.81,777.4500,0.99
2026-06-16 13:10:00,785.15,787,785,787,301989,0.0245,-0.0925,-126.49,777.4500,1.23
2026-06-16 13:15:00,786.95,787,786,786.45,536617,0.0510,-0.0925,-155.14,777.4500,1.16
2026-06-16 13:20:00,786.45,787.4,786,787.05,419531,0.0967,-0.0925,-204.54,777.4500,1.23
2026-06-16 13:25:00,787.1,787.7,787,787.5,262215,0.1421,-0.0925,-253.62,777.4500,1.29
2026-06-16 13:30:00,787.6,787.7,787.05,787.2,214626,0.1369,-0.0925,-248.00,777.4500,1.25
2026-06-16 13:35:00,787.35,787.7,787,787.05,329250,0.1094,-0.0925,-218.27,777.4500,1.23
2026-06-16 13:40:00,787.2,787.3,786.3,786.3,368500,0.0308,-0.0925,-133.30,777.4500,1.14
2026-06-16 13:45:00,786.35,786.8,786.25,786.75,134481,0.0009,-0.0925,-100.97,777.4500,1.20
2026-06-16 13:50:00,786.75,786.8,785.5,785.95,188428,-0.0767,-0.0925,-17.08,777.4500,1.09
2026-06-16 13:55:00,785.85,786.15,785.55,785.8,170829,-0.1385,-0.0925,49.73,777.4500,1.07
2026-06-16 14:00:00,785.8,786.25,785.4,786.05,307946,-0.1613,-0.0925,74.38,777.4500,1.11
2026-06-16 14:05:00,786.1,787,786,786.55,365775,-0.1421,-0.0925,53.62,777.4500,1.17
2026-06-16 14:10:00,786.5,787.25,786.35,787.1,211017,-0.0942,-0.0925,1.84,777.4500,1.24
2026-06-16 14:15:00,787.1,787.4,786.45,786.55,343574,-0.1007,-0.0925,8.86,777.4500,1.17
2026-06-16 14:20:00,786.45,786.8,786,786.5,276064,-0.1088,-0.0925,17.62,777.4500,1.16
2026-06-16 14:25:00,786.5,786.5,785.65,785.95,266693,-0.1492,-0.0925,61.30,777.4500,1.09
2026-06-16 14:30:00,785.85,786.25,785.6,786.1,234429,-0.1627,-0.0925,75.89,777.4500,1.11
2026-06-16 14:35:00,786.1,786.5,785.55,786.35,317733,-0.1518,-0.0925,64.11,777.4500,1.14
2026-06-16 14:40:00,786.3,786.75,785,785,301213,-0.2281,-0.0925,146.59,777.4500,0.97
2026-06-16 14:45:00,785,786.8,784,784.7,1209810,-0.2874,-0.0925,210.70,777.4500,0.93
2026-06-16 14:50:00,784.7,785.2,783.4,785.05,770213,-0.2908,-0.0925,214.38,777.4500,0.98
2026-06-16 14:55:00,785.05,785.4,784.2,784.35,185700,-0.3254,-0.0925,251.78,777.4500,0.89
2026-06-16 15:00:00,784.5,786.25,783.7,784.25,1861937,-0.3387,-0.0925,266.16,777.4500,0.87
2026-06-16 15:05:00,784.2,786.2,783.45,785.15,1444099,-0.2733,-0.0925,195.46,777.4500,0.99
2026-06-16 15:10:00,785.15,785.7,784.65,785.15,342032,-0.2189,-0.0925,136.65,777.4500,0.99
2026-06-16 15:15:00,785.15,785.25,784.25,784.5,426971,-0.2151,-0.0925,132.54,777.4500,0.91
2026-06-16 15:20:00,784.5,785.25,784.25,784.6,321692,-0.1950,-0.0925,110.81,777.4500,0.92
2026-06-16 15:25:00,784.6,785,784.1,784.75,346748,-0.1620,-0.0925,75.14,777.4500,0.94
2026-06-17 09:15:00,787.65,787.8,783.7,783.9,760062,-0.1862,-0.1620,14.94,784.7500,-0.11
2026-06-17 09:20:00,783.3,786.5,783.1,785.3,820528,-0.1009,-0.1620,-37.72,784.7500,0.07
2026-06-17 09:25:00,784.25,786.5,783.95,786.2,497186,0.0169,-0.1620,-110.43,784.7500,0.18
2026-06-17 09:30:00,786.5,786.5,786,786.35,20219,0.1010,-0.1620,-162.35,784.7500,0.20
2026-06-17 09:35:00,785,785,784.4,784.45,166863,0.0284,-0.1620,-117.53,784.7500,-0.04
2026-06-17 09:40:00,784.7,786.2,784.65,785.8,358316,0.0689,-0.1620,-142.53,784.7500,0.13
2026-06-17 09:45:00,785.8,785.9,784.65,785.3,211859,0.0598,-0.1620,-136.91,784.7500,0.07
2026-06-17 09:50:00,785.15,785.6,784.5,785.5,785827,0.0647,-0.1620,-139.94,784.7500,0.10
2026-06-17 09:55:00,785.55,785.75,785,785.6,188269,0.0716,-0.1620,-144.20,784.7500,0.11
2026-06-17 10:00:00,785.5,785.6,784.6,785.2,256699,0.0473,-0.1620,-129.20,784.7500,0.06
2026-06-17 10:05:00,785.2,786.25,785.1,785.9,199515,0.0748,-0.1620,-146.17,784.7500,0.15
2026-06-17 10:10:00,785.85,786.85,785.6,785.9,237710,0.0884,-0.1620,-154.57,784.7500,0.15
2026-06-17 10:15:00,785.9,786.85,785.5,786.35,1392717,0.1213,-0.1620,-174.88,784.7500,0.20
2026-06-17 10:20:00,786.3,787.35,786.1,786.8,359833,0.1641,-0.1620,-201.30,784.7500,0.26
2026-06-17 10:25:00,786.8,787,786.1,786.6,147580,0.1691,-0.1620,-204.38,784.7500,0.24
2026-06-17 10:30:00,786.45,788.65,786.25,788.35,401424,0.2742,-0.1620,-269.26,784.7500,0.46
2026-06-17 10:35:00,788.4,789.6,788.35,788.9,470459,0.3593,-0.1620,-321.79,784.7500,0.53
2026-06-17 10:40:00,788.9,792,788.9,790.9,1310877,0.5191,-0.1620,-420.43,784.7500,0.78
2026-06-17 10:45:00,790.8,791.35,790.25,790.55,225706,0.5662,-0.1620,-449.51,784.7500,0.74
2026-06-17 10:50:00,790.55,791,790.2,790.9,197089,0.5837,-0.1620,-460.31,784.7500,0.78
2026-06-17 10:55:00,790.9,791.4,789.5,789.9,401878,0.4940,-0.1620,-404.94,784.7500,0.66
2026-06-17 11:00:00,789.9,790,788.9,789.5,260237,0.3792,-0.1620,-334.07,784.7500,0.61
2026-06-17 11:05:00,789.5,790.25,789.2,789.65,1215809,0.2888,-0.1620,-278.27,784.7500,0.62
2026-06-17 11:10:00,789.65,791.35,789,791.05,275226,0.2976,-0.1620,-283.70,784.7500,0.80
2026-06-17 11:15:00,791.1,791.5,790.5,791.2,274285,0.2876,-0.1620,-277.53,784.7500,0.82
2026-06-17 11:20:00,791.2,791.2,790.2,791.1,373988,0.2498,-0.1620,-254.20,784.7500,0.81
2026-06-17 11:25:00,791.05,792.9,791,792.55,848209,0.2949,-0.1620,-282.04,784.7500,0.99
2026-06-17 11:30:00,792.6,793.3,792.15,793,342215,0.3251,-0.1620,-300.68,784.7500,1.05
2026-06-17 11:35:00,793,793,792.4,792.75,38183,0.2989,-0.1620,-284.51,784.7500,1.02
2026-06-17 11:40:00,792.45,794.2,792,793.9,814751,0.3275,-0.1620,-302.16,784.7500,1.17
2026-06-17 11:45:00,793.9,794.3,792.35,792.8,463287,0.2445,-0.1620,-250.93,784.7500,1.03
2026-06-17 11:50:00,792.8,792.9,791.6,791.75,238588,0.0986,-0.1620,-160.86,784.7500,0.89
2026-06-17 11:55:00,791.7,791.85,790.7,790.8,335181,-0.0729,-0.1620,-55.00,784.7500,0.77
2026-06-17 12:00:00,790.9,791.9,790.6,791.8,375663,-0.1269,-0.1620,-21.67,784.7500,0.90
2026-06-17 12:05:00,791.8,791.8,790.1,790.45,399056,-0.2541,-0.1620,56.85,784.7500,0.73
2026-06-17 12:10:00,790.65,790.7,789.65,790,282437,-0.3624,-0.1620,123.70,784.7500,0.67
2026-06-17 12:15:00,790.05,790.75,789.5,790.35,227508,-0.4015,-0.1620,147.84,784.7500,0.71
2026-06-17 12:20:00,790.35,790.65,790,790.3,285670,-0.4196,-0.1620,159.01,784.7500,0.71
2026-06-17 12:25:00,790.35,790.4,789.25,789.9,450985,-0.4450,-0.1620,174.69,784.7500,0.66
2026-06-17 12:30:00,789.75,789.9,789,789.3,84552,-0.4855,-0.1620,199.69,784.7500,0.58
2026-06-17 12:35:00,789.2,789.5,788.8,789.15,217963,-0.5034,-0.1620,210.74,784.7500,0.56
2026-06-17 12:40:00,789.1,789.9,788.9,789.3,302750,-0.4859,-0.1620,199.94,784.7500,0.58
2026-06-17 12:45:00,789.3,790.3,788.9,789.1,377153,-0.4685,-0.1620,189.20,784.7500,0.55
2026-06-17 12:50:00,789.1,789.45,788.5,788.5,229121,-0.4764,-0.1620,194.07,784.7500,0.48
2026-06-17 12:55:00,788.65,789.35,788.25,788.65,277375,-0.4508,-0.1620,178.27,784.7500,0.50
2026-06-17 13:00:00,788.5,789.8,788.05,789.45,395497,-0.3631,-0.1620,124.14,784.7500,0.60
2026-06-17 13:05:00,789.5,789.8,788.4,788.6,230585,-0.3455,-0.1620,113.27,784.7500,0.49
2026-06-17 13:10:00,788.6,788.85,787.9,788,286407,-0.3561,-0.1620,119.81,784.7500,0.41
2026-06-17 13:15:00,788,788.9,787.7,788.2,231232,-0.3318,-0.1620,104.81,784.7500,0.44
2026-06-17 13:20:00,788.25,789,788.2,788.75,154915,-0.2639,-0.1620,62.90,784.7500,0.51
2026-06-17 13:25:00,788.85,789.3,788.6,789.2,166113,-0.1780,-0.1620,9.88,784.7500,0.57
2026-06-17 13:30:00,789.2,789.7,788.65,789.4,201294,-0.1009,-0.1620,-37.72,784.7500,0.59
2026-06-17 13:35:00,789.4,790,789.05,789.45,247625,-0.0427,-0.1620,-73.64,784.7500,0.60
2026-06-17 13:40:00,789.45,789.7,789.05,789.1,183117,-0.0248,-0.1620,-84.69,784.7500,0.55
2026-06-17 13:45:00,789.15,789.6,788.9,789.25,182505,-0.0011,-0.1620,-99.32,784.7500,0.57
2026-06-17 13:50:00,789.25,789.5,788.75,789.2,257533,0.0122,-0.1620,-107.53,784.7500,0.57
2026-06-17 13:55:00,789.2,789.5,788.75,789.4,138513,0.0342,-0.1620,-121.11,784.7500,0.59
2026-06-17 14:00:00,789.4,789.7,789,789.3,289442,0.0413,-0.1620,-125.49,784.7500,0.58
2026-06-17 14:05:00,789.25,789.45,788.5,789,493688,0.0258,-0.1620,-115.93,784.7500,0.54
2026-06-17 14:10:00,789.05,789.8,788.6,789.05,273001,0.0192,-0.1620,-111.85,784.7500,0.55
2026-06-17 14:15:00,789.05,789.45,788.1,789,289844,0.0122,-0.1620,-107.53,784.7500,0.54
2026-06-17 14:20:00,789,789.2,787.5,787.9,574133,-0.0618,-0.1620,-61.85,784.7500,0.40
2026-06-17 14:25:00,787.75,787.9,786.5,787,693891,-0.1610,-0.1620,-0.62,784.7500,0.29
2026-06-17 14:30:00,787,787.5,786.2,786.9,262706,-0.2194,-0.1620,35.43,784.7500,0.27
2026-06-17 14:35:00,786.85,788.55,786.8,787.5,491237,-0.2039,-0.1620,25.86,784.7500,0.35
2026-06-17 14:40:00,787.4,787.55,786.5,786.55,452831,-0.2414,-0.1620,49.01,784.7500,0.23
2026-06-17 14:45:00,786.55,787,786.25,786.5,274356,-0.2522,-0.1620,55.68,784.7500,0.22
2026-06-17 14:50:00,786.4,787.75,786,787.35,820622,-0.1877,-0.1620,15.86,784.7500,0.33
2026-06-17 14:55:00,787.3,787.65,786.45,787.6,317045,-0.1171,-0.1620,-27.72,784.7500,0.36
2026-06-17 15:00:00,787.5,788.05,787.25,787.7,581697,-0.0559,-0.1620,-65.49,784.7500,0.38
2026-06-17 15:05:00,787.7,788.3,787.25,787.45,666000,-0.0258,-0.1620,-84.07,784.7500,0.34
2026-06-17 15:10:00,787.35,787.75,787.05,787.5,706931,0.0023,-0.1620,-101.42,784.7500,0.35
2026-06-17 15:15:00,787.5,787.5,786.75,786.95,572798,-0.0106,-0.1620,-93.46,784.7500,0.28
2026-06-17 15:20:00,786.85,787.45,786.3,786.3,649744,-0.0549,-0.1620,-66.11,784.7500,0.20
2026-06-17 15:25:00,786.35,787,785.1,787,887900,-0.0302,-0.1620,-81.36,784.7500,0.29
2026-06-18 09:15:00,786.5,792.25,786.2,791.5,935092,0,0,0,0,0
2026-06-18 09:20:00,791.5,793,791.35,792.9,316232,0,0,0,0,0
2026-06-18 09:25:00,792.85,793.25,791.75,793,398369,0,0,0,0,0
2026-06-18 09:30:00,792.95,793.6,792.3,792.8,508891,0,0,0,0,0
2026-06-18 09:35:00,792.8,794.7,792.45,794.45,369053,0,0,0,0,0
2026-06-18 09:40:00,794.45,798.45,794.4,798.25,1268755,0,0,0,0,0
2026-06-18 09:45:00,798.25,802.85,797.95,801,1702234,0,0,0,0,0
2026-06-18 09:50:00,801,801.35,798.65,800.5,714754,0,0,0,0,0
2026-06-18 09:55:00,800.65,801.95,799.75,800.55,853918,0,0,0,0,0
2026-06-18 10:00:00,800.55,801.8,800,800.65,467094,0,0,0,0,0
2026-06-18 10:05:00,800.65,800.95,800.05,800.1,210804,0,0,0,0,0
2026-06-18 10:10:00,800.65,802.6,800.4,802,642366,0,0,0,0,0
2026-06-18 10:15:00,802.05,802.95,801.25,801.35,677926,0,0,0,0,0
2026-06-18 10:20:00,801.5,801.7,800.8,801.4,294397,0,0,0,0,0
2026-06-18 10:25:00,801.5,801.65,800.5,800.6,334570,0,0,0,0,0
2026-06-18 10:30:00,800.65,800.9,800,800.4,405636,0,0,0,0,0
2026-06-18 10:35:00,800.6,800.6,798,798.1,620105,0,0,0,0,0
2026-06-18 10:40:00,798.15,798.25,796.5,797.6,687982,0,0,0,0,0
2026-06-18 10:45:00,797.65,798.75,797.2,797.45,694873,0,0,0,0,0
2026-06-18 10:50:00,797.65,798.6,797,798.1,496363,0,0,0,0,0
2026-06-18 10:55:00,798.2,799.45,798,799.25,352849,0,0,0,0,0
2026-06-18 11:00:00,799.25,799.75,798.5,799.1,419980,0,0,0,0,0
2026-06-18 11:05:00,799.15,799.3,798.25,798.35,190951,0,0,0,0,0
2026-06-18 11:10:00,798.5,799.8,798.4,799.1,320857,0,0,0,0,0
2026-06-18 11:15:00,799.1,799.4,796.85,796.85,458579,0,0,0,0,0
2026-06-18 11:20:00,796.95,798.55,796.8,797.75,293811,0,0,0,0,0
2026-06-18 11:25:00,797.85,798.4,797.45,798.2,244698,0,0,0,0,0
2026-06-18 11:30:00,798.25,798.4,796.25,796.9,347560,0,0,0,0,0
2026-06-18 11:35:00,796.9,797.25,795.4,795.6,509367,0,0,0,0,0
2026-06-18 11:40:00,795.7,796.15,795.1,795.75,364869,0,0,0,0,0
2026-06-18 11:45:00,796,796.4,795.1,795.4,405325,0,0,0,0,0
2026-06-18 11:50:00,795.5,796.2,794.6,795.55,512965,0,0,0,0,0
2026-06-18 11:55:00,795.6,795.95,795.35,795.55,215819,0,0,0,0,0
2026-06-18 12:00:00,795.6,796.05,795.55,795.75,22978,0,0,0,0,0
2026-06-18 12:05:00,797.1,798.55,796.35,797.45,747225,0,0,0,0,0
2026-06-18 12:10:00,797.55,797.7,796.5,797.05,628134,0,0,0,0,0
2026-06-18 12:15:00,797.2,797.35,795.65,797.05,608861,0,0,0,0,0
2026-06-18 12:20:00,797.1,797.45,796.1,797.15,401412,0,0,0,0,0
2026-06-18 12:25:00,797.15,797.25,796.8,796.95,15267,0,0,0,0,0
2026-06-18 12:30:00,798.05,798.4,796.65,797.3,560364,0,0,0,0,0
2026-06-18 12:35:00,797.45,797.65,795.6,795.95,254565,0,0,0,0,0
2026-06-18 12:40:00,796,796.5,795.55,795.9,210075,0,0,0,0,0
2026-06-18 12:45:00,795.95,796.5,795.4,796.25,231138,0,0,0,0,0
2026-06-18 12:50:00,796.3,797,796.1,796.6,39313,0,0,0,0,0
2026-06-18 12:55:00,796.7,796.75,795.85,796.3,146285,0,0,0,0,0
2026-06-18 13:00:00,795.7,796.45,795.45,795.7,330536,0,0,0,0,0
2026-06-18 13:05:00,795.7,795.85,795.5,795.65,18048,0,0,0,0,0
2026-06-18 13:10:00,796.05,796.5,795.95,796.45,172760,0,0,0,0,0
2026-06-18 13:15:00,796.45,796.9,796.15,796.2,54909,0,0,0,0,0
2026-06-18 13:20:00,795.9,795.95,795.55,795.7,16670,0,0,0,0,0
2026-06-18 13:25:00,796.15,796.35,795.95,795.95,553,0,0,0,0,0
2026-06-18 13:30:00,795.95,796.3,794.95,795.2,887594,0,0,0,0,0
2026-06-18 13:35:00,795.3,795.7,795.2,795.7,12865,0,0,0,0,0
2026-06-18 13:40:00,795.25,795.95,794.95,795.8,133288,0,0,0,0,0
2026-06-18 13:45:00,795.8,796.15,795.5,795.9,96848,0,0,0,0,0
2026-06-18 13:50:00,795.7,795.85,795.3,795.55,47884,0,0,0,0,0
2026-06-18 13:55:00,795.25,795.25,794.9,795.1,103356,0,0,0,0,0
2026-06-18 14:00:00,794.75,795,794.25,794.25,4091,0,0,0,0,0
2026-06-18 14:05:00,794.45,794.65,794.15,794.6,50646,0,0,0,0,0
2026-06-18 14:10:00,794.75,795.45,794.55,795.1,95829,0,0,0,0,0
2026-06-18 14:15:00,794.5,794.9,794.25,794.4,216796,0,0,0,0,0
2026-06-18 14:20:00,794.45,794.45,794.3,794.4,16751,0,0,0,0,0
2026-06-18 14:25:00,795.45,795.45,794.3,794.3,4874,0,0,0,0,0
2026-06-18 14:30:00,794.2,794.6,793.75,794.35,2293,0,0,0,0,0
2026-06-18 14:35:00,794.6,794.9,794.25,794.25,105348,0,0,0,0,0
2026-06-18 14:40:00,794.95,795.35,794.8,795.1,79038,0,0,0,0,0
2026-06-18 14:45:00,794.55,794.9,794.2,794.35,3004,0,0,0,0,0
2026-06-18 14:50:00,794.35,795.8,794.3,795.55,2537,0,0,0,0,0
2026-06-18 14:55:00,795.7,795.8,795.3,795.45,29725,0,0,0,0,0
2026-06-18 15:00:00,797,798,796.25,796.95,7945,0,0,0,0,0
2026-06-18 15:05:00,797,797.5,796.6,797.25,131585,0,0,0,0,0
2026-06-18 15:10:00,798.9,798.95,798.4,798.5,166684,0,0,0,0,0
2026-06-18 15:15:00,799.65,800.45,799.6,800.15,361649,0,0,0,0,0
2026-06-18 15:20:00,800.8,801.4,800.6,800.6,155077,0,0,0,0,0
2026-06-18 15:25:00,800.1,800.4,799.5,800,168260,0,0,0,0,0
2026-06-19 09:15:00,787.3,787.4,784.3,786.65,3731,0,0,0,0,0
2026-06-19 09:20:00,786.5,786.5,784.6,784.65,1659,0,0,0,0,0
2026-06-19 09:25:00,784,784.25,781.6,781.6,2151,0,0,0,0,0
2026-06-19 09:30:00,781.8,782.05,780.95,781.6,435585,0,0,0,0,0
2026-06-19 09:35:00,781.4,782.75,781.4,782.75,4215,0,0,0,0,0
2026-06-19 09:40:00,782.85,783,782.25,782.85,3132,0,0,0,0,0
2026-06-19 09:45:00,782.9,783.4,782,783,1582,0,0,0,0,0
2026-06-19 09:50:00,783,783.1,781.7,782.55,389767,0,0,0,0,0
2026-06-19 09:55:00,782.45,782.75,782.25,782.75,593,0,0,0,0,0
2026-06-19 10:10:00,782.4,782.5,782.35,782.5,37,0,0,0,0,0
2026-06-19 10:15:00,782.6,783,782.05,782.05,1198,0,0,0,0,0
2026-06-19 10:20:00,782.1,782.1,781.4,781.65,755,0,0,0,0,0
2026-06-19 10:25:00,781.8,781.8,781.25,781.35,711,0,0,0,0,0
2026-06-19 10:30:00,781.25,781.4,781,781.35,693,0,0,0,0,0
2026-06-19 10:35:00,781.35,781.4,780.55,780.7,241571,0,0,0,0,0
2026-06-19 10:40:00,780.75,780.8,780.2,780.8,500,0,0,0,0,0
2026-06-19 10:45:00,780.8,781.25,780.3,780.45,343,0,0,0,0,0
2026-06-19 10:50:00,780.4,780.5,779.5,779.5,515,0,0,0,0,0
2026-06-19 10:55:00,779.2,780.3,779.1,780,160119,0,0,0,0,0
2026-06-19 11:00:00,780.3,781.1,779.95,779.95,867,0,0,0,0,0
2026-06-19 11:05:00,779.95,779.95,779.35,779.9,445,0,0,0,0,0
2026-06-19 11:10:00,779.9,780.4,779.8,780.4,2637,0,0,0,0,0
2026-06-19 11:15:00,780.4,780.5,779.65,780.05,143281,0,0,0,0,0
2026-06-19 11:20:00,779.9,779.9,778.45,778.45,3349,0,0,0,0,0
2026-06-19 11:25:00,778.55,778.8,777.9,778.6,1149,0,0,0,0,0
2026-06-19 11:30:00,778.4,779.45,778.1,778.65,523,0,0,0,0,0
2026-06-19 11:35:00,778.6,779.4,778.5,779.4,89870,0,0,0,0,0
2026-06-19 11:40:00,778.95,779.15,778.75,778.75,1225,0,0,0,0,0
2026-06-19 11:50:00,778.4,778.75,778.4,778.65,509,0,0,0,0,0
2026-06-19 11:55:00,778.6,778.6,778.15,778.4,26387,0,0,0,0,0
2026-06-19 12:00:00,778.1,778.4,777.9,777.9,1446,0,0,0,0,0
2026-06-19 12:05:00,777.7,778,777.6,777.85,486,0,0,0,0,0
2026-06-19 12:20:00,778.6,778.95,778.6,778.95,97,0,0,0,0,0
2026-06-19 12:25:00,779,779.45,778.6,779.45,149507,0,0,0,0,0
2026-06-19 12:30:00,779.45,779.7,778.5,778.85,393,0,0,0,0,0
2026-06-19 12:35:00,778.7,779.15,778.55,779.15,135,0,0,0,0,0
2026-06-19 12:40:00,779.1,779.45,778.85,779,220,0,0,0,0,0
2026-06-19 12:45:00,779.3,779.4,778.55,778.95,116868,0,0,0,0,0
2026-06-19 12:50:00,778.85,779.2,778.7,778.85,512,0,0,0,0,0
2026-06-19 12:55:00,778.7,778.7,778.05,778.05,1019,0,0,0,0,0
2026-06-19 13:00:00,778.15,778.15,777.6,777.75,1315,0,0,0,0,0
2026-06-19 13:05:00,777.8,778.45,777.65,777.75,742,0,0,0,0,0
2026-06-19 13:10:00,777.45,777.55,777,777.1,671,0,0,0,0,0
2026-06-19 13:15:00,777.15,777.25,776.5,776.65,600,0,0,0,0,0
2026-06-19 13:20:00,776.7,777.4,776.55,776.9,148209,0,0,0,0,0
2026-06-19 13:25:00,777.1,777.45,777,777.45,964,0,0,0,0,0
2026-06-19 13:30:00,777.55,778.3,777.1,778.3,738,0,0,0,0,0
2026-06-19 13:35:00,778.25,778.25,777.45,777.6,359,0,0,0,0,0
2026-06-19 13:40:00,777.7,778,777.3,777.75,136397,0,0,0,0,0
2026-06-19 13:45:00,777.7,778.3,777.5,778.05,415,0,0,0,0,0
2026-06-19 13:50:00,777.85,778.35,777.65,778,348,0,0,0,0,0
2026-06-19 13:55:00,777.6,778.65,777.5,778.65,769,0,0,0,0,0
2026-06-19 14:00:00,778.8,779.2,778.7,778.95,121484,0,0,0,0,0
2026-06-19 14:05:00,780,780,778.65,778.8,1114,0,0,0,0,0
2026-06-19 14:10:00,778.65,779.4,778.4,779.4,488,0,0,0,0,0
2026-06-19 14:15:00,779.25,779.45,778.15,778.75,221174,0,0,0,0,0
2026-06-19 14:20:00,778.85,778.85,778.05,778.05,751,0,0,0,0,0
2026-06-19 14:25:00,778,778.85,778,778.85,494,0,0,0,0,0
2026-06-19 14:30:00,778.9,779.4,778.8,779.2,428,0,0,0,0,0
2026-06-19 14:35:00,779.15,780,779,779.9,242615,0,0,0,0,0
2026-06-19 14:40:00,779.9,780,779.15,779.65,361965,0,0,0,0,0
2026-06-19 14:45:00,779.65,779.95,779.3,779.45,380448,0,0,0,0,0
2026-06-19 14:50:00,779.45,779.9,778.85,779.1,304130,0,0,0,0,0
2026-06-19 14:55:00,779.1,779.1,777.5,777.9,627085,0,0,0,0,0
2026-06-19 15:00:00,777.85,780,777.5,779.55,2254846,0,0,0,0,0
2026-06-19 15:05:00,779.45,781,778.85,780.65,1866959,0,0,0,0,0
2026-06-19 15:10:00,780.5,782,779.65,780,1950296,0,0,0,0,0
2026-06-19 15:15:00,780,780.45,779.05,779.75,1448328,0,0,0,0,0
2026-06-19 15:20:00,779.7,780.35,779.55,780,1378626,0,0,0,0,0
2026-06-19 15:25:00,780.05,781.9,779,781,1323365,0,0,0,0,0
